schema_version,source_id,source_sha256,evidence_source_id,reference_period,observation_status,source_locator,transformation_id,date,measure,value,unit,reporting_status,upper_bound
1.0,jhu_csse_confirmed_global_csv,e6234a59eec4359d2577358b5220e1a7e3da74c162913cdb7d882db1413f98c2,,2020-01-22/2023-03-09,observed,csv_row_Jersey_col_1/22/20,jhu_csv_observed_v1,2020-01-22,cumulative_confirmed_cases,0,cases,reported,
1.0,jhu_csse_deaths_global_csv,4e87757a3e059c45650a1e1856614f8e339ee3c70653c378a7ba6f7b0ee8c72e,,2020-01-22/2023-03-09,observed,csv_row_Jersey_col_1/22/20,jhu_csv_observed_v1,2020-01-22,cumulative_deaths,0,deaths,reported,
1.0,jhu_csse_confirmed_global_csv,e6234a59eec4359d2577358b5220e1a7e3da74c162913cdb7d882db1413f98c2,,2020-01-22/2023-03-09,observed,csv_row_Jersey_col_1/23/20,jhu_csv_observed_v1,2020-01-23,cumulative_confirmed_cases,0,cases,reported,
1.0,jhu_csse_deaths_global_csv,4e87757a3e059c45650a1e1856614f8e339ee3c70653c378a7ba6f7b0ee8c72e,,2020-01-22/2023-03-09,observed,csv_row_Jersey_col_1/23/20,jhu_csv_observed_v1,2020-01-23,cumulative_deaths,0,deaths,reported,
1.0,jhu_csse_confirmed_global_csv,e6234a59eec4359d2577358b5220e1a7e3da74c162913cdb7d882db1413f98c2,,2020-01-22/2023-03-09,observed,csv_row_Jersey_col_1/24/20,jhu_csv_observed_v1,2020-01-24,cumulative_confirmed_cases,0,cases,reported,
1.0,jhu_csse_deaths_global_csv,4e87757a3e059c45650a1e1856614f8e339ee3c70653c378a7ba6f7b0ee8c72e,,2020-01-22/2023-03-09,observed,csv_row_Jersey_col_1/24/20,jhu_csv_observed_v1,2020-01-24,cumulative_deaths,0,deaths,reported,
1.0,jhu_csse_confirmed_global_csv,e6234a59eec4359d2577358b5220e1a7e3da74c162913cdb7d882db1413f98c2,,2020-01-22/2023-03-09,observed,csv_row_Jersey_col_1/25/20,jhu_csv_observed_v1,2020-01-25,cumulative_confirmed_cases,0,cases,reported,
1.0,jhu_csse_deaths_global_csv,4e87757a3e059c45650a1e1856614f8e339ee3c70653c378a7ba6f7b0ee8c72e,,2020-01-22/2023-03-09,observed,csv_row_Jersey_col_1/25/20,jhu_csv_observed_v1,2020-01-25,cumulative_deaths,0,deaths,reported,
1.0,jhu_csse_confirmed_global_csv,e6234a59eec4359d2577358b5220e1a7e3da74c162913cdb7d882db1413f98c2,,2020-01-22/2023-03-09,observed,csv_row_Jersey_col_1/26/20,jhu_csv_observed_v1,2020-01-26,cumulative_confirmed_cases,0,cases,reported,
1.0,jhu_csse_deaths_global_csv,4e87757a3e059c45650a1e1856614f8e339ee3c70653c378a7ba6f7b0ee8c72e,,2020-01-22/2023-03-09,observed,csv_row_Jersey_col_1/26/20,jhu_csv_observed_v1,2020-01-26,cumulative_deaths,0,deaths,reported,
1.0,jhu_csse_confirmed_global_csv,e6234a59eec4359d2577358b5220e1a7e3da74c162913cdb7d882db1413f98c2,,2020-01-22/2023-03-09,observed,csv_row_Jersey_col_1/27/20,jhu_csv_observed_v1,2020-01-27,cumulative_confirmed_cases,0,cases,reported,
1.0,jhu_csse_deaths_global_csv,4e87757a3e059c45650a1e1856614f8e339ee3c70653c378a7ba6f7b0ee8c72e,,2020-01-22/2023-03-09,observed,csv_row_Jersey_col_1/27/20,jhu_csv_observed_v1,2020-01-27,cumulative_deaths,0,deaths,reported,
1.0,jhu_csse_confirmed_global_csv,e6234a59eec4359d2577358b5220e1a7e3da74c162913cdb7d882db1413f98c2,,2020-01-22/2023-03-09,observed,csv_row_Jersey_col_1/28/20,jhu_csv_observed_v1,2020-01-28,cumulative_confirmed_cases,0,cases,reported,
1.0,jhu_csse_deaths_global_csv,4e87757a3e059c45650a1e1856614f8e339ee3c70653c378a7ba6f7b0ee8c72e,,2020-01-22/2023-03-09,observed,csv_row_Jersey_col_1/28/20,jhu_csv_observed_v1,2020-01-28,cumulative_deaths,0,deaths,reported,
1.0,jhu_csse_confirmed_global_csv,e6234a59eec4359d2577358b5220e1a7e3da74c162913cdb7d882db1413f98c2,,2020-01-22/2023-03-09,observed,csv_row_Jersey_col_1/29/20,jhu_csv_observed_v1,2020-01-29,cumulative_confirmed_cases,0,cases,reported,
1.0,jhu_csse_deaths_global_csv,4e87757a3e059c45650a1e1856614f8e339ee3c70653c378a7ba6f7b0ee8c72e,,2020-01-22/2023-03-09,observed,csv_row_Jersey_col_1/29/20,jhu_csv_observed_v1,2020-01-29,cumulative_deaths,0,deaths,reported,
1.0,jhu_csse_confirmed_global_csv,e6234a59eec4359d2577358b5220e1a7e3da74c162913cdb7d882db1413f98c2,,2020-01-22/2023-03-09,observed,csv_row_Jersey_col_1/30/20,jhu_csv_observed_v1,2020-01-30,cumulative_confirmed_cases,0,cases,reported,
1.0,jhu_csse_deaths_global_csv,4e87757a3e059c45650a1e1856614f8e339ee3c70653c378a7ba6f7b0ee8c72e,,2020-01-22/2023-03-09,observed,csv_row_Jersey_col_1/30/20,jhu_csv_observed_v1,2020-01-30,cumulative_deaths,0,deaths,reported,
1.0,jhu_csse_confirmed_global_csv,e6234a59eec4359d2577358b5220e1a7e3da74c162913cdb7d882db1413f98c2,,2020-01-22/2023-03-09,observed,csv_row_Jersey_col_1/31/20,jhu_csv_observed_v1,2020-01-31,cumulative_confirmed_cases,0,cases,reported,
1.0,jhu_csse_deaths_global_csv,4e87757a3e059c45650a1e1856614f8e339ee3c70653c378a7ba6f7b0ee8c72e,,2020-01-22/2023-03-09,observed,csv_row_Jersey_col_1/31/20,jhu_csv_observed_v1,2020-01-31,cumulative_deaths,0,deaths,reported,
1.0,jhu_csse_confirmed_global_csv,e6234a59eec4359d2577358b5220e1a7e3da74c162913cdb7d882db1413f98c2,,2020-01-22/2023-03-09,observed,csv_row_Jersey_col_2/1/20,jhu_csv_observed_v1,2020-02-01,cumulative_confirmed_cases,0,cases,reported,
1.0,jhu_csse_deaths_global_csv,4e87757a3e059c45650a1e1856614f8e339ee3c70653c378a7ba6f7b0ee8c72e,,2020-01-22/2023-03-09,observed,csv_row_Jersey_col_2/1/20,jhu_csv_observed_v1,2020-02-01,cumulative_deaths,0,deaths,reported,
1.0,jhu_csse_confirmed_global_csv,e6234a59eec4359d2577358b5220e1a7e3da74c162913cdb7d882db1413f98c2,,2020-01-22/2023-03-09,observed,csv_row_Jersey_col_2/2/20,jhu_csv_observed_v1,2020-02-02,cumulative_confirmed_cases,0,cases,reported,
1.0,jhu_csse_deaths_global_csv,4e87757a3e059c45650a1e1856614f8e339ee3c70653c378a7ba6f7b0ee8c72e,,2020-01-22/2023-03-09,observed,csv_row_Jersey_col_2/2/20,jhu_csv_observed_v1,2020-02-02,cumulative_deaths,0,deaths,reported,
1.0,jhu_csse_confirmed_global_csv,e6234a59eec4359d2577358b5220e1a7e3da74c162913cdb7d882db1413f98c2,,2020-01-22/2023-03-09,observed,csv_row_Jersey_col_2/3/20,jhu_csv_observed_v1,2020-02-03,cumulative_confirmed_cases,0,cases,reported,
1.0,jhu_csse_deaths_global_csv,4e87757a3e059c45650a1e1856614f8e339ee3c70653c378a7ba6f7b0ee8c72e,,2020-01-22/2023-03-09,observed,csv_row_Jersey_col_2/3/20,jhu_csv_observed_v1,2020-02-03,cumulative_deaths,0,deaths,reported,
1.0,jhu_csse_confirmed_global_csv,e6234a59eec4359d2577358b5220e1a7e3da74c162913cdb7d882db1413f98c2,,2020-01-22/2023-03-09,observed,csv_row_Jersey_col_2/4/20,jhu_csv_observed_v1,2020-02-04,cumulative_confirmed_cases,0,cases,reported,
1.0,jhu_csse_deaths_global_csv,4e87757a3e059c45650a1e1856614f8e339ee3c70653c378a7ba6f7b0ee8c72e,,2020-01-22/2023-03-09,observed,csv_row_Jersey_col_2/4/20,jhu_csv_observed_v1,2020-02-04,cumulative_deaths,0,deaths,reported,
1.0,jhu_csse_confirmed_global_csv,e6234a59eec4359d2577358b5220e1a7e3da74c162913cdb7d882db1413f98c2,,2020-01-22/2023-03-09,observed,csv_row_Jersey_col_2/5/20,jhu_csv_observed_v1,2020-02-05,cumulative_confirmed_cases,0,cases,reported,
1.0,jhu_csse_deaths_global_csv,4e87757a3e059c45650a1e1856614f8e339ee3c70653c378a7ba6f7b0ee8c72e,,2020-01-22/2023-03-09,observed,csv_row_Jersey_col_2/5/20,jhu_csv_observed_v1,2020-02-05,cumulative_deaths,0,deaths,reported,
1.0,jhu_csse_confirmed_global_csv,e6234a59eec4359d2577358b5220e1a7e3da74c162913cdb7d882db1413f98c2,,2020-01-22/2023-03-09,observed,csv_row_Jersey_col_2/6/20,jhu_csv_observed_v1,2020-02-06,cumulative_confirmed_cases,0,cases,reported,
1.0,jhu_csse_deaths_global_csv,4e87757a3e059c45650a1e1856614f8e339ee3c70653c378a7ba6f7b0ee8c72e,,2020-01-22/2023-03-09,observed,csv_row_Jersey_col_2/6/20,jhu_csv_observed_v1,2020-02-06,cumulative_deaths,0,deaths,reported,
1.0,jhu_csse_confirmed_global_csv,e6234a59eec4359d2577358b5220e1a7e3da74c162913cdb7d882db1413f98c2,,2020-01-22/2023-03-09,observed,csv_row_Jersey_col_2/7/20,jhu_csv_observed_v1,2020-02-07,cumulative_confirmed_cases,0,cases,reported,
1.0,jhu_csse_deaths_global_csv,4e87757a3e059c45650a1e1856614f8e339ee3c70653c378a7ba6f7b0ee8c72e,,2020-01-22/2023-03-09,observed,csv_row_Jersey_col_2/7/20,jhu_csv_observed_v1,2020-02-07,cumulative_deaths,0,deaths,reported,
1.0,jhu_csse_confirmed_global_csv,e6234a59eec4359d2577358b5220e1a7e3da74c162913cdb7d882db1413f98c2,,2020-01-22/2023-03-09,observed,csv_row_Jersey_col_2/8/20,jhu_csv_observed_v1,2020-02-08,cumulative_confirmed_cases,0,cases,reported,
1.0,jhu_csse_deaths_global_csv,4e87757a3e059c45650a1e1856614f8e339ee3c70653c378a7ba6f7b0ee8c72e,,2020-01-22/2023-03-09,observed,csv_row_Jersey_col_2/8/20,jhu_csv_observed_v1,2020-02-08,cumulative_deaths,0,deaths,reported,
1.0,jhu_csse_confirmed_global_csv,e6234a59eec4359d2577358b5220e1a7e3da74c162913cdb7d882db1413f98c2,,2020-01-22/2023-03-09,observed,csv_row_Jersey_col_2/9/20,jhu_csv_observed_v1,2020-02-09,cumulative_confirmed_cases,0,cases,reported,
1.0,jhu_csse_deaths_global_csv,4e87757a3e059c45650a1e1856614f8e339ee3c70653c378a7ba6f7b0ee8c72e,,2020-01-22/2023-03-09,observed,csv_row_Jersey_col_2/9/20,jhu_csv_observed_v1,2020-02-09,cumulative_deaths,0,deaths,reported,
1.0,jhu_csse_confirmed_global_csv,e6234a59eec4359d2577358b5220e1a7e3da74c162913cdb7d882db1413f98c2,,2020-01-22/2023-03-09,observed,csv_row_Jersey_col_2/10/20,jhu_csv_observed_v1,2020-02-10,cumulative_confirmed_cases,0,cases,reported,
1.0,jhu_csse_deaths_global_csv,4e87757a3e059c45650a1e1856614f8e339ee3c70653c378a7ba6f7b0ee8c72e,,2020-01-22/2023-03-09,observed,csv_row_Jersey_col_2/10/20,jhu_csv_observed_v1,2020-02-10,cumulative_deaths,0,deaths,reported,
1.0,jhu_csse_confirmed_global_csv,e6234a59eec4359d2577358b5220e1a7e3da74c162913cdb7d882db1413f98c2,,2020-01-22/2023-03-09,observed,csv_row_Jersey_col_2/11/20,jhu_csv_observed_v1,2020-02-11,cumulative_confirmed_cases,0,cases,reported,
1.0,jhu_csse_deaths_global_csv,4e87757a3e059c45650a1e1856614f8e339ee3c70653c378a7ba6f7b0ee8c72e,,2020-01-22/2023-03-09,observed,csv_row_Jersey_col_2/11/20,jhu_csv_observed_v1,2020-02-11,cumulative_deaths,0,deaths,reported,
1.0,jhu_csse_confirmed_global_csv,e6234a59eec4359d2577358b5220e1a7e3da74c162913cdb7d882db1413f98c2,,2020-01-22/2023-03-09,observed,csv_row_Jersey_col_2/12/20,jhu_csv_observed_v1,2020-02-12,cumulative_confirmed_cases,0,cases,reported,
1.0,jhu_csse_deaths_global_csv,4e87757a3e059c45650a1e1856614f8e339ee3c70653c378a7ba6f7b0ee8c72e,,2020-01-22/2023-03-09,observed,csv_row_Jersey_col_2/12/20,jhu_csv_observed_v1,2020-02-12,cumulative_deaths,0,deaths,reported,
1.0,jhu_csse_confirmed_global_csv,e6234a59eec4359d2577358b5220e1a7e3da74c162913cdb7d882db1413f98c2,,2020-01-22/2023-03-09,observed,csv_row_Jersey_col_2/13/20,jhu_csv_observed_v1,2020-02-13,cumulative_confirmed_cases,0,cases,reported,
1.0,jhu_csse_deaths_global_csv,4e87757a3e059c45650a1e1856614f8e339ee3c70653c378a7ba6f7b0ee8c72e,,2020-01-22/2023-03-09,observed,csv_row_Jersey_col_2/13/20,jhu_csv_observed_v1,2020-02-13,cumulative_deaths,0,deaths,reported,
1.0,jhu_csse_confirmed_global_csv,e6234a59eec4359d2577358b5220e1a7e3da74c162913cdb7d882db1413f98c2,,2020-01-22/2023-03-09,observed,csv_row_Jersey_col_2/14/20,jhu_csv_observed_v1,2020-02-14,cumulative_confirmed_cases,0,cases,reported,
1.0,jhu_csse_deaths_global_csv,4e87757a3e059c45650a1e1856614f8e339ee3c70653c378a7ba6f7b0ee8c72e,,2020-01-22/2023-03-09,observed,csv_row_Jersey_col_2/14/20,jhu_csv_observed_v1,2020-02-14,cumulative_deaths,0,deaths,reported,
1.0,jhu_csse_confirmed_global_csv,e6234a59eec4359d2577358b5220e1a7e3da74c162913cdb7d882db1413f98c2,,2020-01-22/2023-03-09,observed,csv_row_Jersey_col_2/15/20,jhu_csv_observed_v1,2020-02-15,cumulative_confirmed_cases,0,cases,reported,
1.0,jhu_csse_deaths_global_csv,4e87757a3e059c45650a1e1856614f8e339ee3c70653c378a7ba6f7b0ee8c72e,,2020-01-22/2023-03-09,observed,csv_row_Jersey_col_2/15/20,jhu_csv_observed_v1,2020-02-15,cumulative_deaths,0,deaths,reported,
1.0,jhu_csse_confirmed_global_csv,e6234a59eec4359d2577358b5220e1a7e3da74c162913cdb7d882db1413f98c2,,2020-01-22/2023-03-09,observed,csv_row_Jersey_col_2/16/20,jhu_csv_observed_v1,2020-02-16,cumulative_confirmed_cases,0,cases,reported,
1.0,jhu_csse_deaths_global_csv,4e87757a3e059c45650a1e1856614f8e339ee3c70653c378a7ba6f7b0ee8c72e,,2020-01-22/2023-03-09,observed,csv_row_Jersey_col_2/16/20,jhu_csv_observed_v1,2020-02-16,cumulative_deaths,0,deaths,reported,
1.0,jhu_csse_confirmed_global_csv,e6234a59eec4359d2577358b5220e1a7e3da74c162913cdb7d882db1413f98c2,,2020-01-22/2023-03-09,observed,csv_row_Jersey_col_2/17/20,jhu_csv_observed_v1,2020-02-17,cumulative_confirmed_cases,0,cases,reported,
1.0,jhu_csse_deaths_global_csv,4e87757a3e059c45650a1e1856614f8e339ee3c70653c378a7ba6f7b0ee8c72e,,2020-01-22/2023-03-09,observed,csv_row_Jersey_col_2/17/20,jhu_csv_observed_v1,2020-02-17,cumulative_deaths,0,deaths,reported,
1.0,jhu_csse_confirmed_global_csv,e6234a59eec4359d2577358b5220e1a7e3da74c162913cdb7d882db1413f98c2,,2020-01-22/2023-03-09,observed,csv_row_Jersey_col_2/18/20,jhu_csv_observed_v1,2020-02-18,cumulative_confirmed_cases,0,cases,reported,
1.0,jhu_csse_deaths_global_csv,4e87757a3e059c45650a1e1856614f8e339ee3c70653c378a7ba6f7b0ee8c72e,,2020-01-22/2023-03-09,observed,csv_row_Jersey_col_2/18/20,jhu_csv_observed_v1,2020-02-18,cumulative_deaths,0,deaths,reported,
1.0,jhu_csse_confirmed_global_csv,e6234a59eec4359d2577358b5220e1a7e3da74c162913cdb7d882db1413f98c2,,2020-01-22/2023-03-09,observed,csv_row_Jersey_col_2/19/20,jhu_csv_observed_v1,2020-02-19,cumulative_confirmed_cases,0,cases,reported,
1.0,jhu_csse_deaths_global_csv,4e87757a3e059c45650a1e1856614f8e339ee3c70653c378a7ba6f7b0ee8c72e,,2020-01-22/2023-03-09,observed,csv_row_Jersey_col_2/19/20,jhu_csv_observed_v1,2020-02-19,cumulative_deaths,0,deaths,reported,
1.0,jhu_csse_confirmed_global_csv,e6234a59eec4359d2577358b5220e1a7e3da74c162913cdb7d882db1413f98c2,,2020-01-22/2023-03-09,observed,csv_row_Jersey_col_2/20/20,jhu_csv_observed_v1,2020-02-20,cumulative_confirmed_cases,0,cases,reported,
1.0,jhu_csse_deaths_global_csv,4e87757a3e059c45650a1e1856614f8e339ee3c70653c378a7ba6f7b0ee8c72e,,2020-01-22/2023-03-09,observed,csv_row_Jersey_col_2/20/20,jhu_csv_observed_v1,2020-02-20,cumulative_deaths,0,deaths,reported,
1.0,jhu_csse_confirmed_global_csv,e6234a59eec4359d2577358b5220e1a7e3da74c162913cdb7d882db1413f98c2,,2020-01-22/2023-03-09,observed,csv_row_Jersey_col_2/21/20,jhu_csv_observed_v1,2020-02-21,cumulative_confirmed_cases,0,cases,reported,
1.0,jhu_csse_deaths_global_csv,4e87757a3e059c45650a1e1856614f8e339ee3c70653c378a7ba6f7b0ee8c72e,,2020-01-22/2023-03-09,observed,csv_row_Jersey_col_2/21/20,jhu_csv_observed_v1,2020-02-21,cumulative_deaths,0,deaths,reported,
1.0,jhu_csse_confirmed_global_csv,e6234a59eec4359d2577358b5220e1a7e3da74c162913cdb7d882db1413f98c2,,2020-01-22/2023-03-09,observed,csv_row_Jersey_col_2/22/20,jhu_csv_observed_v1,2020-02-22,cumulative_confirmed_cases,0,cases,reported,
1.0,jhu_csse_deaths_global_csv,4e87757a3e059c45650a1e1856614f8e339ee3c70653c378a7ba6f7b0ee8c72e,,2020-01-22/2023-03-09,observed,csv_row_Jersey_col_2/22/20,jhu_csv_observed_v1,2020-02-22,cumulative_deaths,0,deaths,reported,
1.0,jhu_csse_confirmed_global_csv,e6234a59eec4359d2577358b5220e1a7e3da74c162913cdb7d882db1413f98c2,,2020-01-22/2023-03-09,observed,csv_row_Jersey_col_2/23/20,jhu_csv_observed_v1,2020-02-23,cumulative_confirmed_cases,0,cases,reported,
1.0,jhu_csse_deaths_global_csv,4e87757a3e059c45650a1e1856614f8e339ee3c70653c378a7ba6f7b0ee8c72e,,2020-01-22/2023-03-09,observed,csv_row_Jersey_col_2/23/20,jhu_csv_observed_v1,2020-02-23,cumulative_deaths,0,deaths,reported,
1.0,jhu_csse_confirmed_global_csv,e6234a59eec4359d2577358b5220e1a7e3da74c162913cdb7d882db1413f98c2,,2020-01-22/2023-03-09,observed,csv_row_Jersey_col_2/24/20,jhu_csv_observed_v1,2020-02-24,cumulative_confirmed_cases,0,cases,reported,
1.0,jhu_csse_deaths_global_csv,4e87757a3e059c45650a1e1856614f8e339ee3c70653c378a7ba6f7b0ee8c72e,,2020-01-22/2023-03-09,observed,csv_row_Jersey_col_2/24/20,jhu_csv_observed_v1,2020-02-24,cumulative_deaths,0,deaths,reported,
1.0,jhu_csse_confirmed_global_csv,e6234a59eec4359d2577358b5220e1a7e3da74c162913cdb7d882db1413f98c2,,2020-01-22/2023-03-09,observed,csv_row_Jersey_col_2/25/20,jhu_csv_observed_v1,2020-02-25,cumulative_confirmed_cases,0,cases,reported,
1.0,jhu_csse_deaths_global_csv,4e87757a3e059c45650a1e1856614f8e339ee3c70653c378a7ba6f7b0ee8c72e,,2020-01-22/2023-03-09,observed,csv_row_Jersey_col_2/25/20,jhu_csv_observed_v1,2020-02-25,cumulative_deaths,0,deaths,reported,
1.0,jhu_csse_confirmed_global_csv,e6234a59eec4359d2577358b5220e1a7e3da74c162913cdb7d882db1413f98c2,,2020-01-22/2023-03-09,observed,csv_row_Jersey_col_2/26/20,jhu_csv_observed_v1,2020-02-26,cumulative_confirmed_cases,0,cases,reported,
1.0,jhu_csse_deaths_global_csv,4e87757a3e059c45650a1e1856614f8e339ee3c70653c378a7ba6f7b0ee8c72e,,2020-01-22/2023-03-09,observed,csv_row_Jersey_col_2/26/20,jhu_csv_observed_v1,2020-02-26,cumulative_deaths,0,deaths,reported,
1.0,jhu_csse_confirmed_global_csv,e6234a59eec4359d2577358b5220e1a7e3da74c162913cdb7d882db1413f98c2,,2020-01-22/2023-03-09,observed,csv_row_Jersey_col_2/27/20,jhu_csv_observed_v1,2020-02-27,cumulative_confirmed_cases,0,cases,reported,
1.0,jhu_csse_deaths_global_csv,4e87757a3e059c45650a1e1856614f8e339ee3c70653c378a7ba6f7b0ee8c72e,,2020-01-22/2023-03-09,observed,csv_row_Jersey_col_2/27/20,jhu_csv_observed_v1,2020-02-27,cumulative_deaths,0,deaths,reported,
1.0,jhu_csse_confirmed_global_csv,e6234a59eec4359d2577358b5220e1a7e3da74c162913cdb7d882db1413f98c2,,2020-01-22/2023-03-09,observed,csv_row_Jersey_col_2/28/20,jhu_csv_observed_v1,2020-02-28,cumulative_confirmed_cases,0,cases,reported,
1.0,jhu_csse_deaths_global_csv,4e87757a3e059c45650a1e1856614f8e339ee3c70653c378a7ba6f7b0ee8c72e,,2020-01-22/2023-03-09,observed,csv_row_Jersey_col_2/28/20,jhu_csv_observed_v1,2020-02-28,cumulative_deaths,0,deaths,reported,
1.0,jhu_csse_confirmed_global_csv,e6234a59eec4359d2577358b5220e1a7e3da74c162913cdb7d882db1413f98c2,,2020-01-22/2023-03-09,observed,csv_row_Jersey_col_2/29/20,jhu_csv_observed_v1,2020-02-29,cumulative_confirmed_cases,0,cases,reported,
1.0,jhu_csse_deaths_global_csv,4e87757a3e059c45650a1e1856614f8e339ee3c70653c378a7ba6f7b0ee8c72e,,2020-01-22/2023-03-09,observed,csv_row_Jersey_col_2/29/20,jhu_csv_observed_v1,2020-02-29,cumulative_deaths,0,deaths,reported,
1.0,jhu_csse_confirmed_global_csv,e6234a59eec4359d2577358b5220e1a7e3da74c162913cdb7d882db1413f98c2,,2020-01-22/2023-03-09,observed,csv_row_Jersey_col_3/1/20,jhu_csv_observed_v1,2020-03-01,cumulative_confirmed_cases,0,cases,reported,
1.0,jhu_csse_deaths_global_csv,4e87757a3e059c45650a1e1856614f8e339ee3c70653c378a7ba6f7b0ee8c72e,,2020-01-22/2023-03-09,observed,csv_row_Jersey_col_3/1/20,jhu_csv_observed_v1,2020-03-01,cumulative_deaths,0,deaths,reported,
1.0,jhu_csse_confirmed_global_csv,e6234a59eec4359d2577358b5220e1a7e3da74c162913cdb7d882db1413f98c2,,2020-01-22/2023-03-09,observed,csv_row_Jersey_col_3/2/20,jhu_csv_observed_v1,2020-03-02,cumulative_confirmed_cases,0,cases,reported,
1.0,jhu_csse_deaths_global_csv,4e87757a3e059c45650a1e1856614f8e339ee3c70653c378a7ba6f7b0ee8c72e,,2020-01-22/2023-03-09,observed,csv_row_Jersey_col_3/2/20,jhu_csv_observed_v1,2020-03-02,cumulative_deaths,0,deaths,reported,
1.0,jhu_csse_confirmed_global_csv,e6234a59eec4359d2577358b5220e1a7e3da74c162913cdb7d882db1413f98c2,,2020-01-22/2023-03-09,observed,csv_row_Jersey_col_3/3/20,jhu_csv_observed_v1,2020-03-03,cumulative_confirmed_cases,0,cases,reported,
1.0,jhu_csse_deaths_global_csv,4e87757a3e059c45650a1e1856614f8e339ee3c70653c378a7ba6f7b0ee8c72e,,2020-01-22/2023-03-09,observed,csv_row_Jersey_col_3/3/20,jhu_csv_observed_v1,2020-03-03,cumulative_deaths,0,deaths,reported,
1.0,jhu_csse_confirmed_global_csv,e6234a59eec4359d2577358b5220e1a7e3da74c162913cdb7d882db1413f98c2,,2020-01-22/2023-03-09,observed,csv_row_Jersey_col_3/4/20,jhu_csv_observed_v1,2020-03-04,cumulative_confirmed_cases,0,cases,reported,
1.0,jhu_csse_deaths_global_csv,4e87757a3e059c45650a1e1856614f8e339ee3c70653c378a7ba6f7b0ee8c72e,,2020-01-22/2023-03-09,observed,csv_row_Jersey_col_3/4/20,jhu_csv_observed_v1,2020-03-04,cumulative_deaths,0,deaths,reported,
1.0,jhu_csse_confirmed_global_csv,e6234a59eec4359d2577358b5220e1a7e3da74c162913cdb7d882db1413f98c2,,2020-01-22/2023-03-09,observed,csv_row_Jersey_col_3/5/20,jhu_csv_observed_v1,2020-03-05,cumulative_confirmed_cases,0,cases,reported,
1.0,jhu_csse_deaths_global_csv,4e87757a3e059c45650a1e1856614f8e339ee3c70653c378a7ba6f7b0ee8c72e,,2020-01-22/2023-03-09,observed,csv_row_Jersey_col_3/5/20,jhu_csv_observed_v1,2020-03-05,cumulative_deaths,0,deaths,reported,
1.0,jhu_csse_confirmed_global_csv,e6234a59eec4359d2577358b5220e1a7e3da74c162913cdb7d882db1413f98c2,,2020-01-22/2023-03-09,observed,csv_row_Jersey_col_3/6/20,jhu_csv_observed_v1,2020-03-06,cumulative_confirmed_cases,0,cases,reported,
1.0,jhu_csse_deaths_global_csv,4e87757a3e059c45650a1e1856614f8e339ee3c70653c378a7ba6f7b0ee8c72e,,2020-01-22/2023-03-09,observed,csv_row_Jersey_col_3/6/20,jhu_csv_observed_v1,2020-03-06,cumulative_deaths,0,deaths,reported,
1.0,jhu_csse_confirmed_global_csv,e6234a59eec4359d2577358b5220e1a7e3da74c162913cdb7d882db1413f98c2,,2020-01-22/2023-03-09,observed,csv_row_Jersey_col_3/7/20,jhu_csv_observed_v1,2020-03-07,cumulative_confirmed_cases,0,cases,reported,
1.0,jhu_csse_deaths_global_csv,4e87757a3e059c45650a1e1856614f8e339ee3c70653c378a7ba6f7b0ee8c72e,,2020-01-22/2023-03-09,observed,csv_row_Jersey_col_3/7/20,jhu_csv_observed_v1,2020-03-07,cumulative_deaths,0,deaths,reported,
1.0,jhu_csse_confirmed_global_csv,e6234a59eec4359d2577358b5220e1a7e3da74c162913cdb7d882db1413f98c2,,2020-01-22/2023-03-09,observed,csv_row_Jersey_col_3/8/20,jhu_csv_observed_v1,2020-03-08,cumulative_confirmed_cases,0,cases,reported,
1.0,jhu_csse_deaths_global_csv,4e87757a3e059c45650a1e1856614f8e339ee3c70653c378a7ba6f7b0ee8c72e,,2020-01-22/2023-03-09,observed,csv_row_Jersey_col_3/8/20,jhu_csv_observed_v1,2020-03-08,cumulative_deaths,0,deaths,reported,
1.0,jhu_csse_confirmed_global_csv,e6234a59eec4359d2577358b5220e1a7e3da74c162913cdb7d882db1413f98c2,,2020-01-22/2023-03-09,observed,csv_row_Jersey_col_3/9/20,jhu_csv_observed_v1,2020-03-09,cumulative_confirmed_cases,0,cases,reported,
1.0,jhu_csse_deaths_global_csv,4e87757a3e059c45650a1e1856614f8e339ee3c70653c378a7ba6f7b0ee8c72e,,2020-01-22/2023-03-09,observed,csv_row_Jersey_col_3/9/20,jhu_csv_observed_v1,2020-03-09,cumulative_deaths,0,deaths,reported,
1.0,jhu_csse_confirmed_global_csv,e6234a59eec4359d2577358b5220e1a7e3da74c162913cdb7d882db1413f98c2,,2020-01-22/2023-03-09,observed,csv_row_Jersey_col_3/10/20,jhu_csv_observed_v1,2020-03-10,cumulative_confirmed_cases,0,cases,reported,
1.0,jhu_csse_deaths_global_csv,4e87757a3e059c45650a1e1856614f8e339ee3c70653c378a7ba6f7b0ee8c72e,,2020-01-22/2023-03-09,observed,csv_row_Jersey_col_3/10/20,jhu_csv_observed_v1,2020-03-10,cumulative_deaths,0,deaths,reported,
1.0,jhu_csse_confirmed_global_csv,e6234a59eec4359d2577358b5220e1a7e3da74c162913cdb7d882db1413f98c2,,2020-01-22/2023-03-09,observed,csv_row_Jersey_col_3/11/20,jhu_csv_observed_v1,2020-03-11,cumulative_confirmed_cases,0,cases,reported,
1.0,jhu_csse_deaths_global_csv,4e87757a3e059c45650a1e1856614f8e339ee3c70653c378a7ba6f7b0ee8c72e,,2020-01-22/2023-03-09,observed,csv_row_Jersey_col_3/11/20,jhu_csv_observed_v1,2020-03-11,cumulative_deaths,0,deaths,reported,
1.0,jhu_csse_confirmed_global_csv,e6234a59eec4359d2577358b5220e1a7e3da74c162913cdb7d882db1413f98c2,,2020-01-22/2023-03-09,observed,csv_row_Jersey_col_3/12/20,jhu_csv_observed_v1,2020-03-12,cumulative_confirmed_cases,0,cases,reported,
1.0,jhu_csse_deaths_global_csv,4e87757a3e059c45650a1e1856614f8e339ee3c70653c378a7ba6f7b0ee8c72e,,2020-01-22/2023-03-09,observed,csv_row_Jersey_col_3/12/20,jhu_csv_observed_v1,2020-03-12,cumulative_deaths,0,deaths,reported,
1.0,jhu_csse_confirmed_global_csv,e6234a59eec4359d2577358b5220e1a7e3da74c162913cdb7d882db1413f98c2,,2020-01-22/2023-03-09,observed,csv_row_Jersey_col_3/13/20,jhu_csv_observed_v1,2020-03-13,cumulative_confirmed_cases,0,cases,reported,
1.0,jhu_csse_deaths_global_csv,4e87757a3e059c45650a1e1856614f8e339ee3c70653c378a7ba6f7b0ee8c72e,,2020-01-22/2023-03-09,observed,csv_row_Jersey_col_3/13/20,jhu_csv_observed_v1,2020-03-13,cumulative_deaths,0,deaths,reported,
1.0,jhu_csse_confirmed_global_csv,e6234a59eec4359d2577358b5220e1a7e3da74c162913cdb7d882db1413f98c2,,2020-01-22/2023-03-09,observed,csv_row_Jersey_col_3/14/20,jhu_csv_observed_v1,2020-03-14,cumulative_confirmed_cases,0,cases,reported,
1.0,jhu_csse_deaths_global_csv,4e87757a3e059c45650a1e1856614f8e339ee3c70653c378a7ba6f7b0ee8c72e,,2020-01-22/2023-03-09,observed,csv_row_Jersey_col_3/14/20,jhu_csv_observed_v1,2020-03-14,cumulative_deaths,0,deaths,reported,
1.0,jhu_csse_confirmed_global_csv,e6234a59eec4359d2577358b5220e1a7e3da74c162913cdb7d882db1413f98c2,,2020-01-22/2023-03-09,observed,csv_row_Jersey_col_3/15/20,jhu_csv_observed_v1,2020-03-15,cumulative_confirmed_cases,0,cases,reported,
1.0,jhu_csse_deaths_global_csv,4e87757a3e059c45650a1e1856614f8e339ee3c70653c378a7ba6f7b0ee8c72e,,2020-01-22/2023-03-09,observed,csv_row_Jersey_col_3/15/20,jhu_csv_observed_v1,2020-03-15,cumulative_deaths,0,deaths,reported,
1.0,jhu_csse_confirmed_global_csv,e6234a59eec4359d2577358b5220e1a7e3da74c162913cdb7d882db1413f98c2,,2020-01-22/2023-03-09,observed,csv_row_Jersey_col_3/16/20,jhu_csv_observed_v1,2020-03-16,cumulative_confirmed_cases,0,cases,reported,
1.0,jhu_csse_deaths_global_csv,4e87757a3e059c45650a1e1856614f8e339ee3c70653c378a7ba6f7b0ee8c72e,,2020-01-22/2023-03-09,observed,csv_row_Jersey_col_3/16/20,jhu_csv_observed_v1,2020-03-16,cumulative_deaths,0,deaths,reported,
1.0,jhu_csse_confirmed_global_csv,e6234a59eec4359d2577358b5220e1a7e3da74c162913cdb7d882db1413f98c2,,2020-01-22/2023-03-09,observed,csv_row_Jersey_col_3/17/20,jhu_csv_observed_v1,2020-03-17,cumulative_confirmed_cases,0,cases,reported,
1.0,jhu_csse_deaths_global_csv,4e87757a3e059c45650a1e1856614f8e339ee3c70653c378a7ba6f7b0ee8c72e,,2020-01-22/2023-03-09,observed,csv_row_Jersey_col_3/17/20,jhu_csv_observed_v1,2020-03-17,cumulative_deaths,0,deaths,reported,
1.0,jhu_csse_confirmed_global_csv,e6234a59eec4359d2577358b5220e1a7e3da74c162913cdb7d882db1413f98c2,,2020-01-22/2023-03-09,observed,csv_row_Jersey_col_3/18/20,jhu_csv_observed_v1,2020-03-18,cumulative_confirmed_cases,0,cases,reported,
1.0,jhu_csse_deaths_global_csv,4e87757a3e059c45650a1e1856614f8e339ee3c70653c378a7ba6f7b0ee8c72e,,2020-01-22/2023-03-09,observed,csv_row_Jersey_col_3/18/20,jhu_csv_observed_v1,2020-03-18,cumulative_deaths,0,deaths,reported,
1.0,jhu_csse_confirmed_global_csv,e6234a59eec4359d2577358b5220e1a7e3da74c162913cdb7d882db1413f98c2,,2020-01-22/2023-03-09,observed,csv_row_Jersey_col_3/19/20,jhu_csv_observed_v1,2020-03-19,cumulative_confirmed_cases,0,cases,reported,
1.0,jhu_csse_deaths_global_csv,4e87757a3e059c45650a1e1856614f8e339ee3c70653c378a7ba6f7b0ee8c72e,,2020-01-22/2023-03-09,observed,csv_row_Jersey_col_3/19/20,jhu_csv_observed_v1,2020-03-19,cumulative_deaths,0,deaths,reported,
1.0,jhu_csse_confirmed_global_csv,e6234a59eec4359d2577358b5220e1a7e3da74c162913cdb7d882db1413f98c2,,2020-01-22/2023-03-09,observed,csv_row_Jersey_col_3/20/20,jhu_csv_observed_v1,2020-03-20,cumulative_confirmed_cases,0,cases,reported,
1.0,jhu_csse_deaths_global_csv,4e87757a3e059c45650a1e1856614f8e339ee3c70653c378a7ba6f7b0ee8c72e,,2020-01-22/2023-03-09,observed,csv_row_Jersey_col_3/20/20,jhu_csv_observed_v1,2020-03-20,cumulative_deaths,0,deaths,reported,
1.0,jhu_csse_confirmed_global_csv,e6234a59eec4359d2577358b5220e1a7e3da74c162913cdb7d882db1413f98c2,,2020-01-22/2023-03-09,observed,csv_row_Jersey_col_3/21/20,jhu_csv_observed_v1,2020-03-21,cumulative_confirmed_cases,0,cases,reported,
1.0,jhu_csse_deaths_global_csv,4e87757a3e059c45650a1e1856614f8e339ee3c70653c378a7ba6f7b0ee8c72e,,2020-01-22/2023-03-09,observed,csv_row_Jersey_col_3/21/20,jhu_csv_observed_v1,2020-03-21,cumulative_deaths,0,deaths,reported,
1.0,jhu_csse_confirmed_global_csv,e6234a59eec4359d2577358b5220e1a7e3da74c162913cdb7d882db1413f98c2,,2020-01-22/2023-03-09,observed,csv_row_Jersey_col_3/22/20,jhu_csv_observed_v1,2020-03-22,cumulative_confirmed_cases,12,cases,reported,
1.0,jhu_csse_deaths_global_csv,4e87757a3e059c45650a1e1856614f8e339ee3c70653c378a7ba6f7b0ee8c72e,,2020-01-22/2023-03-09,observed,csv_row_Jersey_col_3/22/20,jhu_csv_observed_v1,2020-03-22,cumulative_deaths,0,deaths,reported,
1.0,jhu_csse_confirmed_global_csv,e6234a59eec4359d2577358b5220e1a7e3da74c162913cdb7d882db1413f98c2,,2020-01-22/2023-03-09,observed,csv_row_Jersey_col_3/23/20,jhu_csv_observed_v1,2020-03-23,cumulative_confirmed_cases,15,cases,reported,
1.0,jhu_csse_deaths_global_csv,4e87757a3e059c45650a1e1856614f8e339ee3c70653c378a7ba6f7b0ee8c72e,,2020-01-22/2023-03-09,observed,csv_row_Jersey_col_3/23/20,jhu_csv_observed_v1,2020-03-23,cumulative_deaths,0,deaths,reported,
1.0,jhu_csse_confirmed_global_csv,e6234a59eec4359d2577358b5220e1a7e3da74c162913cdb7d882db1413f98c2,,2020-01-22/2023-03-09,observed,csv_row_Jersey_col_3/24/20,jhu_csv_observed_v1,2020-03-24,cumulative_confirmed_cases,16,cases,reported,
1.0,jhu_csse_deaths_global_csv,4e87757a3e059c45650a1e1856614f8e339ee3c70653c378a7ba6f7b0ee8c72e,,2020-01-22/2023-03-09,observed,csv_row_Jersey_col_3/24/20,jhu_csv_observed_v1,2020-03-24,cumulative_deaths,0,deaths,reported,
1.0,jhu_csse_confirmed_global_csv,e6234a59eec4359d2577358b5220e1a7e3da74c162913cdb7d882db1413f98c2,,2020-01-22/2023-03-09,observed,csv_row_Jersey_col_3/25/20,jhu_csv_observed_v1,2020-03-25,cumulative_confirmed_cases,16,cases,reported,
1.0,jhu_csse_deaths_global_csv,4e87757a3e059c45650a1e1856614f8e339ee3c70653c378a7ba6f7b0ee8c72e,,2020-01-22/2023-03-09,observed,csv_row_Jersey_col_3/25/20,jhu_csv_observed_v1,2020-03-25,cumulative_deaths,0,deaths,reported,
1.0,jhu_csse_confirmed_global_csv,e6234a59eec4359d2577358b5220e1a7e3da74c162913cdb7d882db1413f98c2,,2020-01-22/2023-03-09,observed,csv_row_Jersey_col_3/26/20,jhu_csv_observed_v1,2020-03-26,cumulative_confirmed_cases,18,cases,reported,
1.0,jhu_csse_deaths_global_csv,4e87757a3e059c45650a1e1856614f8e339ee3c70653c378a7ba6f7b0ee8c72e,,2020-01-22/2023-03-09,observed,csv_row_Jersey_col_3/26/20,jhu_csv_observed_v1,2020-03-26,cumulative_deaths,0,deaths,reported,
1.0,jhu_csse_confirmed_global_csv,e6234a59eec4359d2577358b5220e1a7e3da74c162913cdb7d882db1413f98c2,,2020-01-22/2023-03-09,observed,csv_row_Jersey_col_3/27/20,jhu_csv_observed_v1,2020-03-27,cumulative_confirmed_cases,32,cases,reported,
1.0,jhu_csse_deaths_global_csv,4e87757a3e059c45650a1e1856614f8e339ee3c70653c378a7ba6f7b0ee8c72e,,2020-01-22/2023-03-09,observed,csv_row_Jersey_col_3/27/20,jhu_csv_observed_v1,2020-03-27,cumulative_deaths,1,deaths,reported,
1.0,jhu_csse_confirmed_global_csv,e6234a59eec4359d2577358b5220e1a7e3da74c162913cdb7d882db1413f98c2,,2020-01-22/2023-03-09,observed,csv_row_Jersey_col_3/28/20,jhu_csv_observed_v1,2020-03-28,cumulative_confirmed_cases,48,cases,reported,
1.0,jhu_csse_deaths_global_csv,4e87757a3e059c45650a1e1856614f8e339ee3c70653c378a7ba6f7b0ee8c72e,,2020-01-22/2023-03-09,observed,csv_row_Jersey_col_3/28/20,jhu_csv_observed_v1,2020-03-28,cumulative_deaths,1,deaths,reported,
1.0,jhu_csse_confirmed_global_csv,e6234a59eec4359d2577358b5220e1a7e3da74c162913cdb7d882db1413f98c2,,2020-01-22/2023-03-09,observed,csv_row_Jersey_col_3/29/20,jhu_csv_observed_v1,2020-03-29,cumulative_confirmed_cases,57,cases,reported,
1.0,jhu_csse_deaths_global_csv,4e87757a3e059c45650a1e1856614f8e339ee3c70653c378a7ba6f7b0ee8c72e,,2020-01-22/2023-03-09,observed,csv_row_Jersey_col_3/29/20,jhu_csv_observed_v1,2020-03-29,cumulative_deaths,1,deaths,reported,
1.0,jhu_csse_confirmed_global_csv,e6234a59eec4359d2577358b5220e1a7e3da74c162913cdb7d882db1413f98c2,,2020-01-22/2023-03-09,observed,csv_row_Jersey_col_3/30/20,jhu_csv_observed_v1,2020-03-30,cumulative_confirmed_cases,59,cases,reported,
1.0,jhu_csse_deaths_global_csv,4e87757a3e059c45650a1e1856614f8e339ee3c70653c378a7ba6f7b0ee8c72e,,2020-01-22/2023-03-09,observed,csv_row_Jersey_col_3/30/20,jhu_csv_observed_v1,2020-03-30,cumulative_deaths,2,deaths,reported,
1.0,jhu_csse_confirmed_global_csv,e6234a59eec4359d2577358b5220e1a7e3da74c162913cdb7d882db1413f98c2,,2020-01-22/2023-03-09,observed,csv_row_Jersey_col_3/31/20,jhu_csv_observed_v1,2020-03-31,cumulative_confirmed_cases,59,cases,reported,
1.0,jhu_csse_deaths_global_csv,4e87757a3e059c45650a1e1856614f8e339ee3c70653c378a7ba6f7b0ee8c72e,,2020-01-22/2023-03-09,observed,csv_row_Jersey_col_3/31/20,jhu_csv_observed_v1,2020-03-31,cumulative_deaths,2,deaths,reported,
1.0,jhu_csse_confirmed_global_csv,e6234a59eec4359d2577358b5220e1a7e3da74c162913cdb7d882db1413f98c2,,2020-01-22/2023-03-09,observed,csv_row_Jersey_col_4/1/20,jhu_csv_observed_v1,2020-04-01,cumulative_confirmed_cases,59,cases,reported,
1.0,jhu_csse_deaths_global_csv,4e87757a3e059c45650a1e1856614f8e339ee3c70653c378a7ba6f7b0ee8c72e,,2020-01-22/2023-03-09,observed,csv_row_Jersey_col_4/1/20,jhu_csv_observed_v1,2020-04-01,cumulative_deaths,2,deaths,reported,
1.0,jhu_csse_confirmed_global_csv,e6234a59eec4359d2577358b5220e1a7e3da74c162913cdb7d882db1413f98c2,,2020-01-22/2023-03-09,observed,csv_row_Jersey_col_4/2/20,jhu_csv_observed_v1,2020-04-02,cumulative_confirmed_cases,77,cases,reported,
1.0,jhu_csse_deaths_global_csv,4e87757a3e059c45650a1e1856614f8e339ee3c70653c378a7ba6f7b0ee8c72e,,2020-01-22/2023-03-09,observed,csv_row_Jersey_col_4/2/20,jhu_csv_observed_v1,2020-04-02,cumulative_deaths,2,deaths,reported,
1.0,jhu_csse_confirmed_global_csv,e6234a59eec4359d2577358b5220e1a7e3da74c162913cdb7d882db1413f98c2,,2020-01-22/2023-03-09,observed,csv_row_Jersey_col_4/3/20,jhu_csv_observed_v1,2020-04-03,cumulative_confirmed_cases,77,cases,reported,
1.0,jhu_csse_deaths_global_csv,4e87757a3e059c45650a1e1856614f8e339ee3c70653c378a7ba6f7b0ee8c72e,,2020-01-22/2023-03-09,observed,csv_row_Jersey_col_4/3/20,jhu_csv_observed_v1,2020-04-03,cumulative_deaths,2,deaths,reported,
1.0,jhu_csse_confirmed_global_csv,e6234a59eec4359d2577358b5220e1a7e3da74c162913cdb7d882db1413f98c2,,2020-01-22/2023-03-09,observed,csv_row_Jersey_col_4/4/20,jhu_csv_observed_v1,2020-04-04,cumulative_confirmed_cases,114,cases,reported,
1.0,jhu_csse_deaths_global_csv,4e87757a3e059c45650a1e1856614f8e339ee3c70653c378a7ba6f7b0ee8c72e,,2020-01-22/2023-03-09,observed,csv_row_Jersey_col_4/4/20,jhu_csv_observed_v1,2020-04-04,cumulative_deaths,2,deaths,reported,
1.0,jhu_csse_confirmed_global_csv,e6234a59eec4359d2577358b5220e1a7e3da74c162913cdb7d882db1413f98c2,,2020-01-22/2023-03-09,observed,csv_row_Jersey_col_4/5/20,jhu_csv_observed_v1,2020-04-05,cumulative_confirmed_cases,119,cases,reported,
1.0,jhu_csse_deaths_global_csv,4e87757a3e059c45650a1e1856614f8e339ee3c70653c378a7ba6f7b0ee8c72e,,2020-01-22/2023-03-09,observed,csv_row_Jersey_col_4/5/20,jhu_csv_observed_v1,2020-04-05,cumulative_deaths,3,deaths,reported,
1.0,jhu_csse_confirmed_global_csv,e6234a59eec4359d2577358b5220e1a7e3da74c162913cdb7d882db1413f98c2,,2020-01-22/2023-03-09,observed,csv_row_Jersey_col_4/6/20,jhu_csv_observed_v1,2020-04-06,cumulative_confirmed_cases,151,cases,reported,
1.0,jhu_csse_deaths_global_csv,4e87757a3e059c45650a1e1856614f8e339ee3c70653c378a7ba6f7b0ee8c72e,,2020-01-22/2023-03-09,observed,csv_row_Jersey_col_4/6/20,jhu_csv_observed_v1,2020-04-06,cumulative_deaths,3,deaths,reported,
1.0,jhu_csse_confirmed_global_csv,e6234a59eec4359d2577358b5220e1a7e3da74c162913cdb7d882db1413f98c2,,2020-01-22/2023-03-09,observed,csv_row_Jersey_col_4/7/20,jhu_csv_observed_v1,2020-04-07,cumulative_confirmed_cases,151,cases,reported,
1.0,jhu_csse_deaths_global_csv,4e87757a3e059c45650a1e1856614f8e339ee3c70653c378a7ba6f7b0ee8c72e,,2020-01-22/2023-03-09,observed,csv_row_Jersey_col_4/7/20,jhu_csv_observed_v1,2020-04-07,cumulative_deaths,3,deaths,reported,
1.0,jhu_csse_confirmed_global_csv,e6234a59eec4359d2577358b5220e1a7e3da74c162913cdb7d882db1413f98c2,,2020-01-22/2023-03-09,observed,csv_row_Jersey_col_4/8/20,jhu_csv_observed_v1,2020-04-08,cumulative_confirmed_cases,166,cases,reported,
1.0,jhu_csse_deaths_global_csv,4e87757a3e059c45650a1e1856614f8e339ee3c70653c378a7ba6f7b0ee8c72e,,2020-01-22/2023-03-09,observed,csv_row_Jersey_col_4/8/20,jhu_csv_observed_v1,2020-04-08,cumulative_deaths,3,deaths,reported,
1.0,jhu_csse_confirmed_global_csv,e6234a59eec4359d2577358b5220e1a7e3da74c162913cdb7d882db1413f98c2,,2020-01-22/2023-03-09,observed,csv_row_Jersey_col_4/9/20,jhu_csv_observed_v1,2020-04-09,cumulative_confirmed_cases,166,cases,reported,
1.0,jhu_csse_deaths_global_csv,4e87757a3e059c45650a1e1856614f8e339ee3c70653c378a7ba6f7b0ee8c72e,,2020-01-22/2023-03-09,observed,csv_row_Jersey_col_4/9/20,jhu_csv_observed_v1,2020-04-09,cumulative_deaths,3,deaths,reported,
1.0,jhu_csse_confirmed_global_csv,e6234a59eec4359d2577358b5220e1a7e3da74c162913cdb7d882db1413f98c2,,2020-01-22/2023-03-09,observed,csv_row_Jersey_col_4/10/20,jhu_csv_observed_v1,2020-04-10,cumulative_confirmed_cases,166,cases,reported,
1.0,jhu_csse_deaths_global_csv,4e87757a3e059c45650a1e1856614f8e339ee3c70653c378a7ba6f7b0ee8c72e,,2020-01-22/2023-03-09,observed,csv_row_Jersey_col_4/10/20,jhu_csv_observed_v1,2020-04-10,cumulative_deaths,3,deaths,reported,
1.0,jhu_csse_confirmed_global_csv,e6234a59eec4359d2577358b5220e1a7e3da74c162913cdb7d882db1413f98c2,,2020-01-22/2023-03-09,observed,csv_row_Jersey_col_4/11/20,jhu_csv_observed_v1,2020-04-11,cumulative_confirmed_cases,179,cases,reported,
1.0,jhu_csse_deaths_global_csv,4e87757a3e059c45650a1e1856614f8e339ee3c70653c378a7ba6f7b0ee8c72e,,2020-01-22/2023-03-09,observed,csv_row_Jersey_col_4/11/20,jhu_csv_observed_v1,2020-04-11,cumulative_deaths,4,deaths,reported,
1.0,jhu_csse_confirmed_global_csv,e6234a59eec4359d2577358b5220e1a7e3da74c162913cdb7d882db1413f98c2,,2020-01-22/2023-03-09,observed,csv_row_Jersey_col_4/12/20,jhu_csv_observed_v1,2020-04-12,cumulative_confirmed_cases,194,cases,reported,
1.0,jhu_csse_deaths_global_csv,4e87757a3e059c45650a1e1856614f8e339ee3c70653c378a7ba6f7b0ee8c72e,,2020-01-22/2023-03-09,observed,csv_row_Jersey_col_4/12/20,jhu_csv_observed_v1,2020-04-12,cumulative_deaths,4,deaths,reported,
1.0,jhu_csse_confirmed_global_csv,e6234a59eec4359d2577358b5220e1a7e3da74c162913cdb7d882db1413f98c2,,2020-01-22/2023-03-09,observed,csv_row_Jersey_col_4/13/20,jhu_csv_observed_v1,2020-04-13,cumulative_confirmed_cases,194,cases,reported,
1.0,jhu_csse_deaths_global_csv,4e87757a3e059c45650a1e1856614f8e339ee3c70653c378a7ba6f7b0ee8c72e,,2020-01-22/2023-03-09,observed,csv_row_Jersey_col_4/13/20,jhu_csv_observed_v1,2020-04-13,cumulative_deaths,4,deaths,reported,
1.0,jhu_csse_confirmed_global_csv,e6234a59eec4359d2577358b5220e1a7e3da74c162913cdb7d882db1413f98c2,,2020-01-22/2023-03-09,observed,csv_row_Jersey_col_4/14/20,jhu_csv_observed_v1,2020-04-14,cumulative_confirmed_cases,209,cases,reported,
1.0,jhu_csse_deaths_global_csv,4e87757a3e059c45650a1e1856614f8e339ee3c70653c378a7ba6f7b0ee8c72e,,2020-01-22/2023-03-09,observed,csv_row_Jersey_col_4/14/20,jhu_csv_observed_v1,2020-04-14,cumulative_deaths,4,deaths,reported,
1.0,jhu_csse_confirmed_global_csv,e6234a59eec4359d2577358b5220e1a7e3da74c162913cdb7d882db1413f98c2,,2020-01-22/2023-03-09,observed,csv_row_Jersey_col_4/15/20,jhu_csv_observed_v1,2020-04-15,cumulative_confirmed_cases,213,cases,reported,
1.0,jhu_csse_deaths_global_csv,4e87757a3e059c45650a1e1856614f8e339ee3c70653c378a7ba6f7b0ee8c72e,,2020-01-22/2023-03-09,observed,csv_row_Jersey_col_4/15/20,jhu_csv_observed_v1,2020-04-15,cumulative_deaths,4,deaths,reported,
1.0,jhu_csse_confirmed_global_csv,e6234a59eec4359d2577358b5220e1a7e3da74c162913cdb7d882db1413f98c2,,2020-01-22/2023-03-09,observed,csv_row_Jersey_col_4/16/20,jhu_csv_observed_v1,2020-04-16,cumulative_confirmed_cases,213,cases,reported,
1.0,jhu_csse_deaths_global_csv,4e87757a3e059c45650a1e1856614f8e339ee3c70653c378a7ba6f7b0ee8c72e,,2020-01-22/2023-03-09,observed,csv_row_Jersey_col_4/16/20,jhu_csv_observed_v1,2020-04-16,cumulative_deaths,6,deaths,reported,
1.0,jhu_csse_confirmed_global_csv,e6234a59eec4359d2577358b5220e1a7e3da74c162913cdb7d882db1413f98c2,,2020-01-22/2023-03-09,observed,csv_row_Jersey_col_4/17/20,jhu_csv_observed_v1,2020-04-17,cumulative_confirmed_cases,215,cases,reported,
1.0,jhu_csse_deaths_global_csv,4e87757a3e059c45650a1e1856614f8e339ee3c70653c378a7ba6f7b0ee8c72e,,2020-01-22/2023-03-09,observed,csv_row_Jersey_col_4/17/20,jhu_csv_observed_v1,2020-04-17,cumulative_deaths,7,deaths,reported,
1.0,jhu_csse_confirmed_global_csv,e6234a59eec4359d2577358b5220e1a7e3da74c162913cdb7d882db1413f98c2,,2020-01-22/2023-03-09,observed,csv_row_Jersey_col_4/18/20,jhu_csv_observed_v1,2020-04-18,cumulative_confirmed_cases,219,cases,reported,
1.0,jhu_csse_deaths_global_csv,4e87757a3e059c45650a1e1856614f8e339ee3c70653c378a7ba6f7b0ee8c72e,,2020-01-22/2023-03-09,observed,csv_row_Jersey_col_4/18/20,jhu_csv_observed_v1,2020-04-18,cumulative_deaths,10,deaths,reported,
1.0,jhu_csse_confirmed_global_csv,e6234a59eec4359d2577358b5220e1a7e3da74c162913cdb7d882db1413f98c2,,2020-01-22/2023-03-09,observed,csv_row_Jersey_col_4/19/20,jhu_csv_observed_v1,2020-04-19,cumulative_confirmed_cases,230,cases,reported,
1.0,jhu_csse_deaths_global_csv,4e87757a3e059c45650a1e1856614f8e339ee3c70653c378a7ba6f7b0ee8c72e,,2020-01-22/2023-03-09,observed,csv_row_Jersey_col_4/19/20,jhu_csv_observed_v1,2020-04-19,cumulative_deaths,11,deaths,reported,
1.0,jhu_csse_confirmed_global_csv,e6234a59eec4359d2577358b5220e1a7e3da74c162913cdb7d882db1413f98c2,,2020-01-22/2023-03-09,observed,csv_row_Jersey_col_4/20/20,jhu_csv_observed_v1,2020-04-20,cumulative_confirmed_cases,241,cases,reported,
1.0,jhu_csse_deaths_global_csv,4e87757a3e059c45650a1e1856614f8e339ee3c70653c378a7ba6f7b0ee8c72e,,2020-01-22/2023-03-09,observed,csv_row_Jersey_col_4/20/20,jhu_csv_observed_v1,2020-04-20,cumulative_deaths,12,deaths,reported,
1.0,jhu_csse_confirmed_global_csv,e6234a59eec4359d2577358b5220e1a7e3da74c162913cdb7d882db1413f98c2,,2020-01-22/2023-03-09,observed,csv_row_Jersey_col_4/21/20,jhu_csv_observed_v1,2020-04-21,cumulative_confirmed_cases,245,cases,reported,
1.0,jhu_csse_deaths_global_csv,4e87757a3e059c45650a1e1856614f8e339ee3c70653c378a7ba6f7b0ee8c72e,,2020-01-22/2023-03-09,observed,csv_row_Jersey_col_4/21/20,jhu_csv_observed_v1,2020-04-21,cumulative_deaths,12,deaths,reported,
1.0,jhu_csse_confirmed_global_csv,e6234a59eec4359d2577358b5220e1a7e3da74c162913cdb7d882db1413f98c2,,2020-01-22/2023-03-09,observed,csv_row_Jersey_col_4/22/20,jhu_csv_observed_v1,2020-04-22,cumulative_confirmed_cases,246,cases,reported,
1.0,jhu_csse_deaths_global_csv,4e87757a3e059c45650a1e1856614f8e339ee3c70653c378a7ba6f7b0ee8c72e,,2020-01-22/2023-03-09,observed,csv_row_Jersey_col_4/22/20,jhu_csv_observed_v1,2020-04-22,cumulative_deaths,14,deaths,reported,
1.0,jhu_csse_confirmed_global_csv,e6234a59eec4359d2577358b5220e1a7e3da74c162913cdb7d882db1413f98c2,,2020-01-22/2023-03-09,observed,csv_row_Jersey_col_4/23/20,jhu_csv_observed_v1,2020-04-23,cumulative_confirmed_cases,251,cases,reported,
1.0,jhu_csse_deaths_global_csv,4e87757a3e059c45650a1e1856614f8e339ee3c70653c378a7ba6f7b0ee8c72e,,2020-01-22/2023-03-09,observed,csv_row_Jersey_col_4/23/20,jhu_csv_observed_v1,2020-04-23,cumulative_deaths,14,deaths,reported,
1.0,jhu_csse_confirmed_global_csv,e6234a59eec4359d2577358b5220e1a7e3da74c162913cdb7d882db1413f98c2,,2020-01-22/2023-03-09,observed,csv_row_Jersey_col_4/24/20,jhu_csv_observed_v1,2020-04-24,cumulative_confirmed_cases,251,cases,reported,
1.0,jhu_csse_deaths_global_csv,4e87757a3e059c45650a1e1856614f8e339ee3c70653c378a7ba6f7b0ee8c72e,,2020-01-22/2023-03-09,observed,csv_row_Jersey_col_4/24/20,jhu_csv_observed_v1,2020-04-24,cumulative_deaths,18,deaths,reported,
1.0,jhu_csse_confirmed_global_csv,e6234a59eec4359d2577358b5220e1a7e3da74c162913cdb7d882db1413f98c2,,2020-01-22/2023-03-09,observed,csv_row_Jersey_col_4/25/20,jhu_csv_observed_v1,2020-04-25,cumulative_confirmed_cases,272,cases,reported,
1.0,jhu_csse_deaths_global_csv,4e87757a3e059c45650a1e1856614f8e339ee3c70653c378a7ba6f7b0ee8c72e,,2020-01-22/2023-03-09,observed,csv_row_Jersey_col_4/25/20,jhu_csv_observed_v1,2020-04-25,cumulative_deaths,19,deaths,reported,
1.0,jhu_csse_confirmed_global_csv,e6234a59eec4359d2577358b5220e1a7e3da74c162913cdb7d882db1413f98c2,,2020-01-22/2023-03-09,observed,csv_row_Jersey_col_4/26/20,jhu_csv_observed_v1,2020-04-26,cumulative_confirmed_cases,274,cases,reported,
1.0,jhu_csse_deaths_global_csv,4e87757a3e059c45650a1e1856614f8e339ee3c70653c378a7ba6f7b0ee8c72e,,2020-01-22/2023-03-09,observed,csv_row_Jersey_col_4/26/20,jhu_csv_observed_v1,2020-04-26,cumulative_deaths,19,deaths,reported,
1.0,jhu_csse_confirmed_global_csv,e6234a59eec4359d2577358b5220e1a7e3da74c162913cdb7d882db1413f98c2,,2020-01-22/2023-03-09,observed,csv_row_Jersey_col_4/27/20,jhu_csv_observed_v1,2020-04-27,cumulative_confirmed_cases,276,cases,reported,
1.0,jhu_csse_deaths_global_csv,4e87757a3e059c45650a1e1856614f8e339ee3c70653c378a7ba6f7b0ee8c72e,,2020-01-22/2023-03-09,observed,csv_row_Jersey_col_4/27/20,jhu_csv_observed_v1,2020-04-27,cumulative_deaths,19,deaths,reported,
1.0,jhu_csse_confirmed_global_csv,e6234a59eec4359d2577358b5220e1a7e3da74c162913cdb7d882db1413f98c2,,2020-01-22/2023-03-09,observed,csv_row_Jersey_col_4/28/20,jhu_csv_observed_v1,2020-04-28,cumulative_confirmed_cases,277,cases,reported,
1.0,jhu_csse_deaths_global_csv,4e87757a3e059c45650a1e1856614f8e339ee3c70653c378a7ba6f7b0ee8c72e,,2020-01-22/2023-03-09,observed,csv_row_Jersey_col_4/28/20,jhu_csv_observed_v1,2020-04-28,cumulative_deaths,19,deaths,reported,
1.0,jhu_csse_confirmed_global_csv,e6234a59eec4359d2577358b5220e1a7e3da74c162913cdb7d882db1413f98c2,,2020-01-22/2023-03-09,observed,csv_row_Jersey_col_4/29/20,jhu_csv_observed_v1,2020-04-29,cumulative_confirmed_cases,279,cases,reported,
1.0,jhu_csse_deaths_global_csv,4e87757a3e059c45650a1e1856614f8e339ee3c70653c378a7ba6f7b0ee8c72e,,2020-01-22/2023-03-09,observed,csv_row_Jersey_col_4/29/20,jhu_csv_observed_v1,2020-04-29,cumulative_deaths,19,deaths,reported,
1.0,jhu_csse_confirmed_global_csv,e6234a59eec4359d2577358b5220e1a7e3da74c162913cdb7d882db1413f98c2,,2020-01-22/2023-03-09,observed,csv_row_Jersey_col_4/30/20,jhu_csv_observed_v1,2020-04-30,cumulative_confirmed_cases,280,cases,reported,
1.0,jhu_csse_deaths_global_csv,4e87757a3e059c45650a1e1856614f8e339ee3c70653c378a7ba6f7b0ee8c72e,,2020-01-22/2023-03-09,observed,csv_row_Jersey_col_4/30/20,jhu_csv_observed_v1,2020-04-30,cumulative_deaths,20,deaths,reported,
1.0,jhu_csse_confirmed_global_csv,e6234a59eec4359d2577358b5220e1a7e3da74c162913cdb7d882db1413f98c2,,2020-01-22/2023-03-09,observed,csv_row_Jersey_col_5/1/20,jhu_csv_observed_v1,2020-05-01,cumulative_confirmed_cases,286,cases,reported,
1.0,jhu_csse_deaths_global_csv,4e87757a3e059c45650a1e1856614f8e339ee3c70653c378a7ba6f7b0ee8c72e,,2020-01-22/2023-03-09,observed,csv_row_Jersey_col_5/1/20,jhu_csv_observed_v1,2020-05-01,cumulative_deaths,20,deaths,reported,
1.0,jhu_csse_confirmed_global_csv,e6234a59eec4359d2577358b5220e1a7e3da74c162913cdb7d882db1413f98c2,,2020-01-22/2023-03-09,observed,csv_row_Jersey_col_5/2/20,jhu_csv_observed_v1,2020-05-02,cumulative_confirmed_cases,286,cases,reported,
1.0,jhu_csse_deaths_global_csv,4e87757a3e059c45650a1e1856614f8e339ee3c70653c378a7ba6f7b0ee8c72e,,2020-01-22/2023-03-09,observed,csv_row_Jersey_col_5/2/20,jhu_csv_observed_v1,2020-05-02,cumulative_deaths,22,deaths,reported,
1.0,jhu_csse_confirmed_global_csv,e6234a59eec4359d2577358b5220e1a7e3da74c162913cdb7d882db1413f98c2,,2020-01-22/2023-03-09,observed,csv_row_Jersey_col_5/3/20,jhu_csv_observed_v1,2020-05-03,cumulative_confirmed_cases,286,cases,reported,
1.0,jhu_csse_deaths_global_csv,4e87757a3e059c45650a1e1856614f8e339ee3c70653c378a7ba6f7b0ee8c72e,,2020-01-22/2023-03-09,observed,csv_row_Jersey_col_5/3/20,jhu_csv_observed_v1,2020-05-03,cumulative_deaths,23,deaths,reported,
1.0,jhu_csse_confirmed_global_csv,e6234a59eec4359d2577358b5220e1a7e3da74c162913cdb7d882db1413f98c2,,2020-01-22/2023-03-09,observed,csv_row_Jersey_col_5/4/20,jhu_csv_observed_v1,2020-05-04,cumulative_confirmed_cases,287,cases,reported,
1.0,jhu_csse_deaths_global_csv,4e87757a3e059c45650a1e1856614f8e339ee3c70653c378a7ba6f7b0ee8c72e,,2020-01-22/2023-03-09,observed,csv_row_Jersey_col_5/4/20,jhu_csv_observed_v1,2020-05-04,cumulative_deaths,24,deaths,reported,
1.0,jhu_csse_confirmed_global_csv,e6234a59eec4359d2577358b5220e1a7e3da74c162913cdb7d882db1413f98c2,,2020-01-22/2023-03-09,observed,csv_row_Jersey_col_5/5/20,jhu_csv_observed_v1,2020-05-05,cumulative_confirmed_cases,288,cases,reported,
1.0,jhu_csse_deaths_global_csv,4e87757a3e059c45650a1e1856614f8e339ee3c70653c378a7ba6f7b0ee8c72e,,2020-01-22/2023-03-09,observed,csv_row_Jersey_col_5/5/20,jhu_csv_observed_v1,2020-05-05,cumulative_deaths,24,deaths,reported,
1.0,jhu_csse_confirmed_global_csv,e6234a59eec4359d2577358b5220e1a7e3da74c162913cdb7d882db1413f98c2,,2020-01-22/2023-03-09,observed,csv_row_Jersey_col_5/6/20,jhu_csv_observed_v1,2020-05-06,cumulative_confirmed_cases,289,cases,reported,
1.0,jhu_csse_deaths_global_csv,4e87757a3e059c45650a1e1856614f8e339ee3c70653c378a7ba6f7b0ee8c72e,,2020-01-22/2023-03-09,observed,csv_row_Jersey_col_5/6/20,jhu_csv_observed_v1,2020-05-06,cumulative_deaths,24,deaths,reported,
1.0,jhu_csse_confirmed_global_csv,e6234a59eec4359d2577358b5220e1a7e3da74c162913cdb7d882db1413f98c2,,2020-01-22/2023-03-09,observed,csv_row_Jersey_col_5/7/20,jhu_csv_observed_v1,2020-05-07,cumulative_confirmed_cases,289,cases,reported,
1.0,jhu_csse_deaths_global_csv,4e87757a3e059c45650a1e1856614f8e339ee3c70653c378a7ba6f7b0ee8c72e,,2020-01-22/2023-03-09,observed,csv_row_Jersey_col_5/7/20,jhu_csv_observed_v1,2020-05-07,cumulative_deaths,24,deaths,reported,
1.0,jhu_csse_confirmed_global_csv,e6234a59eec4359d2577358b5220e1a7e3da74c162913cdb7d882db1413f98c2,,2020-01-22/2023-03-09,observed,csv_row_Jersey_col_5/8/20,jhu_csv_observed_v1,2020-05-08,cumulative_confirmed_cases,289,cases,reported,
1.0,jhu_csse_deaths_global_csv,4e87757a3e059c45650a1e1856614f8e339ee3c70653c378a7ba6f7b0ee8c72e,,2020-01-22/2023-03-09,observed,csv_row_Jersey_col_5/8/20,jhu_csv_observed_v1,2020-05-08,cumulative_deaths,25,deaths,reported,
1.0,jhu_csse_confirmed_global_csv,e6234a59eec4359d2577358b5220e1a7e3da74c162913cdb7d882db1413f98c2,,2020-01-22/2023-03-09,observed,csv_row_Jersey_col_5/9/20,jhu_csv_observed_v1,2020-05-09,cumulative_confirmed_cases,289,cases,reported,
1.0,jhu_csse_deaths_global_csv,4e87757a3e059c45650a1e1856614f8e339ee3c70653c378a7ba6f7b0ee8c72e,,2020-01-22/2023-03-09,observed,csv_row_Jersey_col_5/9/20,jhu_csv_observed_v1,2020-05-09,cumulative_deaths,25,deaths,reported,
1.0,jhu_csse_confirmed_global_csv,e6234a59eec4359d2577358b5220e1a7e3da74c162913cdb7d882db1413f98c2,,2020-01-22/2023-03-09,observed,csv_row_Jersey_col_5/10/20,jhu_csv_observed_v1,2020-05-10,cumulative_confirmed_cases,289,cases,reported,
1.0,jhu_csse_deaths_global_csv,4e87757a3e059c45650a1e1856614f8e339ee3c70653c378a7ba6f7b0ee8c72e,,2020-01-22/2023-03-09,observed,csv_row_Jersey_col_5/10/20,jhu_csv_observed_v1,2020-05-10,cumulative_deaths,25,deaths,reported,
1.0,jhu_csse_confirmed_global_csv,e6234a59eec4359d2577358b5220e1a7e3da74c162913cdb7d882db1413f98c2,,2020-01-22/2023-03-09,observed,csv_row_Jersey_col_5/11/20,jhu_csv_observed_v1,2020-05-11,cumulative_confirmed_cases,289,cases,reported,
1.0,jhu_csse_deaths_global_csv,4e87757a3e059c45650a1e1856614f8e339ee3c70653c378a7ba6f7b0ee8c72e,,2020-01-22/2023-03-09,observed,csv_row_Jersey_col_5/11/20,jhu_csv_observed_v1,2020-05-11,cumulative_deaths,25,deaths,reported,
1.0,jhu_csse_confirmed_global_csv,e6234a59eec4359d2577358b5220e1a7e3da74c162913cdb7d882db1413f98c2,,2020-01-22/2023-03-09,observed,csv_row_Jersey_col_5/12/20,jhu_csv_observed_v1,2020-05-12,cumulative_confirmed_cases,292,cases,reported,
1.0,jhu_csse_deaths_global_csv,4e87757a3e059c45650a1e1856614f8e339ee3c70653c378a7ba6f7b0ee8c72e,,2020-01-22/2023-03-09,observed,csv_row_Jersey_col_5/12/20,jhu_csv_observed_v1,2020-05-12,cumulative_deaths,26,deaths,reported,
1.0,jhu_csse_confirmed_global_csv,e6234a59eec4359d2577358b5220e1a7e3da74c162913cdb7d882db1413f98c2,,2020-01-22/2023-03-09,observed,csv_row_Jersey_col_5/13/20,jhu_csv_observed_v1,2020-05-13,cumulative_confirmed_cases,292,cases,reported,
1.0,jhu_csse_deaths_global_csv,4e87757a3e059c45650a1e1856614f8e339ee3c70653c378a7ba6f7b0ee8c72e,,2020-01-22/2023-03-09,observed,csv_row_Jersey_col_5/13/20,jhu_csv_observed_v1,2020-05-13,cumulative_deaths,26,deaths,reported,
1.0,jhu_csse_confirmed_global_csv,e6234a59eec4359d2577358b5220e1a7e3da74c162913cdb7d882db1413f98c2,,2020-01-22/2023-03-09,observed,csv_row_Jersey_col_5/14/20,jhu_csv_observed_v1,2020-05-14,cumulative_confirmed_cases,293,cases,reported,
1.0,jhu_csse_deaths_global_csv,4e87757a3e059c45650a1e1856614f8e339ee3c70653c378a7ba6f7b0ee8c72e,,2020-01-22/2023-03-09,observed,csv_row_Jersey_col_5/14/20,jhu_csv_observed_v1,2020-05-14,cumulative_deaths,27,deaths,reported,
1.0,jhu_csse_confirmed_global_csv,e6234a59eec4359d2577358b5220e1a7e3da74c162913cdb7d882db1413f98c2,,2020-01-22/2023-03-09,observed,csv_row_Jersey_col_5/15/20,jhu_csv_observed_v1,2020-05-15,cumulative_confirmed_cases,293,cases,reported,
1.0,jhu_csse_deaths_global_csv,4e87757a3e059c45650a1e1856614f8e339ee3c70653c378a7ba6f7b0ee8c72e,,2020-01-22/2023-03-09,observed,csv_row_Jersey_col_5/15/20,jhu_csv_observed_v1,2020-05-15,cumulative_deaths,27,deaths,reported,
1.0,jhu_csse_confirmed_global_csv,e6234a59eec4359d2577358b5220e1a7e3da74c162913cdb7d882db1413f98c2,,2020-01-22/2023-03-09,observed,csv_row_Jersey_col_5/16/20,jhu_csv_observed_v1,2020-05-16,cumulative_confirmed_cases,293,cases,reported,
1.0,jhu_csse_deaths_global_csv,4e87757a3e059c45650a1e1856614f8e339ee3c70653c378a7ba6f7b0ee8c72e,,2020-01-22/2023-03-09,observed,csv_row_Jersey_col_5/16/20,jhu_csv_observed_v1,2020-05-16,cumulative_deaths,27,deaths,reported,
1.0,jhu_csse_confirmed_global_csv,e6234a59eec4359d2577358b5220e1a7e3da74c162913cdb7d882db1413f98c2,,2020-01-22/2023-03-09,observed,csv_row_Jersey_col_5/17/20,jhu_csv_observed_v1,2020-05-17,cumulative_confirmed_cases,293,cases,reported,
1.0,jhu_csse_deaths_global_csv,4e87757a3e059c45650a1e1856614f8e339ee3c70653c378a7ba6f7b0ee8c72e,,2020-01-22/2023-03-09,observed,csv_row_Jersey_col_5/17/20,jhu_csv_observed_v1,2020-05-17,cumulative_deaths,27,deaths,reported,
1.0,jhu_csse_confirmed_global_csv,e6234a59eec4359d2577358b5220e1a7e3da74c162913cdb7d882db1413f98c2,,2020-01-22/2023-03-09,observed,csv_row_Jersey_col_5/18/20,jhu_csv_observed_v1,2020-05-18,cumulative_confirmed_cases,293,cases,reported,
1.0,jhu_csse_deaths_global_csv,4e87757a3e059c45650a1e1856614f8e339ee3c70653c378a7ba6f7b0ee8c72e,,2020-01-22/2023-03-09,observed,csv_row_Jersey_col_5/18/20,jhu_csv_observed_v1,2020-05-18,cumulative_deaths,27,deaths,reported,
1.0,jhu_csse_confirmed_global_csv,e6234a59eec4359d2577358b5220e1a7e3da74c162913cdb7d882db1413f98c2,,2020-01-22/2023-03-09,observed,csv_row_Jersey_col_5/19/20,jhu_csv_observed_v1,2020-05-19,cumulative_confirmed_cases,298,cases,reported,
1.0,jhu_csse_deaths_global_csv,4e87757a3e059c45650a1e1856614f8e339ee3c70653c378a7ba6f7b0ee8c72e,,2020-01-22/2023-03-09,observed,csv_row_Jersey_col_5/19/20,jhu_csv_observed_v1,2020-05-19,cumulative_deaths,27,deaths,reported,
1.0,jhu_csse_confirmed_global_csv,e6234a59eec4359d2577358b5220e1a7e3da74c162913cdb7d882db1413f98c2,,2020-01-22/2023-03-09,observed,csv_row_Jersey_col_5/20/20,jhu_csv_observed_v1,2020-05-20,cumulative_confirmed_cases,299,cases,reported,
1.0,jhu_csse_deaths_global_csv,4e87757a3e059c45650a1e1856614f8e339ee3c70653c378a7ba6f7b0ee8c72e,,2020-01-22/2023-03-09,observed,csv_row_Jersey_col_5/20/20,jhu_csv_observed_v1,2020-05-20,cumulative_deaths,27,deaths,reported,
1.0,jhu_csse_confirmed_global_csv,e6234a59eec4359d2577358b5220e1a7e3da74c162913cdb7d882db1413f98c2,,2020-01-22/2023-03-09,observed,csv_row_Jersey_col_5/21/20,jhu_csv_observed_v1,2020-05-21,cumulative_confirmed_cases,299,cases,reported,
1.0,jhu_csse_deaths_global_csv,4e87757a3e059c45650a1e1856614f8e339ee3c70653c378a7ba6f7b0ee8c72e,,2020-01-22/2023-03-09,observed,csv_row_Jersey_col_5/21/20,jhu_csv_observed_v1,2020-05-21,cumulative_deaths,28,deaths,reported,
1.0,jhu_csse_confirmed_global_csv,e6234a59eec4359d2577358b5220e1a7e3da74c162913cdb7d882db1413f98c2,,2020-01-22/2023-03-09,observed,csv_row_Jersey_col_5/22/20,jhu_csv_observed_v1,2020-05-22,cumulative_confirmed_cases,302,cases,reported,
1.0,jhu_csse_deaths_global_csv,4e87757a3e059c45650a1e1856614f8e339ee3c70653c378a7ba6f7b0ee8c72e,,2020-01-22/2023-03-09,observed,csv_row_Jersey_col_5/22/20,jhu_csv_observed_v1,2020-05-22,cumulative_deaths,29,deaths,reported,
1.0,jhu_csse_confirmed_global_csv,e6234a59eec4359d2577358b5220e1a7e3da74c162913cdb7d882db1413f98c2,,2020-01-22/2023-03-09,observed,csv_row_Jersey_col_5/23/20,jhu_csv_observed_v1,2020-05-23,cumulative_confirmed_cases,302,cases,reported,
1.0,jhu_csse_deaths_global_csv,4e87757a3e059c45650a1e1856614f8e339ee3c70653c378a7ba6f7b0ee8c72e,,2020-01-22/2023-03-09,observed,csv_row_Jersey_col_5/23/20,jhu_csv_observed_v1,2020-05-23,cumulative_deaths,29,deaths,reported,
1.0,jhu_csse_confirmed_global_csv,e6234a59eec4359d2577358b5220e1a7e3da74c162913cdb7d882db1413f98c2,,2020-01-22/2023-03-09,observed,csv_row_Jersey_col_5/24/20,jhu_csv_observed_v1,2020-05-24,cumulative_confirmed_cases,302,cases,reported,
1.0,jhu_csse_deaths_global_csv,4e87757a3e059c45650a1e1856614f8e339ee3c70653c378a7ba6f7b0ee8c72e,,2020-01-22/2023-03-09,observed,csv_row_Jersey_col_5/24/20,jhu_csv_observed_v1,2020-05-24,cumulative_deaths,29,deaths,reported,
1.0,jhu_csse_confirmed_global_csv,e6234a59eec4359d2577358b5220e1a7e3da74c162913cdb7d882db1413f98c2,,2020-01-22/2023-03-09,observed,csv_row_Jersey_col_5/25/20,jhu_csv_observed_v1,2020-05-25,cumulative_confirmed_cases,302,cases,reported,
1.0,jhu_csse_deaths_global_csv,4e87757a3e059c45650a1e1856614f8e339ee3c70653c378a7ba6f7b0ee8c72e,,2020-01-22/2023-03-09,observed,csv_row_Jersey_col_5/25/20,jhu_csv_observed_v1,2020-05-25,cumulative_deaths,29,deaths,reported,
1.0,jhu_csse_confirmed_global_csv,e6234a59eec4359d2577358b5220e1a7e3da74c162913cdb7d882db1413f98c2,,2020-01-22/2023-03-09,observed,csv_row_Jersey_col_5/26/20,jhu_csv_observed_v1,2020-05-26,cumulative_confirmed_cases,302,cases,reported,
1.0,jhu_csse_deaths_global_csv,4e87757a3e059c45650a1e1856614f8e339ee3c70653c378a7ba6f7b0ee8c72e,,2020-01-22/2023-03-09,observed,csv_row_Jersey_col_5/26/20,jhu_csv_observed_v1,2020-05-26,cumulative_deaths,29,deaths,reported,
1.0,jhu_csse_confirmed_global_csv,e6234a59eec4359d2577358b5220e1a7e3da74c162913cdb7d882db1413f98c2,,2020-01-22/2023-03-09,observed,csv_row_Jersey_col_5/27/20,jhu_csv_observed_v1,2020-05-27,cumulative_confirmed_cases,303,cases,reported,
1.0,jhu_csse_deaths_global_csv,4e87757a3e059c45650a1e1856614f8e339ee3c70653c378a7ba6f7b0ee8c72e,,2020-01-22/2023-03-09,observed,csv_row_Jersey_col_5/27/20,jhu_csv_observed_v1,2020-05-27,cumulative_deaths,29,deaths,reported,
1.0,jhu_csse_confirmed_global_csv,e6234a59eec4359d2577358b5220e1a7e3da74c162913cdb7d882db1413f98c2,,2020-01-22/2023-03-09,observed,csv_row_Jersey_col_5/28/20,jhu_csv_observed_v1,2020-05-28,cumulative_confirmed_cases,303,cases,reported,
1.0,jhu_csse_deaths_global_csv,4e87757a3e059c45650a1e1856614f8e339ee3c70653c378a7ba6f7b0ee8c72e,,2020-01-22/2023-03-09,observed,csv_row_Jersey_col_5/28/20,jhu_csv_observed_v1,2020-05-28,cumulative_deaths,29,deaths,reported,
1.0,jhu_csse_confirmed_global_csv,e6234a59eec4359d2577358b5220e1a7e3da74c162913cdb7d882db1413f98c2,,2020-01-22/2023-03-09,observed,csv_row_Jersey_col_5/29/20,jhu_csv_observed_v1,2020-05-29,cumulative_confirmed_cases,304,cases,reported,
1.0,jhu_csse_deaths_global_csv,4e87757a3e059c45650a1e1856614f8e339ee3c70653c378a7ba6f7b0ee8c72e,,2020-01-22/2023-03-09,observed,csv_row_Jersey_col_5/29/20,jhu_csv_observed_v1,2020-05-29,cumulative_deaths,29,deaths,reported,
1.0,jhu_csse_confirmed_global_csv,e6234a59eec4359d2577358b5220e1a7e3da74c162913cdb7d882db1413f98c2,,2020-01-22/2023-03-09,observed,csv_row_Jersey_col_5/30/20,jhu_csv_observed_v1,2020-05-30,cumulative_confirmed_cases,304,cases,reported,
1.0,jhu_csse_deaths_global_csv,4e87757a3e059c45650a1e1856614f8e339ee3c70653c378a7ba6f7b0ee8c72e,,2020-01-22/2023-03-09,observed,csv_row_Jersey_col_5/30/20,jhu_csv_observed_v1,2020-05-30,cumulative_deaths,29,deaths,reported,
1.0,jhu_csse_confirmed_global_csv,e6234a59eec4359d2577358b5220e1a7e3da74c162913cdb7d882db1413f98c2,,2020-01-22/2023-03-09,observed,csv_row_Jersey_col_5/31/20,jhu_csv_observed_v1,2020-05-31,cumulative_confirmed_cases,304,cases,reported,
1.0,jhu_csse_deaths_global_csv,4e87757a3e059c45650a1e1856614f8e339ee3c70653c378a7ba6f7b0ee8c72e,,2020-01-22/2023-03-09,observed,csv_row_Jersey_col_5/31/20,jhu_csv_observed_v1,2020-05-31,cumulative_deaths,29,deaths,reported,
1.0,jhu_csse_confirmed_global_csv,e6234a59eec4359d2577358b5220e1a7e3da74c162913cdb7d882db1413f98c2,,2020-01-22/2023-03-09,observed,csv_row_Jersey_col_6/1/20,jhu_csv_observed_v1,2020-06-01,cumulative_confirmed_cases,304,cases,reported,
1.0,jhu_csse_deaths_global_csv,4e87757a3e059c45650a1e1856614f8e339ee3c70653c378a7ba6f7b0ee8c72e,,2020-01-22/2023-03-09,observed,csv_row_Jersey_col_6/1/20,jhu_csv_observed_v1,2020-06-01,cumulative_deaths,29,deaths,reported,
1.0,jhu_csse_confirmed_global_csv,e6234a59eec4359d2577358b5220e1a7e3da74c162913cdb7d882db1413f98c2,,2020-01-22/2023-03-09,observed,csv_row_Jersey_col_6/2/20,jhu_csv_observed_v1,2020-06-02,cumulative_confirmed_cases,304,cases,reported,
1.0,jhu_csse_deaths_global_csv,4e87757a3e059c45650a1e1856614f8e339ee3c70653c378a7ba6f7b0ee8c72e,,2020-01-22/2023-03-09,observed,csv_row_Jersey_col_6/2/20,jhu_csv_observed_v1,2020-06-02,cumulative_deaths,29,deaths,reported,
1.0,jhu_csse_confirmed_global_csv,e6234a59eec4359d2577358b5220e1a7e3da74c162913cdb7d882db1413f98c2,,2020-01-22/2023-03-09,observed,csv_row_Jersey_col_6/3/20,jhu_csv_observed_v1,2020-06-03,cumulative_confirmed_cases,304,cases,reported,
1.0,jhu_csse_deaths_global_csv,4e87757a3e059c45650a1e1856614f8e339ee3c70653c378a7ba6f7b0ee8c72e,,2020-01-22/2023-03-09,observed,csv_row_Jersey_col_6/3/20,jhu_csv_observed_v1,2020-06-03,cumulative_deaths,29,deaths,reported,
1.0,jhu_csse_confirmed_global_csv,e6234a59eec4359d2577358b5220e1a7e3da74c162913cdb7d882db1413f98c2,,2020-01-22/2023-03-09,observed,csv_row_Jersey_col_6/4/20,jhu_csv_observed_v1,2020-06-04,cumulative_confirmed_cases,304,cases,reported,
1.0,jhu_csse_deaths_global_csv,4e87757a3e059c45650a1e1856614f8e339ee3c70653c378a7ba6f7b0ee8c72e,,2020-01-22/2023-03-09,observed,csv_row_Jersey_col_6/4/20,jhu_csv_observed_v1,2020-06-04,cumulative_deaths,30,deaths,reported,
1.0,jhu_csse_confirmed_global_csv,e6234a59eec4359d2577358b5220e1a7e3da74c162913cdb7d882db1413f98c2,,2020-01-22/2023-03-09,observed,csv_row_Jersey_col_6/5/20,jhu_csv_observed_v1,2020-06-05,cumulative_confirmed_cases,305,cases,reported,
1.0,jhu_csse_deaths_global_csv,4e87757a3e059c45650a1e1856614f8e339ee3c70653c378a7ba6f7b0ee8c72e,,2020-01-22/2023-03-09,observed,csv_row_Jersey_col_6/5/20,jhu_csv_observed_v1,2020-06-05,cumulative_deaths,30,deaths,reported,
1.0,jhu_csse_confirmed_global_csv,e6234a59eec4359d2577358b5220e1a7e3da74c162913cdb7d882db1413f98c2,,2020-01-22/2023-03-09,observed,csv_row_Jersey_col_6/6/20,jhu_csv_observed_v1,2020-06-06,cumulative_confirmed_cases,305,cases,reported,
1.0,jhu_csse_deaths_global_csv,4e87757a3e059c45650a1e1856614f8e339ee3c70653c378a7ba6f7b0ee8c72e,,2020-01-22/2023-03-09,observed,csv_row_Jersey_col_6/6/20,jhu_csv_observed_v1,2020-06-06,cumulative_deaths,30,deaths,reported,
1.0,jhu_csse_confirmed_global_csv,e6234a59eec4359d2577358b5220e1a7e3da74c162913cdb7d882db1413f98c2,,2020-01-22/2023-03-09,observed,csv_row_Jersey_col_6/7/20,jhu_csv_observed_v1,2020-06-07,cumulative_confirmed_cases,305,cases,reported,
1.0,jhu_csse_deaths_global_csv,4e87757a3e059c45650a1e1856614f8e339ee3c70653c378a7ba6f7b0ee8c72e,,2020-01-22/2023-03-09,observed,csv_row_Jersey_col_6/7/20,jhu_csv_observed_v1,2020-06-07,cumulative_deaths,30,deaths,reported,
1.0,jhu_csse_confirmed_global_csv,e6234a59eec4359d2577358b5220e1a7e3da74c162913cdb7d882db1413f98c2,,2020-01-22/2023-03-09,observed,csv_row_Jersey_col_6/8/20,jhu_csv_observed_v1,2020-06-08,cumulative_confirmed_cases,307,cases,reported,
1.0,jhu_csse_deaths_global_csv,4e87757a3e059c45650a1e1856614f8e339ee3c70653c378a7ba6f7b0ee8c72e,,2020-01-22/2023-03-09,observed,csv_row_Jersey_col_6/8/20,jhu_csv_observed_v1,2020-06-08,cumulative_deaths,30,deaths,reported,
1.0,jhu_csse_confirmed_global_csv,e6234a59eec4359d2577358b5220e1a7e3da74c162913cdb7d882db1413f98c2,,2020-01-22/2023-03-09,observed,csv_row_Jersey_col_6/9/20,jhu_csv_observed_v1,2020-06-09,cumulative_confirmed_cases,307,cases,reported,
1.0,jhu_csse_deaths_global_csv,4e87757a3e059c45650a1e1856614f8e339ee3c70653c378a7ba6f7b0ee8c72e,,2020-01-22/2023-03-09,observed,csv_row_Jersey_col_6/9/20,jhu_csv_observed_v1,2020-06-09,cumulative_deaths,30,deaths,reported,
1.0,jhu_csse_confirmed_global_csv,e6234a59eec4359d2577358b5220e1a7e3da74c162913cdb7d882db1413f98c2,,2020-01-22/2023-03-09,observed,csv_row_Jersey_col_6/10/20,jhu_csv_observed_v1,2020-06-10,cumulative_confirmed_cases,309,cases,reported,
1.0,jhu_csse_deaths_global_csv,4e87757a3e059c45650a1e1856614f8e339ee3c70653c378a7ba6f7b0ee8c72e,,2020-01-22/2023-03-09,observed,csv_row_Jersey_col_6/10/20,jhu_csv_observed_v1,2020-06-10,cumulative_deaths,30,deaths,reported,
1.0,jhu_csse_confirmed_global_csv,e6234a59eec4359d2577358b5220e1a7e3da74c162913cdb7d882db1413f98c2,,2020-01-22/2023-03-09,observed,csv_row_Jersey_col_6/11/20,jhu_csv_observed_v1,2020-06-11,cumulative_confirmed_cases,309,cases,reported,
1.0,jhu_csse_deaths_global_csv,4e87757a3e059c45650a1e1856614f8e339ee3c70653c378a7ba6f7b0ee8c72e,,2020-01-22/2023-03-09,observed,csv_row_Jersey_col_6/11/20,jhu_csv_observed_v1,2020-06-11,cumulative_deaths,30,deaths,reported,
1.0,jhu_csse_confirmed_global_csv,e6234a59eec4359d2577358b5220e1a7e3da74c162913cdb7d882db1413f98c2,,2020-01-22/2023-03-09,observed,csv_row_Jersey_col_6/12/20,jhu_csv_observed_v1,2020-06-12,cumulative_confirmed_cases,309,cases,reported,
1.0,jhu_csse_deaths_global_csv,4e87757a3e059c45650a1e1856614f8e339ee3c70653c378a7ba6f7b0ee8c72e,,2020-01-22/2023-03-09,observed,csv_row_Jersey_col_6/12/20,jhu_csv_observed_v1,2020-06-12,cumulative_deaths,30,deaths,reported,
1.0,jhu_csse_confirmed_global_csv,e6234a59eec4359d2577358b5220e1a7e3da74c162913cdb7d882db1413f98c2,,2020-01-22/2023-03-09,observed,csv_row_Jersey_col_6/13/20,jhu_csv_observed_v1,2020-06-13,cumulative_confirmed_cases,309,cases,reported,
1.0,jhu_csse_deaths_global_csv,4e87757a3e059c45650a1e1856614f8e339ee3c70653c378a7ba6f7b0ee8c72e,,2020-01-22/2023-03-09,observed,csv_row_Jersey_col_6/13/20,jhu_csv_observed_v1,2020-06-13,cumulative_deaths,30,deaths,reported,
1.0,jhu_csse_confirmed_global_csv,e6234a59eec4359d2577358b5220e1a7e3da74c162913cdb7d882db1413f98c2,,2020-01-22/2023-03-09,observed,csv_row_Jersey_col_6/14/20,jhu_csv_observed_v1,2020-06-14,cumulative_confirmed_cases,309,cases,reported,
1.0,jhu_csse_deaths_global_csv,4e87757a3e059c45650a1e1856614f8e339ee3c70653c378a7ba6f7b0ee8c72e,,2020-01-22/2023-03-09,observed,csv_row_Jersey_col_6/14/20,jhu_csv_observed_v1,2020-06-14,cumulative_deaths,30,deaths,reported,
1.0,jhu_csse_confirmed_global_csv,e6234a59eec4359d2577358b5220e1a7e3da74c162913cdb7d882db1413f98c2,,2020-01-22/2023-03-09,observed,csv_row_Jersey_col_6/15/20,jhu_csv_observed_v1,2020-06-15,cumulative_confirmed_cases,309,cases,reported,
1.0,jhu_csse_deaths_global_csv,4e87757a3e059c45650a1e1856614f8e339ee3c70653c378a7ba6f7b0ee8c72e,,2020-01-22/2023-03-09,observed,csv_row_Jersey_col_6/15/20,jhu_csv_observed_v1,2020-06-15,cumulative_deaths,30,deaths,reported,
1.0,jhu_csse_confirmed_global_csv,e6234a59eec4359d2577358b5220e1a7e3da74c162913cdb7d882db1413f98c2,,2020-01-22/2023-03-09,observed,csv_row_Jersey_col_6/16/20,jhu_csv_observed_v1,2020-06-16,cumulative_confirmed_cases,309,cases,reported,
1.0,jhu_csse_deaths_global_csv,4e87757a3e059c45650a1e1856614f8e339ee3c70653c378a7ba6f7b0ee8c72e,,2020-01-22/2023-03-09,observed,csv_row_Jersey_col_6/16/20,jhu_csv_observed_v1,2020-06-16,cumulative_deaths,30,deaths,reported,
1.0,jhu_csse_confirmed_global_csv,e6234a59eec4359d2577358b5220e1a7e3da74c162913cdb7d882db1413f98c2,,2020-01-22/2023-03-09,observed,csv_row_Jersey_col_6/17/20,jhu_csv_observed_v1,2020-06-17,cumulative_confirmed_cases,312,cases,reported,
1.0,jhu_csse_deaths_global_csv,4e87757a3e059c45650a1e1856614f8e339ee3c70653c378a7ba6f7b0ee8c72e,,2020-01-22/2023-03-09,observed,csv_row_Jersey_col_6/17/20,jhu_csv_observed_v1,2020-06-17,cumulative_deaths,30,deaths,reported,
1.0,jhu_csse_confirmed_global_csv,e6234a59eec4359d2577358b5220e1a7e3da74c162913cdb7d882db1413f98c2,,2020-01-22/2023-03-09,observed,csv_row_Jersey_col_6/18/20,jhu_csv_observed_v1,2020-06-18,cumulative_confirmed_cases,312,cases,reported,
1.0,jhu_csse_deaths_global_csv,4e87757a3e059c45650a1e1856614f8e339ee3c70653c378a7ba6f7b0ee8c72e,,2020-01-22/2023-03-09,observed,csv_row_Jersey_col_6/18/20,jhu_csv_observed_v1,2020-06-18,cumulative_deaths,30,deaths,reported,
1.0,jhu_csse_confirmed_global_csv,e6234a59eec4359d2577358b5220e1a7e3da74c162913cdb7d882db1413f98c2,,2020-01-22/2023-03-09,observed,csv_row_Jersey_col_6/19/20,jhu_csv_observed_v1,2020-06-19,cumulative_confirmed_cases,314,cases,reported,
1.0,jhu_csse_deaths_global_csv,4e87757a3e059c45650a1e1856614f8e339ee3c70653c378a7ba6f7b0ee8c72e,,2020-01-22/2023-03-09,observed,csv_row_Jersey_col_6/19/20,jhu_csv_observed_v1,2020-06-19,cumulative_deaths,30,deaths,reported,
1.0,jhu_csse_confirmed_global_csv,e6234a59eec4359d2577358b5220e1a7e3da74c162913cdb7d882db1413f98c2,,2020-01-22/2023-03-09,observed,csv_row_Jersey_col_6/20/20,jhu_csv_observed_v1,2020-06-20,cumulative_confirmed_cases,314,cases,reported,
1.0,jhu_csse_deaths_global_csv,4e87757a3e059c45650a1e1856614f8e339ee3c70653c378a7ba6f7b0ee8c72e,,2020-01-22/2023-03-09,observed,csv_row_Jersey_col_6/20/20,jhu_csv_observed_v1,2020-06-20,cumulative_deaths,30,deaths,reported,
1.0,jhu_csse_confirmed_global_csv,e6234a59eec4359d2577358b5220e1a7e3da74c162913cdb7d882db1413f98c2,,2020-01-22/2023-03-09,observed,csv_row_Jersey_col_6/21/20,jhu_csv_observed_v1,2020-06-21,cumulative_confirmed_cases,314,cases,reported,
1.0,jhu_csse_deaths_global_csv,4e87757a3e059c45650a1e1856614f8e339ee3c70653c378a7ba6f7b0ee8c72e,,2020-01-22/2023-03-09,observed,csv_row_Jersey_col_6/21/20,jhu_csv_observed_v1,2020-06-21,cumulative_deaths,31,deaths,reported,
1.0,jhu_csse_confirmed_global_csv,e6234a59eec4359d2577358b5220e1a7e3da74c162913cdb7d882db1413f98c2,,2020-01-22/2023-03-09,observed,csv_row_Jersey_col_6/22/20,jhu_csv_observed_v1,2020-06-22,cumulative_confirmed_cases,314,cases,reported,
1.0,jhu_csse_deaths_global_csv,4e87757a3e059c45650a1e1856614f8e339ee3c70653c378a7ba6f7b0ee8c72e,,2020-01-22/2023-03-09,observed,csv_row_Jersey_col_6/22/20,jhu_csv_observed_v1,2020-06-22,cumulative_deaths,31,deaths,reported,
1.0,jhu_csse_confirmed_global_csv,e6234a59eec4359d2577358b5220e1a7e3da74c162913cdb7d882db1413f98c2,,2020-01-22/2023-03-09,observed,csv_row_Jersey_col_6/23/20,jhu_csv_observed_v1,2020-06-23,cumulative_confirmed_cases,314,cases,reported,
1.0,jhu_csse_deaths_global_csv,4e87757a3e059c45650a1e1856614f8e339ee3c70653c378a7ba6f7b0ee8c72e,,2020-01-22/2023-03-09,observed,csv_row_Jersey_col_6/23/20,jhu_csv_observed_v1,2020-06-23,cumulative_deaths,31,deaths,reported,
1.0,jhu_csse_confirmed_global_csv,e6234a59eec4359d2577358b5220e1a7e3da74c162913cdb7d882db1413f98c2,,2020-01-22/2023-03-09,observed,csv_row_Jersey_col_6/24/20,jhu_csv_observed_v1,2020-06-24,cumulative_confirmed_cases,314,cases,reported,
1.0,jhu_csse_deaths_global_csv,4e87757a3e059c45650a1e1856614f8e339ee3c70653c378a7ba6f7b0ee8c72e,,2020-01-22/2023-03-09,observed,csv_row_Jersey_col_6/24/20,jhu_csv_observed_v1,2020-06-24,cumulative_deaths,31,deaths,reported,
1.0,jhu_csse_confirmed_global_csv,e6234a59eec4359d2577358b5220e1a7e3da74c162913cdb7d882db1413f98c2,,2020-01-22/2023-03-09,observed,csv_row_Jersey_col_6/25/20,jhu_csv_observed_v1,2020-06-25,cumulative_confirmed_cases,314,cases,reported,
1.0,jhu_csse_deaths_global_csv,4e87757a3e059c45650a1e1856614f8e339ee3c70653c378a7ba6f7b0ee8c72e,,2020-01-22/2023-03-09,observed,csv_row_Jersey_col_6/25/20,jhu_csv_observed_v1,2020-06-25,cumulative_deaths,31,deaths,reported,
1.0,jhu_csse_confirmed_global_csv,e6234a59eec4359d2577358b5220e1a7e3da74c162913cdb7d882db1413f98c2,,2020-01-22/2023-03-09,observed,csv_row_Jersey_col_6/26/20,jhu_csv_observed_v1,2020-06-26,cumulative_confirmed_cases,316,cases,reported,
1.0,jhu_csse_deaths_global_csv,4e87757a3e059c45650a1e1856614f8e339ee3c70653c378a7ba6f7b0ee8c72e,,2020-01-22/2023-03-09,observed,csv_row_Jersey_col_6/26/20,jhu_csv_observed_v1,2020-06-26,cumulative_deaths,31,deaths,reported,
1.0,jhu_csse_confirmed_global_csv,e6234a59eec4359d2577358b5220e1a7e3da74c162913cdb7d882db1413f98c2,,2020-01-22/2023-03-09,observed,csv_row_Jersey_col_6/27/20,jhu_csv_observed_v1,2020-06-27,cumulative_confirmed_cases,316,cases,reported,
1.0,jhu_csse_deaths_global_csv,4e87757a3e059c45650a1e1856614f8e339ee3c70653c378a7ba6f7b0ee8c72e,,2020-01-22/2023-03-09,observed,csv_row_Jersey_col_6/27/20,jhu_csv_observed_v1,2020-06-27,cumulative_deaths,31,deaths,reported,
1.0,jhu_csse_confirmed_global_csv,e6234a59eec4359d2577358b5220e1a7e3da74c162913cdb7d882db1413f98c2,,2020-01-22/2023-03-09,observed,csv_row_Jersey_col_6/28/20,jhu_csv_observed_v1,2020-06-28,cumulative_confirmed_cases,316,cases,reported,
1.0,jhu_csse_deaths_global_csv,4e87757a3e059c45650a1e1856614f8e339ee3c70653c378a7ba6f7b0ee8c72e,,2020-01-22/2023-03-09,observed,csv_row_Jersey_col_6/28/20,jhu_csv_observed_v1,2020-06-28,cumulative_deaths,31,deaths,reported,
1.0,jhu_csse_confirmed_global_csv,e6234a59eec4359d2577358b5220e1a7e3da74c162913cdb7d882db1413f98c2,,2020-01-22/2023-03-09,observed,csv_row_Jersey_col_6/29/20,jhu_csv_observed_v1,2020-06-29,cumulative_confirmed_cases,316,cases,reported,
1.0,jhu_csse_deaths_global_csv,4e87757a3e059c45650a1e1856614f8e339ee3c70653c378a7ba6f7b0ee8c72e,,2020-01-22/2023-03-09,observed,csv_row_Jersey_col_6/29/20,jhu_csv_observed_v1,2020-06-29,cumulative_deaths,31,deaths,reported,
1.0,jhu_csse_confirmed_global_csv,e6234a59eec4359d2577358b5220e1a7e3da74c162913cdb7d882db1413f98c2,,2020-01-22/2023-03-09,observed,csv_row_Jersey_col_6/30/20,jhu_csv_observed_v1,2020-06-30,cumulative_confirmed_cases,316,cases,reported,
1.0,jhu_csse_deaths_global_csv,4e87757a3e059c45650a1e1856614f8e339ee3c70653c378a7ba6f7b0ee8c72e,,2020-01-22/2023-03-09,observed,csv_row_Jersey_col_6/30/20,jhu_csv_observed_v1,2020-06-30,cumulative_deaths,31,deaths,reported,
1.0,jhu_csse_confirmed_global_csv,e6234a59eec4359d2577358b5220e1a7e3da74c162913cdb7d882db1413f98c2,,2020-01-22/2023-03-09,observed,csv_row_Jersey_col_7/1/20,jhu_csv_observed_v1,2020-07-01,cumulative_confirmed_cases,316,cases,reported,
1.0,jhu_csse_deaths_global_csv,4e87757a3e059c45650a1e1856614f8e339ee3c70653c378a7ba6f7b0ee8c72e,,2020-01-22/2023-03-09,observed,csv_row_Jersey_col_7/1/20,jhu_csv_observed_v1,2020-07-01,cumulative_deaths,31,deaths,reported,
1.0,jhu_csse_confirmed_global_csv,e6234a59eec4359d2577358b5220e1a7e3da74c162913cdb7d882db1413f98c2,,2020-01-22/2023-03-09,observed,csv_row_Jersey_col_7/2/20,jhu_csv_observed_v1,2020-07-02,cumulative_confirmed_cases,316,cases,reported,
1.0,jhu_csse_deaths_global_csv,4e87757a3e059c45650a1e1856614f8e339ee3c70653c378a7ba6f7b0ee8c72e,,2020-01-22/2023-03-09,observed,csv_row_Jersey_col_7/2/20,jhu_csv_observed_v1,2020-07-02,cumulative_deaths,31,deaths,reported,
1.0,jhu_csse_confirmed_global_csv,e6234a59eec4359d2577358b5220e1a7e3da74c162913cdb7d882db1413f98c2,,2020-01-22/2023-03-09,observed,csv_row_Jersey_col_7/3/20,jhu_csv_observed_v1,2020-07-03,cumulative_confirmed_cases,316,cases,reported,
1.0,jhu_csse_deaths_global_csv,4e87757a3e059c45650a1e1856614f8e339ee3c70653c378a7ba6f7b0ee8c72e,,2020-01-22/2023-03-09,observed,csv_row_Jersey_col_7/3/20,jhu_csv_observed_v1,2020-07-03,cumulative_deaths,31,deaths,reported,
1.0,jhu_csse_confirmed_global_csv,e6234a59eec4359d2577358b5220e1a7e3da74c162913cdb7d882db1413f98c2,,2020-01-22/2023-03-09,observed,csv_row_Jersey_col_7/4/20,jhu_csv_observed_v1,2020-07-04,cumulative_confirmed_cases,316,cases,reported,
1.0,jhu_csse_deaths_global_csv,4e87757a3e059c45650a1e1856614f8e339ee3c70653c378a7ba6f7b0ee8c72e,,2020-01-22/2023-03-09,observed,csv_row_Jersey_col_7/4/20,jhu_csv_observed_v1,2020-07-04,cumulative_deaths,31,deaths,reported,
1.0,jhu_csse_confirmed_global_csv,e6234a59eec4359d2577358b5220e1a7e3da74c162913cdb7d882db1413f98c2,,2020-01-22/2023-03-09,observed,csv_row_Jersey_col_7/5/20,jhu_csv_observed_v1,2020-07-05,cumulative_confirmed_cases,316,cases,reported,
1.0,jhu_csse_deaths_global_csv,4e87757a3e059c45650a1e1856614f8e339ee3c70653c378a7ba6f7b0ee8c72e,,2020-01-22/2023-03-09,observed,csv_row_Jersey_col_7/5/20,jhu_csv_observed_v1,2020-07-05,cumulative_deaths,31,deaths,reported,
1.0,jhu_csse_confirmed_global_csv,e6234a59eec4359d2577358b5220e1a7e3da74c162913cdb7d882db1413f98c2,,2020-01-22/2023-03-09,observed,csv_row_Jersey_col_7/6/20,jhu_csv_observed_v1,2020-07-06,cumulative_confirmed_cases,316,cases,reported,
1.0,jhu_csse_deaths_global_csv,4e87757a3e059c45650a1e1856614f8e339ee3c70653c378a7ba6f7b0ee8c72e,,2020-01-22/2023-03-09,observed,csv_row_Jersey_col_7/6/20,jhu_csv_observed_v1,2020-07-06,cumulative_deaths,31,deaths,reported,
1.0,jhu_csse_confirmed_global_csv,e6234a59eec4359d2577358b5220e1a7e3da74c162913cdb7d882db1413f98c2,,2020-01-22/2023-03-09,observed,csv_row_Jersey_col_7/7/20,jhu_csv_observed_v1,2020-07-07,cumulative_confirmed_cases,316,cases,reported,
1.0,jhu_csse_deaths_global_csv,4e87757a3e059c45650a1e1856614f8e339ee3c70653c378a7ba6f7b0ee8c72e,,2020-01-22/2023-03-09,observed,csv_row_Jersey_col_7/7/20,jhu_csv_observed_v1,2020-07-07,cumulative_deaths,31,deaths,reported,
1.0,jhu_csse_confirmed_global_csv,e6234a59eec4359d2577358b5220e1a7e3da74c162913cdb7d882db1413f98c2,,2020-01-22/2023-03-09,observed,csv_row_Jersey_col_7/8/20,jhu_csv_observed_v1,2020-07-08,cumulative_confirmed_cases,321,cases,reported,
1.0,jhu_csse_deaths_global_csv,4e87757a3e059c45650a1e1856614f8e339ee3c70653c378a7ba6f7b0ee8c72e,,2020-01-22/2023-03-09,observed,csv_row_Jersey_col_7/8/20,jhu_csv_observed_v1,2020-07-08,cumulative_deaths,31,deaths,reported,
1.0,jhu_csse_confirmed_global_csv,e6234a59eec4359d2577358b5220e1a7e3da74c162913cdb7d882db1413f98c2,,2020-01-22/2023-03-09,observed,csv_row_Jersey_col_7/9/20,jhu_csv_observed_v1,2020-07-09,cumulative_confirmed_cases,321,cases,reported,
1.0,jhu_csse_deaths_global_csv,4e87757a3e059c45650a1e1856614f8e339ee3c70653c378a7ba6f7b0ee8c72e,,2020-01-22/2023-03-09,observed,csv_row_Jersey_col_7/9/20,jhu_csv_observed_v1,2020-07-09,cumulative_deaths,31,deaths,reported,
1.0,jhu_csse_confirmed_global_csv,e6234a59eec4359d2577358b5220e1a7e3da74c162913cdb7d882db1413f98c2,,2020-01-22/2023-03-09,observed,csv_row_Jersey_col_7/10/20,jhu_csv_observed_v1,2020-07-10,cumulative_confirmed_cases,321,cases,reported,
1.0,jhu_csse_deaths_global_csv,4e87757a3e059c45650a1e1856614f8e339ee3c70653c378a7ba6f7b0ee8c72e,,2020-01-22/2023-03-09,observed,csv_row_Jersey_col_7/10/20,jhu_csv_observed_v1,2020-07-10,cumulative_deaths,31,deaths,reported,
1.0,jhu_csse_confirmed_global_csv,e6234a59eec4359d2577358b5220e1a7e3da74c162913cdb7d882db1413f98c2,,2020-01-22/2023-03-09,observed,csv_row_Jersey_col_7/11/20,jhu_csv_observed_v1,2020-07-11,cumulative_confirmed_cases,321,cases,reported,
1.0,jhu_csse_deaths_global_csv,4e87757a3e059c45650a1e1856614f8e339ee3c70653c378a7ba6f7b0ee8c72e,,2020-01-22/2023-03-09,observed,csv_row_Jersey_col_7/11/20,jhu_csv_observed_v1,2020-07-11,cumulative_deaths,31,deaths,reported,
1.0,jhu_csse_confirmed_global_csv,e6234a59eec4359d2577358b5220e1a7e3da74c162913cdb7d882db1413f98c2,,2020-01-22/2023-03-09,observed,csv_row_Jersey_col_7/12/20,jhu_csv_observed_v1,2020-07-12,cumulative_confirmed_cases,321,cases,reported,
1.0,jhu_csse_deaths_global_csv,4e87757a3e059c45650a1e1856614f8e339ee3c70653c378a7ba6f7b0ee8c72e,,2020-01-22/2023-03-09,observed,csv_row_Jersey_col_7/12/20,jhu_csv_observed_v1,2020-07-12,cumulative_deaths,31,deaths,reported,
1.0,jhu_csse_confirmed_global_csv,e6234a59eec4359d2577358b5220e1a7e3da74c162913cdb7d882db1413f98c2,,2020-01-22/2023-03-09,observed,csv_row_Jersey_col_7/13/20,jhu_csv_observed_v1,2020-07-13,cumulative_confirmed_cases,321,cases,reported,
1.0,jhu_csse_deaths_global_csv,4e87757a3e059c45650a1e1856614f8e339ee3c70653c378a7ba6f7b0ee8c72e,,2020-01-22/2023-03-09,observed,csv_row_Jersey_col_7/13/20,jhu_csv_observed_v1,2020-07-13,cumulative_deaths,31,deaths,reported,
1.0,jhu_csse_confirmed_global_csv,e6234a59eec4359d2577358b5220e1a7e3da74c162913cdb7d882db1413f98c2,,2020-01-22/2023-03-09,observed,csv_row_Jersey_col_7/14/20,jhu_csv_observed_v1,2020-07-14,cumulative_confirmed_cases,325,cases,reported,
1.0,jhu_csse_deaths_global_csv,4e87757a3e059c45650a1e1856614f8e339ee3c70653c378a7ba6f7b0ee8c72e,,2020-01-22/2023-03-09,observed,csv_row_Jersey_col_7/14/20,jhu_csv_observed_v1,2020-07-14,cumulative_deaths,31,deaths,reported,
1.0,jhu_csse_confirmed_global_csv,e6234a59eec4359d2577358b5220e1a7e3da74c162913cdb7d882db1413f98c2,,2020-01-22/2023-03-09,observed,csv_row_Jersey_col_7/15/20,jhu_csv_observed_v1,2020-07-15,cumulative_confirmed_cases,325,cases,reported,
1.0,jhu_csse_deaths_global_csv,4e87757a3e059c45650a1e1856614f8e339ee3c70653c378a7ba6f7b0ee8c72e,,2020-01-22/2023-03-09,observed,csv_row_Jersey_col_7/15/20,jhu_csv_observed_v1,2020-07-15,cumulative_deaths,31,deaths,reported,
1.0,jhu_csse_confirmed_global_csv,e6234a59eec4359d2577358b5220e1a7e3da74c162913cdb7d882db1413f98c2,,2020-01-22/2023-03-09,observed,csv_row_Jersey_col_7/16/20,jhu_csv_observed_v1,2020-07-16,cumulative_confirmed_cases,325,cases,reported,
1.0,jhu_csse_deaths_global_csv,4e87757a3e059c45650a1e1856614f8e339ee3c70653c378a7ba6f7b0ee8c72e,,2020-01-22/2023-03-09,observed,csv_row_Jersey_col_7/16/20,jhu_csv_observed_v1,2020-07-16,cumulative_deaths,31,deaths,reported,
1.0,jhu_csse_confirmed_global_csv,e6234a59eec4359d2577358b5220e1a7e3da74c162913cdb7d882db1413f98c2,,2020-01-22/2023-03-09,observed,csv_row_Jersey_col_7/17/20,jhu_csv_observed_v1,2020-07-17,cumulative_confirmed_cases,325,cases,reported,
1.0,jhu_csse_deaths_global_csv,4e87757a3e059c45650a1e1856614f8e339ee3c70653c378a7ba6f7b0ee8c72e,,2020-01-22/2023-03-09,observed,csv_row_Jersey_col_7/17/20,jhu_csv_observed_v1,2020-07-17,cumulative_deaths,31,deaths,reported,
1.0,jhu_csse_confirmed_global_csv,e6234a59eec4359d2577358b5220e1a7e3da74c162913cdb7d882db1413f98c2,,2020-01-22/2023-03-09,observed,csv_row_Jersey_col_7/18/20,jhu_csv_observed_v1,2020-07-18,cumulative_confirmed_cases,327,cases,reported,
1.0,jhu_csse_deaths_global_csv,4e87757a3e059c45650a1e1856614f8e339ee3c70653c378a7ba6f7b0ee8c72e,,2020-01-22/2023-03-09,observed,csv_row_Jersey_col_7/18/20,jhu_csv_observed_v1,2020-07-18,cumulative_deaths,31,deaths,reported,
1.0,jhu_csse_confirmed_global_csv,e6234a59eec4359d2577358b5220e1a7e3da74c162913cdb7d882db1413f98c2,,2020-01-22/2023-03-09,observed,csv_row_Jersey_col_7/19/20,jhu_csv_observed_v1,2020-07-19,cumulative_confirmed_cases,327,cases,reported,
1.0,jhu_csse_deaths_global_csv,4e87757a3e059c45650a1e1856614f8e339ee3c70653c378a7ba6f7b0ee8c72e,,2020-01-22/2023-03-09,observed,csv_row_Jersey_col_7/19/20,jhu_csv_observed_v1,2020-07-19,cumulative_deaths,31,deaths,reported,
1.0,jhu_csse_confirmed_global_csv,e6234a59eec4359d2577358b5220e1a7e3da74c162913cdb7d882db1413f98c2,,2020-01-22/2023-03-09,observed,csv_row_Jersey_col_7/20/20,jhu_csv_observed_v1,2020-07-20,cumulative_confirmed_cases,327,cases,reported,
1.0,jhu_csse_deaths_global_csv,4e87757a3e059c45650a1e1856614f8e339ee3c70653c378a7ba6f7b0ee8c72e,,2020-01-22/2023-03-09,observed,csv_row_Jersey_col_7/20/20,jhu_csv_observed_v1,2020-07-20,cumulative_deaths,31,deaths,reported,
1.0,jhu_csse_confirmed_global_csv,e6234a59eec4359d2577358b5220e1a7e3da74c162913cdb7d882db1413f98c2,,2020-01-22/2023-03-09,observed,csv_row_Jersey_col_7/21/20,jhu_csv_observed_v1,2020-07-21,cumulative_confirmed_cases,327,cases,reported,
1.0,jhu_csse_deaths_global_csv,4e87757a3e059c45650a1e1856614f8e339ee3c70653c378a7ba6f7b0ee8c72e,,2020-01-22/2023-03-09,observed,csv_row_Jersey_col_7/21/20,jhu_csv_observed_v1,2020-07-21,cumulative_deaths,31,deaths,reported,
1.0,jhu_csse_confirmed_global_csv,e6234a59eec4359d2577358b5220e1a7e3da74c162913cdb7d882db1413f98c2,,2020-01-22/2023-03-09,observed,csv_row_Jersey_col_7/22/20,jhu_csv_observed_v1,2020-07-22,cumulative_confirmed_cases,327,cases,reported,
1.0,jhu_csse_deaths_global_csv,4e87757a3e059c45650a1e1856614f8e339ee3c70653c378a7ba6f7b0ee8c72e,,2020-01-22/2023-03-09,observed,csv_row_Jersey_col_7/22/20,jhu_csv_observed_v1,2020-07-22,cumulative_deaths,31,deaths,reported,
1.0,jhu_csse_confirmed_global_csv,e6234a59eec4359d2577358b5220e1a7e3da74c162913cdb7d882db1413f98c2,,2020-01-22/2023-03-09,observed,csv_row_Jersey_col_7/23/20,jhu_csv_observed_v1,2020-07-23,cumulative_confirmed_cases,327,cases,reported,
1.0,jhu_csse_deaths_global_csv,4e87757a3e059c45650a1e1856614f8e339ee3c70653c378a7ba6f7b0ee8c72e,,2020-01-22/2023-03-09,observed,csv_row_Jersey_col_7/23/20,jhu_csv_observed_v1,2020-07-23,cumulative_deaths,31,deaths,reported,
1.0,jhu_csse_confirmed_global_csv,e6234a59eec4359d2577358b5220e1a7e3da74c162913cdb7d882db1413f98c2,,2020-01-22/2023-03-09,observed,csv_row_Jersey_col_7/24/20,jhu_csv_observed_v1,2020-07-24,cumulative_confirmed_cases,327,cases,reported,
1.0,jhu_csse_deaths_global_csv,4e87757a3e059c45650a1e1856614f8e339ee3c70653c378a7ba6f7b0ee8c72e,,2020-01-22/2023-03-09,observed,csv_row_Jersey_col_7/24/20,jhu_csv_observed_v1,2020-07-24,cumulative_deaths,31,deaths,reported,
1.0,jhu_csse_confirmed_global_csv,e6234a59eec4359d2577358b5220e1a7e3da74c162913cdb7d882db1413f98c2,,2020-01-22/2023-03-09,observed,csv_row_Jersey_col_7/25/20,jhu_csv_observed_v1,2020-07-25,cumulative_confirmed_cases,327,cases,reported,
1.0,jhu_csse_deaths_global_csv,4e87757a3e059c45650a1e1856614f8e339ee3c70653c378a7ba6f7b0ee8c72e,,2020-01-22/2023-03-09,observed,csv_row_Jersey_col_7/25/20,jhu_csv_observed_v1,2020-07-25,cumulative_deaths,31,deaths,reported,
1.0,jhu_csse_confirmed_global_csv,e6234a59eec4359d2577358b5220e1a7e3da74c162913cdb7d882db1413f98c2,,2020-01-22/2023-03-09,observed,csv_row_Jersey_col_7/26/20,jhu_csv_observed_v1,2020-07-26,cumulative_confirmed_cases,328,cases,reported,
1.0,jhu_csse_deaths_global_csv,4e87757a3e059c45650a1e1856614f8e339ee3c70653c378a7ba6f7b0ee8c72e,,2020-01-22/2023-03-09,observed,csv_row_Jersey_col_7/26/20,jhu_csv_observed_v1,2020-07-26,cumulative_deaths,31,deaths,reported,
1.0,jhu_csse_confirmed_global_csv,e6234a59eec4359d2577358b5220e1a7e3da74c162913cdb7d882db1413f98c2,,2020-01-22/2023-03-09,observed,csv_row_Jersey_col_7/27/20,jhu_csv_observed_v1,2020-07-27,cumulative_confirmed_cases,328,cases,reported,
1.0,jhu_csse_deaths_global_csv,4e87757a3e059c45650a1e1856614f8e339ee3c70653c378a7ba6f7b0ee8c72e,,2020-01-22/2023-03-09,observed,csv_row_Jersey_col_7/27/20,jhu_csv_observed_v1,2020-07-27,cumulative_deaths,31,deaths,reported,
1.0,jhu_csse_confirmed_global_csv,e6234a59eec4359d2577358b5220e1a7e3da74c162913cdb7d882db1413f98c2,,2020-01-22/2023-03-09,observed,csv_row_Jersey_col_7/28/20,jhu_csv_observed_v1,2020-07-28,cumulative_confirmed_cases,328,cases,reported,
1.0,jhu_csse_deaths_global_csv,4e87757a3e059c45650a1e1856614f8e339ee3c70653c378a7ba6f7b0ee8c72e,,2020-01-22/2023-03-09,observed,csv_row_Jersey_col_7/28/20,jhu_csv_observed_v1,2020-07-28,cumulative_deaths,31,deaths,reported,
1.0,jhu_csse_confirmed_global_csv,e6234a59eec4359d2577358b5220e1a7e3da74c162913cdb7d882db1413f98c2,,2020-01-22/2023-03-09,observed,csv_row_Jersey_col_7/29/20,jhu_csv_observed_v1,2020-07-29,cumulative_confirmed_cases,330,cases,reported,
1.0,jhu_csse_deaths_global_csv,4e87757a3e059c45650a1e1856614f8e339ee3c70653c378a7ba6f7b0ee8c72e,,2020-01-22/2023-03-09,observed,csv_row_Jersey_col_7/29/20,jhu_csv_observed_v1,2020-07-29,cumulative_deaths,31,deaths,reported,
1.0,jhu_csse_confirmed_global_csv,e6234a59eec4359d2577358b5220e1a7e3da74c162913cdb7d882db1413f98c2,,2020-01-22/2023-03-09,observed,csv_row_Jersey_col_7/30/20,jhu_csv_observed_v1,2020-07-30,cumulative_confirmed_cases,331,cases,reported,
1.0,jhu_csse_deaths_global_csv,4e87757a3e059c45650a1e1856614f8e339ee3c70653c378a7ba6f7b0ee8c72e,,2020-01-22/2023-03-09,observed,csv_row_Jersey_col_7/30/20,jhu_csv_observed_v1,2020-07-30,cumulative_deaths,31,deaths,reported,
1.0,jhu_csse_confirmed_global_csv,e6234a59eec4359d2577358b5220e1a7e3da74c162913cdb7d882db1413f98c2,,2020-01-22/2023-03-09,observed,csv_row_Jersey_col_7/31/20,jhu_csv_observed_v1,2020-07-31,cumulative_confirmed_cases,331,cases,reported,
1.0,jhu_csse_deaths_global_csv,4e87757a3e059c45650a1e1856614f8e339ee3c70653c378a7ba6f7b0ee8c72e,,2020-01-22/2023-03-09,observed,csv_row_Jersey_col_7/31/20,jhu_csv_observed_v1,2020-07-31,cumulative_deaths,31,deaths,reported,
1.0,jhu_csse_confirmed_global_csv,e6234a59eec4359d2577358b5220e1a7e3da74c162913cdb7d882db1413f98c2,,2020-01-22/2023-03-09,observed,csv_row_Jersey_col_8/1/20,jhu_csv_observed_v1,2020-08-01,cumulative_confirmed_cases,331,cases,reported,
1.0,jhu_csse_deaths_global_csv,4e87757a3e059c45650a1e1856614f8e339ee3c70653c378a7ba6f7b0ee8c72e,,2020-01-22/2023-03-09,observed,csv_row_Jersey_col_8/1/20,jhu_csv_observed_v1,2020-08-01,cumulative_deaths,31,deaths,reported,
1.0,jhu_csse_confirmed_global_csv,e6234a59eec4359d2577358b5220e1a7e3da74c162913cdb7d882db1413f98c2,,2020-01-22/2023-03-09,observed,csv_row_Jersey_col_8/2/20,jhu_csv_observed_v1,2020-08-02,cumulative_confirmed_cases,331,cases,reported,
1.0,jhu_csse_deaths_global_csv,4e87757a3e059c45650a1e1856614f8e339ee3c70653c378a7ba6f7b0ee8c72e,,2020-01-22/2023-03-09,observed,csv_row_Jersey_col_8/2/20,jhu_csv_observed_v1,2020-08-02,cumulative_deaths,31,deaths,reported,
1.0,jhu_csse_confirmed_global_csv,e6234a59eec4359d2577358b5220e1a7e3da74c162913cdb7d882db1413f98c2,,2020-01-22/2023-03-09,observed,csv_row_Jersey_col_8/3/20,jhu_csv_observed_v1,2020-08-03,cumulative_confirmed_cases,332,cases,reported,
1.0,jhu_csse_deaths_global_csv,4e87757a3e059c45650a1e1856614f8e339ee3c70653c378a7ba6f7b0ee8c72e,,2020-01-22/2023-03-09,observed,csv_row_Jersey_col_8/3/20,jhu_csv_observed_v1,2020-08-03,cumulative_deaths,31,deaths,reported,
1.0,jhu_csse_confirmed_global_csv,e6234a59eec4359d2577358b5220e1a7e3da74c162913cdb7d882db1413f98c2,,2020-01-22/2023-03-09,observed,csv_row_Jersey_col_8/4/20,jhu_csv_observed_v1,2020-08-04,cumulative_confirmed_cases,332,cases,reported,
1.0,jhu_csse_deaths_global_csv,4e87757a3e059c45650a1e1856614f8e339ee3c70653c378a7ba6f7b0ee8c72e,,2020-01-22/2023-03-09,observed,csv_row_Jersey_col_8/4/20,jhu_csv_observed_v1,2020-08-04,cumulative_deaths,31,deaths,reported,
1.0,jhu_csse_confirmed_global_csv,e6234a59eec4359d2577358b5220e1a7e3da74c162913cdb7d882db1413f98c2,,2020-01-22/2023-03-09,observed,csv_row_Jersey_col_8/5/20,jhu_csv_observed_v1,2020-08-05,cumulative_confirmed_cases,335,cases,reported,
1.0,jhu_csse_deaths_global_csv,4e87757a3e059c45650a1e1856614f8e339ee3c70653c378a7ba6f7b0ee8c72e,,2020-01-22/2023-03-09,observed,csv_row_Jersey_col_8/5/20,jhu_csv_observed_v1,2020-08-05,cumulative_deaths,31,deaths,reported,
1.0,jhu_csse_confirmed_global_csv,e6234a59eec4359d2577358b5220e1a7e3da74c162913cdb7d882db1413f98c2,,2020-01-22/2023-03-09,observed,csv_row_Jersey_col_8/6/20,jhu_csv_observed_v1,2020-08-06,cumulative_confirmed_cases,335,cases,reported,
1.0,jhu_csse_deaths_global_csv,4e87757a3e059c45650a1e1856614f8e339ee3c70653c378a7ba6f7b0ee8c72e,,2020-01-22/2023-03-09,observed,csv_row_Jersey_col_8/6/20,jhu_csv_observed_v1,2020-08-06,cumulative_deaths,31,deaths,reported,
1.0,jhu_csse_confirmed_global_csv,e6234a59eec4359d2577358b5220e1a7e3da74c162913cdb7d882db1413f98c2,,2020-01-22/2023-03-09,observed,csv_row_Jersey_col_8/7/20,jhu_csv_observed_v1,2020-08-07,cumulative_confirmed_cases,336,cases,reported,
1.0,jhu_csse_deaths_global_csv,4e87757a3e059c45650a1e1856614f8e339ee3c70653c378a7ba6f7b0ee8c72e,,2020-01-22/2023-03-09,observed,csv_row_Jersey_col_8/7/20,jhu_csv_observed_v1,2020-08-07,cumulative_deaths,31,deaths,reported,
1.0,jhu_csse_confirmed_global_csv,e6234a59eec4359d2577358b5220e1a7e3da74c162913cdb7d882db1413f98c2,,2020-01-22/2023-03-09,observed,csv_row_Jersey_col_8/8/20,jhu_csv_observed_v1,2020-08-08,cumulative_confirmed_cases,337,cases,reported,
1.0,jhu_csse_deaths_global_csv,4e87757a3e059c45650a1e1856614f8e339ee3c70653c378a7ba6f7b0ee8c72e,,2020-01-22/2023-03-09,observed,csv_row_Jersey_col_8/8/20,jhu_csv_observed_v1,2020-08-08,cumulative_deaths,31,deaths,reported,
1.0,jhu_csse_confirmed_global_csv,e6234a59eec4359d2577358b5220e1a7e3da74c162913cdb7d882db1413f98c2,,2020-01-22/2023-03-09,observed,csv_row_Jersey_col_8/9/20,jhu_csv_observed_v1,2020-08-09,cumulative_confirmed_cases,337,cases,reported,
1.0,jhu_csse_deaths_global_csv,4e87757a3e059c45650a1e1856614f8e339ee3c70653c378a7ba6f7b0ee8c72e,,2020-01-22/2023-03-09,observed,csv_row_Jersey_col_8/9/20,jhu_csv_observed_v1,2020-08-09,cumulative_deaths,31,deaths,reported,
1.0,jhu_csse_confirmed_global_csv,e6234a59eec4359d2577358b5220e1a7e3da74c162913cdb7d882db1413f98c2,,2020-01-22/2023-03-09,observed,csv_row_Jersey_col_8/10/20,jhu_csv_observed_v1,2020-08-10,cumulative_confirmed_cases,339,cases,reported,
1.0,jhu_csse_deaths_global_csv,4e87757a3e059c45650a1e1856614f8e339ee3c70653c378a7ba6f7b0ee8c72e,,2020-01-22/2023-03-09,observed,csv_row_Jersey_col_8/10/20,jhu_csv_observed_v1,2020-08-10,cumulative_deaths,31,deaths,reported,
1.0,jhu_csse_confirmed_global_csv,e6234a59eec4359d2577358b5220e1a7e3da74c162913cdb7d882db1413f98c2,,2020-01-22/2023-03-09,observed,csv_row_Jersey_col_8/11/20,jhu_csv_observed_v1,2020-08-11,cumulative_confirmed_cases,339,cases,reported,
1.0,jhu_csse_deaths_global_csv,4e87757a3e059c45650a1e1856614f8e339ee3c70653c378a7ba6f7b0ee8c72e,,2020-01-22/2023-03-09,observed,csv_row_Jersey_col_8/11/20,jhu_csv_observed_v1,2020-08-11,cumulative_deaths,31,deaths,reported,
1.0,jhu_csse_confirmed_global_csv,e6234a59eec4359d2577358b5220e1a7e3da74c162913cdb7d882db1413f98c2,,2020-01-22/2023-03-09,observed,csv_row_Jersey_col_8/12/20,jhu_csv_observed_v1,2020-08-12,cumulative_confirmed_cases,339,cases,reported,
1.0,jhu_csse_deaths_global_csv,4e87757a3e059c45650a1e1856614f8e339ee3c70653c378a7ba6f7b0ee8c72e,,2020-01-22/2023-03-09,observed,csv_row_Jersey_col_8/12/20,jhu_csv_observed_v1,2020-08-12,cumulative_deaths,31,deaths,reported,
1.0,jhu_csse_confirmed_global_csv,e6234a59eec4359d2577358b5220e1a7e3da74c162913cdb7d882db1413f98c2,,2020-01-22/2023-03-09,observed,csv_row_Jersey_col_8/13/20,jhu_csv_observed_v1,2020-08-13,cumulative_confirmed_cases,341,cases,reported,
1.0,jhu_csse_deaths_global_csv,4e87757a3e059c45650a1e1856614f8e339ee3c70653c378a7ba6f7b0ee8c72e,,2020-01-22/2023-03-09,observed,csv_row_Jersey_col_8/13/20,jhu_csv_observed_v1,2020-08-13,cumulative_deaths,31,deaths,reported,
1.0,jhu_csse_confirmed_global_csv,e6234a59eec4359d2577358b5220e1a7e3da74c162913cdb7d882db1413f98c2,,2020-01-22/2023-03-09,observed,csv_row_Jersey_col_8/14/20,jhu_csv_observed_v1,2020-08-14,cumulative_confirmed_cases,343,cases,reported,
1.0,jhu_csse_deaths_global_csv,4e87757a3e059c45650a1e1856614f8e339ee3c70653c378a7ba6f7b0ee8c72e,,2020-01-22/2023-03-09,observed,csv_row_Jersey_col_8/14/20,jhu_csv_observed_v1,2020-08-14,cumulative_deaths,31,deaths,reported,
1.0,jhu_csse_confirmed_global_csv,e6234a59eec4359d2577358b5220e1a7e3da74c162913cdb7d882db1413f98c2,,2020-01-22/2023-03-09,observed,csv_row_Jersey_col_8/15/20,jhu_csv_observed_v1,2020-08-15,cumulative_confirmed_cases,346,cases,reported,
1.0,jhu_csse_deaths_global_csv,4e87757a3e059c45650a1e1856614f8e339ee3c70653c378a7ba6f7b0ee8c72e,,2020-01-22/2023-03-09,observed,csv_row_Jersey_col_8/15/20,jhu_csv_observed_v1,2020-08-15,cumulative_deaths,31,deaths,reported,
1.0,jhu_csse_confirmed_global_csv,e6234a59eec4359d2577358b5220e1a7e3da74c162913cdb7d882db1413f98c2,,2020-01-22/2023-03-09,observed,csv_row_Jersey_col_8/16/20,jhu_csv_observed_v1,2020-08-16,cumulative_confirmed_cases,348,cases,reported,
1.0,jhu_csse_deaths_global_csv,4e87757a3e059c45650a1e1856614f8e339ee3c70653c378a7ba6f7b0ee8c72e,,2020-01-22/2023-03-09,observed,csv_row_Jersey_col_8/16/20,jhu_csv_observed_v1,2020-08-16,cumulative_deaths,31,deaths,reported,
1.0,jhu_csse_confirmed_global_csv,e6234a59eec4359d2577358b5220e1a7e3da74c162913cdb7d882db1413f98c2,,2020-01-22/2023-03-09,observed,csv_row_Jersey_col_8/17/20,jhu_csv_observed_v1,2020-08-17,cumulative_confirmed_cases,348,cases,reported,
1.0,jhu_csse_deaths_global_csv,4e87757a3e059c45650a1e1856614f8e339ee3c70653c378a7ba6f7b0ee8c72e,,2020-01-22/2023-03-09,observed,csv_row_Jersey_col_8/17/20,jhu_csv_observed_v1,2020-08-17,cumulative_deaths,31,deaths,reported,
1.0,jhu_csse_confirmed_global_csv,e6234a59eec4359d2577358b5220e1a7e3da74c162913cdb7d882db1413f98c2,,2020-01-22/2023-03-09,observed,csv_row_Jersey_col_8/18/20,jhu_csv_observed_v1,2020-08-18,cumulative_confirmed_cases,350,cases,reported,
1.0,jhu_csse_deaths_global_csv,4e87757a3e059c45650a1e1856614f8e339ee3c70653c378a7ba6f7b0ee8c72e,,2020-01-22/2023-03-09,observed,csv_row_Jersey_col_8/18/20,jhu_csv_observed_v1,2020-08-18,cumulative_deaths,31,deaths,reported,
1.0,jhu_csse_confirmed_global_csv,e6234a59eec4359d2577358b5220e1a7e3da74c162913cdb7d882db1413f98c2,,2020-01-22/2023-03-09,observed,csv_row_Jersey_col_8/19/20,jhu_csv_observed_v1,2020-08-19,cumulative_confirmed_cases,351,cases,reported,
1.0,jhu_csse_deaths_global_csv,4e87757a3e059c45650a1e1856614f8e339ee3c70653c378a7ba6f7b0ee8c72e,,2020-01-22/2023-03-09,observed,csv_row_Jersey_col_8/19/20,jhu_csv_observed_v1,2020-08-19,cumulative_deaths,32,deaths,reported,
1.0,jhu_csse_confirmed_global_csv,e6234a59eec4359d2577358b5220e1a7e3da74c162913cdb7d882db1413f98c2,,2020-01-22/2023-03-09,observed,csv_row_Jersey_col_8/20/20,jhu_csv_observed_v1,2020-08-20,cumulative_confirmed_cases,352,cases,reported,
1.0,jhu_csse_deaths_global_csv,4e87757a3e059c45650a1e1856614f8e339ee3c70653c378a7ba6f7b0ee8c72e,,2020-01-22/2023-03-09,observed,csv_row_Jersey_col_8/20/20,jhu_csv_observed_v1,2020-08-20,cumulative_deaths,32,deaths,reported,
1.0,jhu_csse_confirmed_global_csv,e6234a59eec4359d2577358b5220e1a7e3da74c162913cdb7d882db1413f98c2,,2020-01-22/2023-03-09,observed,csv_row_Jersey_col_8/21/20,jhu_csv_observed_v1,2020-08-21,cumulative_confirmed_cases,354,cases,reported,
1.0,jhu_csse_deaths_global_csv,4e87757a3e059c45650a1e1856614f8e339ee3c70653c378a7ba6f7b0ee8c72e,,2020-01-22/2023-03-09,observed,csv_row_Jersey_col_8/21/20,jhu_csv_observed_v1,2020-08-21,cumulative_deaths,32,deaths,reported,
1.0,jhu_csse_confirmed_global_csv,e6234a59eec4359d2577358b5220e1a7e3da74c162913cdb7d882db1413f98c2,,2020-01-22/2023-03-09,observed,csv_row_Jersey_col_8/22/20,jhu_csv_observed_v1,2020-08-22,cumulative_confirmed_cases,354,cases,reported,
1.0,jhu_csse_deaths_global_csv,4e87757a3e059c45650a1e1856614f8e339ee3c70653c378a7ba6f7b0ee8c72e,,2020-01-22/2023-03-09,observed,csv_row_Jersey_col_8/22/20,jhu_csv_observed_v1,2020-08-22,cumulative_deaths,32,deaths,reported,
1.0,jhu_csse_confirmed_global_csv,e6234a59eec4359d2577358b5220e1a7e3da74c162913cdb7d882db1413f98c2,,2020-01-22/2023-03-09,observed,csv_row_Jersey_col_8/23/20,jhu_csv_observed_v1,2020-08-23,cumulative_confirmed_cases,356,cases,reported,
1.0,jhu_csse_deaths_global_csv,4e87757a3e059c45650a1e1856614f8e339ee3c70653c378a7ba6f7b0ee8c72e,,2020-01-22/2023-03-09,observed,csv_row_Jersey_col_8/23/20,jhu_csv_observed_v1,2020-08-23,cumulative_deaths,32,deaths,reported,
1.0,jhu_csse_confirmed_global_csv,e6234a59eec4359d2577358b5220e1a7e3da74c162913cdb7d882db1413f98c2,,2020-01-22/2023-03-09,observed,csv_row_Jersey_col_8/24/20,jhu_csv_observed_v1,2020-08-24,cumulative_confirmed_cases,356,cases,reported,
1.0,jhu_csse_deaths_global_csv,4e87757a3e059c45650a1e1856614f8e339ee3c70653c378a7ba6f7b0ee8c72e,,2020-01-22/2023-03-09,observed,csv_row_Jersey_col_8/24/20,jhu_csv_observed_v1,2020-08-24,cumulative_deaths,32,deaths,reported,
1.0,jhu_csse_confirmed_global_csv,e6234a59eec4359d2577358b5220e1a7e3da74c162913cdb7d882db1413f98c2,,2020-01-22/2023-03-09,observed,csv_row_Jersey_col_8/25/20,jhu_csv_observed_v1,2020-08-25,cumulative_confirmed_cases,356,cases,reported,
1.0,jhu_csse_deaths_global_csv,4e87757a3e059c45650a1e1856614f8e339ee3c70653c378a7ba6f7b0ee8c72e,,2020-01-22/2023-03-09,observed,csv_row_Jersey_col_8/25/20,jhu_csv_observed_v1,2020-08-25,cumulative_deaths,32,deaths,reported,
1.0,jhu_csse_confirmed_global_csv,e6234a59eec4359d2577358b5220e1a7e3da74c162913cdb7d882db1413f98c2,,2020-01-22/2023-03-09,observed,csv_row_Jersey_col_8/26/20,jhu_csv_observed_v1,2020-08-26,cumulative_confirmed_cases,359,cases,reported,
1.0,jhu_csse_deaths_global_csv,4e87757a3e059c45650a1e1856614f8e339ee3c70653c378a7ba6f7b0ee8c72e,,2020-01-22/2023-03-09,observed,csv_row_Jersey_col_8/26/20,jhu_csv_observed_v1,2020-08-26,cumulative_deaths,32,deaths,reported,
1.0,jhu_csse_confirmed_global_csv,e6234a59eec4359d2577358b5220e1a7e3da74c162913cdb7d882db1413f98c2,,2020-01-22/2023-03-09,observed,csv_row_Jersey_col_8/27/20,jhu_csv_observed_v1,2020-08-27,cumulative_confirmed_cases,361,cases,reported,
1.0,jhu_csse_deaths_global_csv,4e87757a3e059c45650a1e1856614f8e339ee3c70653c378a7ba6f7b0ee8c72e,,2020-01-22/2023-03-09,observed,csv_row_Jersey_col_8/27/20,jhu_csv_observed_v1,2020-08-27,cumulative_deaths,32,deaths,reported,
1.0,jhu_csse_confirmed_global_csv,e6234a59eec4359d2577358b5220e1a7e3da74c162913cdb7d882db1413f98c2,,2020-01-22/2023-03-09,observed,csv_row_Jersey_col_8/28/20,jhu_csv_observed_v1,2020-08-28,cumulative_confirmed_cases,363,cases,reported,
1.0,jhu_csse_deaths_global_csv,4e87757a3e059c45650a1e1856614f8e339ee3c70653c378a7ba6f7b0ee8c72e,,2020-01-22/2023-03-09,observed,csv_row_Jersey_col_8/28/20,jhu_csv_observed_v1,2020-08-28,cumulative_deaths,32,deaths,reported,
1.0,jhu_csse_confirmed_global_csv,e6234a59eec4359d2577358b5220e1a7e3da74c162913cdb7d882db1413f98c2,,2020-01-22/2023-03-09,observed,csv_row_Jersey_col_8/29/20,jhu_csv_observed_v1,2020-08-29,cumulative_confirmed_cases,364,cases,reported,
1.0,jhu_csse_deaths_global_csv,4e87757a3e059c45650a1e1856614f8e339ee3c70653c378a7ba6f7b0ee8c72e,,2020-01-22/2023-03-09,observed,csv_row_Jersey_col_8/29/20,jhu_csv_observed_v1,2020-08-29,cumulative_deaths,32,deaths,reported,
1.0,jhu_csse_confirmed_global_csv,e6234a59eec4359d2577358b5220e1a7e3da74c162913cdb7d882db1413f98c2,,2020-01-22/2023-03-09,observed,csv_row_Jersey_col_8/30/20,jhu_csv_observed_v1,2020-08-30,cumulative_confirmed_cases,366,cases,reported,
1.0,jhu_csse_deaths_global_csv,4e87757a3e059c45650a1e1856614f8e339ee3c70653c378a7ba6f7b0ee8c72e,,2020-01-22/2023-03-09,observed,csv_row_Jersey_col_8/30/20,jhu_csv_observed_v1,2020-08-30,cumulative_deaths,32,deaths,reported,
1.0,jhu_csse_confirmed_global_csv,e6234a59eec4359d2577358b5220e1a7e3da74c162913cdb7d882db1413f98c2,,2020-01-22/2023-03-09,observed,csv_row_Jersey_col_8/31/20,jhu_csv_observed_v1,2020-08-31,cumulative_confirmed_cases,366,cases,reported,
1.0,jhu_csse_deaths_global_csv,4e87757a3e059c45650a1e1856614f8e339ee3c70653c378a7ba6f7b0ee8c72e,,2020-01-22/2023-03-09,observed,csv_row_Jersey_col_8/31/20,jhu_csv_observed_v1,2020-08-31,cumulative_deaths,32,deaths,reported,
1.0,jhu_csse_confirmed_global_csv,e6234a59eec4359d2577358b5220e1a7e3da74c162913cdb7d882db1413f98c2,,2020-01-22/2023-03-09,observed,csv_row_Jersey_col_9/1/20,jhu_csv_observed_v1,2020-09-01,cumulative_confirmed_cases,366,cases,reported,
1.0,jhu_csse_deaths_global_csv,4e87757a3e059c45650a1e1856614f8e339ee3c70653c378a7ba6f7b0ee8c72e,,2020-01-22/2023-03-09,observed,csv_row_Jersey_col_9/1/20,jhu_csv_observed_v1,2020-09-01,cumulative_deaths,32,deaths,reported,
1.0,jhu_csse_confirmed_global_csv,e6234a59eec4359d2577358b5220e1a7e3da74c162913cdb7d882db1413f98c2,,2020-01-22/2023-03-09,observed,csv_row_Jersey_col_9/2/20,jhu_csv_observed_v1,2020-09-02,cumulative_confirmed_cases,368,cases,reported,
1.0,jhu_csse_deaths_global_csv,4e87757a3e059c45650a1e1856614f8e339ee3c70653c378a7ba6f7b0ee8c72e,,2020-01-22/2023-03-09,observed,csv_row_Jersey_col_9/2/20,jhu_csv_observed_v1,2020-09-02,cumulative_deaths,32,deaths,reported,
1.0,jhu_csse_confirmed_global_csv,e6234a59eec4359d2577358b5220e1a7e3da74c162913cdb7d882db1413f98c2,,2020-01-22/2023-03-09,observed,csv_row_Jersey_col_9/3/20,jhu_csv_observed_v1,2020-09-03,cumulative_confirmed_cases,369,cases,reported,
1.0,jhu_csse_deaths_global_csv,4e87757a3e059c45650a1e1856614f8e339ee3c70653c378a7ba6f7b0ee8c72e,,2020-01-22/2023-03-09,observed,csv_row_Jersey_col_9/3/20,jhu_csv_observed_v1,2020-09-03,cumulative_deaths,32,deaths,reported,
1.0,jhu_csse_confirmed_global_csv,e6234a59eec4359d2577358b5220e1a7e3da74c162913cdb7d882db1413f98c2,,2020-01-22/2023-03-09,observed,csv_row_Jersey_col_9/4/20,jhu_csv_observed_v1,2020-09-04,cumulative_confirmed_cases,372,cases,reported,
1.0,jhu_csse_deaths_global_csv,4e87757a3e059c45650a1e1856614f8e339ee3c70653c378a7ba6f7b0ee8c72e,,2020-01-22/2023-03-09,observed,csv_row_Jersey_col_9/4/20,jhu_csv_observed_v1,2020-09-04,cumulative_deaths,32,deaths,reported,
1.0,jhu_csse_confirmed_global_csv,e6234a59eec4359d2577358b5220e1a7e3da74c162913cdb7d882db1413f98c2,,2020-01-22/2023-03-09,observed,csv_row_Jersey_col_9/5/20,jhu_csv_observed_v1,2020-09-05,cumulative_confirmed_cases,372,cases,reported,
1.0,jhu_csse_deaths_global_csv,4e87757a3e059c45650a1e1856614f8e339ee3c70653c378a7ba6f7b0ee8c72e,,2020-01-22/2023-03-09,observed,csv_row_Jersey_col_9/5/20,jhu_csv_observed_v1,2020-09-05,cumulative_deaths,32,deaths,reported,
1.0,jhu_csse_confirmed_global_csv,e6234a59eec4359d2577358b5220e1a7e3da74c162913cdb7d882db1413f98c2,,2020-01-22/2023-03-09,observed,csv_row_Jersey_col_9/6/20,jhu_csv_observed_v1,2020-09-06,cumulative_confirmed_cases,372,cases,reported,
1.0,jhu_csse_deaths_global_csv,4e87757a3e059c45650a1e1856614f8e339ee3c70653c378a7ba6f7b0ee8c72e,,2020-01-22/2023-03-09,observed,csv_row_Jersey_col_9/6/20,jhu_csv_observed_v1,2020-09-06,cumulative_deaths,32,deaths,reported,
1.0,jhu_csse_confirmed_global_csv,e6234a59eec4359d2577358b5220e1a7e3da74c162913cdb7d882db1413f98c2,,2020-01-22/2023-03-09,observed,csv_row_Jersey_col_9/7/20,jhu_csv_observed_v1,2020-09-07,cumulative_confirmed_cases,372,cases,reported,
1.0,jhu_csse_deaths_global_csv,4e87757a3e059c45650a1e1856614f8e339ee3c70653c378a7ba6f7b0ee8c72e,,2020-01-22/2023-03-09,observed,csv_row_Jersey_col_9/7/20,jhu_csv_observed_v1,2020-09-07,cumulative_deaths,32,deaths,reported,
1.0,jhu_csse_confirmed_global_csv,e6234a59eec4359d2577358b5220e1a7e3da74c162913cdb7d882db1413f98c2,,2020-01-22/2023-03-09,observed,csv_row_Jersey_col_9/8/20,jhu_csv_observed_v1,2020-09-08,cumulative_confirmed_cases,373,cases,reported,
1.0,jhu_csse_deaths_global_csv,4e87757a3e059c45650a1e1856614f8e339ee3c70653c378a7ba6f7b0ee8c72e,,2020-01-22/2023-03-09,observed,csv_row_Jersey_col_9/8/20,jhu_csv_observed_v1,2020-09-08,cumulative_deaths,32,deaths,reported,
1.0,jhu_csse_confirmed_global_csv,e6234a59eec4359d2577358b5220e1a7e3da74c162913cdb7d882db1413f98c2,,2020-01-22/2023-03-09,observed,csv_row_Jersey_col_9/9/20,jhu_csv_observed_v1,2020-09-09,cumulative_confirmed_cases,373,cases,reported,
1.0,jhu_csse_deaths_global_csv,4e87757a3e059c45650a1e1856614f8e339ee3c70653c378a7ba6f7b0ee8c72e,,2020-01-22/2023-03-09,observed,csv_row_Jersey_col_9/9/20,jhu_csv_observed_v1,2020-09-09,cumulative_deaths,32,deaths,reported,
1.0,jhu_csse_confirmed_global_csv,e6234a59eec4359d2577358b5220e1a7e3da74c162913cdb7d882db1413f98c2,,2020-01-22/2023-03-09,observed,csv_row_Jersey_col_9/10/20,jhu_csv_observed_v1,2020-09-10,cumulative_confirmed_cases,376,cases,reported,
1.0,jhu_csse_deaths_global_csv,4e87757a3e059c45650a1e1856614f8e339ee3c70653c378a7ba6f7b0ee8c72e,,2020-01-22/2023-03-09,observed,csv_row_Jersey_col_9/10/20,jhu_csv_observed_v1,2020-09-10,cumulative_deaths,32,deaths,reported,
1.0,jhu_csse_confirmed_global_csv,e6234a59eec4359d2577358b5220e1a7e3da74c162913cdb7d882db1413f98c2,,2020-01-22/2023-03-09,observed,csv_row_Jersey_col_9/11/20,jhu_csv_observed_v1,2020-09-11,cumulative_confirmed_cases,377,cases,reported,
1.0,jhu_csse_deaths_global_csv,4e87757a3e059c45650a1e1856614f8e339ee3c70653c378a7ba6f7b0ee8c72e,,2020-01-22/2023-03-09,observed,csv_row_Jersey_col_9/11/20,jhu_csv_observed_v1,2020-09-11,cumulative_deaths,32,deaths,reported,
1.0,jhu_csse_confirmed_global_csv,e6234a59eec4359d2577358b5220e1a7e3da74c162913cdb7d882db1413f98c2,,2020-01-22/2023-03-09,observed,csv_row_Jersey_col_9/12/20,jhu_csv_observed_v1,2020-09-12,cumulative_confirmed_cases,378,cases,reported,
1.0,jhu_csse_deaths_global_csv,4e87757a3e059c45650a1e1856614f8e339ee3c70653c378a7ba6f7b0ee8c72e,,2020-01-22/2023-03-09,observed,csv_row_Jersey_col_9/12/20,jhu_csv_observed_v1,2020-09-12,cumulative_deaths,32,deaths,reported,
1.0,jhu_csse_confirmed_global_csv,e6234a59eec4359d2577358b5220e1a7e3da74c162913cdb7d882db1413f98c2,,2020-01-22/2023-03-09,observed,csv_row_Jersey_col_9/13/20,jhu_csv_observed_v1,2020-09-13,cumulative_confirmed_cases,379,cases,reported,
1.0,jhu_csse_deaths_global_csv,4e87757a3e059c45650a1e1856614f8e339ee3c70653c378a7ba6f7b0ee8c72e,,2020-01-22/2023-03-09,observed,csv_row_Jersey_col_9/13/20,jhu_csv_observed_v1,2020-09-13,cumulative_deaths,32,deaths,reported,
1.0,jhu_csse_confirmed_global_csv,e6234a59eec4359d2577358b5220e1a7e3da74c162913cdb7d882db1413f98c2,,2020-01-22/2023-03-09,observed,csv_row_Jersey_col_9/14/20,jhu_csv_observed_v1,2020-09-14,cumulative_confirmed_cases,381,cases,reported,
1.0,jhu_csse_deaths_global_csv,4e87757a3e059c45650a1e1856614f8e339ee3c70653c378a7ba6f7b0ee8c72e,,2020-01-22/2023-03-09,observed,csv_row_Jersey_col_9/14/20,jhu_csv_observed_v1,2020-09-14,cumulative_deaths,32,deaths,reported,
1.0,jhu_csse_confirmed_global_csv,e6234a59eec4359d2577358b5220e1a7e3da74c162913cdb7d882db1413f98c2,,2020-01-22/2023-03-09,observed,csv_row_Jersey_col_9/15/20,jhu_csv_observed_v1,2020-09-15,cumulative_confirmed_cases,382,cases,reported,
1.0,jhu_csse_deaths_global_csv,4e87757a3e059c45650a1e1856614f8e339ee3c70653c378a7ba6f7b0ee8c72e,,2020-01-22/2023-03-09,observed,csv_row_Jersey_col_9/15/20,jhu_csv_observed_v1,2020-09-15,cumulative_deaths,32,deaths,reported,
1.0,jhu_csse_confirmed_global_csv,e6234a59eec4359d2577358b5220e1a7e3da74c162913cdb7d882db1413f98c2,,2020-01-22/2023-03-09,observed,csv_row_Jersey_col_9/16/20,jhu_csv_observed_v1,2020-09-16,cumulative_confirmed_cases,384,cases,reported,
1.0,jhu_csse_deaths_global_csv,4e87757a3e059c45650a1e1856614f8e339ee3c70653c378a7ba6f7b0ee8c72e,,2020-01-22/2023-03-09,observed,csv_row_Jersey_col_9/16/20,jhu_csv_observed_v1,2020-09-16,cumulative_deaths,32,deaths,reported,
1.0,jhu_csse_confirmed_global_csv,e6234a59eec4359d2577358b5220e1a7e3da74c162913cdb7d882db1413f98c2,,2020-01-22/2023-03-09,observed,csv_row_Jersey_col_9/17/20,jhu_csv_observed_v1,2020-09-17,cumulative_confirmed_cases,387,cases,reported,
1.0,jhu_csse_deaths_global_csv,4e87757a3e059c45650a1e1856614f8e339ee3c70653c378a7ba6f7b0ee8c72e,,2020-01-22/2023-03-09,observed,csv_row_Jersey_col_9/17/20,jhu_csv_observed_v1,2020-09-17,cumulative_deaths,32,deaths,reported,
1.0,jhu_csse_confirmed_global_csv,e6234a59eec4359d2577358b5220e1a7e3da74c162913cdb7d882db1413f98c2,,2020-01-22/2023-03-09,observed,csv_row_Jersey_col_9/18/20,jhu_csv_observed_v1,2020-09-18,cumulative_confirmed_cases,389,cases,reported,
1.0,jhu_csse_deaths_global_csv,4e87757a3e059c45650a1e1856614f8e339ee3c70653c378a7ba6f7b0ee8c72e,,2020-01-22/2023-03-09,observed,csv_row_Jersey_col_9/18/20,jhu_csv_observed_v1,2020-09-18,cumulative_deaths,32,deaths,reported,
1.0,jhu_csse_confirmed_global_csv,e6234a59eec4359d2577358b5220e1a7e3da74c162913cdb7d882db1413f98c2,,2020-01-22/2023-03-09,observed,csv_row_Jersey_col_9/19/20,jhu_csv_observed_v1,2020-09-19,cumulative_confirmed_cases,389,cases,reported,
1.0,jhu_csse_deaths_global_csv,4e87757a3e059c45650a1e1856614f8e339ee3c70653c378a7ba6f7b0ee8c72e,,2020-01-22/2023-03-09,observed,csv_row_Jersey_col_9/19/20,jhu_csv_observed_v1,2020-09-19,cumulative_deaths,32,deaths,reported,
1.0,jhu_csse_confirmed_global_csv,e6234a59eec4359d2577358b5220e1a7e3da74c162913cdb7d882db1413f98c2,,2020-01-22/2023-03-09,observed,csv_row_Jersey_col_9/20/20,jhu_csv_observed_v1,2020-09-20,cumulative_confirmed_cases,391,cases,reported,
1.0,jhu_csse_deaths_global_csv,4e87757a3e059c45650a1e1856614f8e339ee3c70653c378a7ba6f7b0ee8c72e,,2020-01-22/2023-03-09,observed,csv_row_Jersey_col_9/20/20,jhu_csv_observed_v1,2020-09-20,cumulative_deaths,32,deaths,reported,
1.0,jhu_csse_confirmed_global_csv,e6234a59eec4359d2577358b5220e1a7e3da74c162913cdb7d882db1413f98c2,,2020-01-22/2023-03-09,observed,csv_row_Jersey_col_9/21/20,jhu_csv_observed_v1,2020-09-21,cumulative_confirmed_cases,393,cases,reported,
1.0,jhu_csse_deaths_global_csv,4e87757a3e059c45650a1e1856614f8e339ee3c70653c378a7ba6f7b0ee8c72e,,2020-01-22/2023-03-09,observed,csv_row_Jersey_col_9/21/20,jhu_csv_observed_v1,2020-09-21,cumulative_deaths,32,deaths,reported,
1.0,jhu_csse_confirmed_global_csv,e6234a59eec4359d2577358b5220e1a7e3da74c162913cdb7d882db1413f98c2,,2020-01-22/2023-03-09,observed,csv_row_Jersey_col_9/22/20,jhu_csv_observed_v1,2020-09-22,cumulative_confirmed_cases,393,cases,reported,
1.0,jhu_csse_deaths_global_csv,4e87757a3e059c45650a1e1856614f8e339ee3c70653c378a7ba6f7b0ee8c72e,,2020-01-22/2023-03-09,observed,csv_row_Jersey_col_9/22/20,jhu_csv_observed_v1,2020-09-22,cumulative_deaths,32,deaths,reported,
1.0,jhu_csse_confirmed_global_csv,e6234a59eec4359d2577358b5220e1a7e3da74c162913cdb7d882db1413f98c2,,2020-01-22/2023-03-09,observed,csv_row_Jersey_col_9/23/20,jhu_csv_observed_v1,2020-09-23,cumulative_confirmed_cases,395,cases,reported,
1.0,jhu_csse_deaths_global_csv,4e87757a3e059c45650a1e1856614f8e339ee3c70653c378a7ba6f7b0ee8c72e,,2020-01-22/2023-03-09,observed,csv_row_Jersey_col_9/23/20,jhu_csv_observed_v1,2020-09-23,cumulative_deaths,32,deaths,reported,
1.0,jhu_csse_confirmed_global_csv,e6234a59eec4359d2577358b5220e1a7e3da74c162913cdb7d882db1413f98c2,,2020-01-22/2023-03-09,observed,csv_row_Jersey_col_9/24/20,jhu_csv_observed_v1,2020-09-24,cumulative_confirmed_cases,397,cases,reported,
1.0,jhu_csse_deaths_global_csv,4e87757a3e059c45650a1e1856614f8e339ee3c70653c378a7ba6f7b0ee8c72e,,2020-01-22/2023-03-09,observed,csv_row_Jersey_col_9/24/20,jhu_csv_observed_v1,2020-09-24,cumulative_deaths,32,deaths,reported,
1.0,jhu_csse_confirmed_global_csv,e6234a59eec4359d2577358b5220e1a7e3da74c162913cdb7d882db1413f98c2,,2020-01-22/2023-03-09,observed,csv_row_Jersey_col_9/25/20,jhu_csv_observed_v1,2020-09-25,cumulative_confirmed_cases,397,cases,reported,
1.0,jhu_csse_deaths_global_csv,4e87757a3e059c45650a1e1856614f8e339ee3c70653c378a7ba6f7b0ee8c72e,,2020-01-22/2023-03-09,observed,csv_row_Jersey_col_9/25/20,jhu_csv_observed_v1,2020-09-25,cumulative_deaths,32,deaths,reported,
1.0,jhu_csse_confirmed_global_csv,e6234a59eec4359d2577358b5220e1a7e3da74c162913cdb7d882db1413f98c2,,2020-01-22/2023-03-09,observed,csv_row_Jersey_col_9/26/20,jhu_csv_observed_v1,2020-09-26,cumulative_confirmed_cases,397,cases,reported,
1.0,jhu_csse_deaths_global_csv,4e87757a3e059c45650a1e1856614f8e339ee3c70653c378a7ba6f7b0ee8c72e,,2020-01-22/2023-03-09,observed,csv_row_Jersey_col_9/26/20,jhu_csv_observed_v1,2020-09-26,cumulative_deaths,32,deaths,reported,
1.0,jhu_csse_confirmed_global_csv,e6234a59eec4359d2577358b5220e1a7e3da74c162913cdb7d882db1413f98c2,,2020-01-22/2023-03-09,observed,csv_row_Jersey_col_9/27/20,jhu_csv_observed_v1,2020-09-27,cumulative_confirmed_cases,402,cases,reported,
1.0,jhu_csse_deaths_global_csv,4e87757a3e059c45650a1e1856614f8e339ee3c70653c378a7ba6f7b0ee8c72e,,2020-01-22/2023-03-09,observed,csv_row_Jersey_col_9/27/20,jhu_csv_observed_v1,2020-09-27,cumulative_deaths,32,deaths,reported,
1.0,jhu_csse_confirmed_global_csv,e6234a59eec4359d2577358b5220e1a7e3da74c162913cdb7d882db1413f98c2,,2020-01-22/2023-03-09,observed,csv_row_Jersey_col_9/28/20,jhu_csv_observed_v1,2020-09-28,cumulative_confirmed_cases,403,cases,reported,
1.0,jhu_csse_deaths_global_csv,4e87757a3e059c45650a1e1856614f8e339ee3c70653c378a7ba6f7b0ee8c72e,,2020-01-22/2023-03-09,observed,csv_row_Jersey_col_9/28/20,jhu_csv_observed_v1,2020-09-28,cumulative_deaths,32,deaths,reported,
1.0,jhu_csse_confirmed_global_csv,e6234a59eec4359d2577358b5220e1a7e3da74c162913cdb7d882db1413f98c2,,2020-01-22/2023-03-09,observed,csv_row_Jersey_col_9/29/20,jhu_csv_observed_v1,2020-09-29,cumulative_confirmed_cases,404,cases,reported,
1.0,jhu_csse_deaths_global_csv,4e87757a3e059c45650a1e1856614f8e339ee3c70653c378a7ba6f7b0ee8c72e,,2020-01-22/2023-03-09,observed,csv_row_Jersey_col_9/29/20,jhu_csv_observed_v1,2020-09-29,cumulative_deaths,32,deaths,reported,
1.0,jhu_csse_confirmed_global_csv,e6234a59eec4359d2577358b5220e1a7e3da74c162913cdb7d882db1413f98c2,,2020-01-22/2023-03-09,observed,csv_row_Jersey_col_9/30/20,jhu_csv_observed_v1,2020-09-30,cumulative_confirmed_cases,407,cases,reported,
1.0,jhu_csse_deaths_global_csv,4e87757a3e059c45650a1e1856614f8e339ee3c70653c378a7ba6f7b0ee8c72e,,2020-01-22/2023-03-09,observed,csv_row_Jersey_col_9/30/20,jhu_csv_observed_v1,2020-09-30,cumulative_deaths,32,deaths,reported,
1.0,jhu_csse_confirmed_global_csv,e6234a59eec4359d2577358b5220e1a7e3da74c162913cdb7d882db1413f98c2,,2020-01-22/2023-03-09,observed,csv_row_Jersey_col_10/1/20,jhu_csv_observed_v1,2020-10-01,cumulative_confirmed_cases,411,cases,reported,
1.0,jhu_csse_deaths_global_csv,4e87757a3e059c45650a1e1856614f8e339ee3c70653c378a7ba6f7b0ee8c72e,,2020-01-22/2023-03-09,observed,csv_row_Jersey_col_10/1/20,jhu_csv_observed_v1,2020-10-01,cumulative_deaths,32,deaths,reported,
1.0,jhu_csse_confirmed_global_csv,e6234a59eec4359d2577358b5220e1a7e3da74c162913cdb7d882db1413f98c2,,2020-01-22/2023-03-09,observed,csv_row_Jersey_col_10/2/20,jhu_csv_observed_v1,2020-10-02,cumulative_confirmed_cases,417,cases,reported,
1.0,jhu_csse_deaths_global_csv,4e87757a3e059c45650a1e1856614f8e339ee3c70653c378a7ba6f7b0ee8c72e,,2020-01-22/2023-03-09,observed,csv_row_Jersey_col_10/2/20,jhu_csv_observed_v1,2020-10-02,cumulative_deaths,32,deaths,reported,
1.0,jhu_csse_confirmed_global_csv,e6234a59eec4359d2577358b5220e1a7e3da74c162913cdb7d882db1413f98c2,,2020-01-22/2023-03-09,observed,csv_row_Jersey_col_10/3/20,jhu_csv_observed_v1,2020-10-03,cumulative_confirmed_cases,417,cases,reported,
1.0,jhu_csse_deaths_global_csv,4e87757a3e059c45650a1e1856614f8e339ee3c70653c378a7ba6f7b0ee8c72e,,2020-01-22/2023-03-09,observed,csv_row_Jersey_col_10/3/20,jhu_csv_observed_v1,2020-10-03,cumulative_deaths,32,deaths,reported,
1.0,jhu_csse_confirmed_global_csv,e6234a59eec4359d2577358b5220e1a7e3da74c162913cdb7d882db1413f98c2,,2020-01-22/2023-03-09,observed,csv_row_Jersey_col_10/4/20,jhu_csv_observed_v1,2020-10-04,cumulative_confirmed_cases,421,cases,reported,
1.0,jhu_csse_deaths_global_csv,4e87757a3e059c45650a1e1856614f8e339ee3c70653c378a7ba6f7b0ee8c72e,,2020-01-22/2023-03-09,observed,csv_row_Jersey_col_10/4/20,jhu_csv_observed_v1,2020-10-04,cumulative_deaths,32,deaths,reported,
1.0,jhu_csse_confirmed_global_csv,e6234a59eec4359d2577358b5220e1a7e3da74c162913cdb7d882db1413f98c2,,2020-01-22/2023-03-09,observed,csv_row_Jersey_col_10/5/20,jhu_csv_observed_v1,2020-10-05,cumulative_confirmed_cases,423,cases,reported,
1.0,jhu_csse_deaths_global_csv,4e87757a3e059c45650a1e1856614f8e339ee3c70653c378a7ba6f7b0ee8c72e,,2020-01-22/2023-03-09,observed,csv_row_Jersey_col_10/5/20,jhu_csv_observed_v1,2020-10-05,cumulative_deaths,32,deaths,reported,
1.0,jhu_csse_confirmed_global_csv,e6234a59eec4359d2577358b5220e1a7e3da74c162913cdb7d882db1413f98c2,,2020-01-22/2023-03-09,observed,csv_row_Jersey_col_10/6/20,jhu_csv_observed_v1,2020-10-06,cumulative_confirmed_cases,427,cases,reported,
1.0,jhu_csse_deaths_global_csv,4e87757a3e059c45650a1e1856614f8e339ee3c70653c378a7ba6f7b0ee8c72e,,2020-01-22/2023-03-09,observed,csv_row_Jersey_col_10/6/20,jhu_csv_observed_v1,2020-10-06,cumulative_deaths,32,deaths,reported,
1.0,jhu_csse_confirmed_global_csv,e6234a59eec4359d2577358b5220e1a7e3da74c162913cdb7d882db1413f98c2,,2020-01-22/2023-03-09,observed,csv_row_Jersey_col_10/7/20,jhu_csv_observed_v1,2020-10-07,cumulative_confirmed_cases,433,cases,reported,
1.0,jhu_csse_deaths_global_csv,4e87757a3e059c45650a1e1856614f8e339ee3c70653c378a7ba6f7b0ee8c72e,,2020-01-22/2023-03-09,observed,csv_row_Jersey_col_10/7/20,jhu_csv_observed_v1,2020-10-07,cumulative_deaths,32,deaths,reported,
1.0,jhu_csse_confirmed_global_csv,e6234a59eec4359d2577358b5220e1a7e3da74c162913cdb7d882db1413f98c2,,2020-01-22/2023-03-09,observed,csv_row_Jersey_col_10/8/20,jhu_csv_observed_v1,2020-10-08,cumulative_confirmed_cases,438,cases,reported,
1.0,jhu_csse_deaths_global_csv,4e87757a3e059c45650a1e1856614f8e339ee3c70653c378a7ba6f7b0ee8c72e,,2020-01-22/2023-03-09,observed,csv_row_Jersey_col_10/8/20,jhu_csv_observed_v1,2020-10-08,cumulative_deaths,32,deaths,reported,
1.0,jhu_csse_confirmed_global_csv,e6234a59eec4359d2577358b5220e1a7e3da74c162913cdb7d882db1413f98c2,,2020-01-22/2023-03-09,observed,csv_row_Jersey_col_10/9/20,jhu_csv_observed_v1,2020-10-09,cumulative_confirmed_cases,441,cases,reported,
1.0,jhu_csse_deaths_global_csv,4e87757a3e059c45650a1e1856614f8e339ee3c70653c378a7ba6f7b0ee8c72e,,2020-01-22/2023-03-09,observed,csv_row_Jersey_col_10/9/20,jhu_csv_observed_v1,2020-10-09,cumulative_deaths,32,deaths,reported,
1.0,jhu_csse_confirmed_global_csv,e6234a59eec4359d2577358b5220e1a7e3da74c162913cdb7d882db1413f98c2,,2020-01-22/2023-03-09,observed,csv_row_Jersey_col_10/10/20,jhu_csv_observed_v1,2020-10-10,cumulative_confirmed_cases,443,cases,reported,
1.0,jhu_csse_deaths_global_csv,4e87757a3e059c45650a1e1856614f8e339ee3c70653c378a7ba6f7b0ee8c72e,,2020-01-22/2023-03-09,observed,csv_row_Jersey_col_10/10/20,jhu_csv_observed_v1,2020-10-10,cumulative_deaths,32,deaths,reported,
1.0,jhu_csse_confirmed_global_csv,e6234a59eec4359d2577358b5220e1a7e3da74c162913cdb7d882db1413f98c2,,2020-01-22/2023-03-09,observed,csv_row_Jersey_col_10/11/20,jhu_csv_observed_v1,2020-10-11,cumulative_confirmed_cases,452,cases,reported,
1.0,jhu_csse_deaths_global_csv,4e87757a3e059c45650a1e1856614f8e339ee3c70653c378a7ba6f7b0ee8c72e,,2020-01-22/2023-03-09,observed,csv_row_Jersey_col_10/11/20,jhu_csv_observed_v1,2020-10-11,cumulative_deaths,32,deaths,reported,
1.0,jhu_csse_confirmed_global_csv,e6234a59eec4359d2577358b5220e1a7e3da74c162913cdb7d882db1413f98c2,,2020-01-22/2023-03-09,observed,csv_row_Jersey_col_10/12/20,jhu_csv_observed_v1,2020-10-12,cumulative_confirmed_cases,462,cases,reported,
1.0,jhu_csse_deaths_global_csv,4e87757a3e059c45650a1e1856614f8e339ee3c70653c378a7ba6f7b0ee8c72e,,2020-01-22/2023-03-09,observed,csv_row_Jersey_col_10/12/20,jhu_csv_observed_v1,2020-10-12,cumulative_deaths,32,deaths,reported,
1.0,jhu_csse_confirmed_global_csv,e6234a59eec4359d2577358b5220e1a7e3da74c162913cdb7d882db1413f98c2,,2020-01-22/2023-03-09,observed,csv_row_Jersey_col_10/13/20,jhu_csv_observed_v1,2020-10-13,cumulative_confirmed_cases,465,cases,reported,
1.0,jhu_csse_deaths_global_csv,4e87757a3e059c45650a1e1856614f8e339ee3c70653c378a7ba6f7b0ee8c72e,,2020-01-22/2023-03-09,observed,csv_row_Jersey_col_10/13/20,jhu_csv_observed_v1,2020-10-13,cumulative_deaths,32,deaths,reported,
1.0,jhu_csse_confirmed_global_csv,e6234a59eec4359d2577358b5220e1a7e3da74c162913cdb7d882db1413f98c2,,2020-01-22/2023-03-09,observed,csv_row_Jersey_col_10/14/20,jhu_csv_observed_v1,2020-10-14,cumulative_confirmed_cases,480,cases,reported,
1.0,jhu_csse_deaths_global_csv,4e87757a3e059c45650a1e1856614f8e339ee3c70653c378a7ba6f7b0ee8c72e,,2020-01-22/2023-03-09,observed,csv_row_Jersey_col_10/14/20,jhu_csv_observed_v1,2020-10-14,cumulative_deaths,32,deaths,reported,
1.0,jhu_csse_confirmed_global_csv,e6234a59eec4359d2577358b5220e1a7e3da74c162913cdb7d882db1413f98c2,,2020-01-22/2023-03-09,observed,csv_row_Jersey_col_10/15/20,jhu_csv_observed_v1,2020-10-15,cumulative_confirmed_cases,485,cases,reported,
1.0,jhu_csse_deaths_global_csv,4e87757a3e059c45650a1e1856614f8e339ee3c70653c378a7ba6f7b0ee8c72e,,2020-01-22/2023-03-09,observed,csv_row_Jersey_col_10/15/20,jhu_csv_observed_v1,2020-10-15,cumulative_deaths,32,deaths,reported,
1.0,jhu_csse_confirmed_global_csv,e6234a59eec4359d2577358b5220e1a7e3da74c162913cdb7d882db1413f98c2,,2020-01-22/2023-03-09,observed,csv_row_Jersey_col_10/16/20,jhu_csv_observed_v1,2020-10-16,cumulative_confirmed_cases,486,cases,reported,
1.0,jhu_csse_deaths_global_csv,4e87757a3e059c45650a1e1856614f8e339ee3c70653c378a7ba6f7b0ee8c72e,,2020-01-22/2023-03-09,observed,csv_row_Jersey_col_10/16/20,jhu_csv_observed_v1,2020-10-16,cumulative_deaths,32,deaths,reported,
1.0,jhu_csse_confirmed_global_csv,e6234a59eec4359d2577358b5220e1a7e3da74c162913cdb7d882db1413f98c2,,2020-01-22/2023-03-09,observed,csv_row_Jersey_col_10/17/20,jhu_csv_observed_v1,2020-10-17,cumulative_confirmed_cases,488,cases,reported,
1.0,jhu_csse_deaths_global_csv,4e87757a3e059c45650a1e1856614f8e339ee3c70653c378a7ba6f7b0ee8c72e,,2020-01-22/2023-03-09,observed,csv_row_Jersey_col_10/17/20,jhu_csv_observed_v1,2020-10-17,cumulative_deaths,32,deaths,reported,
1.0,jhu_csse_confirmed_global_csv,e6234a59eec4359d2577358b5220e1a7e3da74c162913cdb7d882db1413f98c2,,2020-01-22/2023-03-09,observed,csv_row_Jersey_col_10/18/20,jhu_csv_observed_v1,2020-10-18,cumulative_confirmed_cases,488,cases,reported,
1.0,jhu_csse_deaths_global_csv,4e87757a3e059c45650a1e1856614f8e339ee3c70653c378a7ba6f7b0ee8c72e,,2020-01-22/2023-03-09,observed,csv_row_Jersey_col_10/18/20,jhu_csv_observed_v1,2020-10-18,cumulative_deaths,32,deaths,reported,
1.0,jhu_csse_confirmed_global_csv,e6234a59eec4359d2577358b5220e1a7e3da74c162913cdb7d882db1413f98c2,,2020-01-22/2023-03-09,observed,csv_row_Jersey_col_10/19/20,jhu_csv_observed_v1,2020-10-19,cumulative_confirmed_cases,498,cases,reported,
1.0,jhu_csse_deaths_global_csv,4e87757a3e059c45650a1e1856614f8e339ee3c70653c378a7ba6f7b0ee8c72e,,2020-01-22/2023-03-09,observed,csv_row_Jersey_col_10/19/20,jhu_csv_observed_v1,2020-10-19,cumulative_deaths,32,deaths,reported,
1.0,jhu_csse_confirmed_global_csv,e6234a59eec4359d2577358b5220e1a7e3da74c162913cdb7d882db1413f98c2,,2020-01-22/2023-03-09,observed,csv_row_Jersey_col_10/20/20,jhu_csv_observed_v1,2020-10-20,cumulative_confirmed_cases,505,cases,reported,
1.0,jhu_csse_deaths_global_csv,4e87757a3e059c45650a1e1856614f8e339ee3c70653c378a7ba6f7b0ee8c72e,,2020-01-22/2023-03-09,observed,csv_row_Jersey_col_10/20/20,jhu_csv_observed_v1,2020-10-20,cumulative_deaths,32,deaths,reported,
1.0,jhu_csse_confirmed_global_csv,e6234a59eec4359d2577358b5220e1a7e3da74c162913cdb7d882db1413f98c2,,2020-01-22/2023-03-09,observed,csv_row_Jersey_col_10/21/20,jhu_csv_observed_v1,2020-10-21,cumulative_confirmed_cases,510,cases,reported,
1.0,jhu_csse_deaths_global_csv,4e87757a3e059c45650a1e1856614f8e339ee3c70653c378a7ba6f7b0ee8c72e,,2020-01-22/2023-03-09,observed,csv_row_Jersey_col_10/21/20,jhu_csv_observed_v1,2020-10-21,cumulative_deaths,32,deaths,reported,
1.0,jhu_csse_confirmed_global_csv,e6234a59eec4359d2577358b5220e1a7e3da74c162913cdb7d882db1413f98c2,,2020-01-22/2023-03-09,observed,csv_row_Jersey_col_10/22/20,jhu_csv_observed_v1,2020-10-22,cumulative_confirmed_cases,516,cases,reported,
1.0,jhu_csse_deaths_global_csv,4e87757a3e059c45650a1e1856614f8e339ee3c70653c378a7ba6f7b0ee8c72e,,2020-01-22/2023-03-09,observed,csv_row_Jersey_col_10/22/20,jhu_csv_observed_v1,2020-10-22,cumulative_deaths,32,deaths,reported,
1.0,jhu_csse_confirmed_global_csv,e6234a59eec4359d2577358b5220e1a7e3da74c162913cdb7d882db1413f98c2,,2020-01-22/2023-03-09,observed,csv_row_Jersey_col_10/23/20,jhu_csv_observed_v1,2020-10-23,cumulative_confirmed_cases,521,cases,reported,
1.0,jhu_csse_deaths_global_csv,4e87757a3e059c45650a1e1856614f8e339ee3c70653c378a7ba6f7b0ee8c72e,,2020-01-22/2023-03-09,observed,csv_row_Jersey_col_10/23/20,jhu_csv_observed_v1,2020-10-23,cumulative_deaths,32,deaths,reported,
1.0,jhu_csse_confirmed_global_csv,e6234a59eec4359d2577358b5220e1a7e3da74c162913cdb7d882db1413f98c2,,2020-01-22/2023-03-09,observed,csv_row_Jersey_col_10/24/20,jhu_csv_observed_v1,2020-10-24,cumulative_confirmed_cases,527,cases,reported,
1.0,jhu_csse_deaths_global_csv,4e87757a3e059c45650a1e1856614f8e339ee3c70653c378a7ba6f7b0ee8c72e,,2020-01-22/2023-03-09,observed,csv_row_Jersey_col_10/24/20,jhu_csv_observed_v1,2020-10-24,cumulative_deaths,32,deaths,reported,
1.0,jhu_csse_confirmed_global_csv,e6234a59eec4359d2577358b5220e1a7e3da74c162913cdb7d882db1413f98c2,,2020-01-22/2023-03-09,observed,csv_row_Jersey_col_10/25/20,jhu_csv_observed_v1,2020-10-25,cumulative_confirmed_cases,534,cases,reported,
1.0,jhu_csse_deaths_global_csv,4e87757a3e059c45650a1e1856614f8e339ee3c70653c378a7ba6f7b0ee8c72e,,2020-01-22/2023-03-09,observed,csv_row_Jersey_col_10/25/20,jhu_csv_observed_v1,2020-10-25,cumulative_deaths,32,deaths,reported,
1.0,jhu_csse_confirmed_global_csv,e6234a59eec4359d2577358b5220e1a7e3da74c162913cdb7d882db1413f98c2,,2020-01-22/2023-03-09,observed,csv_row_Jersey_col_10/26/20,jhu_csv_observed_v1,2020-10-26,cumulative_confirmed_cases,540,cases,reported,
1.0,jhu_csse_deaths_global_csv,4e87757a3e059c45650a1e1856614f8e339ee3c70653c378a7ba6f7b0ee8c72e,,2020-01-22/2023-03-09,observed,csv_row_Jersey_col_10/26/20,jhu_csv_observed_v1,2020-10-26,cumulative_deaths,32,deaths,reported,
1.0,jhu_csse_confirmed_global_csv,e6234a59eec4359d2577358b5220e1a7e3da74c162913cdb7d882db1413f98c2,,2020-01-22/2023-03-09,observed,csv_row_Jersey_col_10/27/20,jhu_csv_observed_v1,2020-10-27,cumulative_confirmed_cases,545,cases,reported,
1.0,jhu_csse_deaths_global_csv,4e87757a3e059c45650a1e1856614f8e339ee3c70653c378a7ba6f7b0ee8c72e,,2020-01-22/2023-03-09,observed,csv_row_Jersey_col_10/27/20,jhu_csv_observed_v1,2020-10-27,cumulative_deaths,32,deaths,reported,
1.0,jhu_csse_confirmed_global_csv,e6234a59eec4359d2577358b5220e1a7e3da74c162913cdb7d882db1413f98c2,,2020-01-22/2023-03-09,observed,csv_row_Jersey_col_10/28/20,jhu_csv_observed_v1,2020-10-28,cumulative_confirmed_cases,556,cases,reported,
1.0,jhu_csse_deaths_global_csv,4e87757a3e059c45650a1e1856614f8e339ee3c70653c378a7ba6f7b0ee8c72e,,2020-01-22/2023-03-09,observed,csv_row_Jersey_col_10/28/20,jhu_csv_observed_v1,2020-10-28,cumulative_deaths,32,deaths,reported,
1.0,jhu_csse_confirmed_global_csv,e6234a59eec4359d2577358b5220e1a7e3da74c162913cdb7d882db1413f98c2,,2020-01-22/2023-03-09,observed,csv_row_Jersey_col_10/29/20,jhu_csv_observed_v1,2020-10-29,cumulative_confirmed_cases,560,cases,reported,
1.0,jhu_csse_deaths_global_csv,4e87757a3e059c45650a1e1856614f8e339ee3c70653c378a7ba6f7b0ee8c72e,,2020-01-22/2023-03-09,observed,csv_row_Jersey_col_10/29/20,jhu_csv_observed_v1,2020-10-29,cumulative_deaths,32,deaths,reported,
1.0,jhu_csse_confirmed_global_csv,e6234a59eec4359d2577358b5220e1a7e3da74c162913cdb7d882db1413f98c2,,2020-01-22/2023-03-09,observed,csv_row_Jersey_col_10/30/20,jhu_csv_observed_v1,2020-10-30,cumulative_confirmed_cases,565,cases,reported,
1.0,jhu_csse_deaths_global_csv,4e87757a3e059c45650a1e1856614f8e339ee3c70653c378a7ba6f7b0ee8c72e,,2020-01-22/2023-03-09,observed,csv_row_Jersey_col_10/30/20,jhu_csv_observed_v1,2020-10-30,cumulative_deaths,32,deaths,reported,
1.0,jhu_csse_confirmed_global_csv,e6234a59eec4359d2577358b5220e1a7e3da74c162913cdb7d882db1413f98c2,,2020-01-22/2023-03-09,observed,csv_row_Jersey_col_10/31/20,jhu_csv_observed_v1,2020-10-31,cumulative_confirmed_cases,567,cases,reported,
1.0,jhu_csse_deaths_global_csv,4e87757a3e059c45650a1e1856614f8e339ee3c70653c378a7ba6f7b0ee8c72e,,2020-01-22/2023-03-09,observed,csv_row_Jersey_col_10/31/20,jhu_csv_observed_v1,2020-10-31,cumulative_deaths,32,deaths,reported,
1.0,jhu_csse_confirmed_global_csv,e6234a59eec4359d2577358b5220e1a7e3da74c162913cdb7d882db1413f98c2,,2020-01-22/2023-03-09,observed,csv_row_Jersey_col_11/1/20,jhu_csv_observed_v1,2020-11-01,cumulative_confirmed_cases,573,cases,reported,
1.0,jhu_csse_deaths_global_csv,4e87757a3e059c45650a1e1856614f8e339ee3c70653c378a7ba6f7b0ee8c72e,,2020-01-22/2023-03-09,observed,csv_row_Jersey_col_11/1/20,jhu_csv_observed_v1,2020-11-01,cumulative_deaths,32,deaths,reported,
1.0,jhu_csse_confirmed_global_csv,e6234a59eec4359d2577358b5220e1a7e3da74c162913cdb7d882db1413f98c2,,2020-01-22/2023-03-09,observed,csv_row_Jersey_col_11/2/20,jhu_csv_observed_v1,2020-11-02,cumulative_confirmed_cases,580,cases,reported,
1.0,jhu_csse_deaths_global_csv,4e87757a3e059c45650a1e1856614f8e339ee3c70653c378a7ba6f7b0ee8c72e,,2020-01-22/2023-03-09,observed,csv_row_Jersey_col_11/2/20,jhu_csv_observed_v1,2020-11-02,cumulative_deaths,32,deaths,reported,
1.0,jhu_csse_confirmed_global_csv,e6234a59eec4359d2577358b5220e1a7e3da74c162913cdb7d882db1413f98c2,,2020-01-22/2023-03-09,observed,csv_row_Jersey_col_11/3/20,jhu_csv_observed_v1,2020-11-03,cumulative_confirmed_cases,584,cases,reported,
1.0,jhu_csse_deaths_global_csv,4e87757a3e059c45650a1e1856614f8e339ee3c70653c378a7ba6f7b0ee8c72e,,2020-01-22/2023-03-09,observed,csv_row_Jersey_col_11/3/20,jhu_csv_observed_v1,2020-11-03,cumulative_deaths,32,deaths,reported,
1.0,jhu_csse_confirmed_global_csv,e6234a59eec4359d2577358b5220e1a7e3da74c162913cdb7d882db1413f98c2,,2020-01-22/2023-03-09,observed,csv_row_Jersey_col_11/4/20,jhu_csv_observed_v1,2020-11-04,cumulative_confirmed_cases,593,cases,reported,
1.0,jhu_csse_deaths_global_csv,4e87757a3e059c45650a1e1856614f8e339ee3c70653c378a7ba6f7b0ee8c72e,,2020-01-22/2023-03-09,observed,csv_row_Jersey_col_11/4/20,jhu_csv_observed_v1,2020-11-04,cumulative_deaths,32,deaths,reported,
1.0,jhu_csse_confirmed_global_csv,e6234a59eec4359d2577358b5220e1a7e3da74c162913cdb7d882db1413f98c2,,2020-01-22/2023-03-09,observed,csv_row_Jersey_col_11/5/20,jhu_csv_observed_v1,2020-11-05,cumulative_confirmed_cases,606,cases,reported,
1.0,jhu_csse_deaths_global_csv,4e87757a3e059c45650a1e1856614f8e339ee3c70653c378a7ba6f7b0ee8c72e,,2020-01-22/2023-03-09,observed,csv_row_Jersey_col_11/5/20,jhu_csv_observed_v1,2020-11-05,cumulative_deaths,32,deaths,reported,
1.0,jhu_csse_confirmed_global_csv,e6234a59eec4359d2577358b5220e1a7e3da74c162913cdb7d882db1413f98c2,,2020-01-22/2023-03-09,observed,csv_row_Jersey_col_11/6/20,jhu_csv_observed_v1,2020-11-06,cumulative_confirmed_cases,618,cases,reported,
1.0,jhu_csse_deaths_global_csv,4e87757a3e059c45650a1e1856614f8e339ee3c70653c378a7ba6f7b0ee8c72e,,2020-01-22/2023-03-09,observed,csv_row_Jersey_col_11/6/20,jhu_csv_observed_v1,2020-11-06,cumulative_deaths,32,deaths,reported,
1.0,jhu_csse_confirmed_global_csv,e6234a59eec4359d2577358b5220e1a7e3da74c162913cdb7d882db1413f98c2,,2020-01-22/2023-03-09,observed,csv_row_Jersey_col_11/7/20,jhu_csv_observed_v1,2020-11-07,cumulative_confirmed_cases,633,cases,reported,
1.0,jhu_csse_deaths_global_csv,4e87757a3e059c45650a1e1856614f8e339ee3c70653c378a7ba6f7b0ee8c72e,,2020-01-22/2023-03-09,observed,csv_row_Jersey_col_11/7/20,jhu_csv_observed_v1,2020-11-07,cumulative_deaths,32,deaths,reported,
1.0,jhu_csse_confirmed_global_csv,e6234a59eec4359d2577358b5220e1a7e3da74c162913cdb7d882db1413f98c2,,2020-01-22/2023-03-09,observed,csv_row_Jersey_col_11/8/20,jhu_csv_observed_v1,2020-11-08,cumulative_confirmed_cases,648,cases,reported,
1.0,jhu_csse_deaths_global_csv,4e87757a3e059c45650a1e1856614f8e339ee3c70653c378a7ba6f7b0ee8c72e,,2020-01-22/2023-03-09,observed,csv_row_Jersey_col_11/8/20,jhu_csv_observed_v1,2020-11-08,cumulative_deaths,32,deaths,reported,
1.0,jhu_csse_confirmed_global_csv,e6234a59eec4359d2577358b5220e1a7e3da74c162913cdb7d882db1413f98c2,,2020-01-22/2023-03-09,observed,csv_row_Jersey_col_11/9/20,jhu_csv_observed_v1,2020-11-09,cumulative_confirmed_cases,656,cases,reported,
1.0,jhu_csse_deaths_global_csv,4e87757a3e059c45650a1e1856614f8e339ee3c70653c378a7ba6f7b0ee8c72e,,2020-01-22/2023-03-09,observed,csv_row_Jersey_col_11/9/20,jhu_csv_observed_v1,2020-11-09,cumulative_deaths,32,deaths,reported,
1.0,jhu_csse_confirmed_global_csv,e6234a59eec4359d2577358b5220e1a7e3da74c162913cdb7d882db1413f98c2,,2020-01-22/2023-03-09,observed,csv_row_Jersey_col_11/10/20,jhu_csv_observed_v1,2020-11-10,cumulative_confirmed_cases,659,cases,reported,
1.0,jhu_csse_deaths_global_csv,4e87757a3e059c45650a1e1856614f8e339ee3c70653c378a7ba6f7b0ee8c72e,,2020-01-22/2023-03-09,observed,csv_row_Jersey_col_11/10/20,jhu_csv_observed_v1,2020-11-10,cumulative_deaths,32,deaths,reported,
1.0,jhu_csse_confirmed_global_csv,e6234a59eec4359d2577358b5220e1a7e3da74c162913cdb7d882db1413f98c2,,2020-01-22/2023-03-09,observed,csv_row_Jersey_col_11/11/20,jhu_csv_observed_v1,2020-11-11,cumulative_confirmed_cases,671,cases,reported,
1.0,jhu_csse_deaths_global_csv,4e87757a3e059c45650a1e1856614f8e339ee3c70653c378a7ba6f7b0ee8c72e,,2020-01-22/2023-03-09,observed,csv_row_Jersey_col_11/11/20,jhu_csv_observed_v1,2020-11-11,cumulative_deaths,32,deaths,reported,
1.0,jhu_csse_confirmed_global_csv,e6234a59eec4359d2577358b5220e1a7e3da74c162913cdb7d882db1413f98c2,,2020-01-22/2023-03-09,observed,csv_row_Jersey_col_11/12/20,jhu_csv_observed_v1,2020-11-12,cumulative_confirmed_cases,688,cases,reported,
1.0,jhu_csse_deaths_global_csv,4e87757a3e059c45650a1e1856614f8e339ee3c70653c378a7ba6f7b0ee8c72e,,2020-01-22/2023-03-09,observed,csv_row_Jersey_col_11/12/20,jhu_csv_observed_v1,2020-11-12,cumulative_deaths,32,deaths,reported,
1.0,jhu_csse_confirmed_global_csv,e6234a59eec4359d2577358b5220e1a7e3da74c162913cdb7d882db1413f98c2,,2020-01-22/2023-03-09,observed,csv_row_Jersey_col_11/13/20,jhu_csv_observed_v1,2020-11-13,cumulative_confirmed_cases,702,cases,reported,
1.0,jhu_csse_deaths_global_csv,4e87757a3e059c45650a1e1856614f8e339ee3c70653c378a7ba6f7b0ee8c72e,,2020-01-22/2023-03-09,observed,csv_row_Jersey_col_11/13/20,jhu_csv_observed_v1,2020-11-13,cumulative_deaths,32,deaths,reported,
1.0,jhu_csse_confirmed_global_csv,e6234a59eec4359d2577358b5220e1a7e3da74c162913cdb7d882db1413f98c2,,2020-01-22/2023-03-09,observed,csv_row_Jersey_col_11/14/20,jhu_csv_observed_v1,2020-11-14,cumulative_confirmed_cases,719,cases,reported,
1.0,jhu_csse_deaths_global_csv,4e87757a3e059c45650a1e1856614f8e339ee3c70653c378a7ba6f7b0ee8c72e,,2020-01-22/2023-03-09,observed,csv_row_Jersey_col_11/14/20,jhu_csv_observed_v1,2020-11-14,cumulative_deaths,32,deaths,reported,
1.0,jhu_csse_confirmed_global_csv,e6234a59eec4359d2577358b5220e1a7e3da74c162913cdb7d882db1413f98c2,,2020-01-22/2023-03-09,observed,csv_row_Jersey_col_11/15/20,jhu_csv_observed_v1,2020-11-15,cumulative_confirmed_cases,732,cases,reported,
1.0,jhu_csse_deaths_global_csv,4e87757a3e059c45650a1e1856614f8e339ee3c70653c378a7ba6f7b0ee8c72e,,2020-01-22/2023-03-09,observed,csv_row_Jersey_col_11/15/20,jhu_csv_observed_v1,2020-11-15,cumulative_deaths,32,deaths,reported,
1.0,jhu_csse_confirmed_global_csv,e6234a59eec4359d2577358b5220e1a7e3da74c162913cdb7d882db1413f98c2,,2020-01-22/2023-03-09,observed,csv_row_Jersey_col_11/16/20,jhu_csv_observed_v1,2020-11-16,cumulative_confirmed_cases,746,cases,reported,
1.0,jhu_csse_deaths_global_csv,4e87757a3e059c45650a1e1856614f8e339ee3c70653c378a7ba6f7b0ee8c72e,,2020-01-22/2023-03-09,observed,csv_row_Jersey_col_11/16/20,jhu_csv_observed_v1,2020-11-16,cumulative_deaths,32,deaths,reported,
1.0,jhu_csse_confirmed_global_csv,e6234a59eec4359d2577358b5220e1a7e3da74c162913cdb7d882db1413f98c2,,2020-01-22/2023-03-09,observed,csv_row_Jersey_col_11/17/20,jhu_csv_observed_v1,2020-11-17,cumulative_confirmed_cases,757,cases,reported,
1.0,jhu_csse_deaths_global_csv,4e87757a3e059c45650a1e1856614f8e339ee3c70653c378a7ba6f7b0ee8c72e,,2020-01-22/2023-03-09,observed,csv_row_Jersey_col_11/17/20,jhu_csv_observed_v1,2020-11-17,cumulative_deaths,32,deaths,reported,
1.0,jhu_csse_confirmed_global_csv,e6234a59eec4359d2577358b5220e1a7e3da74c162913cdb7d882db1413f98c2,,2020-01-22/2023-03-09,observed,csv_row_Jersey_col_11/18/20,jhu_csv_observed_v1,2020-11-18,cumulative_confirmed_cases,766,cases,reported,
1.0,jhu_csse_deaths_global_csv,4e87757a3e059c45650a1e1856614f8e339ee3c70653c378a7ba6f7b0ee8c72e,,2020-01-22/2023-03-09,observed,csv_row_Jersey_col_11/18/20,jhu_csv_observed_v1,2020-11-18,cumulative_deaths,32,deaths,reported,
1.0,jhu_csse_confirmed_global_csv,e6234a59eec4359d2577358b5220e1a7e3da74c162913cdb7d882db1413f98c2,,2020-01-22/2023-03-09,observed,csv_row_Jersey_col_11/19/20,jhu_csv_observed_v1,2020-11-19,cumulative_confirmed_cases,773,cases,reported,
1.0,jhu_csse_deaths_global_csv,4e87757a3e059c45650a1e1856614f8e339ee3c70653c378a7ba6f7b0ee8c72e,,2020-01-22/2023-03-09,observed,csv_row_Jersey_col_11/19/20,jhu_csv_observed_v1,2020-11-19,cumulative_deaths,32,deaths,reported,
1.0,jhu_csse_confirmed_global_csv,e6234a59eec4359d2577358b5220e1a7e3da74c162913cdb7d882db1413f98c2,,2020-01-22/2023-03-09,observed,csv_row_Jersey_col_11/20/20,jhu_csv_observed_v1,2020-11-20,cumulative_confirmed_cases,784,cases,reported,
1.0,jhu_csse_deaths_global_csv,4e87757a3e059c45650a1e1856614f8e339ee3c70653c378a7ba6f7b0ee8c72e,,2020-01-22/2023-03-09,observed,csv_row_Jersey_col_11/20/20,jhu_csv_observed_v1,2020-11-20,cumulative_deaths,32,deaths,reported,
1.0,jhu_csse_confirmed_global_csv,e6234a59eec4359d2577358b5220e1a7e3da74c162913cdb7d882db1413f98c2,,2020-01-22/2023-03-09,observed,csv_row_Jersey_col_11/21/20,jhu_csv_observed_v1,2020-11-21,cumulative_confirmed_cases,798,cases,reported,
1.0,jhu_csse_deaths_global_csv,4e87757a3e059c45650a1e1856614f8e339ee3c70653c378a7ba6f7b0ee8c72e,,2020-01-22/2023-03-09,observed,csv_row_Jersey_col_11/21/20,jhu_csv_observed_v1,2020-11-21,cumulative_deaths,32,deaths,reported,
1.0,jhu_csse_confirmed_global_csv,e6234a59eec4359d2577358b5220e1a7e3da74c162913cdb7d882db1413f98c2,,2020-01-22/2023-03-09,observed,csv_row_Jersey_col_11/22/20,jhu_csv_observed_v1,2020-11-22,cumulative_confirmed_cases,811,cases,reported,
1.0,jhu_csse_deaths_global_csv,4e87757a3e059c45650a1e1856614f8e339ee3c70653c378a7ba6f7b0ee8c72e,,2020-01-22/2023-03-09,observed,csv_row_Jersey_col_11/22/20,jhu_csv_observed_v1,2020-11-22,cumulative_deaths,32,deaths,reported,
1.0,jhu_csse_confirmed_global_csv,e6234a59eec4359d2577358b5220e1a7e3da74c162913cdb7d882db1413f98c2,,2020-01-22/2023-03-09,observed,csv_row_Jersey_col_11/23/20,jhu_csv_observed_v1,2020-11-23,cumulative_confirmed_cases,819,cases,reported,
1.0,jhu_csse_deaths_global_csv,4e87757a3e059c45650a1e1856614f8e339ee3c70653c378a7ba6f7b0ee8c72e,,2020-01-22/2023-03-09,observed,csv_row_Jersey_col_11/23/20,jhu_csv_observed_v1,2020-11-23,cumulative_deaths,32,deaths,reported,
1.0,jhu_csse_confirmed_global_csv,e6234a59eec4359d2577358b5220e1a7e3da74c162913cdb7d882db1413f98c2,,2020-01-22/2023-03-09,observed,csv_row_Jersey_col_11/24/20,jhu_csv_observed_v1,2020-11-24,cumulative_confirmed_cases,826,cases,reported,
1.0,jhu_csse_deaths_global_csv,4e87757a3e059c45650a1e1856614f8e339ee3c70653c378a7ba6f7b0ee8c72e,,2020-01-22/2023-03-09,observed,csv_row_Jersey_col_11/24/20,jhu_csv_observed_v1,2020-11-24,cumulative_deaths,32,deaths,reported,
1.0,jhu_csse_confirmed_global_csv,e6234a59eec4359d2577358b5220e1a7e3da74c162913cdb7d882db1413f98c2,,2020-01-22/2023-03-09,observed,csv_row_Jersey_col_11/25/20,jhu_csv_observed_v1,2020-11-25,cumulative_confirmed_cases,835,cases,reported,
1.0,jhu_csse_deaths_global_csv,4e87757a3e059c45650a1e1856614f8e339ee3c70653c378a7ba6f7b0ee8c72e,,2020-01-22/2023-03-09,observed,csv_row_Jersey_col_11/25/20,jhu_csv_observed_v1,2020-11-25,cumulative_deaths,32,deaths,reported,
1.0,jhu_csse_confirmed_global_csv,e6234a59eec4359d2577358b5220e1a7e3da74c162913cdb7d882db1413f98c2,,2020-01-22/2023-03-09,observed,csv_row_Jersey_col_11/26/20,jhu_csv_observed_v1,2020-11-26,cumulative_confirmed_cases,840,cases,reported,
1.0,jhu_csse_deaths_global_csv,4e87757a3e059c45650a1e1856614f8e339ee3c70653c378a7ba6f7b0ee8c72e,,2020-01-22/2023-03-09,observed,csv_row_Jersey_col_11/26/20,jhu_csv_observed_v1,2020-11-26,cumulative_deaths,32,deaths,reported,
1.0,jhu_csse_confirmed_global_csv,e6234a59eec4359d2577358b5220e1a7e3da74c162913cdb7d882db1413f98c2,,2020-01-22/2023-03-09,observed,csv_row_Jersey_col_11/27/20,jhu_csv_observed_v1,2020-11-27,cumulative_confirmed_cases,873,cases,reported,
1.0,jhu_csse_deaths_global_csv,4e87757a3e059c45650a1e1856614f8e339ee3c70653c378a7ba6f7b0ee8c72e,,2020-01-22/2023-03-09,observed,csv_row_Jersey_col_11/27/20,jhu_csv_observed_v1,2020-11-27,cumulative_deaths,32,deaths,reported,
1.0,jhu_csse_confirmed_global_csv,e6234a59eec4359d2577358b5220e1a7e3da74c162913cdb7d882db1413f98c2,,2020-01-22/2023-03-09,observed,csv_row_Jersey_col_11/28/20,jhu_csv_observed_v1,2020-11-28,cumulative_confirmed_cases,898,cases,reported,
1.0,jhu_csse_deaths_global_csv,4e87757a3e059c45650a1e1856614f8e339ee3c70653c378a7ba6f7b0ee8c72e,,2020-01-22/2023-03-09,observed,csv_row_Jersey_col_11/28/20,jhu_csv_observed_v1,2020-11-28,cumulative_deaths,32,deaths,reported,
1.0,jhu_csse_confirmed_global_csv,e6234a59eec4359d2577358b5220e1a7e3da74c162913cdb7d882db1413f98c2,,2020-01-22/2023-03-09,observed,csv_row_Jersey_col_11/29/20,jhu_csv_observed_v1,2020-11-29,cumulative_confirmed_cases,928,cases,reported,
1.0,jhu_csse_deaths_global_csv,4e87757a3e059c45650a1e1856614f8e339ee3c70653c378a7ba6f7b0ee8c72e,,2020-01-22/2023-03-09,observed,csv_row_Jersey_col_11/29/20,jhu_csv_observed_v1,2020-11-29,cumulative_deaths,32,deaths,reported,
1.0,jhu_csse_confirmed_global_csv,e6234a59eec4359d2577358b5220e1a7e3da74c162913cdb7d882db1413f98c2,,2020-01-22/2023-03-09,observed,csv_row_Jersey_col_11/30/20,jhu_csv_observed_v1,2020-11-30,cumulative_confirmed_cases,956,cases,reported,
1.0,jhu_csse_deaths_global_csv,4e87757a3e059c45650a1e1856614f8e339ee3c70653c378a7ba6f7b0ee8c72e,,2020-01-22/2023-03-09,observed,csv_row_Jersey_col_11/30/20,jhu_csv_observed_v1,2020-11-30,cumulative_deaths,32,deaths,reported,
1.0,jhu_csse_confirmed_global_csv,e6234a59eec4359d2577358b5220e1a7e3da74c162913cdb7d882db1413f98c2,,2020-01-22/2023-03-09,observed,csv_row_Jersey_col_12/1/20,jhu_csv_observed_v1,2020-12-01,cumulative_confirmed_cases,986,cases,reported,
1.0,jhu_csse_deaths_global_csv,4e87757a3e059c45650a1e1856614f8e339ee3c70653c378a7ba6f7b0ee8c72e,,2020-01-22/2023-03-09,observed,csv_row_Jersey_col_12/1/20,jhu_csv_observed_v1,2020-12-01,cumulative_deaths,32,deaths,reported,
1.0,jhu_csse_confirmed_global_csv,e6234a59eec4359d2577358b5220e1a7e3da74c162913cdb7d882db1413f98c2,,2020-01-22/2023-03-09,observed,csv_row_Jersey_col_12/2/20,jhu_csv_observed_v1,2020-12-02,cumulative_confirmed_cases,1013,cases,reported,
1.0,jhu_csse_deaths_global_csv,4e87757a3e059c45650a1e1856614f8e339ee3c70653c378a7ba6f7b0ee8c72e,,2020-01-22/2023-03-09,observed,csv_row_Jersey_col_12/2/20,jhu_csv_observed_v1,2020-12-02,cumulative_deaths,32,deaths,reported,
1.0,jhu_csse_confirmed_global_csv,e6234a59eec4359d2577358b5220e1a7e3da74c162913cdb7d882db1413f98c2,,2020-01-22/2023-03-09,observed,csv_row_Jersey_col_12/3/20,jhu_csv_observed_v1,2020-12-03,cumulative_confirmed_cases,1048,cases,reported,
1.0,jhu_csse_deaths_global_csv,4e87757a3e059c45650a1e1856614f8e339ee3c70653c378a7ba6f7b0ee8c72e,,2020-01-22/2023-03-09,observed,csv_row_Jersey_col_12/3/20,jhu_csv_observed_v1,2020-12-03,cumulative_deaths,32,deaths,reported,
1.0,jhu_csse_confirmed_global_csv,e6234a59eec4359d2577358b5220e1a7e3da74c162913cdb7d882db1413f98c2,,2020-01-22/2023-03-09,observed,csv_row_Jersey_col_12/4/20,jhu_csv_observed_v1,2020-12-04,cumulative_confirmed_cases,1114,cases,reported,
1.0,jhu_csse_deaths_global_csv,4e87757a3e059c45650a1e1856614f8e339ee3c70653c378a7ba6f7b0ee8c72e,,2020-01-22/2023-03-09,observed,csv_row_Jersey_col_12/4/20,jhu_csv_observed_v1,2020-12-04,cumulative_deaths,32,deaths,reported,
1.0,jhu_csse_confirmed_global_csv,e6234a59eec4359d2577358b5220e1a7e3da74c162913cdb7d882db1413f98c2,,2020-01-22/2023-03-09,observed,csv_row_Jersey_col_12/5/20,jhu_csv_observed_v1,2020-12-05,cumulative_confirmed_cases,1174,cases,reported,
1.0,jhu_csse_deaths_global_csv,4e87757a3e059c45650a1e1856614f8e339ee3c70653c378a7ba6f7b0ee8c72e,,2020-01-22/2023-03-09,observed,csv_row_Jersey_col_12/5/20,jhu_csv_observed_v1,2020-12-05,cumulative_deaths,32,deaths,reported,
1.0,jhu_csse_confirmed_global_csv,e6234a59eec4359d2577358b5220e1a7e3da74c162913cdb7d882db1413f98c2,,2020-01-22/2023-03-09,observed,csv_row_Jersey_col_12/6/20,jhu_csv_observed_v1,2020-12-06,cumulative_confirmed_cases,1242,cases,reported,
1.0,jhu_csse_deaths_global_csv,4e87757a3e059c45650a1e1856614f8e339ee3c70653c378a7ba6f7b0ee8c72e,,2020-01-22/2023-03-09,observed,csv_row_Jersey_col_12/6/20,jhu_csv_observed_v1,2020-12-06,cumulative_deaths,32,deaths,reported,
1.0,jhu_csse_confirmed_global_csv,e6234a59eec4359d2577358b5220e1a7e3da74c162913cdb7d882db1413f98c2,,2020-01-22/2023-03-09,observed,csv_row_Jersey_col_12/7/20,jhu_csv_observed_v1,2020-12-07,cumulative_confirmed_cases,1265,cases,reported,
1.0,jhu_csse_deaths_global_csv,4e87757a3e059c45650a1e1856614f8e339ee3c70653c378a7ba6f7b0ee8c72e,,2020-01-22/2023-03-09,observed,csv_row_Jersey_col_12/7/20,jhu_csv_observed_v1,2020-12-07,cumulative_deaths,32,deaths,reported,
1.0,jhu_csse_confirmed_global_csv,e6234a59eec4359d2577358b5220e1a7e3da74c162913cdb7d882db1413f98c2,,2020-01-22/2023-03-09,observed,csv_row_Jersey_col_12/8/20,jhu_csv_observed_v1,2020-12-08,cumulative_confirmed_cases,1367,cases,reported,
1.0,jhu_csse_deaths_global_csv,4e87757a3e059c45650a1e1856614f8e339ee3c70653c378a7ba6f7b0ee8c72e,,2020-01-22/2023-03-09,observed,csv_row_Jersey_col_12/8/20,jhu_csv_observed_v1,2020-12-08,cumulative_deaths,32,deaths,reported,
1.0,jhu_csse_confirmed_global_csv,e6234a59eec4359d2577358b5220e1a7e3da74c162913cdb7d882db1413f98c2,,2020-01-22/2023-03-09,observed,csv_row_Jersey_col_12/9/20,jhu_csv_observed_v1,2020-12-09,cumulative_confirmed_cases,1394,cases,reported,
1.0,jhu_csse_deaths_global_csv,4e87757a3e059c45650a1e1856614f8e339ee3c70653c378a7ba6f7b0ee8c72e,,2020-01-22/2023-03-09,observed,csv_row_Jersey_col_12/9/20,jhu_csv_observed_v1,2020-12-09,cumulative_deaths,32,deaths,reported,
1.0,jhu_csse_confirmed_global_csv,e6234a59eec4359d2577358b5220e1a7e3da74c162913cdb7d882db1413f98c2,,2020-01-22/2023-03-09,observed,csv_row_Jersey_col_12/10/20,jhu_csv_observed_v1,2020-12-10,cumulative_confirmed_cases,1463,cases,reported,
1.0,jhu_csse_deaths_global_csv,4e87757a3e059c45650a1e1856614f8e339ee3c70653c378a7ba6f7b0ee8c72e,,2020-01-22/2023-03-09,observed,csv_row_Jersey_col_12/10/20,jhu_csv_observed_v1,2020-12-10,cumulative_deaths,32,deaths,reported,
1.0,jhu_csse_confirmed_global_csv,e6234a59eec4359d2577358b5220e1a7e3da74c162913cdb7d882db1413f98c2,,2020-01-22/2023-03-09,observed,csv_row_Jersey_col_12/11/20,jhu_csv_observed_v1,2020-12-11,cumulative_confirmed_cases,1520,cases,reported,
1.0,jhu_csse_deaths_global_csv,4e87757a3e059c45650a1e1856614f8e339ee3c70653c378a7ba6f7b0ee8c72e,,2020-01-22/2023-03-09,observed,csv_row_Jersey_col_12/11/20,jhu_csv_observed_v1,2020-12-11,cumulative_deaths,32,deaths,reported,
1.0,jhu_csse_confirmed_global_csv,e6234a59eec4359d2577358b5220e1a7e3da74c162913cdb7d882db1413f98c2,,2020-01-22/2023-03-09,observed,csv_row_Jersey_col_12/12/20,jhu_csv_observed_v1,2020-12-12,cumulative_confirmed_cases,1562,cases,reported,
1.0,jhu_csse_deaths_global_csv,4e87757a3e059c45650a1e1856614f8e339ee3c70653c378a7ba6f7b0ee8c72e,,2020-01-22/2023-03-09,observed,csv_row_Jersey_col_12/12/20,jhu_csv_observed_v1,2020-12-12,cumulative_deaths,32,deaths,reported,
1.0,jhu_csse_confirmed_global_csv,e6234a59eec4359d2577358b5220e1a7e3da74c162913cdb7d882db1413f98c2,,2020-01-22/2023-03-09,observed,csv_row_Jersey_col_12/13/20,jhu_csv_observed_v1,2020-12-13,cumulative_confirmed_cases,1639,cases,reported,
1.0,jhu_csse_deaths_global_csv,4e87757a3e059c45650a1e1856614f8e339ee3c70653c378a7ba6f7b0ee8c72e,,2020-01-22/2023-03-09,observed,csv_row_Jersey_col_12/13/20,jhu_csv_observed_v1,2020-12-13,cumulative_deaths,32,deaths,reported,
1.0,jhu_csse_confirmed_global_csv,e6234a59eec4359d2577358b5220e1a7e3da74c162913cdb7d882db1413f98c2,,2020-01-22/2023-03-09,observed,csv_row_Jersey_col_12/14/20,jhu_csv_observed_v1,2020-12-14,cumulative_confirmed_cases,1698,cases,reported,
1.0,jhu_csse_deaths_global_csv,4e87757a3e059c45650a1e1856614f8e339ee3c70653c378a7ba6f7b0ee8c72e,,2020-01-22/2023-03-09,observed,csv_row_Jersey_col_12/14/20,jhu_csv_observed_v1,2020-12-14,cumulative_deaths,32,deaths,reported,
1.0,jhu_csse_confirmed_global_csv,e6234a59eec4359d2577358b5220e1a7e3da74c162913cdb7d882db1413f98c2,,2020-01-22/2023-03-09,observed,csv_row_Jersey_col_12/15/20,jhu_csv_observed_v1,2020-12-15,cumulative_confirmed_cases,1786,cases,reported,
1.0,jhu_csse_deaths_global_csv,4e87757a3e059c45650a1e1856614f8e339ee3c70653c378a7ba6f7b0ee8c72e,,2020-01-22/2023-03-09,observed,csv_row_Jersey_col_12/15/20,jhu_csv_observed_v1,2020-12-15,cumulative_deaths,32,deaths,reported,
1.0,jhu_csse_confirmed_global_csv,e6234a59eec4359d2577358b5220e1a7e3da74c162913cdb7d882db1413f98c2,,2020-01-22/2023-03-09,observed,csv_row_Jersey_col_12/16/20,jhu_csv_observed_v1,2020-12-16,cumulative_confirmed_cases,1847,cases,reported,
1.0,jhu_csse_deaths_global_csv,4e87757a3e059c45650a1e1856614f8e339ee3c70653c378a7ba6f7b0ee8c72e,,2020-01-22/2023-03-09,observed,csv_row_Jersey_col_12/16/20,jhu_csv_observed_v1,2020-12-16,cumulative_deaths,32,deaths,reported,
1.0,jhu_csse_confirmed_global_csv,e6234a59eec4359d2577358b5220e1a7e3da74c162913cdb7d882db1413f98c2,,2020-01-22/2023-03-09,observed,csv_row_Jersey_col_12/17/20,jhu_csv_observed_v1,2020-12-17,cumulative_confirmed_cases,1907,cases,reported,
1.0,jhu_csse_deaths_global_csv,4e87757a3e059c45650a1e1856614f8e339ee3c70653c378a7ba6f7b0ee8c72e,,2020-01-22/2023-03-09,observed,csv_row_Jersey_col_12/17/20,jhu_csv_observed_v1,2020-12-17,cumulative_deaths,32,deaths,reported,
1.0,jhu_csse_confirmed_global_csv,e6234a59eec4359d2577358b5220e1a7e3da74c162913cdb7d882db1413f98c2,,2020-01-22/2023-03-09,observed,csv_row_Jersey_col_12/18/20,jhu_csv_observed_v1,2020-12-18,cumulative_confirmed_cases,2015,cases,reported,
1.0,jhu_csse_deaths_global_csv,4e87757a3e059c45650a1e1856614f8e339ee3c70653c378a7ba6f7b0ee8c72e,,2020-01-22/2023-03-09,observed,csv_row_Jersey_col_12/18/20,jhu_csv_observed_v1,2020-12-18,cumulative_deaths,32,deaths,reported,
1.0,jhu_csse_confirmed_global_csv,e6234a59eec4359d2577358b5220e1a7e3da74c162913cdb7d882db1413f98c2,,2020-01-22/2023-03-09,observed,csv_row_Jersey_col_12/19/20,jhu_csv_observed_v1,2020-12-19,cumulative_confirmed_cases,2115,cases,reported,
1.0,jhu_csse_deaths_global_csv,4e87757a3e059c45650a1e1856614f8e339ee3c70653c378a7ba6f7b0ee8c72e,,2020-01-22/2023-03-09,observed,csv_row_Jersey_col_12/19/20,jhu_csv_observed_v1,2020-12-19,cumulative_deaths,33,deaths,reported,
1.0,jhu_csse_confirmed_global_csv,e6234a59eec4359d2577358b5220e1a7e3da74c162913cdb7d882db1413f98c2,,2020-01-22/2023-03-09,observed,csv_row_Jersey_col_12/20/20,jhu_csv_observed_v1,2020-12-20,cumulative_confirmed_cases,2239,cases,reported,
1.0,jhu_csse_deaths_global_csv,4e87757a3e059c45650a1e1856614f8e339ee3c70653c378a7ba6f7b0ee8c72e,,2020-01-22/2023-03-09,observed,csv_row_Jersey_col_12/20/20,jhu_csv_observed_v1,2020-12-20,cumulative_deaths,36,deaths,reported,
1.0,jhu_csse_confirmed_global_csv,e6234a59eec4359d2577358b5220e1a7e3da74c162913cdb7d882db1413f98c2,,2020-01-22/2023-03-09,observed,csv_row_Jersey_col_12/21/20,jhu_csv_observed_v1,2020-12-21,cumulative_confirmed_cases,2276,cases,reported,
1.0,jhu_csse_deaths_global_csv,4e87757a3e059c45650a1e1856614f8e339ee3c70653c378a7ba6f7b0ee8c72e,,2020-01-22/2023-03-09,observed,csv_row_Jersey_col_12/21/20,jhu_csv_observed_v1,2020-12-21,cumulative_deaths,36,deaths,reported,
1.0,jhu_csse_confirmed_global_csv,e6234a59eec4359d2577358b5220e1a7e3da74c162913cdb7d882db1413f98c2,,2020-01-22/2023-03-09,observed,csv_row_Jersey_col_12/22/20,jhu_csv_observed_v1,2020-12-22,cumulative_confirmed_cases,2392,cases,reported,
1.0,jhu_csse_deaths_global_csv,4e87757a3e059c45650a1e1856614f8e339ee3c70653c378a7ba6f7b0ee8c72e,,2020-01-22/2023-03-09,observed,csv_row_Jersey_col_12/22/20,jhu_csv_observed_v1,2020-12-22,cumulative_deaths,36,deaths,reported,
1.0,jhu_csse_confirmed_global_csv,e6234a59eec4359d2577358b5220e1a7e3da74c162913cdb7d882db1413f98c2,,2020-01-22/2023-03-09,observed,csv_row_Jersey_col_12/23/20,jhu_csv_observed_v1,2020-12-23,cumulative_confirmed_cases,2445,cases,reported,
1.0,jhu_csse_deaths_global_csv,4e87757a3e059c45650a1e1856614f8e339ee3c70653c378a7ba6f7b0ee8c72e,,2020-01-22/2023-03-09,observed,csv_row_Jersey_col_12/23/20,jhu_csv_observed_v1,2020-12-23,cumulative_deaths,38,deaths,reported,
1.0,jhu_csse_confirmed_global_csv,e6234a59eec4359d2577358b5220e1a7e3da74c162913cdb7d882db1413f98c2,,2020-01-22/2023-03-09,observed,csv_row_Jersey_col_12/24/20,jhu_csv_observed_v1,2020-12-24,cumulative_confirmed_cases,2501,cases,reported,
1.0,jhu_csse_deaths_global_csv,4e87757a3e059c45650a1e1856614f8e339ee3c70653c378a7ba6f7b0ee8c72e,,2020-01-22/2023-03-09,observed,csv_row_Jersey_col_12/24/20,jhu_csv_observed_v1,2020-12-24,cumulative_deaths,39,deaths,reported,
1.0,jhu_csse_confirmed_global_csv,e6234a59eec4359d2577358b5220e1a7e3da74c162913cdb7d882db1413f98c2,,2020-01-22/2023-03-09,observed,csv_row_Jersey_col_12/25/20,jhu_csv_observed_v1,2020-12-25,cumulative_confirmed_cases,2567,cases,reported,
1.0,jhu_csse_deaths_global_csv,4e87757a3e059c45650a1e1856614f8e339ee3c70653c378a7ba6f7b0ee8c72e,,2020-01-22/2023-03-09,observed,csv_row_Jersey_col_12/25/20,jhu_csv_observed_v1,2020-12-25,cumulative_deaths,40,deaths,reported,
1.0,jhu_csse_confirmed_global_csv,e6234a59eec4359d2577358b5220e1a7e3da74c162913cdb7d882db1413f98c2,,2020-01-22/2023-03-09,observed,csv_row_Jersey_col_12/26/20,jhu_csv_observed_v1,2020-12-26,cumulative_confirmed_cases,2616,cases,reported,
1.0,jhu_csse_deaths_global_csv,4e87757a3e059c45650a1e1856614f8e339ee3c70653c378a7ba6f7b0ee8c72e,,2020-01-22/2023-03-09,observed,csv_row_Jersey_col_12/26/20,jhu_csv_observed_v1,2020-12-26,cumulative_deaths,41,deaths,reported,
1.0,jhu_csse_confirmed_global_csv,e6234a59eec4359d2577358b5220e1a7e3da74c162913cdb7d882db1413f98c2,,2020-01-22/2023-03-09,observed,csv_row_Jersey_col_12/27/20,jhu_csv_observed_v1,2020-12-27,cumulative_confirmed_cases,2639,cases,reported,
1.0,jhu_csse_deaths_global_csv,4e87757a3e059c45650a1e1856614f8e339ee3c70653c378a7ba6f7b0ee8c72e,,2020-01-22/2023-03-09,observed,csv_row_Jersey_col_12/27/20,jhu_csv_observed_v1,2020-12-27,cumulative_deaths,41,deaths,reported,
1.0,jhu_csse_confirmed_global_csv,e6234a59eec4359d2577358b5220e1a7e3da74c162913cdb7d882db1413f98c2,,2020-01-22/2023-03-09,observed,csv_row_Jersey_col_12/28/20,jhu_csv_observed_v1,2020-12-28,cumulative_confirmed_cases,2655,cases,reported,
1.0,jhu_csse_deaths_global_csv,4e87757a3e059c45650a1e1856614f8e339ee3c70653c378a7ba6f7b0ee8c72e,,2020-01-22/2023-03-09,observed,csv_row_Jersey_col_12/28/20,jhu_csv_observed_v1,2020-12-28,cumulative_deaths,41,deaths,reported,
1.0,jhu_csse_confirmed_global_csv,e6234a59eec4359d2577358b5220e1a7e3da74c162913cdb7d882db1413f98c2,,2020-01-22/2023-03-09,observed,csv_row_Jersey_col_12/29/20,jhu_csv_observed_v1,2020-12-29,cumulative_confirmed_cases,2682,cases,reported,
1.0,jhu_csse_deaths_global_csv,4e87757a3e059c45650a1e1856614f8e339ee3c70653c378a7ba6f7b0ee8c72e,,2020-01-22/2023-03-09,observed,csv_row_Jersey_col_12/29/20,jhu_csv_observed_v1,2020-12-29,cumulative_deaths,41,deaths,reported,
1.0,jhu_csse_confirmed_global_csv,e6234a59eec4359d2577358b5220e1a7e3da74c162913cdb7d882db1413f98c2,,2020-01-22/2023-03-09,observed,csv_row_Jersey_col_12/30/20,jhu_csv_observed_v1,2020-12-30,cumulative_confirmed_cases,2701,cases,reported,
1.0,jhu_csse_deaths_global_csv,4e87757a3e059c45650a1e1856614f8e339ee3c70653c378a7ba6f7b0ee8c72e,,2020-01-22/2023-03-09,observed,csv_row_Jersey_col_12/30/20,jhu_csv_observed_v1,2020-12-30,cumulative_deaths,41,deaths,reported,
1.0,jhu_csse_confirmed_global_csv,e6234a59eec4359d2577358b5220e1a7e3da74c162913cdb7d882db1413f98c2,,2020-01-22/2023-03-09,observed,csv_row_Jersey_col_12/31/20,jhu_csv_observed_v1,2020-12-31,cumulative_confirmed_cases,2712,cases,reported,
1.0,jhu_csse_deaths_global_csv,4e87757a3e059c45650a1e1856614f8e339ee3c70653c378a7ba6f7b0ee8c72e,,2020-01-22/2023-03-09,observed,csv_row_Jersey_col_12/31/20,jhu_csv_observed_v1,2020-12-31,cumulative_deaths,41,deaths,reported,
1.0,jhu_csse_confirmed_global_csv,e6234a59eec4359d2577358b5220e1a7e3da74c162913cdb7d882db1413f98c2,,2020-01-22/2023-03-09,observed,csv_row_Jersey_col_1/1/21,jhu_csv_observed_v1,2021-01-01,cumulative_confirmed_cases,2739,cases,reported,
1.0,jhu_csse_deaths_global_csv,4e87757a3e059c45650a1e1856614f8e339ee3c70653c378a7ba6f7b0ee8c72e,,2020-01-22/2023-03-09,observed,csv_row_Jersey_col_1/1/21,jhu_csv_observed_v1,2021-01-01,cumulative_deaths,42,deaths,reported,
1.0,jhu_csse_confirmed_global_csv,e6234a59eec4359d2577358b5220e1a7e3da74c162913cdb7d882db1413f98c2,,2020-01-22/2023-03-09,observed,csv_row_Jersey_col_1/2/21,jhu_csv_observed_v1,2021-01-02,cumulative_confirmed_cases,2762,cases,reported,
1.0,jhu_csse_deaths_global_csv,4e87757a3e059c45650a1e1856614f8e339ee3c70653c378a7ba6f7b0ee8c72e,,2020-01-22/2023-03-09,observed,csv_row_Jersey_col_1/2/21,jhu_csv_observed_v1,2021-01-02,cumulative_deaths,44,deaths,reported,
1.0,jhu_csse_confirmed_global_csv,e6234a59eec4359d2577358b5220e1a7e3da74c162913cdb7d882db1413f98c2,,2020-01-22/2023-03-09,observed,csv_row_Jersey_col_1/3/21,jhu_csv_observed_v1,2021-01-03,cumulative_confirmed_cases,2783,cases,reported,
1.0,jhu_csse_deaths_global_csv,4e87757a3e059c45650a1e1856614f8e339ee3c70653c378a7ba6f7b0ee8c72e,,2020-01-22/2023-03-09,observed,csv_row_Jersey_col_1/3/21,jhu_csv_observed_v1,2021-01-03,cumulative_deaths,44,deaths,reported,
1.0,jhu_csse_confirmed_global_csv,e6234a59eec4359d2577358b5220e1a7e3da74c162913cdb7d882db1413f98c2,,2020-01-22/2023-03-09,observed,csv_row_Jersey_col_1/4/21,jhu_csv_observed_v1,2021-01-04,cumulative_confirmed_cases,2799,cases,reported,
1.0,jhu_csse_deaths_global_csv,4e87757a3e059c45650a1e1856614f8e339ee3c70653c378a7ba6f7b0ee8c72e,,2020-01-22/2023-03-09,observed,csv_row_Jersey_col_1/4/21,jhu_csv_observed_v1,2021-01-04,cumulative_deaths,44,deaths,reported,
1.0,jhu_csse_confirmed_global_csv,e6234a59eec4359d2577358b5220e1a7e3da74c162913cdb7d882db1413f98c2,,2020-01-22/2023-03-09,observed,csv_row_Jersey_col_1/5/21,jhu_csv_observed_v1,2021-01-05,cumulative_confirmed_cases,2827,cases,reported,
1.0,jhu_csse_deaths_global_csv,4e87757a3e059c45650a1e1856614f8e339ee3c70653c378a7ba6f7b0ee8c72e,,2020-01-22/2023-03-09,observed,csv_row_Jersey_col_1/5/21,jhu_csv_observed_v1,2021-01-05,cumulative_deaths,44,deaths,reported,
1.0,jhu_csse_confirmed_global_csv,e6234a59eec4359d2577358b5220e1a7e3da74c162913cdb7d882db1413f98c2,,2020-01-22/2023-03-09,observed,csv_row_Jersey_col_1/6/21,jhu_csv_observed_v1,2021-01-06,cumulative_confirmed_cases,2854,cases,reported,
1.0,jhu_csse_deaths_global_csv,4e87757a3e059c45650a1e1856614f8e339ee3c70653c378a7ba6f7b0ee8c72e,,2020-01-22/2023-03-09,observed,csv_row_Jersey_col_1/6/21,jhu_csv_observed_v1,2021-01-06,cumulative_deaths,47,deaths,reported,
1.0,jhu_csse_confirmed_global_csv,e6234a59eec4359d2577358b5220e1a7e3da74c162913cdb7d882db1413f98c2,,2020-01-22/2023-03-09,observed,csv_row_Jersey_col_1/7/21,jhu_csv_observed_v1,2021-01-07,cumulative_confirmed_cases,2880,cases,reported,
1.0,jhu_csse_deaths_global_csv,4e87757a3e059c45650a1e1856614f8e339ee3c70653c378a7ba6f7b0ee8c72e,,2020-01-22/2023-03-09,observed,csv_row_Jersey_col_1/7/21,jhu_csv_observed_v1,2021-01-07,cumulative_deaths,51,deaths,reported,
1.0,jhu_csse_confirmed_global_csv,e6234a59eec4359d2577358b5220e1a7e3da74c162913cdb7d882db1413f98c2,,2020-01-22/2023-03-09,observed,csv_row_Jersey_col_1/8/21,jhu_csv_observed_v1,2021-01-08,cumulative_confirmed_cases,2897,cases,reported,
1.0,jhu_csse_deaths_global_csv,4e87757a3e059c45650a1e1856614f8e339ee3c70653c378a7ba6f7b0ee8c72e,,2020-01-22/2023-03-09,observed,csv_row_Jersey_col_1/8/21,jhu_csv_observed_v1,2021-01-08,cumulative_deaths,53,deaths,reported,
1.0,jhu_csse_confirmed_global_csv,e6234a59eec4359d2577358b5220e1a7e3da74c162913cdb7d882db1413f98c2,,2020-01-22/2023-03-09,observed,csv_row_Jersey_col_1/9/21,jhu_csv_observed_v1,2021-01-09,cumulative_confirmed_cases,2911,cases,reported,
1.0,jhu_csse_deaths_global_csv,4e87757a3e059c45650a1e1856614f8e339ee3c70653c378a7ba6f7b0ee8c72e,,2020-01-22/2023-03-09,observed,csv_row_Jersey_col_1/9/21,jhu_csv_observed_v1,2021-01-09,cumulative_deaths,56,deaths,reported,
1.0,jhu_csse_confirmed_global_csv,e6234a59eec4359d2577358b5220e1a7e3da74c162913cdb7d882db1413f98c2,,2020-01-22/2023-03-09,observed,csv_row_Jersey_col_1/10/21,jhu_csv_observed_v1,2021-01-10,cumulative_confirmed_cases,2920,cases,reported,
1.0,jhu_csse_deaths_global_csv,4e87757a3e059c45650a1e1856614f8e339ee3c70653c378a7ba6f7b0ee8c72e,,2020-01-22/2023-03-09,observed,csv_row_Jersey_col_1/10/21,jhu_csv_observed_v1,2021-01-10,cumulative_deaths,57,deaths,reported,
1.0,jhu_csse_confirmed_global_csv,e6234a59eec4359d2577358b5220e1a7e3da74c162913cdb7d882db1413f98c2,,2020-01-22/2023-03-09,observed,csv_row_Jersey_col_1/11/21,jhu_csv_observed_v1,2021-01-11,cumulative_confirmed_cases,2964,cases,reported,
1.0,jhu_csse_deaths_global_csv,4e87757a3e059c45650a1e1856614f8e339ee3c70653c378a7ba6f7b0ee8c72e,,2020-01-22/2023-03-09,observed,csv_row_Jersey_col_1/11/21,jhu_csv_observed_v1,2021-01-11,cumulative_deaths,57,deaths,reported,
1.0,jhu_csse_confirmed_global_csv,e6234a59eec4359d2577358b5220e1a7e3da74c162913cdb7d882db1413f98c2,,2020-01-22/2023-03-09,observed,csv_row_Jersey_col_1/12/21,jhu_csv_observed_v1,2021-01-12,cumulative_confirmed_cases,2982,cases,reported,
1.0,jhu_csse_deaths_global_csv,4e87757a3e059c45650a1e1856614f8e339ee3c70653c378a7ba6f7b0ee8c72e,,2020-01-22/2023-03-09,observed,csv_row_Jersey_col_1/12/21,jhu_csv_observed_v1,2021-01-12,cumulative_deaths,57,deaths,reported,
1.0,jhu_csse_confirmed_global_csv,e6234a59eec4359d2577358b5220e1a7e3da74c162913cdb7d882db1413f98c2,,2020-01-22/2023-03-09,observed,csv_row_Jersey_col_1/13/21,jhu_csv_observed_v1,2021-01-13,cumulative_confirmed_cases,2996,cases,reported,
1.0,jhu_csse_deaths_global_csv,4e87757a3e059c45650a1e1856614f8e339ee3c70653c378a7ba6f7b0ee8c72e,,2020-01-22/2023-03-09,observed,csv_row_Jersey_col_1/13/21,jhu_csv_observed_v1,2021-01-13,cumulative_deaths,59,deaths,reported,
1.0,jhu_csse_confirmed_global_csv,e6234a59eec4359d2577358b5220e1a7e3da74c162913cdb7d882db1413f98c2,,2020-01-22/2023-03-09,observed,csv_row_Jersey_col_1/14/21,jhu_csv_observed_v1,2021-01-14,cumulative_confirmed_cases,3005,cases,reported,
1.0,jhu_csse_deaths_global_csv,4e87757a3e059c45650a1e1856614f8e339ee3c70653c378a7ba6f7b0ee8c72e,,2020-01-22/2023-03-09,observed,csv_row_Jersey_col_1/14/21,jhu_csv_observed_v1,2021-01-14,cumulative_deaths,59,deaths,reported,
1.0,jhu_csse_confirmed_global_csv,e6234a59eec4359d2577358b5220e1a7e3da74c162913cdb7d882db1413f98c2,,2020-01-22/2023-03-09,observed,csv_row_Jersey_col_1/15/21,jhu_csv_observed_v1,2021-01-15,cumulative_confirmed_cases,3022,cases,reported,
1.0,jhu_csse_deaths_global_csv,4e87757a3e059c45650a1e1856614f8e339ee3c70653c378a7ba6f7b0ee8c72e,,2020-01-22/2023-03-09,observed,csv_row_Jersey_col_1/15/21,jhu_csv_observed_v1,2021-01-15,cumulative_deaths,60,deaths,reported,
1.0,jhu_csse_confirmed_global_csv,e6234a59eec4359d2577358b5220e1a7e3da74c162913cdb7d882db1413f98c2,,2020-01-22/2023-03-09,observed,csv_row_Jersey_col_1/16/21,jhu_csv_observed_v1,2021-01-16,cumulative_confirmed_cases,3033,cases,reported,
1.0,jhu_csse_deaths_global_csv,4e87757a3e059c45650a1e1856614f8e339ee3c70653c378a7ba6f7b0ee8c72e,,2020-01-22/2023-03-09,observed,csv_row_Jersey_col_1/16/21,jhu_csv_observed_v1,2021-01-16,cumulative_deaths,60,deaths,reported,
1.0,jhu_csse_confirmed_global_csv,e6234a59eec4359d2577358b5220e1a7e3da74c162913cdb7d882db1413f98c2,,2020-01-22/2023-03-09,observed,csv_row_Jersey_col_1/17/21,jhu_csv_observed_v1,2021-01-17,cumulative_confirmed_cases,3044,cases,reported,
1.0,jhu_csse_deaths_global_csv,4e87757a3e059c45650a1e1856614f8e339ee3c70653c378a7ba6f7b0ee8c72e,,2020-01-22/2023-03-09,observed,csv_row_Jersey_col_1/17/21,jhu_csv_observed_v1,2021-01-17,cumulative_deaths,62,deaths,reported,
1.0,jhu_csse_confirmed_global_csv,e6234a59eec4359d2577358b5220e1a7e3da74c162913cdb7d882db1413f98c2,,2020-01-22/2023-03-09,observed,csv_row_Jersey_col_1/18/21,jhu_csv_observed_v1,2021-01-18,cumulative_confirmed_cases,3051,cases,reported,
1.0,jhu_csse_deaths_global_csv,4e87757a3e059c45650a1e1856614f8e339ee3c70653c378a7ba6f7b0ee8c72e,,2020-01-22/2023-03-09,observed,csv_row_Jersey_col_1/18/21,jhu_csv_observed_v1,2021-01-18,cumulative_deaths,62,deaths,reported,
1.0,jhu_csse_confirmed_global_csv,e6234a59eec4359d2577358b5220e1a7e3da74c162913cdb7d882db1413f98c2,,2020-01-22/2023-03-09,observed,csv_row_Jersey_col_1/19/21,jhu_csv_observed_v1,2021-01-19,cumulative_confirmed_cases,3056,cases,reported,
1.0,jhu_csse_deaths_global_csv,4e87757a3e059c45650a1e1856614f8e339ee3c70653c378a7ba6f7b0ee8c72e,,2020-01-22/2023-03-09,observed,csv_row_Jersey_col_1/19/21,jhu_csv_observed_v1,2021-01-19,cumulative_deaths,62,deaths,reported,
1.0,jhu_csse_confirmed_global_csv,e6234a59eec4359d2577358b5220e1a7e3da74c162913cdb7d882db1413f98c2,,2020-01-22/2023-03-09,observed,csv_row_Jersey_col_1/20/21,jhu_csv_observed_v1,2021-01-20,cumulative_confirmed_cases,3065,cases,reported,
1.0,jhu_csse_deaths_global_csv,4e87757a3e059c45650a1e1856614f8e339ee3c70653c378a7ba6f7b0ee8c72e,,2020-01-22/2023-03-09,observed,csv_row_Jersey_col_1/20/21,jhu_csv_observed_v1,2021-01-20,cumulative_deaths,62,deaths,reported,
1.0,jhu_csse_confirmed_global_csv,e6234a59eec4359d2577358b5220e1a7e3da74c162913cdb7d882db1413f98c2,,2020-01-22/2023-03-09,observed,csv_row_Jersey_col_1/21/21,jhu_csv_observed_v1,2021-01-21,cumulative_confirmed_cases,3077,cases,reported,
1.0,jhu_csse_deaths_global_csv,4e87757a3e059c45650a1e1856614f8e339ee3c70653c378a7ba6f7b0ee8c72e,,2020-01-22/2023-03-09,observed,csv_row_Jersey_col_1/21/21,jhu_csv_observed_v1,2021-01-21,cumulative_deaths,62,deaths,reported,
1.0,jhu_csse_confirmed_global_csv,e6234a59eec4359d2577358b5220e1a7e3da74c162913cdb7d882db1413f98c2,,2020-01-22/2023-03-09,observed,csv_row_Jersey_col_1/22/21,jhu_csv_observed_v1,2021-01-22,cumulative_confirmed_cases,3090,cases,reported,
1.0,jhu_csse_deaths_global_csv,4e87757a3e059c45650a1e1856614f8e339ee3c70653c378a7ba6f7b0ee8c72e,,2020-01-22/2023-03-09,observed,csv_row_Jersey_col_1/22/21,jhu_csv_observed_v1,2021-01-22,cumulative_deaths,62,deaths,reported,
1.0,jhu_csse_confirmed_global_csv,e6234a59eec4359d2577358b5220e1a7e3da74c162913cdb7d882db1413f98c2,,2020-01-22/2023-03-09,observed,csv_row_Jersey_col_1/23/21,jhu_csv_observed_v1,2021-01-23,cumulative_confirmed_cases,3096,cases,reported,
1.0,jhu_csse_deaths_global_csv,4e87757a3e059c45650a1e1856614f8e339ee3c70653c378a7ba6f7b0ee8c72e,,2020-01-22/2023-03-09,observed,csv_row_Jersey_col_1/23/21,jhu_csv_observed_v1,2021-01-23,cumulative_deaths,62,deaths,reported,
1.0,jhu_csse_confirmed_global_csv,e6234a59eec4359d2577358b5220e1a7e3da74c162913cdb7d882db1413f98c2,,2020-01-22/2023-03-09,observed,csv_row_Jersey_col_1/24/21,jhu_csv_observed_v1,2021-01-24,cumulative_confirmed_cases,3113,cases,reported,
1.0,jhu_csse_deaths_global_csv,4e87757a3e059c45650a1e1856614f8e339ee3c70653c378a7ba6f7b0ee8c72e,,2020-01-22/2023-03-09,observed,csv_row_Jersey_col_1/24/21,jhu_csv_observed_v1,2021-01-24,cumulative_deaths,63,deaths,reported,
1.0,jhu_csse_confirmed_global_csv,e6234a59eec4359d2577358b5220e1a7e3da74c162913cdb7d882db1413f98c2,,2020-01-22/2023-03-09,observed,csv_row_Jersey_col_1/25/21,jhu_csv_observed_v1,2021-01-25,cumulative_confirmed_cases,3116,cases,reported,
1.0,jhu_csse_deaths_global_csv,4e87757a3e059c45650a1e1856614f8e339ee3c70653c378a7ba6f7b0ee8c72e,,2020-01-22/2023-03-09,observed,csv_row_Jersey_col_1/25/21,jhu_csv_observed_v1,2021-01-25,cumulative_deaths,63,deaths,reported,
1.0,jhu_csse_confirmed_global_csv,e6234a59eec4359d2577358b5220e1a7e3da74c162913cdb7d882db1413f98c2,,2020-01-22/2023-03-09,observed,csv_row_Jersey_col_1/26/21,jhu_csv_observed_v1,2021-01-26,cumulative_confirmed_cases,3122,cases,reported,
1.0,jhu_csse_deaths_global_csv,4e87757a3e059c45650a1e1856614f8e339ee3c70653c378a7ba6f7b0ee8c72e,,2020-01-22/2023-03-09,observed,csv_row_Jersey_col_1/26/21,jhu_csv_observed_v1,2021-01-26,cumulative_deaths,63,deaths,reported,
1.0,jhu_csse_confirmed_global_csv,e6234a59eec4359d2577358b5220e1a7e3da74c162913cdb7d882db1413f98c2,,2020-01-22/2023-03-09,observed,csv_row_Jersey_col_1/27/21,jhu_csv_observed_v1,2021-01-27,cumulative_confirmed_cases,3125,cases,reported,
1.0,jhu_csse_deaths_global_csv,4e87757a3e059c45650a1e1856614f8e339ee3c70653c378a7ba6f7b0ee8c72e,,2020-01-22/2023-03-09,observed,csv_row_Jersey_col_1/27/21,jhu_csv_observed_v1,2021-01-27,cumulative_deaths,63,deaths,reported,
1.0,jhu_csse_confirmed_global_csv,e6234a59eec4359d2577358b5220e1a7e3da74c162913cdb7d882db1413f98c2,,2020-01-22/2023-03-09,observed,csv_row_Jersey_col_1/28/21,jhu_csv_observed_v1,2021-01-28,cumulative_confirmed_cases,3130,cases,reported,
1.0,jhu_csse_deaths_global_csv,4e87757a3e059c45650a1e1856614f8e339ee3c70653c378a7ba6f7b0ee8c72e,,2020-01-22/2023-03-09,observed,csv_row_Jersey_col_1/28/21,jhu_csv_observed_v1,2021-01-28,cumulative_deaths,63,deaths,reported,
1.0,jhu_csse_confirmed_global_csv,e6234a59eec4359d2577358b5220e1a7e3da74c162913cdb7d882db1413f98c2,,2020-01-22/2023-03-09,observed,csv_row_Jersey_col_1/29/21,jhu_csv_observed_v1,2021-01-29,cumulative_confirmed_cases,3135,cases,reported,
1.0,jhu_csse_deaths_global_csv,4e87757a3e059c45650a1e1856614f8e339ee3c70653c378a7ba6f7b0ee8c72e,,2020-01-22/2023-03-09,observed,csv_row_Jersey_col_1/29/21,jhu_csv_observed_v1,2021-01-29,cumulative_deaths,64,deaths,reported,
1.0,jhu_csse_confirmed_global_csv,e6234a59eec4359d2577358b5220e1a7e3da74c162913cdb7d882db1413f98c2,,2020-01-22/2023-03-09,observed,csv_row_Jersey_col_1/30/21,jhu_csv_observed_v1,2021-01-30,cumulative_confirmed_cases,3140,cases,reported,
1.0,jhu_csse_deaths_global_csv,4e87757a3e059c45650a1e1856614f8e339ee3c70653c378a7ba6f7b0ee8c72e,,2020-01-22/2023-03-09,observed,csv_row_Jersey_col_1/30/21,jhu_csv_observed_v1,2021-01-30,cumulative_deaths,65,deaths,reported,
1.0,jhu_csse_confirmed_global_csv,e6234a59eec4359d2577358b5220e1a7e3da74c162913cdb7d882db1413f98c2,,2020-01-22/2023-03-09,observed,csv_row_Jersey_col_1/31/21,jhu_csv_observed_v1,2021-01-31,cumulative_confirmed_cases,3142,cases,reported,
1.0,jhu_csse_deaths_global_csv,4e87757a3e059c45650a1e1856614f8e339ee3c70653c378a7ba6f7b0ee8c72e,,2020-01-22/2023-03-09,observed,csv_row_Jersey_col_1/31/21,jhu_csv_observed_v1,2021-01-31,cumulative_deaths,66,deaths,reported,
1.0,jhu_csse_confirmed_global_csv,e6234a59eec4359d2577358b5220e1a7e3da74c162913cdb7d882db1413f98c2,,2020-01-22/2023-03-09,observed,csv_row_Jersey_col_2/1/21,jhu_csv_observed_v1,2021-02-01,cumulative_confirmed_cases,3150,cases,reported,
1.0,jhu_csse_deaths_global_csv,4e87757a3e059c45650a1e1856614f8e339ee3c70653c378a7ba6f7b0ee8c72e,,2020-01-22/2023-03-09,observed,csv_row_Jersey_col_2/1/21,jhu_csv_observed_v1,2021-02-01,cumulative_deaths,66,deaths,reported,
1.0,jhu_csse_confirmed_global_csv,e6234a59eec4359d2577358b5220e1a7e3da74c162913cdb7d882db1413f98c2,,2020-01-22/2023-03-09,observed,csv_row_Jersey_col_2/2/21,jhu_csv_observed_v1,2021-02-02,cumulative_confirmed_cases,3150,cases,reported,
1.0,jhu_csse_deaths_global_csv,4e87757a3e059c45650a1e1856614f8e339ee3c70653c378a7ba6f7b0ee8c72e,,2020-01-22/2023-03-09,observed,csv_row_Jersey_col_2/2/21,jhu_csv_observed_v1,2021-02-02,cumulative_deaths,66,deaths,reported,
1.0,jhu_csse_confirmed_global_csv,e6234a59eec4359d2577358b5220e1a7e3da74c162913cdb7d882db1413f98c2,,2020-01-22/2023-03-09,observed,csv_row_Jersey_col_2/3/21,jhu_csv_observed_v1,2021-02-03,cumulative_confirmed_cases,3157,cases,reported,
1.0,jhu_csse_deaths_global_csv,4e87757a3e059c45650a1e1856614f8e339ee3c70653c378a7ba6f7b0ee8c72e,,2020-01-22/2023-03-09,observed,csv_row_Jersey_col_2/3/21,jhu_csv_observed_v1,2021-02-03,cumulative_deaths,66,deaths,reported,
1.0,jhu_csse_confirmed_global_csv,e6234a59eec4359d2577358b5220e1a7e3da74c162913cdb7d882db1413f98c2,,2020-01-22/2023-03-09,observed,csv_row_Jersey_col_2/4/21,jhu_csv_observed_v1,2021-02-04,cumulative_confirmed_cases,3159,cases,reported,
1.0,jhu_csse_deaths_global_csv,4e87757a3e059c45650a1e1856614f8e339ee3c70653c378a7ba6f7b0ee8c72e,,2020-01-22/2023-03-09,observed,csv_row_Jersey_col_2/4/21,jhu_csv_observed_v1,2021-02-04,cumulative_deaths,67,deaths,reported,
1.0,jhu_csse_confirmed_global_csv,e6234a59eec4359d2577358b5220e1a7e3da74c162913cdb7d882db1413f98c2,,2020-01-22/2023-03-09,observed,csv_row_Jersey_col_2/5/21,jhu_csv_observed_v1,2021-02-05,cumulative_confirmed_cases,3169,cases,reported,
1.0,jhu_csse_deaths_global_csv,4e87757a3e059c45650a1e1856614f8e339ee3c70653c378a7ba6f7b0ee8c72e,,2020-01-22/2023-03-09,observed,csv_row_Jersey_col_2/5/21,jhu_csv_observed_v1,2021-02-05,cumulative_deaths,67,deaths,reported,
1.0,jhu_csse_confirmed_global_csv,e6234a59eec4359d2577358b5220e1a7e3da74c162913cdb7d882db1413f98c2,,2020-01-22/2023-03-09,observed,csv_row_Jersey_col_2/6/21,jhu_csv_observed_v1,2021-02-06,cumulative_confirmed_cases,3169,cases,reported,
1.0,jhu_csse_deaths_global_csv,4e87757a3e059c45650a1e1856614f8e339ee3c70653c378a7ba6f7b0ee8c72e,,2020-01-22/2023-03-09,observed,csv_row_Jersey_col_2/6/21,jhu_csv_observed_v1,2021-02-06,cumulative_deaths,67,deaths,reported,
1.0,jhu_csse_confirmed_global_csv,e6234a59eec4359d2577358b5220e1a7e3da74c162913cdb7d882db1413f98c2,,2020-01-22/2023-03-09,observed,csv_row_Jersey_col_2/7/21,jhu_csv_observed_v1,2021-02-07,cumulative_confirmed_cases,3171,cases,reported,
1.0,jhu_csse_deaths_global_csv,4e87757a3e059c45650a1e1856614f8e339ee3c70653c378a7ba6f7b0ee8c72e,,2020-01-22/2023-03-09,observed,csv_row_Jersey_col_2/7/21,jhu_csv_observed_v1,2021-02-07,cumulative_deaths,67,deaths,reported,
1.0,jhu_csse_confirmed_global_csv,e6234a59eec4359d2577358b5220e1a7e3da74c162913cdb7d882db1413f98c2,,2020-01-22/2023-03-09,observed,csv_row_Jersey_col_2/8/21,jhu_csv_observed_v1,2021-02-08,cumulative_confirmed_cases,3173,cases,reported,
1.0,jhu_csse_deaths_global_csv,4e87757a3e059c45650a1e1856614f8e339ee3c70653c378a7ba6f7b0ee8c72e,,2020-01-22/2023-03-09,observed,csv_row_Jersey_col_2/8/21,jhu_csv_observed_v1,2021-02-08,cumulative_deaths,67,deaths,reported,
1.0,jhu_csse_confirmed_global_csv,e6234a59eec4359d2577358b5220e1a7e3da74c162913cdb7d882db1413f98c2,,2020-01-22/2023-03-09,observed,csv_row_Jersey_col_2/9/21,jhu_csv_observed_v1,2021-02-09,cumulative_confirmed_cases,3174,cases,reported,
1.0,jhu_csse_deaths_global_csv,4e87757a3e059c45650a1e1856614f8e339ee3c70653c378a7ba6f7b0ee8c72e,,2020-01-22/2023-03-09,observed,csv_row_Jersey_col_2/9/21,jhu_csv_observed_v1,2021-02-09,cumulative_deaths,67,deaths,reported,
1.0,jhu_csse_confirmed_global_csv,e6234a59eec4359d2577358b5220e1a7e3da74c162913cdb7d882db1413f98c2,,2020-01-22/2023-03-09,observed,csv_row_Jersey_col_2/10/21,jhu_csv_observed_v1,2021-02-10,cumulative_confirmed_cases,3180,cases,reported,
1.0,jhu_csse_deaths_global_csv,4e87757a3e059c45650a1e1856614f8e339ee3c70653c378a7ba6f7b0ee8c72e,,2020-01-22/2023-03-09,observed,csv_row_Jersey_col_2/10/21,jhu_csv_observed_v1,2021-02-10,cumulative_deaths,67,deaths,reported,
1.0,jhu_csse_confirmed_global_csv,e6234a59eec4359d2577358b5220e1a7e3da74c162913cdb7d882db1413f98c2,,2020-01-22/2023-03-09,observed,csv_row_Jersey_col_2/11/21,jhu_csv_observed_v1,2021-02-11,cumulative_confirmed_cases,3186,cases,reported,
1.0,jhu_csse_deaths_global_csv,4e87757a3e059c45650a1e1856614f8e339ee3c70653c378a7ba6f7b0ee8c72e,,2020-01-22/2023-03-09,observed,csv_row_Jersey_col_2/11/21,jhu_csv_observed_v1,2021-02-11,cumulative_deaths,67,deaths,reported,
1.0,jhu_csse_confirmed_global_csv,e6234a59eec4359d2577358b5220e1a7e3da74c162913cdb7d882db1413f98c2,,2020-01-22/2023-03-09,observed,csv_row_Jersey_col_2/12/21,jhu_csv_observed_v1,2021-02-12,cumulative_confirmed_cases,3188,cases,reported,
1.0,jhu_csse_deaths_global_csv,4e87757a3e059c45650a1e1856614f8e339ee3c70653c378a7ba6f7b0ee8c72e,,2020-01-22/2023-03-09,observed,csv_row_Jersey_col_2/12/21,jhu_csv_observed_v1,2021-02-12,cumulative_deaths,67,deaths,reported,
1.0,jhu_csse_confirmed_global_csv,e6234a59eec4359d2577358b5220e1a7e3da74c162913cdb7d882db1413f98c2,,2020-01-22/2023-03-09,observed,csv_row_Jersey_col_2/13/21,jhu_csv_observed_v1,2021-02-13,cumulative_confirmed_cases,3190,cases,reported,
1.0,jhu_csse_deaths_global_csv,4e87757a3e059c45650a1e1856614f8e339ee3c70653c378a7ba6f7b0ee8c72e,,2020-01-22/2023-03-09,observed,csv_row_Jersey_col_2/13/21,jhu_csv_observed_v1,2021-02-13,cumulative_deaths,67,deaths,reported,
1.0,jhu_csse_confirmed_global_csv,e6234a59eec4359d2577358b5220e1a7e3da74c162913cdb7d882db1413f98c2,,2020-01-22/2023-03-09,observed,csv_row_Jersey_col_2/14/21,jhu_csv_observed_v1,2021-02-14,cumulative_confirmed_cases,3196,cases,reported,
1.0,jhu_csse_deaths_global_csv,4e87757a3e059c45650a1e1856614f8e339ee3c70653c378a7ba6f7b0ee8c72e,,2020-01-22/2023-03-09,observed,csv_row_Jersey_col_2/14/21,jhu_csv_observed_v1,2021-02-14,cumulative_deaths,67,deaths,reported,
1.0,jhu_csse_confirmed_global_csv,e6234a59eec4359d2577358b5220e1a7e3da74c162913cdb7d882db1413f98c2,,2020-01-22/2023-03-09,observed,csv_row_Jersey_col_2/15/21,jhu_csv_observed_v1,2021-02-15,cumulative_confirmed_cases,3198,cases,reported,
1.0,jhu_csse_deaths_global_csv,4e87757a3e059c45650a1e1856614f8e339ee3c70653c378a7ba6f7b0ee8c72e,,2020-01-22/2023-03-09,observed,csv_row_Jersey_col_2/15/21,jhu_csv_observed_v1,2021-02-15,cumulative_deaths,67,deaths,reported,
1.0,jhu_csse_confirmed_global_csv,e6234a59eec4359d2577358b5220e1a7e3da74c162913cdb7d882db1413f98c2,,2020-01-22/2023-03-09,observed,csv_row_Jersey_col_2/16/21,jhu_csv_observed_v1,2021-02-16,cumulative_confirmed_cases,3201,cases,reported,
1.0,jhu_csse_deaths_global_csv,4e87757a3e059c45650a1e1856614f8e339ee3c70653c378a7ba6f7b0ee8c72e,,2020-01-22/2023-03-09,observed,csv_row_Jersey_col_2/16/21,jhu_csv_observed_v1,2021-02-16,cumulative_deaths,67,deaths,reported,
1.0,jhu_csse_confirmed_global_csv,e6234a59eec4359d2577358b5220e1a7e3da74c162913cdb7d882db1413f98c2,,2020-01-22/2023-03-09,observed,csv_row_Jersey_col_2/17/21,jhu_csv_observed_v1,2021-02-17,cumulative_confirmed_cases,3202,cases,reported,
1.0,jhu_csse_deaths_global_csv,4e87757a3e059c45650a1e1856614f8e339ee3c70653c378a7ba6f7b0ee8c72e,,2020-01-22/2023-03-09,observed,csv_row_Jersey_col_2/17/21,jhu_csv_observed_v1,2021-02-17,cumulative_deaths,68,deaths,reported,
1.0,jhu_csse_confirmed_global_csv,e6234a59eec4359d2577358b5220e1a7e3da74c162913cdb7d882db1413f98c2,,2020-01-22/2023-03-09,observed,csv_row_Jersey_col_2/18/21,jhu_csv_observed_v1,2021-02-18,cumulative_confirmed_cases,3204,cases,reported,
1.0,jhu_csse_deaths_global_csv,4e87757a3e059c45650a1e1856614f8e339ee3c70653c378a7ba6f7b0ee8c72e,,2020-01-22/2023-03-09,observed,csv_row_Jersey_col_2/18/21,jhu_csv_observed_v1,2021-02-18,cumulative_deaths,68,deaths,reported,
1.0,jhu_csse_confirmed_global_csv,e6234a59eec4359d2577358b5220e1a7e3da74c162913cdb7d882db1413f98c2,,2020-01-22/2023-03-09,observed,csv_row_Jersey_col_2/19/21,jhu_csv_observed_v1,2021-02-19,cumulative_confirmed_cases,3206,cases,reported,
1.0,jhu_csse_deaths_global_csv,4e87757a3e059c45650a1e1856614f8e339ee3c70653c378a7ba6f7b0ee8c72e,,2020-01-22/2023-03-09,observed,csv_row_Jersey_col_2/19/21,jhu_csv_observed_v1,2021-02-19,cumulative_deaths,68,deaths,reported,
1.0,jhu_csse_confirmed_global_csv,e6234a59eec4359d2577358b5220e1a7e3da74c162913cdb7d882db1413f98c2,,2020-01-22/2023-03-09,observed,csv_row_Jersey_col_2/20/21,jhu_csv_observed_v1,2021-02-20,cumulative_confirmed_cases,3209,cases,reported,
1.0,jhu_csse_deaths_global_csv,4e87757a3e059c45650a1e1856614f8e339ee3c70653c378a7ba6f7b0ee8c72e,,2020-01-22/2023-03-09,observed,csv_row_Jersey_col_2/20/21,jhu_csv_observed_v1,2021-02-20,cumulative_deaths,68,deaths,reported,
1.0,jhu_csse_confirmed_global_csv,e6234a59eec4359d2577358b5220e1a7e3da74c162913cdb7d882db1413f98c2,,2020-01-22/2023-03-09,observed,csv_row_Jersey_col_2/21/21,jhu_csv_observed_v1,2021-02-21,cumulative_confirmed_cases,3211,cases,reported,
1.0,jhu_csse_deaths_global_csv,4e87757a3e059c45650a1e1856614f8e339ee3c70653c378a7ba6f7b0ee8c72e,,2020-01-22/2023-03-09,observed,csv_row_Jersey_col_2/21/21,jhu_csv_observed_v1,2021-02-21,cumulative_deaths,68,deaths,reported,
1.0,jhu_csse_confirmed_global_csv,e6234a59eec4359d2577358b5220e1a7e3da74c162913cdb7d882db1413f98c2,,2020-01-22/2023-03-09,observed,csv_row_Jersey_col_2/22/21,jhu_csv_observed_v1,2021-02-22,cumulative_confirmed_cases,3211,cases,reported,
1.0,jhu_csse_deaths_global_csv,4e87757a3e059c45650a1e1856614f8e339ee3c70653c378a7ba6f7b0ee8c72e,,2020-01-22/2023-03-09,observed,csv_row_Jersey_col_2/22/21,jhu_csv_observed_v1,2021-02-22,cumulative_deaths,68,deaths,reported,
1.0,jhu_csse_confirmed_global_csv,e6234a59eec4359d2577358b5220e1a7e3da74c162913cdb7d882db1413f98c2,,2020-01-22/2023-03-09,observed,csv_row_Jersey_col_2/23/21,jhu_csv_observed_v1,2021-02-23,cumulative_confirmed_cases,3211,cases,reported,
1.0,jhu_csse_deaths_global_csv,4e87757a3e059c45650a1e1856614f8e339ee3c70653c378a7ba6f7b0ee8c72e,,2020-01-22/2023-03-09,observed,csv_row_Jersey_col_2/23/21,jhu_csv_observed_v1,2021-02-23,cumulative_deaths,68,deaths,reported,
1.0,jhu_csse_confirmed_global_csv,e6234a59eec4359d2577358b5220e1a7e3da74c162913cdb7d882db1413f98c2,,2020-01-22/2023-03-09,observed,csv_row_Jersey_col_2/24/21,jhu_csv_observed_v1,2021-02-24,cumulative_confirmed_cases,3211,cases,reported,
1.0,jhu_csse_deaths_global_csv,4e87757a3e059c45650a1e1856614f8e339ee3c70653c378a7ba6f7b0ee8c72e,,2020-01-22/2023-03-09,observed,csv_row_Jersey_col_2/24/21,jhu_csv_observed_v1,2021-02-24,cumulative_deaths,68,deaths,reported,
1.0,jhu_csse_confirmed_global_csv,e6234a59eec4359d2577358b5220e1a7e3da74c162913cdb7d882db1413f98c2,,2020-01-22/2023-03-09,observed,csv_row_Jersey_col_2/25/21,jhu_csv_observed_v1,2021-02-25,cumulative_confirmed_cases,3211,cases,reported,
1.0,jhu_csse_deaths_global_csv,4e87757a3e059c45650a1e1856614f8e339ee3c70653c378a7ba6f7b0ee8c72e,,2020-01-22/2023-03-09,observed,csv_row_Jersey_col_2/25/21,jhu_csv_observed_v1,2021-02-25,cumulative_deaths,68,deaths,reported,
1.0,jhu_csse_confirmed_global_csv,e6234a59eec4359d2577358b5220e1a7e3da74c162913cdb7d882db1413f98c2,,2020-01-22/2023-03-09,observed,csv_row_Jersey_col_2/26/21,jhu_csv_observed_v1,2021-02-26,cumulative_confirmed_cases,3211,cases,reported,
1.0,jhu_csse_deaths_global_csv,4e87757a3e059c45650a1e1856614f8e339ee3c70653c378a7ba6f7b0ee8c72e,,2020-01-22/2023-03-09,observed,csv_row_Jersey_col_2/26/21,jhu_csv_observed_v1,2021-02-26,cumulative_deaths,69,deaths,reported,
1.0,jhu_csse_confirmed_global_csv,e6234a59eec4359d2577358b5220e1a7e3da74c162913cdb7d882db1413f98c2,,2020-01-22/2023-03-09,observed,csv_row_Jersey_col_2/27/21,jhu_csv_observed_v1,2021-02-27,cumulative_confirmed_cases,3212,cases,reported,
1.0,jhu_csse_deaths_global_csv,4e87757a3e059c45650a1e1856614f8e339ee3c70653c378a7ba6f7b0ee8c72e,,2020-01-22/2023-03-09,observed,csv_row_Jersey_col_2/27/21,jhu_csv_observed_v1,2021-02-27,cumulative_deaths,69,deaths,reported,
1.0,jhu_csse_confirmed_global_csv,e6234a59eec4359d2577358b5220e1a7e3da74c162913cdb7d882db1413f98c2,,2020-01-22/2023-03-09,observed,csv_row_Jersey_col_2/28/21,jhu_csv_observed_v1,2021-02-28,cumulative_confirmed_cases,3213,cases,reported,
1.0,jhu_csse_deaths_global_csv,4e87757a3e059c45650a1e1856614f8e339ee3c70653c378a7ba6f7b0ee8c72e,,2020-01-22/2023-03-09,observed,csv_row_Jersey_col_2/28/21,jhu_csv_observed_v1,2021-02-28,cumulative_deaths,69,deaths,reported,
1.0,jhu_csse_confirmed_global_csv,e6234a59eec4359d2577358b5220e1a7e3da74c162913cdb7d882db1413f98c2,,2020-01-22/2023-03-09,observed,csv_row_Jersey_col_3/1/21,jhu_csv_observed_v1,2021-03-01,cumulative_confirmed_cases,3215,cases,reported,
1.0,jhu_csse_deaths_global_csv,4e87757a3e059c45650a1e1856614f8e339ee3c70653c378a7ba6f7b0ee8c72e,,2020-01-22/2023-03-09,observed,csv_row_Jersey_col_3/1/21,jhu_csv_observed_v1,2021-03-01,cumulative_deaths,69,deaths,reported,
1.0,jhu_csse_confirmed_global_csv,e6234a59eec4359d2577358b5220e1a7e3da74c162913cdb7d882db1413f98c2,,2020-01-22/2023-03-09,observed,csv_row_Jersey_col_3/2/21,jhu_csv_observed_v1,2021-03-02,cumulative_confirmed_cases,3215,cases,reported,
1.0,jhu_csse_deaths_global_csv,4e87757a3e059c45650a1e1856614f8e339ee3c70653c378a7ba6f7b0ee8c72e,,2020-01-22/2023-03-09,observed,csv_row_Jersey_col_3/2/21,jhu_csv_observed_v1,2021-03-02,cumulative_deaths,69,deaths,reported,
1.0,jhu_csse_confirmed_global_csv,e6234a59eec4359d2577358b5220e1a7e3da74c162913cdb7d882db1413f98c2,,2020-01-22/2023-03-09,observed,csv_row_Jersey_col_3/3/21,jhu_csv_observed_v1,2021-03-03,cumulative_confirmed_cases,3216,cases,reported,
1.0,jhu_csse_deaths_global_csv,4e87757a3e059c45650a1e1856614f8e339ee3c70653c378a7ba6f7b0ee8c72e,,2020-01-22/2023-03-09,observed,csv_row_Jersey_col_3/3/21,jhu_csv_observed_v1,2021-03-03,cumulative_deaths,69,deaths,reported,
1.0,jhu_csse_confirmed_global_csv,e6234a59eec4359d2577358b5220e1a7e3da74c162913cdb7d882db1413f98c2,,2020-01-22/2023-03-09,observed,csv_row_Jersey_col_3/4/21,jhu_csv_observed_v1,2021-03-04,cumulative_confirmed_cases,3216,cases,reported,
1.0,jhu_csse_deaths_global_csv,4e87757a3e059c45650a1e1856614f8e339ee3c70653c378a7ba6f7b0ee8c72e,,2020-01-22/2023-03-09,observed,csv_row_Jersey_col_3/4/21,jhu_csv_observed_v1,2021-03-04,cumulative_deaths,69,deaths,reported,
1.0,jhu_csse_confirmed_global_csv,e6234a59eec4359d2577358b5220e1a7e3da74c162913cdb7d882db1413f98c2,,2020-01-22/2023-03-09,observed,csv_row_Jersey_col_3/5/21,jhu_csv_observed_v1,2021-03-05,cumulative_confirmed_cases,3218,cases,reported,
1.0,jhu_csse_deaths_global_csv,4e87757a3e059c45650a1e1856614f8e339ee3c70653c378a7ba6f7b0ee8c72e,,2020-01-22/2023-03-09,observed,csv_row_Jersey_col_3/5/21,jhu_csv_observed_v1,2021-03-05,cumulative_deaths,69,deaths,reported,
1.0,jhu_csse_confirmed_global_csv,e6234a59eec4359d2577358b5220e1a7e3da74c162913cdb7d882db1413f98c2,,2020-01-22/2023-03-09,observed,csv_row_Jersey_col_3/6/21,jhu_csv_observed_v1,2021-03-06,cumulative_confirmed_cases,3218,cases,reported,
1.0,jhu_csse_deaths_global_csv,4e87757a3e059c45650a1e1856614f8e339ee3c70653c378a7ba6f7b0ee8c72e,,2020-01-22/2023-03-09,observed,csv_row_Jersey_col_3/6/21,jhu_csv_observed_v1,2021-03-06,cumulative_deaths,69,deaths,reported,
1.0,jhu_csse_confirmed_global_csv,e6234a59eec4359d2577358b5220e1a7e3da74c162913cdb7d882db1413f98c2,,2020-01-22/2023-03-09,observed,csv_row_Jersey_col_3/7/21,jhu_csv_observed_v1,2021-03-07,cumulative_confirmed_cases,3219,cases,reported,
1.0,jhu_csse_deaths_global_csv,4e87757a3e059c45650a1e1856614f8e339ee3c70653c378a7ba6f7b0ee8c72e,,2020-01-22/2023-03-09,observed,csv_row_Jersey_col_3/7/21,jhu_csv_observed_v1,2021-03-07,cumulative_deaths,69,deaths,reported,
1.0,jhu_csse_confirmed_global_csv,e6234a59eec4359d2577358b5220e1a7e3da74c162913cdb7d882db1413f98c2,,2020-01-22/2023-03-09,observed,csv_row_Jersey_col_3/8/21,jhu_csv_observed_v1,2021-03-08,cumulative_confirmed_cases,3219,cases,reported,
1.0,jhu_csse_deaths_global_csv,4e87757a3e059c45650a1e1856614f8e339ee3c70653c378a7ba6f7b0ee8c72e,,2020-01-22/2023-03-09,observed,csv_row_Jersey_col_3/8/21,jhu_csv_observed_v1,2021-03-08,cumulative_deaths,69,deaths,reported,
1.0,jhu_csse_confirmed_global_csv,e6234a59eec4359d2577358b5220e1a7e3da74c162913cdb7d882db1413f98c2,,2020-01-22/2023-03-09,observed,csv_row_Jersey_col_3/9/21,jhu_csv_observed_v1,2021-03-09,cumulative_confirmed_cases,3219,cases,reported,
1.0,jhu_csse_deaths_global_csv,4e87757a3e059c45650a1e1856614f8e339ee3c70653c378a7ba6f7b0ee8c72e,,2020-01-22/2023-03-09,observed,csv_row_Jersey_col_3/9/21,jhu_csv_observed_v1,2021-03-09,cumulative_deaths,69,deaths,reported,
1.0,jhu_csse_confirmed_global_csv,e6234a59eec4359d2577358b5220e1a7e3da74c162913cdb7d882db1413f98c2,,2020-01-22/2023-03-09,observed,csv_row_Jersey_col_3/10/21,jhu_csv_observed_v1,2021-03-10,cumulative_confirmed_cases,3220,cases,reported,
1.0,jhu_csse_deaths_global_csv,4e87757a3e059c45650a1e1856614f8e339ee3c70653c378a7ba6f7b0ee8c72e,,2020-01-22/2023-03-09,observed,csv_row_Jersey_col_3/10/21,jhu_csv_observed_v1,2021-03-10,cumulative_deaths,69,deaths,reported,
1.0,jhu_csse_confirmed_global_csv,e6234a59eec4359d2577358b5220e1a7e3da74c162913cdb7d882db1413f98c2,,2020-01-22/2023-03-09,observed,csv_row_Jersey_col_3/11/21,jhu_csv_observed_v1,2021-03-11,cumulative_confirmed_cases,3220,cases,reported,
1.0,jhu_csse_deaths_global_csv,4e87757a3e059c45650a1e1856614f8e339ee3c70653c378a7ba6f7b0ee8c72e,,2020-01-22/2023-03-09,observed,csv_row_Jersey_col_3/11/21,jhu_csv_observed_v1,2021-03-11,cumulative_deaths,69,deaths,reported,
1.0,jhu_csse_confirmed_global_csv,e6234a59eec4359d2577358b5220e1a7e3da74c162913cdb7d882db1413f98c2,,2020-01-22/2023-03-09,observed,csv_row_Jersey_col_3/12/21,jhu_csv_observed_v1,2021-03-12,cumulative_confirmed_cases,3220,cases,reported,
1.0,jhu_csse_deaths_global_csv,4e87757a3e059c45650a1e1856614f8e339ee3c70653c378a7ba6f7b0ee8c72e,,2020-01-22/2023-03-09,observed,csv_row_Jersey_col_3/12/21,jhu_csv_observed_v1,2021-03-12,cumulative_deaths,69,deaths,reported,
1.0,jhu_csse_confirmed_global_csv,e6234a59eec4359d2577358b5220e1a7e3da74c162913cdb7d882db1413f98c2,,2020-01-22/2023-03-09,observed,csv_row_Jersey_col_3/13/21,jhu_csv_observed_v1,2021-03-13,cumulative_confirmed_cases,3220,cases,reported,
1.0,jhu_csse_deaths_global_csv,4e87757a3e059c45650a1e1856614f8e339ee3c70653c378a7ba6f7b0ee8c72e,,2020-01-22/2023-03-09,observed,csv_row_Jersey_col_3/13/21,jhu_csv_observed_v1,2021-03-13,cumulative_deaths,69,deaths,reported,
1.0,jhu_csse_confirmed_global_csv,e6234a59eec4359d2577358b5220e1a7e3da74c162913cdb7d882db1413f98c2,,2020-01-22/2023-03-09,observed,csv_row_Jersey_col_3/14/21,jhu_csv_observed_v1,2021-03-14,cumulative_confirmed_cases,3220,cases,reported,
1.0,jhu_csse_deaths_global_csv,4e87757a3e059c45650a1e1856614f8e339ee3c70653c378a7ba6f7b0ee8c72e,,2020-01-22/2023-03-09,observed,csv_row_Jersey_col_3/14/21,jhu_csv_observed_v1,2021-03-14,cumulative_deaths,69,deaths,reported,
1.0,jhu_csse_confirmed_global_csv,e6234a59eec4359d2577358b5220e1a7e3da74c162913cdb7d882db1413f98c2,,2020-01-22/2023-03-09,observed,csv_row_Jersey_col_3/15/21,jhu_csv_observed_v1,2021-03-15,cumulative_confirmed_cases,3221,cases,reported,
1.0,jhu_csse_deaths_global_csv,4e87757a3e059c45650a1e1856614f8e339ee3c70653c378a7ba6f7b0ee8c72e,,2020-01-22/2023-03-09,observed,csv_row_Jersey_col_3/15/21,jhu_csv_observed_v1,2021-03-15,cumulative_deaths,69,deaths,reported,
1.0,jhu_csse_confirmed_global_csv,e6234a59eec4359d2577358b5220e1a7e3da74c162913cdb7d882db1413f98c2,,2020-01-22/2023-03-09,observed,csv_row_Jersey_col_3/16/21,jhu_csv_observed_v1,2021-03-16,cumulative_confirmed_cases,3221,cases,reported,
1.0,jhu_csse_deaths_global_csv,4e87757a3e059c45650a1e1856614f8e339ee3c70653c378a7ba6f7b0ee8c72e,,2020-01-22/2023-03-09,observed,csv_row_Jersey_col_3/16/21,jhu_csv_observed_v1,2021-03-16,cumulative_deaths,69,deaths,reported,
1.0,jhu_csse_confirmed_global_csv,e6234a59eec4359d2577358b5220e1a7e3da74c162913cdb7d882db1413f98c2,,2020-01-22/2023-03-09,observed,csv_row_Jersey_col_3/17/21,jhu_csv_observed_v1,2021-03-17,cumulative_confirmed_cases,3221,cases,reported,
1.0,jhu_csse_deaths_global_csv,4e87757a3e059c45650a1e1856614f8e339ee3c70653c378a7ba6f7b0ee8c72e,,2020-01-22/2023-03-09,observed,csv_row_Jersey_col_3/17/21,jhu_csv_observed_v1,2021-03-17,cumulative_deaths,69,deaths,reported,
1.0,jhu_csse_confirmed_global_csv,e6234a59eec4359d2577358b5220e1a7e3da74c162913cdb7d882db1413f98c2,,2020-01-22/2023-03-09,observed,csv_row_Jersey_col_3/18/21,jhu_csv_observed_v1,2021-03-18,cumulative_confirmed_cases,3222,cases,reported,
1.0,jhu_csse_deaths_global_csv,4e87757a3e059c45650a1e1856614f8e339ee3c70653c378a7ba6f7b0ee8c72e,,2020-01-22/2023-03-09,observed,csv_row_Jersey_col_3/18/21,jhu_csv_observed_v1,2021-03-18,cumulative_deaths,69,deaths,reported,
1.0,jhu_csse_confirmed_global_csv,e6234a59eec4359d2577358b5220e1a7e3da74c162913cdb7d882db1413f98c2,,2020-01-22/2023-03-09,observed,csv_row_Jersey_col_3/19/21,jhu_csv_observed_v1,2021-03-19,cumulative_confirmed_cases,3222,cases,reported,
1.0,jhu_csse_deaths_global_csv,4e87757a3e059c45650a1e1856614f8e339ee3c70653c378a7ba6f7b0ee8c72e,,2020-01-22/2023-03-09,observed,csv_row_Jersey_col_3/19/21,jhu_csv_observed_v1,2021-03-19,cumulative_deaths,69,deaths,reported,
1.0,jhu_csse_confirmed_global_csv,e6234a59eec4359d2577358b5220e1a7e3da74c162913cdb7d882db1413f98c2,,2020-01-22/2023-03-09,observed,csv_row_Jersey_col_3/20/21,jhu_csv_observed_v1,2021-03-20,cumulative_confirmed_cases,3222,cases,reported,
1.0,jhu_csse_deaths_global_csv,4e87757a3e059c45650a1e1856614f8e339ee3c70653c378a7ba6f7b0ee8c72e,,2020-01-22/2023-03-09,observed,csv_row_Jersey_col_3/20/21,jhu_csv_observed_v1,2021-03-20,cumulative_deaths,69,deaths,reported,
1.0,jhu_csse_confirmed_global_csv,e6234a59eec4359d2577358b5220e1a7e3da74c162913cdb7d882db1413f98c2,,2020-01-22/2023-03-09,observed,csv_row_Jersey_col_3/21/21,jhu_csv_observed_v1,2021-03-21,cumulative_confirmed_cases,3222,cases,reported,
1.0,jhu_csse_deaths_global_csv,4e87757a3e059c45650a1e1856614f8e339ee3c70653c378a7ba6f7b0ee8c72e,,2020-01-22/2023-03-09,observed,csv_row_Jersey_col_3/21/21,jhu_csv_observed_v1,2021-03-21,cumulative_deaths,69,deaths,reported,
1.0,jhu_csse_confirmed_global_csv,e6234a59eec4359d2577358b5220e1a7e3da74c162913cdb7d882db1413f98c2,,2020-01-22/2023-03-09,observed,csv_row_Jersey_col_3/22/21,jhu_csv_observed_v1,2021-03-22,cumulative_confirmed_cases,3222,cases,reported,
1.0,jhu_csse_deaths_global_csv,4e87757a3e059c45650a1e1856614f8e339ee3c70653c378a7ba6f7b0ee8c72e,,2020-01-22/2023-03-09,observed,csv_row_Jersey_col_3/22/21,jhu_csv_observed_v1,2021-03-22,cumulative_deaths,69,deaths,reported,
1.0,jhu_csse_confirmed_global_csv,e6234a59eec4359d2577358b5220e1a7e3da74c162913cdb7d882db1413f98c2,,2020-01-22/2023-03-09,observed,csv_row_Jersey_col_3/23/21,jhu_csv_observed_v1,2021-03-23,cumulative_confirmed_cases,3222,cases,reported,
1.0,jhu_csse_deaths_global_csv,4e87757a3e059c45650a1e1856614f8e339ee3c70653c378a7ba6f7b0ee8c72e,,2020-01-22/2023-03-09,observed,csv_row_Jersey_col_3/23/21,jhu_csv_observed_v1,2021-03-23,cumulative_deaths,69,deaths,reported,
1.0,jhu_csse_confirmed_global_csv,e6234a59eec4359d2577358b5220e1a7e3da74c162913cdb7d882db1413f98c2,,2020-01-22/2023-03-09,observed,csv_row_Jersey_col_3/24/21,jhu_csv_observed_v1,2021-03-24,cumulative_confirmed_cases,3223,cases,reported,
1.0,jhu_csse_deaths_global_csv,4e87757a3e059c45650a1e1856614f8e339ee3c70653c378a7ba6f7b0ee8c72e,,2020-01-22/2023-03-09,observed,csv_row_Jersey_col_3/24/21,jhu_csv_observed_v1,2021-03-24,cumulative_deaths,69,deaths,reported,
1.0,jhu_csse_confirmed_global_csv,e6234a59eec4359d2577358b5220e1a7e3da74c162913cdb7d882db1413f98c2,,2020-01-22/2023-03-09,observed,csv_row_Jersey_col_3/25/21,jhu_csv_observed_v1,2021-03-25,cumulative_confirmed_cases,3223,cases,reported,
1.0,jhu_csse_deaths_global_csv,4e87757a3e059c45650a1e1856614f8e339ee3c70653c378a7ba6f7b0ee8c72e,,2020-01-22/2023-03-09,observed,csv_row_Jersey_col_3/25/21,jhu_csv_observed_v1,2021-03-25,cumulative_deaths,69,deaths,reported,
1.0,jhu_csse_confirmed_global_csv,e6234a59eec4359d2577358b5220e1a7e3da74c162913cdb7d882db1413f98c2,,2020-01-22/2023-03-09,observed,csv_row_Jersey_col_3/26/21,jhu_csv_observed_v1,2021-03-26,cumulative_confirmed_cases,3223,cases,reported,
1.0,jhu_csse_deaths_global_csv,4e87757a3e059c45650a1e1856614f8e339ee3c70653c378a7ba6f7b0ee8c72e,,2020-01-22/2023-03-09,observed,csv_row_Jersey_col_3/26/21,jhu_csv_observed_v1,2021-03-26,cumulative_deaths,69,deaths,reported,
1.0,jhu_csse_confirmed_global_csv,e6234a59eec4359d2577358b5220e1a7e3da74c162913cdb7d882db1413f98c2,,2020-01-22/2023-03-09,observed,csv_row_Jersey_col_3/27/21,jhu_csv_observed_v1,2021-03-27,cumulative_confirmed_cases,3223,cases,reported,
1.0,jhu_csse_deaths_global_csv,4e87757a3e059c45650a1e1856614f8e339ee3c70653c378a7ba6f7b0ee8c72e,,2020-01-22/2023-03-09,observed,csv_row_Jersey_col_3/27/21,jhu_csv_observed_v1,2021-03-27,cumulative_deaths,69,deaths,reported,
1.0,jhu_csse_confirmed_global_csv,e6234a59eec4359d2577358b5220e1a7e3da74c162913cdb7d882db1413f98c2,,2020-01-22/2023-03-09,observed,csv_row_Jersey_col_3/28/21,jhu_csv_observed_v1,2021-03-28,cumulative_confirmed_cases,3223,cases,reported,
1.0,jhu_csse_deaths_global_csv,4e87757a3e059c45650a1e1856614f8e339ee3c70653c378a7ba6f7b0ee8c72e,,2020-01-22/2023-03-09,observed,csv_row_Jersey_col_3/28/21,jhu_csv_observed_v1,2021-03-28,cumulative_deaths,69,deaths,reported,
1.0,jhu_csse_confirmed_global_csv,e6234a59eec4359d2577358b5220e1a7e3da74c162913cdb7d882db1413f98c2,,2020-01-22/2023-03-09,observed,csv_row_Jersey_col_3/29/21,jhu_csv_observed_v1,2021-03-29,cumulative_confirmed_cases,3224,cases,reported,
1.0,jhu_csse_deaths_global_csv,4e87757a3e059c45650a1e1856614f8e339ee3c70653c378a7ba6f7b0ee8c72e,,2020-01-22/2023-03-09,observed,csv_row_Jersey_col_3/29/21,jhu_csv_observed_v1,2021-03-29,cumulative_deaths,69,deaths,reported,
1.0,jhu_csse_confirmed_global_csv,e6234a59eec4359d2577358b5220e1a7e3da74c162913cdb7d882db1413f98c2,,2020-01-22/2023-03-09,observed,csv_row_Jersey_col_3/30/21,jhu_csv_observed_v1,2021-03-30,cumulative_confirmed_cases,3225,cases,reported,
1.0,jhu_csse_deaths_global_csv,4e87757a3e059c45650a1e1856614f8e339ee3c70653c378a7ba6f7b0ee8c72e,,2020-01-22/2023-03-09,observed,csv_row_Jersey_col_3/30/21,jhu_csv_observed_v1,2021-03-30,cumulative_deaths,69,deaths,reported,
1.0,jhu_csse_confirmed_global_csv,e6234a59eec4359d2577358b5220e1a7e3da74c162913cdb7d882db1413f98c2,,2020-01-22/2023-03-09,observed,csv_row_Jersey_col_3/31/21,jhu_csv_observed_v1,2021-03-31,cumulative_confirmed_cases,3225,cases,reported,
1.0,jhu_csse_deaths_global_csv,4e87757a3e059c45650a1e1856614f8e339ee3c70653c378a7ba6f7b0ee8c72e,,2020-01-22/2023-03-09,observed,csv_row_Jersey_col_3/31/21,jhu_csv_observed_v1,2021-03-31,cumulative_deaths,69,deaths,reported,
1.0,jhu_csse_confirmed_global_csv,e6234a59eec4359d2577358b5220e1a7e3da74c162913cdb7d882db1413f98c2,,2020-01-22/2023-03-09,observed,csv_row_Jersey_col_4/1/21,jhu_csv_observed_v1,2021-04-01,cumulative_confirmed_cases,3226,cases,reported,
1.0,jhu_csse_deaths_global_csv,4e87757a3e059c45650a1e1856614f8e339ee3c70653c378a7ba6f7b0ee8c72e,,2020-01-22/2023-03-09,observed,csv_row_Jersey_col_4/1/21,jhu_csv_observed_v1,2021-04-01,cumulative_deaths,69,deaths,reported,
1.0,jhu_csse_confirmed_global_csv,e6234a59eec4359d2577358b5220e1a7e3da74c162913cdb7d882db1413f98c2,,2020-01-22/2023-03-09,observed,csv_row_Jersey_col_4/2/21,jhu_csv_observed_v1,2021-04-02,cumulative_confirmed_cases,3227,cases,reported,
1.0,jhu_csse_deaths_global_csv,4e87757a3e059c45650a1e1856614f8e339ee3c70653c378a7ba6f7b0ee8c72e,,2020-01-22/2023-03-09,observed,csv_row_Jersey_col_4/2/21,jhu_csv_observed_v1,2021-04-02,cumulative_deaths,69,deaths,reported,
1.0,jhu_csse_confirmed_global_csv,e6234a59eec4359d2577358b5220e1a7e3da74c162913cdb7d882db1413f98c2,,2020-01-22/2023-03-09,observed,csv_row_Jersey_col_4/3/21,jhu_csv_observed_v1,2021-04-03,cumulative_confirmed_cases,3227,cases,reported,
1.0,jhu_csse_deaths_global_csv,4e87757a3e059c45650a1e1856614f8e339ee3c70653c378a7ba6f7b0ee8c72e,,2020-01-22/2023-03-09,observed,csv_row_Jersey_col_4/3/21,jhu_csv_observed_v1,2021-04-03,cumulative_deaths,69,deaths,reported,
1.0,jhu_csse_confirmed_global_csv,e6234a59eec4359d2577358b5220e1a7e3da74c162913cdb7d882db1413f98c2,,2020-01-22/2023-03-09,observed,csv_row_Jersey_col_4/4/21,jhu_csv_observed_v1,2021-04-04,cumulative_confirmed_cases,3227,cases,reported,
1.0,jhu_csse_deaths_global_csv,4e87757a3e059c45650a1e1856614f8e339ee3c70653c378a7ba6f7b0ee8c72e,,2020-01-22/2023-03-09,observed,csv_row_Jersey_col_4/4/21,jhu_csv_observed_v1,2021-04-04,cumulative_deaths,69,deaths,reported,
1.0,jhu_csse_confirmed_global_csv,e6234a59eec4359d2577358b5220e1a7e3da74c162913cdb7d882db1413f98c2,,2020-01-22/2023-03-09,observed,csv_row_Jersey_col_4/5/21,jhu_csv_observed_v1,2021-04-05,cumulative_confirmed_cases,3227,cases,reported,
1.0,jhu_csse_deaths_global_csv,4e87757a3e059c45650a1e1856614f8e339ee3c70653c378a7ba6f7b0ee8c72e,,2020-01-22/2023-03-09,observed,csv_row_Jersey_col_4/5/21,jhu_csv_observed_v1,2021-04-05,cumulative_deaths,69,deaths,reported,
1.0,jhu_csse_confirmed_global_csv,e6234a59eec4359d2577358b5220e1a7e3da74c162913cdb7d882db1413f98c2,,2020-01-22/2023-03-09,observed,csv_row_Jersey_col_4/6/21,jhu_csv_observed_v1,2021-04-06,cumulative_confirmed_cases,3228,cases,reported,
1.0,jhu_csse_deaths_global_csv,4e87757a3e059c45650a1e1856614f8e339ee3c70653c378a7ba6f7b0ee8c72e,,2020-01-22/2023-03-09,observed,csv_row_Jersey_col_4/6/21,jhu_csv_observed_v1,2021-04-06,cumulative_deaths,69,deaths,reported,
1.0,jhu_csse_confirmed_global_csv,e6234a59eec4359d2577358b5220e1a7e3da74c162913cdb7d882db1413f98c2,,2020-01-22/2023-03-09,observed,csv_row_Jersey_col_4/7/21,jhu_csv_observed_v1,2021-04-07,cumulative_confirmed_cases,3228,cases,reported,
1.0,jhu_csse_deaths_global_csv,4e87757a3e059c45650a1e1856614f8e339ee3c70653c378a7ba6f7b0ee8c72e,,2020-01-22/2023-03-09,observed,csv_row_Jersey_col_4/7/21,jhu_csv_observed_v1,2021-04-07,cumulative_deaths,69,deaths,reported,
1.0,jhu_csse_confirmed_global_csv,e6234a59eec4359d2577358b5220e1a7e3da74c162913cdb7d882db1413f98c2,,2020-01-22/2023-03-09,observed,csv_row_Jersey_col_4/8/21,jhu_csv_observed_v1,2021-04-08,cumulative_confirmed_cases,3228,cases,reported,
1.0,jhu_csse_deaths_global_csv,4e87757a3e059c45650a1e1856614f8e339ee3c70653c378a7ba6f7b0ee8c72e,,2020-01-22/2023-03-09,observed,csv_row_Jersey_col_4/8/21,jhu_csv_observed_v1,2021-04-08,cumulative_deaths,69,deaths,reported,
1.0,jhu_csse_confirmed_global_csv,e6234a59eec4359d2577358b5220e1a7e3da74c162913cdb7d882db1413f98c2,,2020-01-22/2023-03-09,observed,csv_row_Jersey_col_4/9/21,jhu_csv_observed_v1,2021-04-09,cumulative_confirmed_cases,3228,cases,reported,
1.0,jhu_csse_deaths_global_csv,4e87757a3e059c45650a1e1856614f8e339ee3c70653c378a7ba6f7b0ee8c72e,,2020-01-22/2023-03-09,observed,csv_row_Jersey_col_4/9/21,jhu_csv_observed_v1,2021-04-09,cumulative_deaths,69,deaths,reported,
1.0,jhu_csse_confirmed_global_csv,e6234a59eec4359d2577358b5220e1a7e3da74c162913cdb7d882db1413f98c2,,2020-01-22/2023-03-09,observed,csv_row_Jersey_col_4/10/21,jhu_csv_observed_v1,2021-04-10,cumulative_confirmed_cases,3228,cases,reported,
1.0,jhu_csse_deaths_global_csv,4e87757a3e059c45650a1e1856614f8e339ee3c70653c378a7ba6f7b0ee8c72e,,2020-01-22/2023-03-09,observed,csv_row_Jersey_col_4/10/21,jhu_csv_observed_v1,2021-04-10,cumulative_deaths,69,deaths,reported,
1.0,jhu_csse_confirmed_global_csv,e6234a59eec4359d2577358b5220e1a7e3da74c162913cdb7d882db1413f98c2,,2020-01-22/2023-03-09,observed,csv_row_Jersey_col_4/11/21,jhu_csv_observed_v1,2021-04-11,cumulative_confirmed_cases,3228,cases,reported,
1.0,jhu_csse_deaths_global_csv,4e87757a3e059c45650a1e1856614f8e339ee3c70653c378a7ba6f7b0ee8c72e,,2020-01-22/2023-03-09,observed,csv_row_Jersey_col_4/11/21,jhu_csv_observed_v1,2021-04-11,cumulative_deaths,69,deaths,reported,
1.0,jhu_csse_confirmed_global_csv,e6234a59eec4359d2577358b5220e1a7e3da74c162913cdb7d882db1413f98c2,,2020-01-22/2023-03-09,observed,csv_row_Jersey_col_4/12/21,jhu_csv_observed_v1,2021-04-12,cumulative_confirmed_cases,3228,cases,reported,
1.0,jhu_csse_deaths_global_csv,4e87757a3e059c45650a1e1856614f8e339ee3c70653c378a7ba6f7b0ee8c72e,,2020-01-22/2023-03-09,observed,csv_row_Jersey_col_4/12/21,jhu_csv_observed_v1,2021-04-12,cumulative_deaths,69,deaths,reported,
1.0,jhu_csse_confirmed_global_csv,e6234a59eec4359d2577358b5220e1a7e3da74c162913cdb7d882db1413f98c2,,2020-01-22/2023-03-09,observed,csv_row_Jersey_col_4/13/21,jhu_csv_observed_v1,2021-04-13,cumulative_confirmed_cases,3229,cases,reported,
1.0,jhu_csse_deaths_global_csv,4e87757a3e059c45650a1e1856614f8e339ee3c70653c378a7ba6f7b0ee8c72e,,2020-01-22/2023-03-09,observed,csv_row_Jersey_col_4/13/21,jhu_csv_observed_v1,2021-04-13,cumulative_deaths,69,deaths,reported,
1.0,jhu_csse_confirmed_global_csv,e6234a59eec4359d2577358b5220e1a7e3da74c162913cdb7d882db1413f98c2,,2020-01-22/2023-03-09,observed,csv_row_Jersey_col_4/14/21,jhu_csv_observed_v1,2021-04-14,cumulative_confirmed_cases,3230,cases,reported,
1.0,jhu_csse_deaths_global_csv,4e87757a3e059c45650a1e1856614f8e339ee3c70653c378a7ba6f7b0ee8c72e,,2020-01-22/2023-03-09,observed,csv_row_Jersey_col_4/14/21,jhu_csv_observed_v1,2021-04-14,cumulative_deaths,69,deaths,reported,
1.0,jhu_csse_confirmed_global_csv,e6234a59eec4359d2577358b5220e1a7e3da74c162913cdb7d882db1413f98c2,,2020-01-22/2023-03-09,observed,csv_row_Jersey_col_4/15/21,jhu_csv_observed_v1,2021-04-15,cumulative_confirmed_cases,3230,cases,reported,
1.0,jhu_csse_deaths_global_csv,4e87757a3e059c45650a1e1856614f8e339ee3c70653c378a7ba6f7b0ee8c72e,,2020-01-22/2023-03-09,observed,csv_row_Jersey_col_4/15/21,jhu_csv_observed_v1,2021-04-15,cumulative_deaths,69,deaths,reported,
1.0,jhu_csse_confirmed_global_csv,e6234a59eec4359d2577358b5220e1a7e3da74c162913cdb7d882db1413f98c2,,2020-01-22/2023-03-09,observed,csv_row_Jersey_col_4/16/21,jhu_csv_observed_v1,2021-04-16,cumulative_confirmed_cases,3230,cases,reported,
1.0,jhu_csse_deaths_global_csv,4e87757a3e059c45650a1e1856614f8e339ee3c70653c378a7ba6f7b0ee8c72e,,2020-01-22/2023-03-09,observed,csv_row_Jersey_col_4/16/21,jhu_csv_observed_v1,2021-04-16,cumulative_deaths,69,deaths,reported,
1.0,jhu_csse_confirmed_global_csv,e6234a59eec4359d2577358b5220e1a7e3da74c162913cdb7d882db1413f98c2,,2020-01-22/2023-03-09,observed,csv_row_Jersey_col_4/17/21,jhu_csv_observed_v1,2021-04-17,cumulative_confirmed_cases,3230,cases,reported,
1.0,jhu_csse_deaths_global_csv,4e87757a3e059c45650a1e1856614f8e339ee3c70653c378a7ba6f7b0ee8c72e,,2020-01-22/2023-03-09,observed,csv_row_Jersey_col_4/17/21,jhu_csv_observed_v1,2021-04-17,cumulative_deaths,69,deaths,reported,
1.0,jhu_csse_confirmed_global_csv,e6234a59eec4359d2577358b5220e1a7e3da74c162913cdb7d882db1413f98c2,,2020-01-22/2023-03-09,observed,csv_row_Jersey_col_4/18/21,jhu_csv_observed_v1,2021-04-18,cumulative_confirmed_cases,3230,cases,reported,
1.0,jhu_csse_deaths_global_csv,4e87757a3e059c45650a1e1856614f8e339ee3c70653c378a7ba6f7b0ee8c72e,,2020-01-22/2023-03-09,observed,csv_row_Jersey_col_4/18/21,jhu_csv_observed_v1,2021-04-18,cumulative_deaths,69,deaths,reported,
1.0,jhu_csse_confirmed_global_csv,e6234a59eec4359d2577358b5220e1a7e3da74c162913cdb7d882db1413f98c2,,2020-01-22/2023-03-09,observed,csv_row_Jersey_col_4/19/21,jhu_csv_observed_v1,2021-04-19,cumulative_confirmed_cases,3230,cases,reported,
1.0,jhu_csse_deaths_global_csv,4e87757a3e059c45650a1e1856614f8e339ee3c70653c378a7ba6f7b0ee8c72e,,2020-01-22/2023-03-09,observed,csv_row_Jersey_col_4/19/21,jhu_csv_observed_v1,2021-04-19,cumulative_deaths,69,deaths,reported,
1.0,jhu_csse_confirmed_global_csv,e6234a59eec4359d2577358b5220e1a7e3da74c162913cdb7d882db1413f98c2,,2020-01-22/2023-03-09,observed,csv_row_Jersey_col_4/20/21,jhu_csv_observed_v1,2021-04-20,cumulative_confirmed_cases,3231,cases,reported,
1.0,jhu_csse_deaths_global_csv,4e87757a3e059c45650a1e1856614f8e339ee3c70653c378a7ba6f7b0ee8c72e,,2020-01-22/2023-03-09,observed,csv_row_Jersey_col_4/20/21,jhu_csv_observed_v1,2021-04-20,cumulative_deaths,69,deaths,reported,
1.0,jhu_csse_confirmed_global_csv,e6234a59eec4359d2577358b5220e1a7e3da74c162913cdb7d882db1413f98c2,,2020-01-22/2023-03-09,observed,csv_row_Jersey_col_4/21/21,jhu_csv_observed_v1,2021-04-21,cumulative_confirmed_cases,3231,cases,reported,
1.0,jhu_csse_deaths_global_csv,4e87757a3e059c45650a1e1856614f8e339ee3c70653c378a7ba6f7b0ee8c72e,,2020-01-22/2023-03-09,observed,csv_row_Jersey_col_4/21/21,jhu_csv_observed_v1,2021-04-21,cumulative_deaths,69,deaths,reported,
1.0,jhu_csse_confirmed_global_csv,e6234a59eec4359d2577358b5220e1a7e3da74c162913cdb7d882db1413f98c2,,2020-01-22/2023-03-09,observed,csv_row_Jersey_col_4/22/21,jhu_csv_observed_v1,2021-04-22,cumulative_confirmed_cases,3231,cases,reported,
1.0,jhu_csse_deaths_global_csv,4e87757a3e059c45650a1e1856614f8e339ee3c70653c378a7ba6f7b0ee8c72e,,2020-01-22/2023-03-09,observed,csv_row_Jersey_col_4/22/21,jhu_csv_observed_v1,2021-04-22,cumulative_deaths,69,deaths,reported,
1.0,jhu_csse_confirmed_global_csv,e6234a59eec4359d2577358b5220e1a7e3da74c162913cdb7d882db1413f98c2,,2020-01-22/2023-03-09,observed,csv_row_Jersey_col_4/23/21,jhu_csv_observed_v1,2021-04-23,cumulative_confirmed_cases,3231,cases,reported,
1.0,jhu_csse_deaths_global_csv,4e87757a3e059c45650a1e1856614f8e339ee3c70653c378a7ba6f7b0ee8c72e,,2020-01-22/2023-03-09,observed,csv_row_Jersey_col_4/23/21,jhu_csv_observed_v1,2021-04-23,cumulative_deaths,69,deaths,reported,
1.0,jhu_csse_confirmed_global_csv,e6234a59eec4359d2577358b5220e1a7e3da74c162913cdb7d882db1413f98c2,,2020-01-22/2023-03-09,observed,csv_row_Jersey_col_4/24/21,jhu_csv_observed_v1,2021-04-24,cumulative_confirmed_cases,3231,cases,reported,
1.0,jhu_csse_deaths_global_csv,4e87757a3e059c45650a1e1856614f8e339ee3c70653c378a7ba6f7b0ee8c72e,,2020-01-22/2023-03-09,observed,csv_row_Jersey_col_4/24/21,jhu_csv_observed_v1,2021-04-24,cumulative_deaths,69,deaths,reported,
1.0,jhu_csse_confirmed_global_csv,e6234a59eec4359d2577358b5220e1a7e3da74c162913cdb7d882db1413f98c2,,2020-01-22/2023-03-09,observed,csv_row_Jersey_col_4/25/21,jhu_csv_observed_v1,2021-04-25,cumulative_confirmed_cases,3231,cases,reported,
1.0,jhu_csse_deaths_global_csv,4e87757a3e059c45650a1e1856614f8e339ee3c70653c378a7ba6f7b0ee8c72e,,2020-01-22/2023-03-09,observed,csv_row_Jersey_col_4/25/21,jhu_csv_observed_v1,2021-04-25,cumulative_deaths,69,deaths,reported,
1.0,jhu_csse_confirmed_global_csv,e6234a59eec4359d2577358b5220e1a7e3da74c162913cdb7d882db1413f98c2,,2020-01-22/2023-03-09,observed,csv_row_Jersey_col_4/26/21,jhu_csv_observed_v1,2021-04-26,cumulative_confirmed_cases,3231,cases,reported,
1.0,jhu_csse_deaths_global_csv,4e87757a3e059c45650a1e1856614f8e339ee3c70653c378a7ba6f7b0ee8c72e,,2020-01-22/2023-03-09,observed,csv_row_Jersey_col_4/26/21,jhu_csv_observed_v1,2021-04-26,cumulative_deaths,69,deaths,reported,
1.0,jhu_csse_confirmed_global_csv,e6234a59eec4359d2577358b5220e1a7e3da74c162913cdb7d882db1413f98c2,,2020-01-22/2023-03-09,observed,csv_row_Jersey_col_4/27/21,jhu_csv_observed_v1,2021-04-27,cumulative_confirmed_cases,3232,cases,reported,
1.0,jhu_csse_deaths_global_csv,4e87757a3e059c45650a1e1856614f8e339ee3c70653c378a7ba6f7b0ee8c72e,,2020-01-22/2023-03-09,observed,csv_row_Jersey_col_4/27/21,jhu_csv_observed_v1,2021-04-27,cumulative_deaths,69,deaths,reported,
1.0,jhu_csse_confirmed_global_csv,e6234a59eec4359d2577358b5220e1a7e3da74c162913cdb7d882db1413f98c2,,2020-01-22/2023-03-09,observed,csv_row_Jersey_col_4/28/21,jhu_csv_observed_v1,2021-04-28,cumulative_confirmed_cases,3232,cases,reported,
1.0,jhu_csse_deaths_global_csv,4e87757a3e059c45650a1e1856614f8e339ee3c70653c378a7ba6f7b0ee8c72e,,2020-01-22/2023-03-09,observed,csv_row_Jersey_col_4/28/21,jhu_csv_observed_v1,2021-04-28,cumulative_deaths,69,deaths,reported,
1.0,jhu_csse_confirmed_global_csv,e6234a59eec4359d2577358b5220e1a7e3da74c162913cdb7d882db1413f98c2,,2020-01-22/2023-03-09,observed,csv_row_Jersey_col_4/29/21,jhu_csv_observed_v1,2021-04-29,cumulative_confirmed_cases,3232,cases,reported,
1.0,jhu_csse_deaths_global_csv,4e87757a3e059c45650a1e1856614f8e339ee3c70653c378a7ba6f7b0ee8c72e,,2020-01-22/2023-03-09,observed,csv_row_Jersey_col_4/29/21,jhu_csv_observed_v1,2021-04-29,cumulative_deaths,69,deaths,reported,
1.0,jhu_csse_confirmed_global_csv,e6234a59eec4359d2577358b5220e1a7e3da74c162913cdb7d882db1413f98c2,,2020-01-22/2023-03-09,observed,csv_row_Jersey_col_4/30/21,jhu_csv_observed_v1,2021-04-30,cumulative_confirmed_cases,3232,cases,reported,
1.0,jhu_csse_deaths_global_csv,4e87757a3e059c45650a1e1856614f8e339ee3c70653c378a7ba6f7b0ee8c72e,,2020-01-22/2023-03-09,observed,csv_row_Jersey_col_4/30/21,jhu_csv_observed_v1,2021-04-30,cumulative_deaths,69,deaths,reported,
1.0,jhu_csse_confirmed_global_csv,e6234a59eec4359d2577358b5220e1a7e3da74c162913cdb7d882db1413f98c2,,2020-01-22/2023-03-09,observed,csv_row_Jersey_col_5/1/21,jhu_csv_observed_v1,2021-05-01,cumulative_confirmed_cases,3232,cases,reported,
1.0,jhu_csse_deaths_global_csv,4e87757a3e059c45650a1e1856614f8e339ee3c70653c378a7ba6f7b0ee8c72e,,2020-01-22/2023-03-09,observed,csv_row_Jersey_col_5/1/21,jhu_csv_observed_v1,2021-05-01,cumulative_deaths,69,deaths,reported,
1.0,jhu_csse_confirmed_global_csv,e6234a59eec4359d2577358b5220e1a7e3da74c162913cdb7d882db1413f98c2,,2020-01-22/2023-03-09,observed,csv_row_Jersey_col_5/2/21,jhu_csv_observed_v1,2021-05-02,cumulative_confirmed_cases,3232,cases,reported,
1.0,jhu_csse_deaths_global_csv,4e87757a3e059c45650a1e1856614f8e339ee3c70653c378a7ba6f7b0ee8c72e,,2020-01-22/2023-03-09,observed,csv_row_Jersey_col_5/2/21,jhu_csv_observed_v1,2021-05-02,cumulative_deaths,69,deaths,reported,
1.0,jhu_csse_confirmed_global_csv,e6234a59eec4359d2577358b5220e1a7e3da74c162913cdb7d882db1413f98c2,,2020-01-22/2023-03-09,observed,csv_row_Jersey_col_5/3/21,jhu_csv_observed_v1,2021-05-03,cumulative_confirmed_cases,3232,cases,reported,
1.0,jhu_csse_deaths_global_csv,4e87757a3e059c45650a1e1856614f8e339ee3c70653c378a7ba6f7b0ee8c72e,,2020-01-22/2023-03-09,observed,csv_row_Jersey_col_5/3/21,jhu_csv_observed_v1,2021-05-03,cumulative_deaths,69,deaths,reported,
1.0,jhu_csse_confirmed_global_csv,e6234a59eec4359d2577358b5220e1a7e3da74c162913cdb7d882db1413f98c2,,2020-01-22/2023-03-09,observed,csv_row_Jersey_col_5/4/21,jhu_csv_observed_v1,2021-05-04,cumulative_confirmed_cases,3232,cases,reported,
1.0,jhu_csse_deaths_global_csv,4e87757a3e059c45650a1e1856614f8e339ee3c70653c378a7ba6f7b0ee8c72e,,2020-01-22/2023-03-09,observed,csv_row_Jersey_col_5/4/21,jhu_csv_observed_v1,2021-05-04,cumulative_deaths,69,deaths,reported,
1.0,jhu_csse_confirmed_global_csv,e6234a59eec4359d2577358b5220e1a7e3da74c162913cdb7d882db1413f98c2,,2020-01-22/2023-03-09,observed,csv_row_Jersey_col_5/5/21,jhu_csv_observed_v1,2021-05-05,cumulative_confirmed_cases,3232,cases,reported,
1.0,jhu_csse_deaths_global_csv,4e87757a3e059c45650a1e1856614f8e339ee3c70653c378a7ba6f7b0ee8c72e,,2020-01-22/2023-03-09,observed,csv_row_Jersey_col_5/5/21,jhu_csv_observed_v1,2021-05-05,cumulative_deaths,69,deaths,reported,
1.0,jhu_csse_confirmed_global_csv,e6234a59eec4359d2577358b5220e1a7e3da74c162913cdb7d882db1413f98c2,,2020-01-22/2023-03-09,observed,csv_row_Jersey_col_5/6/21,jhu_csv_observed_v1,2021-05-06,cumulative_confirmed_cases,3232,cases,reported,
1.0,jhu_csse_deaths_global_csv,4e87757a3e059c45650a1e1856614f8e339ee3c70653c378a7ba6f7b0ee8c72e,,2020-01-22/2023-03-09,observed,csv_row_Jersey_col_5/6/21,jhu_csv_observed_v1,2021-05-06,cumulative_deaths,69,deaths,reported,
1.0,jhu_csse_confirmed_global_csv,e6234a59eec4359d2577358b5220e1a7e3da74c162913cdb7d882db1413f98c2,,2020-01-22/2023-03-09,observed,csv_row_Jersey_col_5/7/21,jhu_csv_observed_v1,2021-05-07,cumulative_confirmed_cases,3232,cases,reported,
1.0,jhu_csse_deaths_global_csv,4e87757a3e059c45650a1e1856614f8e339ee3c70653c378a7ba6f7b0ee8c72e,,2020-01-22/2023-03-09,observed,csv_row_Jersey_col_5/7/21,jhu_csv_observed_v1,2021-05-07,cumulative_deaths,69,deaths,reported,
1.0,jhu_csse_confirmed_global_csv,e6234a59eec4359d2577358b5220e1a7e3da74c162913cdb7d882db1413f98c2,,2020-01-22/2023-03-09,observed,csv_row_Jersey_col_5/8/21,jhu_csv_observed_v1,2021-05-08,cumulative_confirmed_cases,3232,cases,reported,
1.0,jhu_csse_deaths_global_csv,4e87757a3e059c45650a1e1856614f8e339ee3c70653c378a7ba6f7b0ee8c72e,,2020-01-22/2023-03-09,observed,csv_row_Jersey_col_5/8/21,jhu_csv_observed_v1,2021-05-08,cumulative_deaths,69,deaths,reported,
1.0,jhu_csse_confirmed_global_csv,e6234a59eec4359d2577358b5220e1a7e3da74c162913cdb7d882db1413f98c2,,2020-01-22/2023-03-09,observed,csv_row_Jersey_col_5/9/21,jhu_csv_observed_v1,2021-05-09,cumulative_confirmed_cases,3233,cases,reported,
1.0,jhu_csse_deaths_global_csv,4e87757a3e059c45650a1e1856614f8e339ee3c70653c378a7ba6f7b0ee8c72e,,2020-01-22/2023-03-09,observed,csv_row_Jersey_col_5/9/21,jhu_csv_observed_v1,2021-05-09,cumulative_deaths,69,deaths,reported,
1.0,jhu_csse_confirmed_global_csv,e6234a59eec4359d2577358b5220e1a7e3da74c162913cdb7d882db1413f98c2,,2020-01-22/2023-03-09,observed,csv_row_Jersey_col_5/10/21,jhu_csv_observed_v1,2021-05-10,cumulative_confirmed_cases,3233,cases,reported,
1.0,jhu_csse_deaths_global_csv,4e87757a3e059c45650a1e1856614f8e339ee3c70653c378a7ba6f7b0ee8c72e,,2020-01-22/2023-03-09,observed,csv_row_Jersey_col_5/10/21,jhu_csv_observed_v1,2021-05-10,cumulative_deaths,69,deaths,reported,
1.0,jhu_csse_confirmed_global_csv,e6234a59eec4359d2577358b5220e1a7e3da74c162913cdb7d882db1413f98c2,,2020-01-22/2023-03-09,observed,csv_row_Jersey_col_5/11/21,jhu_csv_observed_v1,2021-05-11,cumulative_confirmed_cases,3233,cases,reported,
1.0,jhu_csse_deaths_global_csv,4e87757a3e059c45650a1e1856614f8e339ee3c70653c378a7ba6f7b0ee8c72e,,2020-01-22/2023-03-09,observed,csv_row_Jersey_col_5/11/21,jhu_csv_observed_v1,2021-05-11,cumulative_deaths,69,deaths,reported,
1.0,jhu_csse_confirmed_global_csv,e6234a59eec4359d2577358b5220e1a7e3da74c162913cdb7d882db1413f98c2,,2020-01-22/2023-03-09,observed,csv_row_Jersey_col_5/12/21,jhu_csv_observed_v1,2021-05-12,cumulative_confirmed_cases,3234,cases,reported,
1.0,jhu_csse_deaths_global_csv,4e87757a3e059c45650a1e1856614f8e339ee3c70653c378a7ba6f7b0ee8c72e,,2020-01-22/2023-03-09,observed,csv_row_Jersey_col_5/12/21,jhu_csv_observed_v1,2021-05-12,cumulative_deaths,69,deaths,reported,
1.0,jhu_csse_confirmed_global_csv,e6234a59eec4359d2577358b5220e1a7e3da74c162913cdb7d882db1413f98c2,,2020-01-22/2023-03-09,observed,csv_row_Jersey_col_5/13/21,jhu_csv_observed_v1,2021-05-13,cumulative_confirmed_cases,3234,cases,reported,
1.0,jhu_csse_deaths_global_csv,4e87757a3e059c45650a1e1856614f8e339ee3c70653c378a7ba6f7b0ee8c72e,,2020-01-22/2023-03-09,observed,csv_row_Jersey_col_5/13/21,jhu_csv_observed_v1,2021-05-13,cumulative_deaths,69,deaths,reported,
1.0,jhu_csse_confirmed_global_csv,e6234a59eec4359d2577358b5220e1a7e3da74c162913cdb7d882db1413f98c2,,2020-01-22/2023-03-09,observed,csv_row_Jersey_col_5/14/21,jhu_csv_observed_v1,2021-05-14,cumulative_confirmed_cases,3234,cases,reported,
1.0,jhu_csse_deaths_global_csv,4e87757a3e059c45650a1e1856614f8e339ee3c70653c378a7ba6f7b0ee8c72e,,2020-01-22/2023-03-09,observed,csv_row_Jersey_col_5/14/21,jhu_csv_observed_v1,2021-05-14,cumulative_deaths,69,deaths,reported,
1.0,jhu_csse_confirmed_global_csv,e6234a59eec4359d2577358b5220e1a7e3da74c162913cdb7d882db1413f98c2,,2020-01-22/2023-03-09,observed,csv_row_Jersey_col_5/15/21,jhu_csv_observed_v1,2021-05-15,cumulative_confirmed_cases,3234,cases,reported,
1.0,jhu_csse_deaths_global_csv,4e87757a3e059c45650a1e1856614f8e339ee3c70653c378a7ba6f7b0ee8c72e,,2020-01-22/2023-03-09,observed,csv_row_Jersey_col_5/15/21,jhu_csv_observed_v1,2021-05-15,cumulative_deaths,69,deaths,reported,
1.0,jhu_csse_confirmed_global_csv,e6234a59eec4359d2577358b5220e1a7e3da74c162913cdb7d882db1413f98c2,,2020-01-22/2023-03-09,observed,csv_row_Jersey_col_5/16/21,jhu_csv_observed_v1,2021-05-16,cumulative_confirmed_cases,3235,cases,reported,
1.0,jhu_csse_deaths_global_csv,4e87757a3e059c45650a1e1856614f8e339ee3c70653c378a7ba6f7b0ee8c72e,,2020-01-22/2023-03-09,observed,csv_row_Jersey_col_5/16/21,jhu_csv_observed_v1,2021-05-16,cumulative_deaths,69,deaths,reported,
1.0,jhu_csse_confirmed_global_csv,e6234a59eec4359d2577358b5220e1a7e3da74c162913cdb7d882db1413f98c2,,2020-01-22/2023-03-09,observed,csv_row_Jersey_col_5/17/21,jhu_csv_observed_v1,2021-05-17,cumulative_confirmed_cases,3235,cases,reported,
1.0,jhu_csse_deaths_global_csv,4e87757a3e059c45650a1e1856614f8e339ee3c70653c378a7ba6f7b0ee8c72e,,2020-01-22/2023-03-09,observed,csv_row_Jersey_col_5/17/21,jhu_csv_observed_v1,2021-05-17,cumulative_deaths,69,deaths,reported,
1.0,jhu_csse_confirmed_global_csv,e6234a59eec4359d2577358b5220e1a7e3da74c162913cdb7d882db1413f98c2,,2020-01-22/2023-03-09,observed,csv_row_Jersey_col_5/18/21,jhu_csv_observed_v1,2021-05-18,cumulative_confirmed_cases,3235,cases,reported,
1.0,jhu_csse_deaths_global_csv,4e87757a3e059c45650a1e1856614f8e339ee3c70653c378a7ba6f7b0ee8c72e,,2020-01-22/2023-03-09,observed,csv_row_Jersey_col_5/18/21,jhu_csv_observed_v1,2021-05-18,cumulative_deaths,69,deaths,reported,
1.0,jhu_csse_confirmed_global_csv,e6234a59eec4359d2577358b5220e1a7e3da74c162913cdb7d882db1413f98c2,,2020-01-22/2023-03-09,observed,csv_row_Jersey_col_5/19/21,jhu_csv_observed_v1,2021-05-19,cumulative_confirmed_cases,3235,cases,reported,
1.0,jhu_csse_deaths_global_csv,4e87757a3e059c45650a1e1856614f8e339ee3c70653c378a7ba6f7b0ee8c72e,,2020-01-22/2023-03-09,observed,csv_row_Jersey_col_5/19/21,jhu_csv_observed_v1,2021-05-19,cumulative_deaths,69,deaths,reported,
1.0,jhu_csse_confirmed_global_csv,e6234a59eec4359d2577358b5220e1a7e3da74c162913cdb7d882db1413f98c2,,2020-01-22/2023-03-09,observed,csv_row_Jersey_col_5/20/21,jhu_csv_observed_v1,2021-05-20,cumulative_confirmed_cases,3235,cases,reported,
1.0,jhu_csse_deaths_global_csv,4e87757a3e059c45650a1e1856614f8e339ee3c70653c378a7ba6f7b0ee8c72e,,2020-01-22/2023-03-09,observed,csv_row_Jersey_col_5/20/21,jhu_csv_observed_v1,2021-05-20,cumulative_deaths,69,deaths,reported,
1.0,jhu_csse_confirmed_global_csv,e6234a59eec4359d2577358b5220e1a7e3da74c162913cdb7d882db1413f98c2,,2020-01-22/2023-03-09,observed,csv_row_Jersey_col_5/21/21,jhu_csv_observed_v1,2021-05-21,cumulative_confirmed_cases,3236,cases,reported,
1.0,jhu_csse_deaths_global_csv,4e87757a3e059c45650a1e1856614f8e339ee3c70653c378a7ba6f7b0ee8c72e,,2020-01-22/2023-03-09,observed,csv_row_Jersey_col_5/21/21,jhu_csv_observed_v1,2021-05-21,cumulative_deaths,69,deaths,reported,
1.0,jhu_csse_confirmed_global_csv,e6234a59eec4359d2577358b5220e1a7e3da74c162913cdb7d882db1413f98c2,,2020-01-22/2023-03-09,observed,csv_row_Jersey_col_5/22/21,jhu_csv_observed_v1,2021-05-22,cumulative_confirmed_cases,3236,cases,reported,
1.0,jhu_csse_deaths_global_csv,4e87757a3e059c45650a1e1856614f8e339ee3c70653c378a7ba6f7b0ee8c72e,,2020-01-22/2023-03-09,observed,csv_row_Jersey_col_5/22/21,jhu_csv_observed_v1,2021-05-22,cumulative_deaths,69,deaths,reported,
1.0,jhu_csse_confirmed_global_csv,e6234a59eec4359d2577358b5220e1a7e3da74c162913cdb7d882db1413f98c2,,2020-01-22/2023-03-09,observed,csv_row_Jersey_col_5/23/21,jhu_csv_observed_v1,2021-05-23,cumulative_confirmed_cases,3238,cases,reported,
1.0,jhu_csse_deaths_global_csv,4e87757a3e059c45650a1e1856614f8e339ee3c70653c378a7ba6f7b0ee8c72e,,2020-01-22/2023-03-09,observed,csv_row_Jersey_col_5/23/21,jhu_csv_observed_v1,2021-05-23,cumulative_deaths,69,deaths,reported,
1.0,jhu_csse_confirmed_global_csv,e6234a59eec4359d2577358b5220e1a7e3da74c162913cdb7d882db1413f98c2,,2020-01-22/2023-03-09,observed,csv_row_Jersey_col_5/24/21,jhu_csv_observed_v1,2021-05-24,cumulative_confirmed_cases,3240,cases,reported,
1.0,jhu_csse_deaths_global_csv,4e87757a3e059c45650a1e1856614f8e339ee3c70653c378a7ba6f7b0ee8c72e,,2020-01-22/2023-03-09,observed,csv_row_Jersey_col_5/24/21,jhu_csv_observed_v1,2021-05-24,cumulative_deaths,69,deaths,reported,
1.0,jhu_csse_confirmed_global_csv,e6234a59eec4359d2577358b5220e1a7e3da74c162913cdb7d882db1413f98c2,,2020-01-22/2023-03-09,observed,csv_row_Jersey_col_5/25/21,jhu_csv_observed_v1,2021-05-25,cumulative_confirmed_cases,3241,cases,reported,
1.0,jhu_csse_deaths_global_csv,4e87757a3e059c45650a1e1856614f8e339ee3c70653c378a7ba6f7b0ee8c72e,,2020-01-22/2023-03-09,observed,csv_row_Jersey_col_5/25/21,jhu_csv_observed_v1,2021-05-25,cumulative_deaths,69,deaths,reported,
1.0,jhu_csse_confirmed_global_csv,e6234a59eec4359d2577358b5220e1a7e3da74c162913cdb7d882db1413f98c2,,2020-01-22/2023-03-09,observed,csv_row_Jersey_col_5/26/21,jhu_csv_observed_v1,2021-05-26,cumulative_confirmed_cases,3241,cases,reported,
1.0,jhu_csse_deaths_global_csv,4e87757a3e059c45650a1e1856614f8e339ee3c70653c378a7ba6f7b0ee8c72e,,2020-01-22/2023-03-09,observed,csv_row_Jersey_col_5/26/21,jhu_csv_observed_v1,2021-05-26,cumulative_deaths,69,deaths,reported,
1.0,jhu_csse_confirmed_global_csv,e6234a59eec4359d2577358b5220e1a7e3da74c162913cdb7d882db1413f98c2,,2020-01-22/2023-03-09,observed,csv_row_Jersey_col_5/27/21,jhu_csv_observed_v1,2021-05-27,cumulative_confirmed_cases,3241,cases,reported,
1.0,jhu_csse_deaths_global_csv,4e87757a3e059c45650a1e1856614f8e339ee3c70653c378a7ba6f7b0ee8c72e,,2020-01-22/2023-03-09,observed,csv_row_Jersey_col_5/27/21,jhu_csv_observed_v1,2021-05-27,cumulative_deaths,69,deaths,reported,
1.0,jhu_csse_confirmed_global_csv,e6234a59eec4359d2577358b5220e1a7e3da74c162913cdb7d882db1413f98c2,,2020-01-22/2023-03-09,observed,csv_row_Jersey_col_5/28/21,jhu_csv_observed_v1,2021-05-28,cumulative_confirmed_cases,3241,cases,reported,
1.0,jhu_csse_deaths_global_csv,4e87757a3e059c45650a1e1856614f8e339ee3c70653c378a7ba6f7b0ee8c72e,,2020-01-22/2023-03-09,observed,csv_row_Jersey_col_5/28/21,jhu_csv_observed_v1,2021-05-28,cumulative_deaths,69,deaths,reported,
1.0,jhu_csse_confirmed_global_csv,e6234a59eec4359d2577358b5220e1a7e3da74c162913cdb7d882db1413f98c2,,2020-01-22/2023-03-09,observed,csv_row_Jersey_col_5/29/21,jhu_csv_observed_v1,2021-05-29,cumulative_confirmed_cases,3241,cases,reported,
1.0,jhu_csse_deaths_global_csv,4e87757a3e059c45650a1e1856614f8e339ee3c70653c378a7ba6f7b0ee8c72e,,2020-01-22/2023-03-09,observed,csv_row_Jersey_col_5/29/21,jhu_csv_observed_v1,2021-05-29,cumulative_deaths,69,deaths,reported,
1.0,jhu_csse_confirmed_global_csv,e6234a59eec4359d2577358b5220e1a7e3da74c162913cdb7d882db1413f98c2,,2020-01-22/2023-03-09,observed,csv_row_Jersey_col_5/30/21,jhu_csv_observed_v1,2021-05-30,cumulative_confirmed_cases,3241,cases,reported,
1.0,jhu_csse_deaths_global_csv,4e87757a3e059c45650a1e1856614f8e339ee3c70653c378a7ba6f7b0ee8c72e,,2020-01-22/2023-03-09,observed,csv_row_Jersey_col_5/30/21,jhu_csv_observed_v1,2021-05-30,cumulative_deaths,69,deaths,reported,
1.0,jhu_csse_confirmed_global_csv,e6234a59eec4359d2577358b5220e1a7e3da74c162913cdb7d882db1413f98c2,,2020-01-22/2023-03-09,observed,csv_row_Jersey_col_5/31/21,jhu_csv_observed_v1,2021-05-31,cumulative_confirmed_cases,3241,cases,reported,
1.0,jhu_csse_deaths_global_csv,4e87757a3e059c45650a1e1856614f8e339ee3c70653c378a7ba6f7b0ee8c72e,,2020-01-22/2023-03-09,observed,csv_row_Jersey_col_5/31/21,jhu_csv_observed_v1,2021-05-31,cumulative_deaths,69,deaths,reported,
1.0,jhu_csse_confirmed_global_csv,e6234a59eec4359d2577358b5220e1a7e3da74c162913cdb7d882db1413f98c2,,2020-01-22/2023-03-09,observed,csv_row_Jersey_col_6/1/21,jhu_csv_observed_v1,2021-06-01,cumulative_confirmed_cases,3241,cases,reported,
1.0,jhu_csse_deaths_global_csv,4e87757a3e059c45650a1e1856614f8e339ee3c70653c378a7ba6f7b0ee8c72e,,2020-01-22/2023-03-09,observed,csv_row_Jersey_col_6/1/21,jhu_csv_observed_v1,2021-06-01,cumulative_deaths,69,deaths,reported,
1.0,jhu_csse_confirmed_global_csv,e6234a59eec4359d2577358b5220e1a7e3da74c162913cdb7d882db1413f98c2,,2020-01-22/2023-03-09,observed,csv_row_Jersey_col_6/2/21,jhu_csv_observed_v1,2021-06-02,cumulative_confirmed_cases,3241,cases,reported,
1.0,jhu_csse_deaths_global_csv,4e87757a3e059c45650a1e1856614f8e339ee3c70653c378a7ba6f7b0ee8c72e,,2020-01-22/2023-03-09,observed,csv_row_Jersey_col_6/2/21,jhu_csv_observed_v1,2021-06-02,cumulative_deaths,69,deaths,reported,
1.0,jhu_csse_confirmed_global_csv,e6234a59eec4359d2577358b5220e1a7e3da74c162913cdb7d882db1413f98c2,,2020-01-22/2023-03-09,observed,csv_row_Jersey_col_6/3/21,jhu_csv_observed_v1,2021-06-03,cumulative_confirmed_cases,3241,cases,reported,
1.0,jhu_csse_deaths_global_csv,4e87757a3e059c45650a1e1856614f8e339ee3c70653c378a7ba6f7b0ee8c72e,,2020-01-22/2023-03-09,observed,csv_row_Jersey_col_6/3/21,jhu_csv_observed_v1,2021-06-03,cumulative_deaths,69,deaths,reported,
1.0,jhu_csse_confirmed_global_csv,e6234a59eec4359d2577358b5220e1a7e3da74c162913cdb7d882db1413f98c2,,2020-01-22/2023-03-09,observed,csv_row_Jersey_col_6/4/21,jhu_csv_observed_v1,2021-06-04,cumulative_confirmed_cases,3241,cases,reported,
1.0,jhu_csse_deaths_global_csv,4e87757a3e059c45650a1e1856614f8e339ee3c70653c378a7ba6f7b0ee8c72e,,2020-01-22/2023-03-09,observed,csv_row_Jersey_col_6/4/21,jhu_csv_observed_v1,2021-06-04,cumulative_deaths,69,deaths,reported,
1.0,jhu_csse_confirmed_global_csv,e6234a59eec4359d2577358b5220e1a7e3da74c162913cdb7d882db1413f98c2,,2020-01-22/2023-03-09,observed,csv_row_Jersey_col_6/5/21,jhu_csv_observed_v1,2021-06-05,cumulative_confirmed_cases,3241,cases,reported,
1.0,jhu_csse_deaths_global_csv,4e87757a3e059c45650a1e1856614f8e339ee3c70653c378a7ba6f7b0ee8c72e,,2020-01-22/2023-03-09,observed,csv_row_Jersey_col_6/5/21,jhu_csv_observed_v1,2021-06-05,cumulative_deaths,69,deaths,reported,
1.0,jhu_csse_confirmed_global_csv,e6234a59eec4359d2577358b5220e1a7e3da74c162913cdb7d882db1413f98c2,,2020-01-22/2023-03-09,observed,csv_row_Jersey_col_6/6/21,jhu_csv_observed_v1,2021-06-06,cumulative_confirmed_cases,3242,cases,reported,
1.0,jhu_csse_deaths_global_csv,4e87757a3e059c45650a1e1856614f8e339ee3c70653c378a7ba6f7b0ee8c72e,,2020-01-22/2023-03-09,observed,csv_row_Jersey_col_6/6/21,jhu_csv_observed_v1,2021-06-06,cumulative_deaths,69,deaths,reported,
1.0,jhu_csse_confirmed_global_csv,e6234a59eec4359d2577358b5220e1a7e3da74c162913cdb7d882db1413f98c2,,2020-01-22/2023-03-09,observed,csv_row_Jersey_col_6/7/21,jhu_csv_observed_v1,2021-06-07,cumulative_confirmed_cases,3245,cases,reported,
1.0,jhu_csse_deaths_global_csv,4e87757a3e059c45650a1e1856614f8e339ee3c70653c378a7ba6f7b0ee8c72e,,2020-01-22/2023-03-09,observed,csv_row_Jersey_col_6/7/21,jhu_csv_observed_v1,2021-06-07,cumulative_deaths,69,deaths,reported,
1.0,jhu_csse_confirmed_global_csv,e6234a59eec4359d2577358b5220e1a7e3da74c162913cdb7d882db1413f98c2,,2020-01-22/2023-03-09,observed,csv_row_Jersey_col_6/8/21,jhu_csv_observed_v1,2021-06-08,cumulative_confirmed_cases,3251,cases,reported,
1.0,jhu_csse_deaths_global_csv,4e87757a3e059c45650a1e1856614f8e339ee3c70653c378a7ba6f7b0ee8c72e,,2020-01-22/2023-03-09,observed,csv_row_Jersey_col_6/8/21,jhu_csv_observed_v1,2021-06-08,cumulative_deaths,69,deaths,reported,
1.0,jhu_csse_confirmed_global_csv,e6234a59eec4359d2577358b5220e1a7e3da74c162913cdb7d882db1413f98c2,,2020-01-22/2023-03-09,observed,csv_row_Jersey_col_6/9/21,jhu_csv_observed_v1,2021-06-09,cumulative_confirmed_cases,3255,cases,reported,
1.0,jhu_csse_deaths_global_csv,4e87757a3e059c45650a1e1856614f8e339ee3c70653c378a7ba6f7b0ee8c72e,,2020-01-22/2023-03-09,observed,csv_row_Jersey_col_6/9/21,jhu_csv_observed_v1,2021-06-09,cumulative_deaths,69,deaths,reported,
1.0,jhu_csse_confirmed_global_csv,e6234a59eec4359d2577358b5220e1a7e3da74c162913cdb7d882db1413f98c2,,2020-01-22/2023-03-09,observed,csv_row_Jersey_col_6/10/21,jhu_csv_observed_v1,2021-06-10,cumulative_confirmed_cases,3259,cases,reported,
1.0,jhu_csse_deaths_global_csv,4e87757a3e059c45650a1e1856614f8e339ee3c70653c378a7ba6f7b0ee8c72e,,2020-01-22/2023-03-09,observed,csv_row_Jersey_col_6/10/21,jhu_csv_observed_v1,2021-06-10,cumulative_deaths,69,deaths,reported,
1.0,jhu_csse_confirmed_global_csv,e6234a59eec4359d2577358b5220e1a7e3da74c162913cdb7d882db1413f98c2,,2020-01-22/2023-03-09,observed,csv_row_Jersey_col_6/11/21,jhu_csv_observed_v1,2021-06-11,cumulative_confirmed_cases,3267,cases,reported,
1.0,jhu_csse_deaths_global_csv,4e87757a3e059c45650a1e1856614f8e339ee3c70653c378a7ba6f7b0ee8c72e,,2020-01-22/2023-03-09,observed,csv_row_Jersey_col_6/11/21,jhu_csv_observed_v1,2021-06-11,cumulative_deaths,69,deaths,reported,
1.0,jhu_csse_confirmed_global_csv,e6234a59eec4359d2577358b5220e1a7e3da74c162913cdb7d882db1413f98c2,,2020-01-22/2023-03-09,observed,csv_row_Jersey_col_6/12/21,jhu_csv_observed_v1,2021-06-12,cumulative_confirmed_cases,3273,cases,reported,
1.0,jhu_csse_deaths_global_csv,4e87757a3e059c45650a1e1856614f8e339ee3c70653c378a7ba6f7b0ee8c72e,,2020-01-22/2023-03-09,observed,csv_row_Jersey_col_6/12/21,jhu_csv_observed_v1,2021-06-12,cumulative_deaths,69,deaths,reported,
1.0,jhu_csse_confirmed_global_csv,e6234a59eec4359d2577358b5220e1a7e3da74c162913cdb7d882db1413f98c2,,2020-01-22/2023-03-09,observed,csv_row_Jersey_col_6/13/21,jhu_csv_observed_v1,2021-06-13,cumulative_confirmed_cases,3275,cases,reported,
1.0,jhu_csse_deaths_global_csv,4e87757a3e059c45650a1e1856614f8e339ee3c70653c378a7ba6f7b0ee8c72e,,2020-01-22/2023-03-09,observed,csv_row_Jersey_col_6/13/21,jhu_csv_observed_v1,2021-06-13,cumulative_deaths,69,deaths,reported,
1.0,jhu_csse_confirmed_global_csv,e6234a59eec4359d2577358b5220e1a7e3da74c162913cdb7d882db1413f98c2,,2020-01-22/2023-03-09,observed,csv_row_Jersey_col_6/14/21,jhu_csv_observed_v1,2021-06-14,cumulative_confirmed_cases,3284,cases,reported,
1.0,jhu_csse_deaths_global_csv,4e87757a3e059c45650a1e1856614f8e339ee3c70653c378a7ba6f7b0ee8c72e,,2020-01-22/2023-03-09,observed,csv_row_Jersey_col_6/14/21,jhu_csv_observed_v1,2021-06-14,cumulative_deaths,69,deaths,reported,
1.0,jhu_csse_confirmed_global_csv,e6234a59eec4359d2577358b5220e1a7e3da74c162913cdb7d882db1413f98c2,,2020-01-22/2023-03-09,observed,csv_row_Jersey_col_6/15/21,jhu_csv_observed_v1,2021-06-15,cumulative_confirmed_cases,3285,cases,reported,
1.0,jhu_csse_deaths_global_csv,4e87757a3e059c45650a1e1856614f8e339ee3c70653c378a7ba6f7b0ee8c72e,,2020-01-22/2023-03-09,observed,csv_row_Jersey_col_6/15/21,jhu_csv_observed_v1,2021-06-15,cumulative_deaths,69,deaths,reported,
1.0,jhu_csse_confirmed_global_csv,e6234a59eec4359d2577358b5220e1a7e3da74c162913cdb7d882db1413f98c2,,2020-01-22/2023-03-09,observed,csv_row_Jersey_col_6/16/21,jhu_csv_observed_v1,2021-06-16,cumulative_confirmed_cases,3293,cases,reported,
1.0,jhu_csse_deaths_global_csv,4e87757a3e059c45650a1e1856614f8e339ee3c70653c378a7ba6f7b0ee8c72e,,2020-01-22/2023-03-09,observed,csv_row_Jersey_col_6/16/21,jhu_csv_observed_v1,2021-06-16,cumulative_deaths,69,deaths,reported,
1.0,jhu_csse_confirmed_global_csv,e6234a59eec4359d2577358b5220e1a7e3da74c162913cdb7d882db1413f98c2,,2020-01-22/2023-03-09,observed,csv_row_Jersey_col_6/17/21,jhu_csv_observed_v1,2021-06-17,cumulative_confirmed_cases,3294,cases,reported,
1.0,jhu_csse_deaths_global_csv,4e87757a3e059c45650a1e1856614f8e339ee3c70653c378a7ba6f7b0ee8c72e,,2020-01-22/2023-03-09,observed,csv_row_Jersey_col_6/17/21,jhu_csv_observed_v1,2021-06-17,cumulative_deaths,69,deaths,reported,
1.0,jhu_csse_confirmed_global_csv,e6234a59eec4359d2577358b5220e1a7e3da74c162913cdb7d882db1413f98c2,,2020-01-22/2023-03-09,observed,csv_row_Jersey_col_6/18/21,jhu_csv_observed_v1,2021-06-18,cumulative_confirmed_cases,3298,cases,reported,
1.0,jhu_csse_deaths_global_csv,4e87757a3e059c45650a1e1856614f8e339ee3c70653c378a7ba6f7b0ee8c72e,,2020-01-22/2023-03-09,observed,csv_row_Jersey_col_6/18/21,jhu_csv_observed_v1,2021-06-18,cumulative_deaths,69,deaths,reported,
1.0,jhu_csse_confirmed_global_csv,e6234a59eec4359d2577358b5220e1a7e3da74c162913cdb7d882db1413f98c2,,2020-01-22/2023-03-09,observed,csv_row_Jersey_col_6/19/21,jhu_csv_observed_v1,2021-06-19,cumulative_confirmed_cases,3300,cases,reported,
1.0,jhu_csse_deaths_global_csv,4e87757a3e059c45650a1e1856614f8e339ee3c70653c378a7ba6f7b0ee8c72e,,2020-01-22/2023-03-09,observed,csv_row_Jersey_col_6/19/21,jhu_csv_observed_v1,2021-06-19,cumulative_deaths,69,deaths,reported,
1.0,jhu_csse_confirmed_global_csv,e6234a59eec4359d2577358b5220e1a7e3da74c162913cdb7d882db1413f98c2,,2020-01-22/2023-03-09,observed,csv_row_Jersey_col_6/20/21,jhu_csv_observed_v1,2021-06-20,cumulative_confirmed_cases,3301,cases,reported,
1.0,jhu_csse_deaths_global_csv,4e87757a3e059c45650a1e1856614f8e339ee3c70653c378a7ba6f7b0ee8c72e,,2020-01-22/2023-03-09,observed,csv_row_Jersey_col_6/20/21,jhu_csv_observed_v1,2021-06-20,cumulative_deaths,69,deaths,reported,
1.0,jhu_csse_confirmed_global_csv,e6234a59eec4359d2577358b5220e1a7e3da74c162913cdb7d882db1413f98c2,,2020-01-22/2023-03-09,observed,csv_row_Jersey_col_6/21/21,jhu_csv_observed_v1,2021-06-21,cumulative_confirmed_cases,3307,cases,reported,
1.0,jhu_csse_deaths_global_csv,4e87757a3e059c45650a1e1856614f8e339ee3c70653c378a7ba6f7b0ee8c72e,,2020-01-22/2023-03-09,observed,csv_row_Jersey_col_6/21/21,jhu_csv_observed_v1,2021-06-21,cumulative_deaths,69,deaths,reported,
1.0,jhu_csse_confirmed_global_csv,e6234a59eec4359d2577358b5220e1a7e3da74c162913cdb7d882db1413f98c2,,2020-01-22/2023-03-09,observed,csv_row_Jersey_col_6/22/21,jhu_csv_observed_v1,2021-06-22,cumulative_confirmed_cases,3310,cases,reported,
1.0,jhu_csse_deaths_global_csv,4e87757a3e059c45650a1e1856614f8e339ee3c70653c378a7ba6f7b0ee8c72e,,2020-01-22/2023-03-09,observed,csv_row_Jersey_col_6/22/21,jhu_csv_observed_v1,2021-06-22,cumulative_deaths,69,deaths,reported,
1.0,jhu_csse_confirmed_global_csv,e6234a59eec4359d2577358b5220e1a7e3da74c162913cdb7d882db1413f98c2,,2020-01-22/2023-03-09,observed,csv_row_Jersey_col_6/23/21,jhu_csv_observed_v1,2021-06-23,cumulative_confirmed_cases,3320,cases,reported,
1.0,jhu_csse_deaths_global_csv,4e87757a3e059c45650a1e1856614f8e339ee3c70653c378a7ba6f7b0ee8c72e,,2020-01-22/2023-03-09,observed,csv_row_Jersey_col_6/23/21,jhu_csv_observed_v1,2021-06-23,cumulative_deaths,69,deaths,reported,
1.0,jhu_csse_confirmed_global_csv,e6234a59eec4359d2577358b5220e1a7e3da74c162913cdb7d882db1413f98c2,,2020-01-22/2023-03-09,observed,csv_row_Jersey_col_6/24/21,jhu_csv_observed_v1,2021-06-24,cumulative_confirmed_cases,3339,cases,reported,
1.0,jhu_csse_deaths_global_csv,4e87757a3e059c45650a1e1856614f8e339ee3c70653c378a7ba6f7b0ee8c72e,,2020-01-22/2023-03-09,observed,csv_row_Jersey_col_6/24/21,jhu_csv_observed_v1,2021-06-24,cumulative_deaths,69,deaths,reported,
1.0,jhu_csse_confirmed_global_csv,e6234a59eec4359d2577358b5220e1a7e3da74c162913cdb7d882db1413f98c2,,2020-01-22/2023-03-09,observed,csv_row_Jersey_col_6/25/21,jhu_csv_observed_v1,2021-06-25,cumulative_confirmed_cases,3364,cases,reported,
1.0,jhu_csse_deaths_global_csv,4e87757a3e059c45650a1e1856614f8e339ee3c70653c378a7ba6f7b0ee8c72e,,2020-01-22/2023-03-09,observed,csv_row_Jersey_col_6/25/21,jhu_csv_observed_v1,2021-06-25,cumulative_deaths,69,deaths,reported,
1.0,jhu_csse_confirmed_global_csv,e6234a59eec4359d2577358b5220e1a7e3da74c162913cdb7d882db1413f98c2,,2020-01-22/2023-03-09,observed,csv_row_Jersey_col_6/26/21,jhu_csv_observed_v1,2021-06-26,cumulative_confirmed_cases,3390,cases,reported,
1.0,jhu_csse_deaths_global_csv,4e87757a3e059c45650a1e1856614f8e339ee3c70653c378a7ba6f7b0ee8c72e,,2020-01-22/2023-03-09,observed,csv_row_Jersey_col_6/26/21,jhu_csv_observed_v1,2021-06-26,cumulative_deaths,69,deaths,reported,
1.0,jhu_csse_confirmed_global_csv,e6234a59eec4359d2577358b5220e1a7e3da74c162913cdb7d882db1413f98c2,,2020-01-22/2023-03-09,observed,csv_row_Jersey_col_6/27/21,jhu_csv_observed_v1,2021-06-27,cumulative_confirmed_cases,3415,cases,reported,
1.0,jhu_csse_deaths_global_csv,4e87757a3e059c45650a1e1856614f8e339ee3c70653c378a7ba6f7b0ee8c72e,,2020-01-22/2023-03-09,observed,csv_row_Jersey_col_6/27/21,jhu_csv_observed_v1,2021-06-27,cumulative_deaths,69,deaths,reported,
1.0,jhu_csse_confirmed_global_csv,e6234a59eec4359d2577358b5220e1a7e3da74c162913cdb7d882db1413f98c2,,2020-01-22/2023-03-09,observed,csv_row_Jersey_col_6/28/21,jhu_csv_observed_v1,2021-06-28,cumulative_confirmed_cases,3438,cases,reported,
1.0,jhu_csse_deaths_global_csv,4e87757a3e059c45650a1e1856614f8e339ee3c70653c378a7ba6f7b0ee8c72e,,2020-01-22/2023-03-09,observed,csv_row_Jersey_col_6/28/21,jhu_csv_observed_v1,2021-06-28,cumulative_deaths,69,deaths,reported,
1.0,jhu_csse_confirmed_global_csv,e6234a59eec4359d2577358b5220e1a7e3da74c162913cdb7d882db1413f98c2,,2020-01-22/2023-03-09,observed,csv_row_Jersey_col_6/29/21,jhu_csv_observed_v1,2021-06-29,cumulative_confirmed_cases,3454,cases,reported,
1.0,jhu_csse_deaths_global_csv,4e87757a3e059c45650a1e1856614f8e339ee3c70653c378a7ba6f7b0ee8c72e,,2020-01-22/2023-03-09,observed,csv_row_Jersey_col_6/29/21,jhu_csv_observed_v1,2021-06-29,cumulative_deaths,69,deaths,reported,
1.0,jhu_csse_confirmed_global_csv,e6234a59eec4359d2577358b5220e1a7e3da74c162913cdb7d882db1413f98c2,,2020-01-22/2023-03-09,observed,csv_row_Jersey_col_6/30/21,jhu_csv_observed_v1,2021-06-30,cumulative_confirmed_cases,3493,cases,reported,
1.0,jhu_csse_deaths_global_csv,4e87757a3e059c45650a1e1856614f8e339ee3c70653c378a7ba6f7b0ee8c72e,,2020-01-22/2023-03-09,observed,csv_row_Jersey_col_6/30/21,jhu_csv_observed_v1,2021-06-30,cumulative_deaths,69,deaths,reported,
1.0,jhu_csse_confirmed_global_csv,e6234a59eec4359d2577358b5220e1a7e3da74c162913cdb7d882db1413f98c2,,2020-01-22/2023-03-09,observed,csv_row_Jersey_col_7/1/21,jhu_csv_observed_v1,2021-07-01,cumulative_confirmed_cases,3545,cases,reported,
1.0,jhu_csse_deaths_global_csv,4e87757a3e059c45650a1e1856614f8e339ee3c70653c378a7ba6f7b0ee8c72e,,2020-01-22/2023-03-09,observed,csv_row_Jersey_col_7/1/21,jhu_csv_observed_v1,2021-07-01,cumulative_deaths,69,deaths,reported,
1.0,jhu_csse_confirmed_global_csv,e6234a59eec4359d2577358b5220e1a7e3da74c162913cdb7d882db1413f98c2,,2020-01-22/2023-03-09,observed,csv_row_Jersey_col_7/2/21,jhu_csv_observed_v1,2021-07-02,cumulative_confirmed_cases,3613,cases,reported,
1.0,jhu_csse_deaths_global_csv,4e87757a3e059c45650a1e1856614f8e339ee3c70653c378a7ba6f7b0ee8c72e,,2020-01-22/2023-03-09,observed,csv_row_Jersey_col_7/2/21,jhu_csv_observed_v1,2021-07-02,cumulative_deaths,69,deaths,reported,
1.0,jhu_csse_confirmed_global_csv,e6234a59eec4359d2577358b5220e1a7e3da74c162913cdb7d882db1413f98c2,,2020-01-22/2023-03-09,observed,csv_row_Jersey_col_7/3/21,jhu_csv_observed_v1,2021-07-03,cumulative_confirmed_cases,3681,cases,reported,
1.0,jhu_csse_deaths_global_csv,4e87757a3e059c45650a1e1856614f8e339ee3c70653c378a7ba6f7b0ee8c72e,,2020-01-22/2023-03-09,observed,csv_row_Jersey_col_7/3/21,jhu_csv_observed_v1,2021-07-03,cumulative_deaths,69,deaths,reported,
1.0,jhu_csse_confirmed_global_csv,e6234a59eec4359d2577358b5220e1a7e3da74c162913cdb7d882db1413f98c2,,2020-01-22/2023-03-09,observed,csv_row_Jersey_col_7/4/21,jhu_csv_observed_v1,2021-07-04,cumulative_confirmed_cases,3758,cases,reported,
1.0,jhu_csse_deaths_global_csv,4e87757a3e059c45650a1e1856614f8e339ee3c70653c378a7ba6f7b0ee8c72e,,2020-01-22/2023-03-09,observed,csv_row_Jersey_col_7/4/21,jhu_csv_observed_v1,2021-07-04,cumulative_deaths,69,deaths,reported,
1.0,jhu_csse_confirmed_global_csv,e6234a59eec4359d2577358b5220e1a7e3da74c162913cdb7d882db1413f98c2,,2020-01-22/2023-03-09,observed,csv_row_Jersey_col_7/5/21,jhu_csv_observed_v1,2021-07-05,cumulative_confirmed_cases,3804,cases,reported,
1.0,jhu_csse_deaths_global_csv,4e87757a3e059c45650a1e1856614f8e339ee3c70653c378a7ba6f7b0ee8c72e,,2020-01-22/2023-03-09,observed,csv_row_Jersey_col_7/5/21,jhu_csv_observed_v1,2021-07-05,cumulative_deaths,69,deaths,reported,
1.0,jhu_csse_confirmed_global_csv,e6234a59eec4359d2577358b5220e1a7e3da74c162913cdb7d882db1413f98c2,,2020-01-22/2023-03-09,observed,csv_row_Jersey_col_7/6/21,jhu_csv_observed_v1,2021-07-06,cumulative_confirmed_cases,3890,cases,reported,
1.0,jhu_csse_deaths_global_csv,4e87757a3e059c45650a1e1856614f8e339ee3c70653c378a7ba6f7b0ee8c72e,,2020-01-22/2023-03-09,observed,csv_row_Jersey_col_7/6/21,jhu_csv_observed_v1,2021-07-06,cumulative_deaths,69,deaths,reported,
1.0,jhu_csse_confirmed_global_csv,e6234a59eec4359d2577358b5220e1a7e3da74c162913cdb7d882db1413f98c2,,2020-01-22/2023-03-09,observed,csv_row_Jersey_col_7/7/21,jhu_csv_observed_v1,2021-07-07,cumulative_confirmed_cases,3963,cases,reported,
1.0,jhu_csse_deaths_global_csv,4e87757a3e059c45650a1e1856614f8e339ee3c70653c378a7ba6f7b0ee8c72e,,2020-01-22/2023-03-09,observed,csv_row_Jersey_col_7/7/21,jhu_csv_observed_v1,2021-07-07,cumulative_deaths,69,deaths,reported,
1.0,jhu_csse_confirmed_global_csv,e6234a59eec4359d2577358b5220e1a7e3da74c162913cdb7d882db1413f98c2,,2020-01-22/2023-03-09,observed,csv_row_Jersey_col_7/8/21,jhu_csv_observed_v1,2021-07-08,cumulative_confirmed_cases,4072,cases,reported,
1.0,jhu_csse_deaths_global_csv,4e87757a3e059c45650a1e1856614f8e339ee3c70653c378a7ba6f7b0ee8c72e,,2020-01-22/2023-03-09,observed,csv_row_Jersey_col_7/8/21,jhu_csv_observed_v1,2021-07-08,cumulative_deaths,69,deaths,reported,
1.0,jhu_csse_confirmed_global_csv,e6234a59eec4359d2577358b5220e1a7e3da74c162913cdb7d882db1413f98c2,,2020-01-22/2023-03-09,observed,csv_row_Jersey_col_7/9/21,jhu_csv_observed_v1,2021-07-09,cumulative_confirmed_cases,4211,cases,reported,
1.0,jhu_csse_deaths_global_csv,4e87757a3e059c45650a1e1856614f8e339ee3c70653c378a7ba6f7b0ee8c72e,,2020-01-22/2023-03-09,observed,csv_row_Jersey_col_7/9/21,jhu_csv_observed_v1,2021-07-09,cumulative_deaths,69,deaths,reported,
1.0,jhu_csse_confirmed_global_csv,e6234a59eec4359d2577358b5220e1a7e3da74c162913cdb7d882db1413f98c2,,2020-01-22/2023-03-09,observed,csv_row_Jersey_col_7/10/21,jhu_csv_observed_v1,2021-07-10,cumulative_confirmed_cases,4384,cases,reported,
1.0,jhu_csse_deaths_global_csv,4e87757a3e059c45650a1e1856614f8e339ee3c70653c378a7ba6f7b0ee8c72e,,2020-01-22/2023-03-09,observed,csv_row_Jersey_col_7/10/21,jhu_csv_observed_v1,2021-07-10,cumulative_deaths,69,deaths,reported,
1.0,jhu_csse_confirmed_global_csv,e6234a59eec4359d2577358b5220e1a7e3da74c162913cdb7d882db1413f98c2,,2020-01-22/2023-03-09,observed,csv_row_Jersey_col_7/11/21,jhu_csv_observed_v1,2021-07-11,cumulative_confirmed_cases,4543,cases,reported,
1.0,jhu_csse_deaths_global_csv,4e87757a3e059c45650a1e1856614f8e339ee3c70653c378a7ba6f7b0ee8c72e,,2020-01-22/2023-03-09,observed,csv_row_Jersey_col_7/11/21,jhu_csv_observed_v1,2021-07-11,cumulative_deaths,69,deaths,reported,
1.0,jhu_csse_confirmed_global_csv,e6234a59eec4359d2577358b5220e1a7e3da74c162913cdb7d882db1413f98c2,,2020-01-22/2023-03-09,observed,csv_row_Jersey_col_7/12/21,jhu_csv_observed_v1,2021-07-12,cumulative_confirmed_cases,4678,cases,reported,
1.0,jhu_csse_deaths_global_csv,4e87757a3e059c45650a1e1856614f8e339ee3c70653c378a7ba6f7b0ee8c72e,,2020-01-22/2023-03-09,observed,csv_row_Jersey_col_7/12/21,jhu_csv_observed_v1,2021-07-12,cumulative_deaths,69,deaths,reported,
1.0,jhu_csse_confirmed_global_csv,e6234a59eec4359d2577358b5220e1a7e3da74c162913cdb7d882db1413f98c2,,2020-01-22/2023-03-09,observed,csv_row_Jersey_col_7/13/21,jhu_csv_observed_v1,2021-07-13,cumulative_confirmed_cases,4805,cases,reported,
1.0,jhu_csse_deaths_global_csv,4e87757a3e059c45650a1e1856614f8e339ee3c70653c378a7ba6f7b0ee8c72e,,2020-01-22/2023-03-09,observed,csv_row_Jersey_col_7/13/21,jhu_csv_observed_v1,2021-07-13,cumulative_deaths,69,deaths,reported,
1.0,jhu_csse_confirmed_global_csv,e6234a59eec4359d2577358b5220e1a7e3da74c162913cdb7d882db1413f98c2,,2020-01-22/2023-03-09,observed,csv_row_Jersey_col_7/14/21,jhu_csv_observed_v1,2021-07-14,cumulative_confirmed_cases,5035,cases,reported,
1.0,jhu_csse_deaths_global_csv,4e87757a3e059c45650a1e1856614f8e339ee3c70653c378a7ba6f7b0ee8c72e,,2020-01-22/2023-03-09,observed,csv_row_Jersey_col_7/14/21,jhu_csv_observed_v1,2021-07-14,cumulative_deaths,69,deaths,reported,
1.0,jhu_csse_confirmed_global_csv,e6234a59eec4359d2577358b5220e1a7e3da74c162913cdb7d882db1413f98c2,,2020-01-22/2023-03-09,observed,csv_row_Jersey_col_7/15/21,jhu_csv_observed_v1,2021-07-15,cumulative_confirmed_cases,5239,cases,reported,
1.0,jhu_csse_deaths_global_csv,4e87757a3e059c45650a1e1856614f8e339ee3c70653c378a7ba6f7b0ee8c72e,,2020-01-22/2023-03-09,observed,csv_row_Jersey_col_7/15/21,jhu_csv_observed_v1,2021-07-15,cumulative_deaths,69,deaths,reported,
1.0,jhu_csse_confirmed_global_csv,e6234a59eec4359d2577358b5220e1a7e3da74c162913cdb7d882db1413f98c2,,2020-01-22/2023-03-09,observed,csv_row_Jersey_col_7/16/21,jhu_csv_observed_v1,2021-07-16,cumulative_confirmed_cases,5519,cases,reported,
1.0,jhu_csse_deaths_global_csv,4e87757a3e059c45650a1e1856614f8e339ee3c70653c378a7ba6f7b0ee8c72e,,2020-01-22/2023-03-09,observed,csv_row_Jersey_col_7/16/21,jhu_csv_observed_v1,2021-07-16,cumulative_deaths,69,deaths,reported,
1.0,jhu_csse_confirmed_global_csv,e6234a59eec4359d2577358b5220e1a7e3da74c162913cdb7d882db1413f98c2,,2020-01-22/2023-03-09,observed,csv_row_Jersey_col_7/17/21,jhu_csv_observed_v1,2021-07-17,cumulative_confirmed_cases,5727,cases,reported,
1.0,jhu_csse_deaths_global_csv,4e87757a3e059c45650a1e1856614f8e339ee3c70653c378a7ba6f7b0ee8c72e,,2020-01-22/2023-03-09,observed,csv_row_Jersey_col_7/17/21,jhu_csv_observed_v1,2021-07-17,cumulative_deaths,69,deaths,reported,
1.0,jhu_csse_confirmed_global_csv,e6234a59eec4359d2577358b5220e1a7e3da74c162913cdb7d882db1413f98c2,,2020-01-22/2023-03-09,observed,csv_row_Jersey_col_7/18/21,jhu_csv_observed_v1,2021-07-18,cumulative_confirmed_cases,6147,cases,reported,
1.0,jhu_csse_deaths_global_csv,4e87757a3e059c45650a1e1856614f8e339ee3c70653c378a7ba6f7b0ee8c72e,,2020-01-22/2023-03-09,observed,csv_row_Jersey_col_7/18/21,jhu_csv_observed_v1,2021-07-18,cumulative_deaths,69,deaths,reported,
1.0,jhu_csse_confirmed_global_csv,e6234a59eec4359d2577358b5220e1a7e3da74c162913cdb7d882db1413f98c2,,2020-01-22/2023-03-09,observed,csv_row_Jersey_col_7/19/21,jhu_csv_observed_v1,2021-07-19,cumulative_confirmed_cases,6328,cases,reported,
1.0,jhu_csse_deaths_global_csv,4e87757a3e059c45650a1e1856614f8e339ee3c70653c378a7ba6f7b0ee8c72e,,2020-01-22/2023-03-09,observed,csv_row_Jersey_col_7/19/21,jhu_csv_observed_v1,2021-07-19,cumulative_deaths,69,deaths,reported,
1.0,jhu_csse_confirmed_global_csv,e6234a59eec4359d2577358b5220e1a7e3da74c162913cdb7d882db1413f98c2,,2020-01-22/2023-03-09,observed,csv_row_Jersey_col_7/20/21,jhu_csv_observed_v1,2021-07-20,cumulative_confirmed_cases,6566,cases,reported,
1.0,jhu_csse_deaths_global_csv,4e87757a3e059c45650a1e1856614f8e339ee3c70653c378a7ba6f7b0ee8c72e,,2020-01-22/2023-03-09,observed,csv_row_Jersey_col_7/20/21,jhu_csv_observed_v1,2021-07-20,cumulative_deaths,69,deaths,reported,
1.0,jhu_csse_confirmed_global_csv,e6234a59eec4359d2577358b5220e1a7e3da74c162913cdb7d882db1413f98c2,,2020-01-22/2023-03-09,observed,csv_row_Jersey_col_7/21/21,jhu_csv_observed_v1,2021-07-21,cumulative_confirmed_cases,6868,cases,reported,
1.0,jhu_csse_deaths_global_csv,4e87757a3e059c45650a1e1856614f8e339ee3c70653c378a7ba6f7b0ee8c72e,,2020-01-22/2023-03-09,observed,csv_row_Jersey_col_7/21/21,jhu_csv_observed_v1,2021-07-21,cumulative_deaths,69,deaths,reported,
1.0,jhu_csse_confirmed_global_csv,e6234a59eec4359d2577358b5220e1a7e3da74c162913cdb7d882db1413f98c2,,2020-01-22/2023-03-09,observed,csv_row_Jersey_col_7/22/21,jhu_csv_observed_v1,2021-07-22,cumulative_confirmed_cases,7100,cases,reported,
1.0,jhu_csse_deaths_global_csv,4e87757a3e059c45650a1e1856614f8e339ee3c70653c378a7ba6f7b0ee8c72e,,2020-01-22/2023-03-09,observed,csv_row_Jersey_col_7/22/21,jhu_csv_observed_v1,2021-07-22,cumulative_deaths,69,deaths,reported,
1.0,jhu_csse_confirmed_global_csv,e6234a59eec4359d2577358b5220e1a7e3da74c162913cdb7d882db1413f98c2,,2020-01-22/2023-03-09,observed,csv_row_Jersey_col_7/23/21,jhu_csv_observed_v1,2021-07-23,cumulative_confirmed_cases,7329,cases,reported,
1.0,jhu_csse_deaths_global_csv,4e87757a3e059c45650a1e1856614f8e339ee3c70653c378a7ba6f7b0ee8c72e,,2020-01-22/2023-03-09,observed,csv_row_Jersey_col_7/23/21,jhu_csv_observed_v1,2021-07-23,cumulative_deaths,69,deaths,reported,
1.0,jhu_csse_confirmed_global_csv,e6234a59eec4359d2577358b5220e1a7e3da74c162913cdb7d882db1413f98c2,,2020-01-22/2023-03-09,observed,csv_row_Jersey_col_7/24/21,jhu_csv_observed_v1,2021-07-24,cumulative_confirmed_cases,7507,cases,reported,
1.0,jhu_csse_deaths_global_csv,4e87757a3e059c45650a1e1856614f8e339ee3c70653c378a7ba6f7b0ee8c72e,,2020-01-22/2023-03-09,observed,csv_row_Jersey_col_7/24/21,jhu_csv_observed_v1,2021-07-24,cumulative_deaths,69,deaths,reported,
1.0,jhu_csse_confirmed_global_csv,e6234a59eec4359d2577358b5220e1a7e3da74c162913cdb7d882db1413f98c2,,2020-01-22/2023-03-09,observed,csv_row_Jersey_col_7/25/21,jhu_csv_observed_v1,2021-07-25,cumulative_confirmed_cases,7649,cases,reported,
1.0,jhu_csse_deaths_global_csv,4e87757a3e059c45650a1e1856614f8e339ee3c70653c378a7ba6f7b0ee8c72e,,2020-01-22/2023-03-09,observed,csv_row_Jersey_col_7/25/21,jhu_csv_observed_v1,2021-07-25,cumulative_deaths,69,deaths,reported,
1.0,jhu_csse_confirmed_global_csv,e6234a59eec4359d2577358b5220e1a7e3da74c162913cdb7d882db1413f98c2,,2020-01-22/2023-03-09,observed,csv_row_Jersey_col_7/26/21,jhu_csv_observed_v1,2021-07-26,cumulative_confirmed_cases,7762,cases,reported,
1.0,jhu_csse_deaths_global_csv,4e87757a3e059c45650a1e1856614f8e339ee3c70653c378a7ba6f7b0ee8c72e,,2020-01-22/2023-03-09,observed,csv_row_Jersey_col_7/26/21,jhu_csv_observed_v1,2021-07-26,cumulative_deaths,69,deaths,reported,
1.0,jhu_csse_confirmed_global_csv,e6234a59eec4359d2577358b5220e1a7e3da74c162913cdb7d882db1413f98c2,,2020-01-22/2023-03-09,observed,csv_row_Jersey_col_7/27/21,jhu_csv_observed_v1,2021-07-27,cumulative_confirmed_cases,7860,cases,reported,
1.0,jhu_csse_deaths_global_csv,4e87757a3e059c45650a1e1856614f8e339ee3c70653c378a7ba6f7b0ee8c72e,,2020-01-22/2023-03-09,observed,csv_row_Jersey_col_7/27/21,jhu_csv_observed_v1,2021-07-27,cumulative_deaths,69,deaths,reported,
1.0,jhu_csse_confirmed_global_csv,e6234a59eec4359d2577358b5220e1a7e3da74c162913cdb7d882db1413f98c2,,2020-01-22/2023-03-09,observed,csv_row_Jersey_col_7/28/21,jhu_csv_observed_v1,2021-07-28,cumulative_confirmed_cases,7983,cases,reported,
1.0,jhu_csse_deaths_global_csv,4e87757a3e059c45650a1e1856614f8e339ee3c70653c378a7ba6f7b0ee8c72e,,2020-01-22/2023-03-09,observed,csv_row_Jersey_col_7/28/21,jhu_csv_observed_v1,2021-07-28,cumulative_deaths,69,deaths,reported,
1.0,jhu_csse_confirmed_global_csv,e6234a59eec4359d2577358b5220e1a7e3da74c162913cdb7d882db1413f98c2,,2020-01-22/2023-03-09,observed,csv_row_Jersey_col_7/29/21,jhu_csv_observed_v1,2021-07-29,cumulative_confirmed_cases,8094,cases,reported,
1.0,jhu_csse_deaths_global_csv,4e87757a3e059c45650a1e1856614f8e339ee3c70653c378a7ba6f7b0ee8c72e,,2020-01-22/2023-03-09,observed,csv_row_Jersey_col_7/29/21,jhu_csv_observed_v1,2021-07-29,cumulative_deaths,69,deaths,reported,
1.0,jhu_csse_confirmed_global_csv,e6234a59eec4359d2577358b5220e1a7e3da74c162913cdb7d882db1413f98c2,,2020-01-22/2023-03-09,observed,csv_row_Jersey_col_7/30/21,jhu_csv_observed_v1,2021-07-30,cumulative_confirmed_cases,8179,cases,reported,
1.0,jhu_csse_deaths_global_csv,4e87757a3e059c45650a1e1856614f8e339ee3c70653c378a7ba6f7b0ee8c72e,,2020-01-22/2023-03-09,observed,csv_row_Jersey_col_7/30/21,jhu_csv_observed_v1,2021-07-30,cumulative_deaths,69,deaths,reported,
1.0,jhu_csse_confirmed_global_csv,e6234a59eec4359d2577358b5220e1a7e3da74c162913cdb7d882db1413f98c2,,2020-01-22/2023-03-09,observed,csv_row_Jersey_col_7/31/21,jhu_csv_observed_v1,2021-07-31,cumulative_confirmed_cases,8256,cases,reported,
1.0,jhu_csse_deaths_global_csv,4e87757a3e059c45650a1e1856614f8e339ee3c70653c378a7ba6f7b0ee8c72e,,2020-01-22/2023-03-09,observed,csv_row_Jersey_col_7/31/21,jhu_csv_observed_v1,2021-07-31,cumulative_deaths,69,deaths,reported,
1.0,jhu_csse_confirmed_global_csv,e6234a59eec4359d2577358b5220e1a7e3da74c162913cdb7d882db1413f98c2,,2020-01-22/2023-03-09,observed,csv_row_Jersey_col_8/1/21,jhu_csv_observed_v1,2021-08-01,cumulative_confirmed_cases,8309,cases,reported,
1.0,jhu_csse_deaths_global_csv,4e87757a3e059c45650a1e1856614f8e339ee3c70653c378a7ba6f7b0ee8c72e,,2020-01-22/2023-03-09,observed,csv_row_Jersey_col_8/1/21,jhu_csv_observed_v1,2021-08-01,cumulative_deaths,69,deaths,reported,
1.0,jhu_csse_confirmed_global_csv,e6234a59eec4359d2577358b5220e1a7e3da74c162913cdb7d882db1413f98c2,,2020-01-22/2023-03-09,observed,csv_row_Jersey_col_8/2/21,jhu_csv_observed_v1,2021-08-02,cumulative_confirmed_cases,8382,cases,reported,
1.0,jhu_csse_deaths_global_csv,4e87757a3e059c45650a1e1856614f8e339ee3c70653c378a7ba6f7b0ee8c72e,,2020-01-22/2023-03-09,observed,csv_row_Jersey_col_8/2/21,jhu_csv_observed_v1,2021-08-02,cumulative_deaths,69,deaths,reported,
1.0,jhu_csse_confirmed_global_csv,e6234a59eec4359d2577358b5220e1a7e3da74c162913cdb7d882db1413f98c2,,2020-01-22/2023-03-09,observed,csv_row_Jersey_col_8/3/21,jhu_csv_observed_v1,2021-08-03,cumulative_confirmed_cases,8427,cases,reported,
1.0,jhu_csse_deaths_global_csv,4e87757a3e059c45650a1e1856614f8e339ee3c70653c378a7ba6f7b0ee8c72e,,2020-01-22/2023-03-09,observed,csv_row_Jersey_col_8/3/21,jhu_csv_observed_v1,2021-08-03,cumulative_deaths,69,deaths,reported,
1.0,jhu_csse_confirmed_global_csv,e6234a59eec4359d2577358b5220e1a7e3da74c162913cdb7d882db1413f98c2,,2020-01-22/2023-03-09,observed,csv_row_Jersey_col_8/4/21,jhu_csv_observed_v1,2021-08-04,cumulative_confirmed_cases,8481,cases,reported,
1.0,jhu_csse_deaths_global_csv,4e87757a3e059c45650a1e1856614f8e339ee3c70653c378a7ba6f7b0ee8c72e,,2020-01-22/2023-03-09,observed,csv_row_Jersey_col_8/4/21,jhu_csv_observed_v1,2021-08-04,cumulative_deaths,70,deaths,reported,
1.0,jhu_csse_confirmed_global_csv,e6234a59eec4359d2577358b5220e1a7e3da74c162913cdb7d882db1413f98c2,,2020-01-22/2023-03-09,observed,csv_row_Jersey_col_8/5/21,jhu_csv_observed_v1,2021-08-05,cumulative_confirmed_cases,8542,cases,reported,
1.0,jhu_csse_deaths_global_csv,4e87757a3e059c45650a1e1856614f8e339ee3c70653c378a7ba6f7b0ee8c72e,,2020-01-22/2023-03-09,observed,csv_row_Jersey_col_8/5/21,jhu_csv_observed_v1,2021-08-05,cumulative_deaths,71,deaths,reported,
1.0,jhu_csse_confirmed_global_csv,e6234a59eec4359d2577358b5220e1a7e3da74c162913cdb7d882db1413f98c2,,2020-01-22/2023-03-09,observed,csv_row_Jersey_col_8/6/21,jhu_csv_observed_v1,2021-08-06,cumulative_confirmed_cases,8572,cases,reported,
1.0,jhu_csse_deaths_global_csv,4e87757a3e059c45650a1e1856614f8e339ee3c70653c378a7ba6f7b0ee8c72e,,2020-01-22/2023-03-09,observed,csv_row_Jersey_col_8/6/21,jhu_csv_observed_v1,2021-08-06,cumulative_deaths,72,deaths,reported,
1.0,jhu_csse_confirmed_global_csv,e6234a59eec4359d2577358b5220e1a7e3da74c162913cdb7d882db1413f98c2,,2020-01-22/2023-03-09,observed,csv_row_Jersey_col_8/7/21,jhu_csv_observed_v1,2021-08-07,cumulative_confirmed_cases,8602,cases,reported,
1.0,jhu_csse_deaths_global_csv,4e87757a3e059c45650a1e1856614f8e339ee3c70653c378a7ba6f7b0ee8c72e,,2020-01-22/2023-03-09,observed,csv_row_Jersey_col_8/7/21,jhu_csv_observed_v1,2021-08-07,cumulative_deaths,73,deaths,reported,
1.0,jhu_csse_confirmed_global_csv,e6234a59eec4359d2577358b5220e1a7e3da74c162913cdb7d882db1413f98c2,,2020-01-22/2023-03-09,observed,csv_row_Jersey_col_8/8/21,jhu_csv_observed_v1,2021-08-08,cumulative_confirmed_cases,8629,cases,reported,
1.0,jhu_csse_deaths_global_csv,4e87757a3e059c45650a1e1856614f8e339ee3c70653c378a7ba6f7b0ee8c72e,,2020-01-22/2023-03-09,observed,csv_row_Jersey_col_8/8/21,jhu_csv_observed_v1,2021-08-08,cumulative_deaths,73,deaths,reported,
1.0,jhu_csse_confirmed_global_csv,e6234a59eec4359d2577358b5220e1a7e3da74c162913cdb7d882db1413f98c2,,2020-01-22/2023-03-09,observed,csv_row_Jersey_col_8/9/21,jhu_csv_observed_v1,2021-08-09,cumulative_confirmed_cases,8662,cases,reported,
1.0,jhu_csse_deaths_global_csv,4e87757a3e059c45650a1e1856614f8e339ee3c70653c378a7ba6f7b0ee8c72e,,2020-01-22/2023-03-09,observed,csv_row_Jersey_col_8/9/21,jhu_csv_observed_v1,2021-08-09,cumulative_deaths,73,deaths,reported,
1.0,jhu_csse_confirmed_global_csv,e6234a59eec4359d2577358b5220e1a7e3da74c162913cdb7d882db1413f98c2,,2020-01-22/2023-03-09,observed,csv_row_Jersey_col_8/10/21,jhu_csv_observed_v1,2021-08-10,cumulative_confirmed_cases,8674,cases,reported,
1.0,jhu_csse_deaths_global_csv,4e87757a3e059c45650a1e1856614f8e339ee3c70653c378a7ba6f7b0ee8c72e,,2020-01-22/2023-03-09,observed,csv_row_Jersey_col_8/10/21,jhu_csv_observed_v1,2021-08-10,cumulative_deaths,73,deaths,reported,
1.0,jhu_csse_confirmed_global_csv,e6234a59eec4359d2577358b5220e1a7e3da74c162913cdb7d882db1413f98c2,,2020-01-22/2023-03-09,observed,csv_row_Jersey_col_8/11/21,jhu_csv_observed_v1,2021-08-11,cumulative_confirmed_cases,8705,cases,reported,
1.0,jhu_csse_deaths_global_csv,4e87757a3e059c45650a1e1856614f8e339ee3c70653c378a7ba6f7b0ee8c72e,,2020-01-22/2023-03-09,observed,csv_row_Jersey_col_8/11/21,jhu_csv_observed_v1,2021-08-11,cumulative_deaths,73,deaths,reported,
1.0,jhu_csse_confirmed_global_csv,e6234a59eec4359d2577358b5220e1a7e3da74c162913cdb7d882db1413f98c2,,2020-01-22/2023-03-09,observed,csv_row_Jersey_col_8/12/21,jhu_csv_observed_v1,2021-08-12,cumulative_confirmed_cases,8742,cases,reported,
1.0,jhu_csse_deaths_global_csv,4e87757a3e059c45650a1e1856614f8e339ee3c70653c378a7ba6f7b0ee8c72e,,2020-01-22/2023-03-09,observed,csv_row_Jersey_col_8/12/21,jhu_csv_observed_v1,2021-08-12,cumulative_deaths,73,deaths,reported,
1.0,jhu_csse_confirmed_global_csv,e6234a59eec4359d2577358b5220e1a7e3da74c162913cdb7d882db1413f98c2,,2020-01-22/2023-03-09,observed,csv_row_Jersey_col_8/13/21,jhu_csv_observed_v1,2021-08-13,cumulative_confirmed_cases,8769,cases,reported,
1.0,jhu_csse_deaths_global_csv,4e87757a3e059c45650a1e1856614f8e339ee3c70653c378a7ba6f7b0ee8c72e,,2020-01-22/2023-03-09,observed,csv_row_Jersey_col_8/13/21,jhu_csv_observed_v1,2021-08-13,cumulative_deaths,73,deaths,reported,
1.0,jhu_csse_confirmed_global_csv,e6234a59eec4359d2577358b5220e1a7e3da74c162913cdb7d882db1413f98c2,,2020-01-22/2023-03-09,observed,csv_row_Jersey_col_8/14/21,jhu_csv_observed_v1,2021-08-14,cumulative_confirmed_cases,8818,cases,reported,
1.0,jhu_csse_deaths_global_csv,4e87757a3e059c45650a1e1856614f8e339ee3c70653c378a7ba6f7b0ee8c72e,,2020-01-22/2023-03-09,observed,csv_row_Jersey_col_8/14/21,jhu_csv_observed_v1,2021-08-14,cumulative_deaths,74,deaths,reported,
1.0,jhu_csse_confirmed_global_csv,e6234a59eec4359d2577358b5220e1a7e3da74c162913cdb7d882db1413f98c2,,2020-01-22/2023-03-09,observed,csv_row_Jersey_col_8/15/21,jhu_csv_observed_v1,2021-08-15,cumulative_confirmed_cases,8854,cases,reported,
1.0,jhu_csse_deaths_global_csv,4e87757a3e059c45650a1e1856614f8e339ee3c70653c378a7ba6f7b0ee8c72e,,2020-01-22/2023-03-09,observed,csv_row_Jersey_col_8/15/21,jhu_csv_observed_v1,2021-08-15,cumulative_deaths,74,deaths,reported,
1.0,jhu_csse_confirmed_global_csv,e6234a59eec4359d2577358b5220e1a7e3da74c162913cdb7d882db1413f98c2,,2020-01-22/2023-03-09,observed,csv_row_Jersey_col_8/16/21,jhu_csv_observed_v1,2021-08-16,cumulative_confirmed_cases,8887,cases,reported,
1.0,jhu_csse_deaths_global_csv,4e87757a3e059c45650a1e1856614f8e339ee3c70653c378a7ba6f7b0ee8c72e,,2020-01-22/2023-03-09,observed,csv_row_Jersey_col_8/16/21,jhu_csv_observed_v1,2021-08-16,cumulative_deaths,74,deaths,reported,
1.0,jhu_csse_confirmed_global_csv,e6234a59eec4359d2577358b5220e1a7e3da74c162913cdb7d882db1413f98c2,,2020-01-22/2023-03-09,observed,csv_row_Jersey_col_8/17/21,jhu_csv_observed_v1,2021-08-17,cumulative_confirmed_cases,8915,cases,reported,
1.0,jhu_csse_deaths_global_csv,4e87757a3e059c45650a1e1856614f8e339ee3c70653c378a7ba6f7b0ee8c72e,,2020-01-22/2023-03-09,observed,csv_row_Jersey_col_8/17/21,jhu_csv_observed_v1,2021-08-17,cumulative_deaths,74,deaths,reported,
1.0,jhu_csse_confirmed_global_csv,e6234a59eec4359d2577358b5220e1a7e3da74c162913cdb7d882db1413f98c2,,2020-01-22/2023-03-09,observed,csv_row_Jersey_col_8/18/21,jhu_csv_observed_v1,2021-08-18,cumulative_confirmed_cases,8953,cases,reported,
1.0,jhu_csse_deaths_global_csv,4e87757a3e059c45650a1e1856614f8e339ee3c70653c378a7ba6f7b0ee8c72e,,2020-01-22/2023-03-09,observed,csv_row_Jersey_col_8/18/21,jhu_csv_observed_v1,2021-08-18,cumulative_deaths,74,deaths,reported,
1.0,jhu_csse_confirmed_global_csv,e6234a59eec4359d2577358b5220e1a7e3da74c162913cdb7d882db1413f98c2,,2020-01-22/2023-03-09,observed,csv_row_Jersey_col_8/19/21,jhu_csv_observed_v1,2021-08-19,cumulative_confirmed_cases,8990,cases,reported,
1.0,jhu_csse_deaths_global_csv,4e87757a3e059c45650a1e1856614f8e339ee3c70653c378a7ba6f7b0ee8c72e,,2020-01-22/2023-03-09,observed,csv_row_Jersey_col_8/19/21,jhu_csv_observed_v1,2021-08-19,cumulative_deaths,74,deaths,reported,
1.0,jhu_csse_confirmed_global_csv,e6234a59eec4359d2577358b5220e1a7e3da74c162913cdb7d882db1413f98c2,,2020-01-22/2023-03-09,observed,csv_row_Jersey_col_8/20/21,jhu_csv_observed_v1,2021-08-20,cumulative_confirmed_cases,9017,cases,reported,
1.0,jhu_csse_deaths_global_csv,4e87757a3e059c45650a1e1856614f8e339ee3c70653c378a7ba6f7b0ee8c72e,,2020-01-22/2023-03-09,observed,csv_row_Jersey_col_8/20/21,jhu_csv_observed_v1,2021-08-20,cumulative_deaths,75,deaths,reported,
1.0,jhu_csse_confirmed_global_csv,e6234a59eec4359d2577358b5220e1a7e3da74c162913cdb7d882db1413f98c2,,2020-01-22/2023-03-09,observed,csv_row_Jersey_col_8/21/21,jhu_csv_observed_v1,2021-08-21,cumulative_confirmed_cases,9051,cases,reported,
1.0,jhu_csse_deaths_global_csv,4e87757a3e059c45650a1e1856614f8e339ee3c70653c378a7ba6f7b0ee8c72e,,2020-01-22/2023-03-09,observed,csv_row_Jersey_col_8/21/21,jhu_csv_observed_v1,2021-08-21,cumulative_deaths,75,deaths,reported,
1.0,jhu_csse_confirmed_global_csv,e6234a59eec4359d2577358b5220e1a7e3da74c162913cdb7d882db1413f98c2,,2020-01-22/2023-03-09,observed,csv_row_Jersey_col_8/22/21,jhu_csv_observed_v1,2021-08-22,cumulative_confirmed_cases,9074,cases,reported,
1.0,jhu_csse_deaths_global_csv,4e87757a3e059c45650a1e1856614f8e339ee3c70653c378a7ba6f7b0ee8c72e,,2020-01-22/2023-03-09,observed,csv_row_Jersey_col_8/22/21,jhu_csv_observed_v1,2021-08-22,cumulative_deaths,75,deaths,reported,
1.0,jhu_csse_confirmed_global_csv,e6234a59eec4359d2577358b5220e1a7e3da74c162913cdb7d882db1413f98c2,,2020-01-22/2023-03-09,observed,csv_row_Jersey_col_8/23/21,jhu_csv_observed_v1,2021-08-23,cumulative_confirmed_cases,9110,cases,reported,
1.0,jhu_csse_deaths_global_csv,4e87757a3e059c45650a1e1856614f8e339ee3c70653c378a7ba6f7b0ee8c72e,,2020-01-22/2023-03-09,observed,csv_row_Jersey_col_8/23/21,jhu_csv_observed_v1,2021-08-23,cumulative_deaths,75,deaths,reported,
1.0,jhu_csse_confirmed_global_csv,e6234a59eec4359d2577358b5220e1a7e3da74c162913cdb7d882db1413f98c2,,2020-01-22/2023-03-09,observed,csv_row_Jersey_col_8/24/21,jhu_csv_observed_v1,2021-08-24,cumulative_confirmed_cases,9148,cases,reported,
1.0,jhu_csse_deaths_global_csv,4e87757a3e059c45650a1e1856614f8e339ee3c70653c378a7ba6f7b0ee8c72e,,2020-01-22/2023-03-09,observed,csv_row_Jersey_col_8/24/21,jhu_csv_observed_v1,2021-08-24,cumulative_deaths,75,deaths,reported,
1.0,jhu_csse_confirmed_global_csv,e6234a59eec4359d2577358b5220e1a7e3da74c162913cdb7d882db1413f98c2,,2020-01-22/2023-03-09,observed,csv_row_Jersey_col_8/25/21,jhu_csv_observed_v1,2021-08-25,cumulative_confirmed_cases,9171,cases,reported,
1.0,jhu_csse_deaths_global_csv,4e87757a3e059c45650a1e1856614f8e339ee3c70653c378a7ba6f7b0ee8c72e,,2020-01-22/2023-03-09,observed,csv_row_Jersey_col_8/25/21,jhu_csv_observed_v1,2021-08-25,cumulative_deaths,76,deaths,reported,
1.0,jhu_csse_confirmed_global_csv,e6234a59eec4359d2577358b5220e1a7e3da74c162913cdb7d882db1413f98c2,,2020-01-22/2023-03-09,observed,csv_row_Jersey_col_8/26/21,jhu_csv_observed_v1,2021-08-26,cumulative_confirmed_cases,9207,cases,reported,
1.0,jhu_csse_deaths_global_csv,4e87757a3e059c45650a1e1856614f8e339ee3c70653c378a7ba6f7b0ee8c72e,,2020-01-22/2023-03-09,observed,csv_row_Jersey_col_8/26/21,jhu_csv_observed_v1,2021-08-26,cumulative_deaths,76,deaths,reported,
1.0,jhu_csse_confirmed_global_csv,e6234a59eec4359d2577358b5220e1a7e3da74c162913cdb7d882db1413f98c2,,2020-01-22/2023-03-09,observed,csv_row_Jersey_col_8/27/21,jhu_csv_observed_v1,2021-08-27,cumulative_confirmed_cases,9222,cases,reported,
1.0,jhu_csse_deaths_global_csv,4e87757a3e059c45650a1e1856614f8e339ee3c70653c378a7ba6f7b0ee8c72e,,2020-01-22/2023-03-09,observed,csv_row_Jersey_col_8/27/21,jhu_csv_observed_v1,2021-08-27,cumulative_deaths,76,deaths,reported,
1.0,jhu_csse_confirmed_global_csv,e6234a59eec4359d2577358b5220e1a7e3da74c162913cdb7d882db1413f98c2,,2020-01-22/2023-03-09,observed,csv_row_Jersey_col_8/28/21,jhu_csv_observed_v1,2021-08-28,cumulative_confirmed_cases,9246,cases,reported,
1.0,jhu_csse_deaths_global_csv,4e87757a3e059c45650a1e1856614f8e339ee3c70653c378a7ba6f7b0ee8c72e,,2020-01-22/2023-03-09,observed,csv_row_Jersey_col_8/28/21,jhu_csv_observed_v1,2021-08-28,cumulative_deaths,77,deaths,reported,
1.0,jhu_csse_confirmed_global_csv,e6234a59eec4359d2577358b5220e1a7e3da74c162913cdb7d882db1413f98c2,,2020-01-22/2023-03-09,observed,csv_row_Jersey_col_8/29/21,jhu_csv_observed_v1,2021-08-29,cumulative_confirmed_cases,9259,cases,reported,
1.0,jhu_csse_deaths_global_csv,4e87757a3e059c45650a1e1856614f8e339ee3c70653c378a7ba6f7b0ee8c72e,,2020-01-22/2023-03-09,observed,csv_row_Jersey_col_8/29/21,jhu_csv_observed_v1,2021-08-29,cumulative_deaths,77,deaths,reported,
1.0,jhu_csse_confirmed_global_csv,e6234a59eec4359d2577358b5220e1a7e3da74c162913cdb7d882db1413f98c2,,2020-01-22/2023-03-09,observed,csv_row_Jersey_col_8/30/21,jhu_csv_observed_v1,2021-08-30,cumulative_confirmed_cases,9276,cases,reported,
1.0,jhu_csse_deaths_global_csv,4e87757a3e059c45650a1e1856614f8e339ee3c70653c378a7ba6f7b0ee8c72e,,2020-01-22/2023-03-09,observed,csv_row_Jersey_col_8/30/21,jhu_csv_observed_v1,2021-08-30,cumulative_deaths,77,deaths,reported,
1.0,jhu_csse_confirmed_global_csv,e6234a59eec4359d2577358b5220e1a7e3da74c162913cdb7d882db1413f98c2,,2020-01-22/2023-03-09,observed,csv_row_Jersey_col_8/31/21,jhu_csv_observed_v1,2021-08-31,cumulative_confirmed_cases,9288,cases,reported,
1.0,jhu_csse_deaths_global_csv,4e87757a3e059c45650a1e1856614f8e339ee3c70653c378a7ba6f7b0ee8c72e,,2020-01-22/2023-03-09,observed,csv_row_Jersey_col_8/31/21,jhu_csv_observed_v1,2021-08-31,cumulative_deaths,77,deaths,reported,
1.0,jhu_csse_confirmed_global_csv,e6234a59eec4359d2577358b5220e1a7e3da74c162913cdb7d882db1413f98c2,,2020-01-22/2023-03-09,observed,csv_row_Jersey_col_9/1/21,jhu_csv_observed_v1,2021-09-01,cumulative_confirmed_cases,9313,cases,reported,
1.0,jhu_csse_deaths_global_csv,4e87757a3e059c45650a1e1856614f8e339ee3c70653c378a7ba6f7b0ee8c72e,,2020-01-22/2023-03-09,observed,csv_row_Jersey_col_9/1/21,jhu_csv_observed_v1,2021-09-01,cumulative_deaths,77,deaths,reported,
1.0,jhu_csse_confirmed_global_csv,e6234a59eec4359d2577358b5220e1a7e3da74c162913cdb7d882db1413f98c2,,2020-01-22/2023-03-09,observed,csv_row_Jersey_col_9/2/21,jhu_csv_observed_v1,2021-09-02,cumulative_confirmed_cases,9348,cases,reported,
1.0,jhu_csse_deaths_global_csv,4e87757a3e059c45650a1e1856614f8e339ee3c70653c378a7ba6f7b0ee8c72e,,2020-01-22/2023-03-09,observed,csv_row_Jersey_col_9/2/21,jhu_csv_observed_v1,2021-09-02,cumulative_deaths,77,deaths,reported,
1.0,jhu_csse_confirmed_global_csv,e6234a59eec4359d2577358b5220e1a7e3da74c162913cdb7d882db1413f98c2,,2020-01-22/2023-03-09,observed,csv_row_Jersey_col_9/3/21,jhu_csv_observed_v1,2021-09-03,cumulative_confirmed_cases,9378,cases,reported,
1.0,jhu_csse_deaths_global_csv,4e87757a3e059c45650a1e1856614f8e339ee3c70653c378a7ba6f7b0ee8c72e,,2020-01-22/2023-03-09,observed,csv_row_Jersey_col_9/3/21,jhu_csv_observed_v1,2021-09-03,cumulative_deaths,77,deaths,reported,
1.0,jhu_csse_confirmed_global_csv,e6234a59eec4359d2577358b5220e1a7e3da74c162913cdb7d882db1413f98c2,,2020-01-22/2023-03-09,observed,csv_row_Jersey_col_9/4/21,jhu_csv_observed_v1,2021-09-04,cumulative_confirmed_cases,9409,cases,reported,
1.0,jhu_csse_deaths_global_csv,4e87757a3e059c45650a1e1856614f8e339ee3c70653c378a7ba6f7b0ee8c72e,,2020-01-22/2023-03-09,observed,csv_row_Jersey_col_9/4/21,jhu_csv_observed_v1,2021-09-04,cumulative_deaths,77,deaths,reported,
1.0,jhu_csse_confirmed_global_csv,e6234a59eec4359d2577358b5220e1a7e3da74c162913cdb7d882db1413f98c2,,2020-01-22/2023-03-09,observed,csv_row_Jersey_col_9/5/21,jhu_csv_observed_v1,2021-09-05,cumulative_confirmed_cases,9438,cases,reported,
1.0,jhu_csse_deaths_global_csv,4e87757a3e059c45650a1e1856614f8e339ee3c70653c378a7ba6f7b0ee8c72e,,2020-01-22/2023-03-09,observed,csv_row_Jersey_col_9/5/21,jhu_csv_observed_v1,2021-09-05,cumulative_deaths,77,deaths,reported,
1.0,jhu_csse_confirmed_global_csv,e6234a59eec4359d2577358b5220e1a7e3da74c162913cdb7d882db1413f98c2,,2020-01-22/2023-03-09,observed,csv_row_Jersey_col_9/6/21,jhu_csv_observed_v1,2021-09-06,cumulative_confirmed_cases,9463,cases,reported,
1.0,jhu_csse_deaths_global_csv,4e87757a3e059c45650a1e1856614f8e339ee3c70653c378a7ba6f7b0ee8c72e,,2020-01-22/2023-03-09,observed,csv_row_Jersey_col_9/6/21,jhu_csv_observed_v1,2021-09-06,cumulative_deaths,77,deaths,reported,
1.0,jhu_csse_confirmed_global_csv,e6234a59eec4359d2577358b5220e1a7e3da74c162913cdb7d882db1413f98c2,,2020-01-22/2023-03-09,observed,csv_row_Jersey_col_9/7/21,jhu_csv_observed_v1,2021-09-07,cumulative_confirmed_cases,9497,cases,reported,
1.0,jhu_csse_deaths_global_csv,4e87757a3e059c45650a1e1856614f8e339ee3c70653c378a7ba6f7b0ee8c72e,,2020-01-22/2023-03-09,observed,csv_row_Jersey_col_9/7/21,jhu_csv_observed_v1,2021-09-07,cumulative_deaths,77,deaths,reported,
1.0,jhu_csse_confirmed_global_csv,e6234a59eec4359d2577358b5220e1a7e3da74c162913cdb7d882db1413f98c2,,2020-01-22/2023-03-09,observed,csv_row_Jersey_col_9/8/21,jhu_csv_observed_v1,2021-09-08,cumulative_confirmed_cases,9536,cases,reported,
1.0,jhu_csse_deaths_global_csv,4e87757a3e059c45650a1e1856614f8e339ee3c70653c378a7ba6f7b0ee8c72e,,2020-01-22/2023-03-09,observed,csv_row_Jersey_col_9/8/21,jhu_csv_observed_v1,2021-09-08,cumulative_deaths,78,deaths,reported,
1.0,jhu_csse_confirmed_global_csv,e6234a59eec4359d2577358b5220e1a7e3da74c162913cdb7d882db1413f98c2,,2020-01-22/2023-03-09,observed,csv_row_Jersey_col_9/9/21,jhu_csv_observed_v1,2021-09-09,cumulative_confirmed_cases,9563,cases,reported,
1.0,jhu_csse_deaths_global_csv,4e87757a3e059c45650a1e1856614f8e339ee3c70653c378a7ba6f7b0ee8c72e,,2020-01-22/2023-03-09,observed,csv_row_Jersey_col_9/9/21,jhu_csv_observed_v1,2021-09-09,cumulative_deaths,78,deaths,reported,
1.0,jhu_csse_confirmed_global_csv,e6234a59eec4359d2577358b5220e1a7e3da74c162913cdb7d882db1413f98c2,,2020-01-22/2023-03-09,observed,csv_row_Jersey_col_9/10/21,jhu_csv_observed_v1,2021-09-10,cumulative_confirmed_cases,9593,cases,reported,
1.0,jhu_csse_deaths_global_csv,4e87757a3e059c45650a1e1856614f8e339ee3c70653c378a7ba6f7b0ee8c72e,,2020-01-22/2023-03-09,observed,csv_row_Jersey_col_9/10/21,jhu_csv_observed_v1,2021-09-10,cumulative_deaths,78,deaths,reported,
1.0,jhu_csse_confirmed_global_csv,e6234a59eec4359d2577358b5220e1a7e3da74c162913cdb7d882db1413f98c2,,2020-01-22/2023-03-09,observed,csv_row_Jersey_col_9/11/21,jhu_csv_observed_v1,2021-09-11,cumulative_confirmed_cases,9614,cases,reported,
1.0,jhu_csse_deaths_global_csv,4e87757a3e059c45650a1e1856614f8e339ee3c70653c378a7ba6f7b0ee8c72e,,2020-01-22/2023-03-09,observed,csv_row_Jersey_col_9/11/21,jhu_csv_observed_v1,2021-09-11,cumulative_deaths,78,deaths,reported,
1.0,jhu_csse_confirmed_global_csv,e6234a59eec4359d2577358b5220e1a7e3da74c162913cdb7d882db1413f98c2,,2020-01-22/2023-03-09,observed,csv_row_Jersey_col_9/12/21,jhu_csv_observed_v1,2021-09-12,cumulative_confirmed_cases,9640,cases,reported,
1.0,jhu_csse_deaths_global_csv,4e87757a3e059c45650a1e1856614f8e339ee3c70653c378a7ba6f7b0ee8c72e,,2020-01-22/2023-03-09,observed,csv_row_Jersey_col_9/12/21,jhu_csv_observed_v1,2021-09-12,cumulative_deaths,78,deaths,reported,
1.0,jhu_csse_confirmed_global_csv,e6234a59eec4359d2577358b5220e1a7e3da74c162913cdb7d882db1413f98c2,,2020-01-22/2023-03-09,observed,csv_row_Jersey_col_9/13/21,jhu_csv_observed_v1,2021-09-13,cumulative_confirmed_cases,9664,cases,reported,
1.0,jhu_csse_deaths_global_csv,4e87757a3e059c45650a1e1856614f8e339ee3c70653c378a7ba6f7b0ee8c72e,,2020-01-22/2023-03-09,observed,csv_row_Jersey_col_9/13/21,jhu_csv_observed_v1,2021-09-13,cumulative_deaths,78,deaths,reported,
1.0,jhu_csse_confirmed_global_csv,e6234a59eec4359d2577358b5220e1a7e3da74c162913cdb7d882db1413f98c2,,2020-01-22/2023-03-09,observed,csv_row_Jersey_col_9/14/21,jhu_csv_observed_v1,2021-09-14,cumulative_confirmed_cases,9683,cases,reported,
1.0,jhu_csse_deaths_global_csv,4e87757a3e059c45650a1e1856614f8e339ee3c70653c378a7ba6f7b0ee8c72e,,2020-01-22/2023-03-09,observed,csv_row_Jersey_col_9/14/21,jhu_csv_observed_v1,2021-09-14,cumulative_deaths,78,deaths,reported,
1.0,jhu_csse_confirmed_global_csv,e6234a59eec4359d2577358b5220e1a7e3da74c162913cdb7d882db1413f98c2,,2020-01-22/2023-03-09,observed,csv_row_Jersey_col_9/15/21,jhu_csv_observed_v1,2021-09-15,cumulative_confirmed_cases,9709,cases,reported,
1.0,jhu_csse_deaths_global_csv,4e87757a3e059c45650a1e1856614f8e339ee3c70653c378a7ba6f7b0ee8c72e,,2020-01-22/2023-03-09,observed,csv_row_Jersey_col_9/15/21,jhu_csv_observed_v1,2021-09-15,cumulative_deaths,78,deaths,reported,
1.0,jhu_csse_confirmed_global_csv,e6234a59eec4359d2577358b5220e1a7e3da74c162913cdb7d882db1413f98c2,,2020-01-22/2023-03-09,observed,csv_row_Jersey_col_9/16/21,jhu_csv_observed_v1,2021-09-16,cumulative_confirmed_cases,9726,cases,reported,
1.0,jhu_csse_deaths_global_csv,4e87757a3e059c45650a1e1856614f8e339ee3c70653c378a7ba6f7b0ee8c72e,,2020-01-22/2023-03-09,observed,csv_row_Jersey_col_9/16/21,jhu_csv_observed_v1,2021-09-16,cumulative_deaths,78,deaths,reported,
1.0,jhu_csse_confirmed_global_csv,e6234a59eec4359d2577358b5220e1a7e3da74c162913cdb7d882db1413f98c2,,2020-01-22/2023-03-09,observed,csv_row_Jersey_col_9/17/21,jhu_csv_observed_v1,2021-09-17,cumulative_confirmed_cases,9741,cases,reported,
1.0,jhu_csse_deaths_global_csv,4e87757a3e059c45650a1e1856614f8e339ee3c70653c378a7ba6f7b0ee8c72e,,2020-01-22/2023-03-09,observed,csv_row_Jersey_col_9/17/21,jhu_csv_observed_v1,2021-09-17,cumulative_deaths,78,deaths,reported,
1.0,jhu_csse_confirmed_global_csv,e6234a59eec4359d2577358b5220e1a7e3da74c162913cdb7d882db1413f98c2,,2020-01-22/2023-03-09,observed,csv_row_Jersey_col_9/18/21,jhu_csv_observed_v1,2021-09-18,cumulative_confirmed_cases,9768,cases,reported,
1.0,jhu_csse_deaths_global_csv,4e87757a3e059c45650a1e1856614f8e339ee3c70653c378a7ba6f7b0ee8c72e,,2020-01-22/2023-03-09,observed,csv_row_Jersey_col_9/18/21,jhu_csv_observed_v1,2021-09-18,cumulative_deaths,78,deaths,reported,
1.0,jhu_csse_confirmed_global_csv,e6234a59eec4359d2577358b5220e1a7e3da74c162913cdb7d882db1413f98c2,,2020-01-22/2023-03-09,observed,csv_row_Jersey_col_9/19/21,jhu_csv_observed_v1,2021-09-19,cumulative_confirmed_cases,9779,cases,reported,
1.0,jhu_csse_deaths_global_csv,4e87757a3e059c45650a1e1856614f8e339ee3c70653c378a7ba6f7b0ee8c72e,,2020-01-22/2023-03-09,observed,csv_row_Jersey_col_9/19/21,jhu_csv_observed_v1,2021-09-19,cumulative_deaths,78,deaths,reported,
1.0,jhu_csse_confirmed_global_csv,e6234a59eec4359d2577358b5220e1a7e3da74c162913cdb7d882db1413f98c2,,2020-01-22/2023-03-09,observed,csv_row_Jersey_col_9/20/21,jhu_csv_observed_v1,2021-09-20,cumulative_confirmed_cases,9801,cases,reported,
1.0,jhu_csse_deaths_global_csv,4e87757a3e059c45650a1e1856614f8e339ee3c70653c378a7ba6f7b0ee8c72e,,2020-01-22/2023-03-09,observed,csv_row_Jersey_col_9/20/21,jhu_csv_observed_v1,2021-09-20,cumulative_deaths,78,deaths,reported,
1.0,jhu_csse_confirmed_global_csv,e6234a59eec4359d2577358b5220e1a7e3da74c162913cdb7d882db1413f98c2,,2020-01-22/2023-03-09,observed,csv_row_Jersey_col_9/21/21,jhu_csv_observed_v1,2021-09-21,cumulative_confirmed_cases,9816,cases,reported,
1.0,jhu_csse_deaths_global_csv,4e87757a3e059c45650a1e1856614f8e339ee3c70653c378a7ba6f7b0ee8c72e,,2020-01-22/2023-03-09,observed,csv_row_Jersey_col_9/21/21,jhu_csv_observed_v1,2021-09-21,cumulative_deaths,78,deaths,reported,
1.0,jhu_csse_confirmed_global_csv,e6234a59eec4359d2577358b5220e1a7e3da74c162913cdb7d882db1413f98c2,,2020-01-22/2023-03-09,observed,csv_row_Jersey_col_9/22/21,jhu_csv_observed_v1,2021-09-22,cumulative_confirmed_cases,9840,cases,reported,
1.0,jhu_csse_deaths_global_csv,4e87757a3e059c45650a1e1856614f8e339ee3c70653c378a7ba6f7b0ee8c72e,,2020-01-22/2023-03-09,observed,csv_row_Jersey_col_9/22/21,jhu_csv_observed_v1,2021-09-22,cumulative_deaths,78,deaths,reported,
1.0,jhu_csse_confirmed_global_csv,e6234a59eec4359d2577358b5220e1a7e3da74c162913cdb7d882db1413f98c2,,2020-01-22/2023-03-09,observed,csv_row_Jersey_col_9/23/21,jhu_csv_observed_v1,2021-09-23,cumulative_confirmed_cases,9864,cases,reported,
1.0,jhu_csse_deaths_global_csv,4e87757a3e059c45650a1e1856614f8e339ee3c70653c378a7ba6f7b0ee8c72e,,2020-01-22/2023-03-09,observed,csv_row_Jersey_col_9/23/21,jhu_csv_observed_v1,2021-09-23,cumulative_deaths,78,deaths,reported,
1.0,jhu_csse_confirmed_global_csv,e6234a59eec4359d2577358b5220e1a7e3da74c162913cdb7d882db1413f98c2,,2020-01-22/2023-03-09,observed,csv_row_Jersey_col_9/24/21,jhu_csv_observed_v1,2021-09-24,cumulative_confirmed_cases,9885,cases,reported,
1.0,jhu_csse_deaths_global_csv,4e87757a3e059c45650a1e1856614f8e339ee3c70653c378a7ba6f7b0ee8c72e,,2020-01-22/2023-03-09,observed,csv_row_Jersey_col_9/24/21,jhu_csv_observed_v1,2021-09-24,cumulative_deaths,78,deaths,reported,
1.0,jhu_csse_confirmed_global_csv,e6234a59eec4359d2577358b5220e1a7e3da74c162913cdb7d882db1413f98c2,,2020-01-22/2023-03-09,observed,csv_row_Jersey_col_9/25/21,jhu_csv_observed_v1,2021-09-25,cumulative_confirmed_cases,9911,cases,reported,
1.0,jhu_csse_deaths_global_csv,4e87757a3e059c45650a1e1856614f8e339ee3c70653c378a7ba6f7b0ee8c72e,,2020-01-22/2023-03-09,observed,csv_row_Jersey_col_9/25/21,jhu_csv_observed_v1,2021-09-25,cumulative_deaths,78,deaths,reported,
1.0,jhu_csse_confirmed_global_csv,e6234a59eec4359d2577358b5220e1a7e3da74c162913cdb7d882db1413f98c2,,2020-01-22/2023-03-09,observed,csv_row_Jersey_col_9/26/21,jhu_csv_observed_v1,2021-09-26,cumulative_confirmed_cases,9930,cases,reported,
1.0,jhu_csse_deaths_global_csv,4e87757a3e059c45650a1e1856614f8e339ee3c70653c378a7ba6f7b0ee8c72e,,2020-01-22/2023-03-09,observed,csv_row_Jersey_col_9/26/21,jhu_csv_observed_v1,2021-09-26,cumulative_deaths,78,deaths,reported,
1.0,jhu_csse_confirmed_global_csv,e6234a59eec4359d2577358b5220e1a7e3da74c162913cdb7d882db1413f98c2,,2020-01-22/2023-03-09,observed,csv_row_Jersey_col_9/27/21,jhu_csv_observed_v1,2021-09-27,cumulative_confirmed_cases,9944,cases,reported,
1.0,jhu_csse_deaths_global_csv,4e87757a3e059c45650a1e1856614f8e339ee3c70653c378a7ba6f7b0ee8c72e,,2020-01-22/2023-03-09,observed,csv_row_Jersey_col_9/27/21,jhu_csv_observed_v1,2021-09-27,cumulative_deaths,78,deaths,reported,
1.0,jhu_csse_confirmed_global_csv,e6234a59eec4359d2577358b5220e1a7e3da74c162913cdb7d882db1413f98c2,,2020-01-22/2023-03-09,observed,csv_row_Jersey_col_9/28/21,jhu_csv_observed_v1,2021-09-28,cumulative_confirmed_cases,9967,cases,reported,
1.0,jhu_csse_deaths_global_csv,4e87757a3e059c45650a1e1856614f8e339ee3c70653c378a7ba6f7b0ee8c72e,,2020-01-22/2023-03-09,observed,csv_row_Jersey_col_9/28/21,jhu_csv_observed_v1,2021-09-28,cumulative_deaths,78,deaths,reported,
1.0,jhu_csse_confirmed_global_csv,e6234a59eec4359d2577358b5220e1a7e3da74c162913cdb7d882db1413f98c2,,2020-01-22/2023-03-09,observed,csv_row_Jersey_col_9/29/21,jhu_csv_observed_v1,2021-09-29,cumulative_confirmed_cases,9989,cases,reported,
1.0,jhu_csse_deaths_global_csv,4e87757a3e059c45650a1e1856614f8e339ee3c70653c378a7ba6f7b0ee8c72e,,2020-01-22/2023-03-09,observed,csv_row_Jersey_col_9/29/21,jhu_csv_observed_v1,2021-09-29,cumulative_deaths,78,deaths,reported,
1.0,jhu_csse_confirmed_global_csv,e6234a59eec4359d2577358b5220e1a7e3da74c162913cdb7d882db1413f98c2,,2020-01-22/2023-03-09,observed,csv_row_Jersey_col_9/30/21,jhu_csv_observed_v1,2021-09-30,cumulative_confirmed_cases,10007,cases,reported,
1.0,jhu_csse_deaths_global_csv,4e87757a3e059c45650a1e1856614f8e339ee3c70653c378a7ba6f7b0ee8c72e,,2020-01-22/2023-03-09,observed,csv_row_Jersey_col_9/30/21,jhu_csv_observed_v1,2021-09-30,cumulative_deaths,78,deaths,reported,
1.0,jhu_csse_confirmed_global_csv,e6234a59eec4359d2577358b5220e1a7e3da74c162913cdb7d882db1413f98c2,,2020-01-22/2023-03-09,observed,csv_row_Jersey_col_10/1/21,jhu_csv_observed_v1,2021-10-01,cumulative_confirmed_cases,10036,cases,reported,
1.0,jhu_csse_deaths_global_csv,4e87757a3e059c45650a1e1856614f8e339ee3c70653c378a7ba6f7b0ee8c72e,,2020-01-22/2023-03-09,observed,csv_row_Jersey_col_10/1/21,jhu_csv_observed_v1,2021-10-01,cumulative_deaths,78,deaths,reported,
1.0,jhu_csse_confirmed_global_csv,e6234a59eec4359d2577358b5220e1a7e3da74c162913cdb7d882db1413f98c2,,2020-01-22/2023-03-09,observed,csv_row_Jersey_col_10/2/21,jhu_csv_observed_v1,2021-10-02,cumulative_confirmed_cases,10050,cases,reported,
1.0,jhu_csse_deaths_global_csv,4e87757a3e059c45650a1e1856614f8e339ee3c70653c378a7ba6f7b0ee8c72e,,2020-01-22/2023-03-09,observed,csv_row_Jersey_col_10/2/21,jhu_csv_observed_v1,2021-10-02,cumulative_deaths,78,deaths,reported,
1.0,jhu_csse_confirmed_global_csv,e6234a59eec4359d2577358b5220e1a7e3da74c162913cdb7d882db1413f98c2,,2020-01-22/2023-03-09,observed,csv_row_Jersey_col_10/3/21,jhu_csv_observed_v1,2021-10-03,cumulative_confirmed_cases,10051,cases,reported,
1.0,jhu_csse_deaths_global_csv,4e87757a3e059c45650a1e1856614f8e339ee3c70653c378a7ba6f7b0ee8c72e,,2020-01-22/2023-03-09,observed,csv_row_Jersey_col_10/3/21,jhu_csv_observed_v1,2021-10-03,cumulative_deaths,78,deaths,reported,
1.0,jhu_csse_confirmed_global_csv,e6234a59eec4359d2577358b5220e1a7e3da74c162913cdb7d882db1413f98c2,,2020-01-22/2023-03-09,observed,csv_row_Jersey_col_10/4/21,jhu_csv_observed_v1,2021-10-04,cumulative_confirmed_cases,10061,cases,reported,
1.0,jhu_csse_deaths_global_csv,4e87757a3e059c45650a1e1856614f8e339ee3c70653c378a7ba6f7b0ee8c72e,,2020-01-22/2023-03-09,observed,csv_row_Jersey_col_10/4/21,jhu_csv_observed_v1,2021-10-04,cumulative_deaths,78,deaths,reported,
1.0,jhu_csse_confirmed_global_csv,e6234a59eec4359d2577358b5220e1a7e3da74c162913cdb7d882db1413f98c2,,2020-01-22/2023-03-09,observed,csv_row_Jersey_col_10/5/21,jhu_csv_observed_v1,2021-10-05,cumulative_confirmed_cases,10074,cases,reported,
1.0,jhu_csse_deaths_global_csv,4e87757a3e059c45650a1e1856614f8e339ee3c70653c378a7ba6f7b0ee8c72e,,2020-01-22/2023-03-09,observed,csv_row_Jersey_col_10/5/21,jhu_csv_observed_v1,2021-10-05,cumulative_deaths,78,deaths,reported,
1.0,jhu_csse_confirmed_global_csv,e6234a59eec4359d2577358b5220e1a7e3da74c162913cdb7d882db1413f98c2,,2020-01-22/2023-03-09,observed,csv_row_Jersey_col_10/6/21,jhu_csv_observed_v1,2021-10-06,cumulative_confirmed_cases,10105,cases,reported,
1.0,jhu_csse_deaths_global_csv,4e87757a3e059c45650a1e1856614f8e339ee3c70653c378a7ba6f7b0ee8c72e,,2020-01-22/2023-03-09,observed,csv_row_Jersey_col_10/6/21,jhu_csv_observed_v1,2021-10-06,cumulative_deaths,78,deaths,reported,
1.0,jhu_csse_confirmed_global_csv,e6234a59eec4359d2577358b5220e1a7e3da74c162913cdb7d882db1413f98c2,,2020-01-22/2023-03-09,observed,csv_row_Jersey_col_10/7/21,jhu_csv_observed_v1,2021-10-07,cumulative_confirmed_cases,10128,cases,reported,
1.0,jhu_csse_deaths_global_csv,4e87757a3e059c45650a1e1856614f8e339ee3c70653c378a7ba6f7b0ee8c72e,,2020-01-22/2023-03-09,observed,csv_row_Jersey_col_10/7/21,jhu_csv_observed_v1,2021-10-07,cumulative_deaths,78,deaths,reported,
1.0,jhu_csse_confirmed_global_csv,e6234a59eec4359d2577358b5220e1a7e3da74c162913cdb7d882db1413f98c2,,2020-01-22/2023-03-09,observed,csv_row_Jersey_col_10/8/21,jhu_csv_observed_v1,2021-10-08,cumulative_confirmed_cases,10146,cases,reported,
1.0,jhu_csse_deaths_global_csv,4e87757a3e059c45650a1e1856614f8e339ee3c70653c378a7ba6f7b0ee8c72e,,2020-01-22/2023-03-09,observed,csv_row_Jersey_col_10/8/21,jhu_csv_observed_v1,2021-10-08,cumulative_deaths,78,deaths,reported,
1.0,jhu_csse_confirmed_global_csv,e6234a59eec4359d2577358b5220e1a7e3da74c162913cdb7d882db1413f98c2,,2020-01-22/2023-03-09,observed,csv_row_Jersey_col_10/9/21,jhu_csv_observed_v1,2021-10-09,cumulative_confirmed_cases,10176,cases,reported,
1.0,jhu_csse_deaths_global_csv,4e87757a3e059c45650a1e1856614f8e339ee3c70653c378a7ba6f7b0ee8c72e,,2020-01-22/2023-03-09,observed,csv_row_Jersey_col_10/9/21,jhu_csv_observed_v1,2021-10-09,cumulative_deaths,79,deaths,reported,
1.0,jhu_csse_confirmed_global_csv,e6234a59eec4359d2577358b5220e1a7e3da74c162913cdb7d882db1413f98c2,,2020-01-22/2023-03-09,observed,csv_row_Jersey_col_10/10/21,jhu_csv_observed_v1,2021-10-10,cumulative_confirmed_cases,10198,cases,reported,
1.0,jhu_csse_deaths_global_csv,4e87757a3e059c45650a1e1856614f8e339ee3c70653c378a7ba6f7b0ee8c72e,,2020-01-22/2023-03-09,observed,csv_row_Jersey_col_10/10/21,jhu_csv_observed_v1,2021-10-10,cumulative_deaths,79,deaths,reported,
1.0,jhu_csse_confirmed_global_csv,e6234a59eec4359d2577358b5220e1a7e3da74c162913cdb7d882db1413f98c2,,2020-01-22/2023-03-09,observed,csv_row_Jersey_col_10/11/21,jhu_csv_observed_v1,2021-10-11,cumulative_confirmed_cases,10225,cases,reported,
1.0,jhu_csse_deaths_global_csv,4e87757a3e059c45650a1e1856614f8e339ee3c70653c378a7ba6f7b0ee8c72e,,2020-01-22/2023-03-09,observed,csv_row_Jersey_col_10/11/21,jhu_csv_observed_v1,2021-10-11,cumulative_deaths,79,deaths,reported,
1.0,jhu_csse_confirmed_global_csv,e6234a59eec4359d2577358b5220e1a7e3da74c162913cdb7d882db1413f98c2,,2020-01-22/2023-03-09,observed,csv_row_Jersey_col_10/12/21,jhu_csv_observed_v1,2021-10-12,cumulative_confirmed_cases,10248,cases,reported,
1.0,jhu_csse_deaths_global_csv,4e87757a3e059c45650a1e1856614f8e339ee3c70653c378a7ba6f7b0ee8c72e,,2020-01-22/2023-03-09,observed,csv_row_Jersey_col_10/12/21,jhu_csv_observed_v1,2021-10-12,cumulative_deaths,79,deaths,reported,
1.0,jhu_csse_confirmed_global_csv,e6234a59eec4359d2577358b5220e1a7e3da74c162913cdb7d882db1413f98c2,,2020-01-22/2023-03-09,observed,csv_row_Jersey_col_10/13/21,jhu_csv_observed_v1,2021-10-13,cumulative_confirmed_cases,10277,cases,reported,
1.0,jhu_csse_deaths_global_csv,4e87757a3e059c45650a1e1856614f8e339ee3c70653c378a7ba6f7b0ee8c72e,,2020-01-22/2023-03-09,observed,csv_row_Jersey_col_10/13/21,jhu_csv_observed_v1,2021-10-13,cumulative_deaths,79,deaths,reported,
1.0,jhu_csse_confirmed_global_csv,e6234a59eec4359d2577358b5220e1a7e3da74c162913cdb7d882db1413f98c2,,2020-01-22/2023-03-09,observed,csv_row_Jersey_col_10/14/21,jhu_csv_observed_v1,2021-10-14,cumulative_confirmed_cases,10312,cases,reported,
1.0,jhu_csse_deaths_global_csv,4e87757a3e059c45650a1e1856614f8e339ee3c70653c378a7ba6f7b0ee8c72e,,2020-01-22/2023-03-09,observed,csv_row_Jersey_col_10/14/21,jhu_csv_observed_v1,2021-10-14,cumulative_deaths,79,deaths,reported,
1.0,jhu_csse_confirmed_global_csv,e6234a59eec4359d2577358b5220e1a7e3da74c162913cdb7d882db1413f98c2,,2020-01-22/2023-03-09,observed,csv_row_Jersey_col_10/15/21,jhu_csv_observed_v1,2021-10-15,cumulative_confirmed_cases,10339,cases,reported,
1.0,jhu_csse_deaths_global_csv,4e87757a3e059c45650a1e1856614f8e339ee3c70653c378a7ba6f7b0ee8c72e,,2020-01-22/2023-03-09,observed,csv_row_Jersey_col_10/15/21,jhu_csv_observed_v1,2021-10-15,cumulative_deaths,79,deaths,reported,
1.0,jhu_csse_confirmed_global_csv,e6234a59eec4359d2577358b5220e1a7e3da74c162913cdb7d882db1413f98c2,,2020-01-22/2023-03-09,observed,csv_row_Jersey_col_10/16/21,jhu_csv_observed_v1,2021-10-16,cumulative_confirmed_cases,10374,cases,reported,
1.0,jhu_csse_deaths_global_csv,4e87757a3e059c45650a1e1856614f8e339ee3c70653c378a7ba6f7b0ee8c72e,,2020-01-22/2023-03-09,observed,csv_row_Jersey_col_10/16/21,jhu_csv_observed_v1,2021-10-16,cumulative_deaths,79,deaths,reported,
1.0,jhu_csse_confirmed_global_csv,e6234a59eec4359d2577358b5220e1a7e3da74c162913cdb7d882db1413f98c2,,2020-01-22/2023-03-09,observed,csv_row_Jersey_col_10/17/21,jhu_csv_observed_v1,2021-10-17,cumulative_confirmed_cases,10409,cases,reported,
1.0,jhu_csse_deaths_global_csv,4e87757a3e059c45650a1e1856614f8e339ee3c70653c378a7ba6f7b0ee8c72e,,2020-01-22/2023-03-09,observed,csv_row_Jersey_col_10/17/21,jhu_csv_observed_v1,2021-10-17,cumulative_deaths,79,deaths,reported,
1.0,jhu_csse_confirmed_global_csv,e6234a59eec4359d2577358b5220e1a7e3da74c162913cdb7d882db1413f98c2,,2020-01-22/2023-03-09,observed,csv_row_Jersey_col_10/18/21,jhu_csv_observed_v1,2021-10-18,cumulative_confirmed_cases,10437,cases,reported,
1.0,jhu_csse_deaths_global_csv,4e87757a3e059c45650a1e1856614f8e339ee3c70653c378a7ba6f7b0ee8c72e,,2020-01-22/2023-03-09,observed,csv_row_Jersey_col_10/18/21,jhu_csv_observed_v1,2021-10-18,cumulative_deaths,79,deaths,reported,
1.0,jhu_csse_confirmed_global_csv,e6234a59eec4359d2577358b5220e1a7e3da74c162913cdb7d882db1413f98c2,,2020-01-22/2023-03-09,observed,csv_row_Jersey_col_10/19/21,jhu_csv_observed_v1,2021-10-19,cumulative_confirmed_cases,10466,cases,reported,
1.0,jhu_csse_deaths_global_csv,4e87757a3e059c45650a1e1856614f8e339ee3c70653c378a7ba6f7b0ee8c72e,,2020-01-22/2023-03-09,observed,csv_row_Jersey_col_10/19/21,jhu_csv_observed_v1,2021-10-19,cumulative_deaths,79,deaths,reported,
1.0,jhu_csse_confirmed_global_csv,e6234a59eec4359d2577358b5220e1a7e3da74c162913cdb7d882db1413f98c2,,2020-01-22/2023-03-09,observed,csv_row_Jersey_col_10/20/21,jhu_csv_observed_v1,2021-10-20,cumulative_confirmed_cases,10507,cases,reported,
1.0,jhu_csse_deaths_global_csv,4e87757a3e059c45650a1e1856614f8e339ee3c70653c378a7ba6f7b0ee8c72e,,2020-01-22/2023-03-09,observed,csv_row_Jersey_col_10/20/21,jhu_csv_observed_v1,2021-10-20,cumulative_deaths,79,deaths,reported,
1.0,jhu_csse_confirmed_global_csv,e6234a59eec4359d2577358b5220e1a7e3da74c162913cdb7d882db1413f98c2,,2020-01-22/2023-03-09,observed,csv_row_Jersey_col_10/21/21,jhu_csv_observed_v1,2021-10-21,cumulative_confirmed_cases,10535,cases,reported,
1.0,jhu_csse_deaths_global_csv,4e87757a3e059c45650a1e1856614f8e339ee3c70653c378a7ba6f7b0ee8c72e,,2020-01-22/2023-03-09,observed,csv_row_Jersey_col_10/21/21,jhu_csv_observed_v1,2021-10-21,cumulative_deaths,80,deaths,reported,
1.0,jhu_csse_confirmed_global_csv,e6234a59eec4359d2577358b5220e1a7e3da74c162913cdb7d882db1413f98c2,,2020-01-22/2023-03-09,observed,csv_row_Jersey_col_10/22/21,jhu_csv_observed_v1,2021-10-22,cumulative_confirmed_cases,10576,cases,reported,
1.0,jhu_csse_deaths_global_csv,4e87757a3e059c45650a1e1856614f8e339ee3c70653c378a7ba6f7b0ee8c72e,,2020-01-22/2023-03-09,observed,csv_row_Jersey_col_10/22/21,jhu_csv_observed_v1,2021-10-22,cumulative_deaths,80,deaths,reported,
1.0,jhu_csse_confirmed_global_csv,e6234a59eec4359d2577358b5220e1a7e3da74c162913cdb7d882db1413f98c2,,2020-01-22/2023-03-09,observed,csv_row_Jersey_col_10/23/21,jhu_csv_observed_v1,2021-10-23,cumulative_confirmed_cases,10614,cases,reported,
1.0,jhu_csse_deaths_global_csv,4e87757a3e059c45650a1e1856614f8e339ee3c70653c378a7ba6f7b0ee8c72e,,2020-01-22/2023-03-09,observed,csv_row_Jersey_col_10/23/21,jhu_csv_observed_v1,2021-10-23,cumulative_deaths,80,deaths,reported,
1.0,jhu_csse_confirmed_global_csv,e6234a59eec4359d2577358b5220e1a7e3da74c162913cdb7d882db1413f98c2,,2020-01-22/2023-03-09,observed,csv_row_Jersey_col_10/24/21,jhu_csv_observed_v1,2021-10-24,cumulative_confirmed_cases,10647,cases,reported,
1.0,jhu_csse_deaths_global_csv,4e87757a3e059c45650a1e1856614f8e339ee3c70653c378a7ba6f7b0ee8c72e,,2020-01-22/2023-03-09,observed,csv_row_Jersey_col_10/24/21,jhu_csv_observed_v1,2021-10-24,cumulative_deaths,80,deaths,reported,
1.0,jhu_csse_confirmed_global_csv,e6234a59eec4359d2577358b5220e1a7e3da74c162913cdb7d882db1413f98c2,,2020-01-22/2023-03-09,observed,csv_row_Jersey_col_10/25/21,jhu_csv_observed_v1,2021-10-25,cumulative_confirmed_cases,10688,cases,reported,
1.0,jhu_csse_deaths_global_csv,4e87757a3e059c45650a1e1856614f8e339ee3c70653c378a7ba6f7b0ee8c72e,,2020-01-22/2023-03-09,observed,csv_row_Jersey_col_10/25/21,jhu_csv_observed_v1,2021-10-25,cumulative_deaths,80,deaths,reported,
1.0,jhu_csse_confirmed_global_csv,e6234a59eec4359d2577358b5220e1a7e3da74c162913cdb7d882db1413f98c2,,2020-01-22/2023-03-09,observed,csv_row_Jersey_col_10/26/21,jhu_csv_observed_v1,2021-10-26,cumulative_confirmed_cases,10752,cases,reported,
1.0,jhu_csse_deaths_global_csv,4e87757a3e059c45650a1e1856614f8e339ee3c70653c378a7ba6f7b0ee8c72e,,2020-01-22/2023-03-09,observed,csv_row_Jersey_col_10/26/21,jhu_csv_observed_v1,2021-10-26,cumulative_deaths,80,deaths,reported,
1.0,jhu_csse_confirmed_global_csv,e6234a59eec4359d2577358b5220e1a7e3da74c162913cdb7d882db1413f98c2,,2020-01-22/2023-03-09,observed,csv_row_Jersey_col_10/27/21,jhu_csv_observed_v1,2021-10-27,cumulative_confirmed_cases,10794,cases,reported,
1.0,jhu_csse_deaths_global_csv,4e87757a3e059c45650a1e1856614f8e339ee3c70653c378a7ba6f7b0ee8c72e,,2020-01-22/2023-03-09,observed,csv_row_Jersey_col_10/27/21,jhu_csv_observed_v1,2021-10-27,cumulative_deaths,80,deaths,reported,
1.0,jhu_csse_confirmed_global_csv,e6234a59eec4359d2577358b5220e1a7e3da74c162913cdb7d882db1413f98c2,,2020-01-22/2023-03-09,observed,csv_row_Jersey_col_10/28/21,jhu_csv_observed_v1,2021-10-28,cumulative_confirmed_cases,10843,cases,reported,
1.0,jhu_csse_deaths_global_csv,4e87757a3e059c45650a1e1856614f8e339ee3c70653c378a7ba6f7b0ee8c72e,,2020-01-22/2023-03-09,observed,csv_row_Jersey_col_10/28/21,jhu_csv_observed_v1,2021-10-28,cumulative_deaths,80,deaths,reported,
1.0,jhu_csse_confirmed_global_csv,e6234a59eec4359d2577358b5220e1a7e3da74c162913cdb7d882db1413f98c2,,2020-01-22/2023-03-09,observed,csv_row_Jersey_col_10/29/21,jhu_csv_observed_v1,2021-10-29,cumulative_confirmed_cases,10896,cases,reported,
1.0,jhu_csse_deaths_global_csv,4e87757a3e059c45650a1e1856614f8e339ee3c70653c378a7ba6f7b0ee8c72e,,2020-01-22/2023-03-09,observed,csv_row_Jersey_col_10/29/21,jhu_csv_observed_v1,2021-10-29,cumulative_deaths,80,deaths,reported,
1.0,jhu_csse_confirmed_global_csv,e6234a59eec4359d2577358b5220e1a7e3da74c162913cdb7d882db1413f98c2,,2020-01-22/2023-03-09,observed,csv_row_Jersey_col_10/30/21,jhu_csv_observed_v1,2021-10-30,cumulative_confirmed_cases,10958,cases,reported,
1.0,jhu_csse_deaths_global_csv,4e87757a3e059c45650a1e1856614f8e339ee3c70653c378a7ba6f7b0ee8c72e,,2020-01-22/2023-03-09,observed,csv_row_Jersey_col_10/30/21,jhu_csv_observed_v1,2021-10-30,cumulative_deaths,80,deaths,reported,
1.0,jhu_csse_confirmed_global_csv,e6234a59eec4359d2577358b5220e1a7e3da74c162913cdb7d882db1413f98c2,,2020-01-22/2023-03-09,observed,csv_row_Jersey_col_10/31/21,jhu_csv_observed_v1,2021-10-31,cumulative_confirmed_cases,11027,cases,reported,
1.0,jhu_csse_deaths_global_csv,4e87757a3e059c45650a1e1856614f8e339ee3c70653c378a7ba6f7b0ee8c72e,,2020-01-22/2023-03-09,observed,csv_row_Jersey_col_10/31/21,jhu_csv_observed_v1,2021-10-31,cumulative_deaths,80,deaths,reported,
1.0,jhu_csse_confirmed_global_csv,e6234a59eec4359d2577358b5220e1a7e3da74c162913cdb7d882db1413f98c2,,2020-01-22/2023-03-09,observed,csv_row_Jersey_col_11/1/21,jhu_csv_observed_v1,2021-11-01,cumulative_confirmed_cases,11081,cases,reported,
1.0,jhu_csse_deaths_global_csv,4e87757a3e059c45650a1e1856614f8e339ee3c70653c378a7ba6f7b0ee8c72e,,2020-01-22/2023-03-09,observed,csv_row_Jersey_col_11/1/21,jhu_csv_observed_v1,2021-11-01,cumulative_deaths,80,deaths,reported,
1.0,jhu_csse_confirmed_global_csv,e6234a59eec4359d2577358b5220e1a7e3da74c162913cdb7d882db1413f98c2,,2020-01-22/2023-03-09,observed,csv_row_Jersey_col_11/2/21,jhu_csv_observed_v1,2021-11-02,cumulative_confirmed_cases,11158,cases,reported,
1.0,jhu_csse_deaths_global_csv,4e87757a3e059c45650a1e1856614f8e339ee3c70653c378a7ba6f7b0ee8c72e,,2020-01-22/2023-03-09,observed,csv_row_Jersey_col_11/2/21,jhu_csv_observed_v1,2021-11-02,cumulative_deaths,80,deaths,reported,
1.0,jhu_csse_confirmed_global_csv,e6234a59eec4359d2577358b5220e1a7e3da74c162913cdb7d882db1413f98c2,,2020-01-22/2023-03-09,observed,csv_row_Jersey_col_11/3/21,jhu_csv_observed_v1,2021-11-03,cumulative_confirmed_cases,11215,cases,reported,
1.0,jhu_csse_deaths_global_csv,4e87757a3e059c45650a1e1856614f8e339ee3c70653c378a7ba6f7b0ee8c72e,,2020-01-22/2023-03-09,observed,csv_row_Jersey_col_11/3/21,jhu_csv_observed_v1,2021-11-03,cumulative_deaths,80,deaths,reported,
1.0,jhu_csse_confirmed_global_csv,e6234a59eec4359d2577358b5220e1a7e3da74c162913cdb7d882db1413f98c2,,2020-01-22/2023-03-09,observed,csv_row_Jersey_col_11/4/21,jhu_csv_observed_v1,2021-11-04,cumulative_confirmed_cases,11255,cases,reported,
1.0,jhu_csse_deaths_global_csv,4e87757a3e059c45650a1e1856614f8e339ee3c70653c378a7ba6f7b0ee8c72e,,2020-01-22/2023-03-09,observed,csv_row_Jersey_col_11/4/21,jhu_csv_observed_v1,2021-11-04,cumulative_deaths,80,deaths,reported,
1.0,jhu_csse_confirmed_global_csv,e6234a59eec4359d2577358b5220e1a7e3da74c162913cdb7d882db1413f98c2,,2020-01-22/2023-03-09,observed,csv_row_Jersey_col_11/5/21,jhu_csv_observed_v1,2021-11-05,cumulative_confirmed_cases,11324,cases,reported,
1.0,jhu_csse_deaths_global_csv,4e87757a3e059c45650a1e1856614f8e339ee3c70653c378a7ba6f7b0ee8c72e,,2020-01-22/2023-03-09,observed,csv_row_Jersey_col_11/5/21,jhu_csv_observed_v1,2021-11-05,cumulative_deaths,80,deaths,reported,
1.0,jhu_csse_confirmed_global_csv,e6234a59eec4359d2577358b5220e1a7e3da74c162913cdb7d882db1413f98c2,,2020-01-22/2023-03-09,observed,csv_row_Jersey_col_11/6/21,jhu_csv_observed_v1,2021-11-06,cumulative_confirmed_cases,11381,cases,reported,
1.0,jhu_csse_deaths_global_csv,4e87757a3e059c45650a1e1856614f8e339ee3c70653c378a7ba6f7b0ee8c72e,,2020-01-22/2023-03-09,observed,csv_row_Jersey_col_11/6/21,jhu_csv_observed_v1,2021-11-06,cumulative_deaths,80,deaths,reported,
1.0,jhu_csse_confirmed_global_csv,e6234a59eec4359d2577358b5220e1a7e3da74c162913cdb7d882db1413f98c2,,2020-01-22/2023-03-09,observed,csv_row_Jersey_col_11/7/21,jhu_csv_observed_v1,2021-11-07,cumulative_confirmed_cases,11448,cases,reported,
1.0,jhu_csse_deaths_global_csv,4e87757a3e059c45650a1e1856614f8e339ee3c70653c378a7ba6f7b0ee8c72e,,2020-01-22/2023-03-09,observed,csv_row_Jersey_col_11/7/21,jhu_csv_observed_v1,2021-11-07,cumulative_deaths,80,deaths,reported,
1.0,jhu_csse_confirmed_global_csv,e6234a59eec4359d2577358b5220e1a7e3da74c162913cdb7d882db1413f98c2,,2020-01-22/2023-03-09,observed,csv_row_Jersey_col_11/8/21,jhu_csv_observed_v1,2021-11-08,cumulative_confirmed_cases,11504,cases,reported,
1.0,jhu_csse_deaths_global_csv,4e87757a3e059c45650a1e1856614f8e339ee3c70653c378a7ba6f7b0ee8c72e,,2020-01-22/2023-03-09,observed,csv_row_Jersey_col_11/8/21,jhu_csv_observed_v1,2021-11-08,cumulative_deaths,80,deaths,reported,
1.0,jhu_csse_confirmed_global_csv,e6234a59eec4359d2577358b5220e1a7e3da74c162913cdb7d882db1413f98c2,,2020-01-22/2023-03-09,observed,csv_row_Jersey_col_11/9/21,jhu_csv_observed_v1,2021-11-09,cumulative_confirmed_cases,11560,cases,reported,
1.0,jhu_csse_deaths_global_csv,4e87757a3e059c45650a1e1856614f8e339ee3c70653c378a7ba6f7b0ee8c72e,,2020-01-22/2023-03-09,observed,csv_row_Jersey_col_11/9/21,jhu_csv_observed_v1,2021-11-09,cumulative_deaths,80,deaths,reported,
1.0,jhu_csse_confirmed_global_csv,e6234a59eec4359d2577358b5220e1a7e3da74c162913cdb7d882db1413f98c2,,2020-01-22/2023-03-09,observed,csv_row_Jersey_col_11/10/21,jhu_csv_observed_v1,2021-11-10,cumulative_confirmed_cases,11660,cases,reported,
1.0,jhu_csse_deaths_global_csv,4e87757a3e059c45650a1e1856614f8e339ee3c70653c378a7ba6f7b0ee8c72e,,2020-01-22/2023-03-09,observed,csv_row_Jersey_col_11/10/21,jhu_csv_observed_v1,2021-11-10,cumulative_deaths,80,deaths,reported,
1.0,jhu_csse_confirmed_global_csv,e6234a59eec4359d2577358b5220e1a7e3da74c162913cdb7d882db1413f98c2,,2020-01-22/2023-03-09,observed,csv_row_Jersey_col_11/11/21,jhu_csv_observed_v1,2021-11-11,cumulative_confirmed_cases,11745,cases,reported,
1.0,jhu_csse_deaths_global_csv,4e87757a3e059c45650a1e1856614f8e339ee3c70653c378a7ba6f7b0ee8c72e,,2020-01-22/2023-03-09,observed,csv_row_Jersey_col_11/11/21,jhu_csv_observed_v1,2021-11-11,cumulative_deaths,80,deaths,reported,
1.0,jhu_csse_confirmed_global_csv,e6234a59eec4359d2577358b5220e1a7e3da74c162913cdb7d882db1413f98c2,,2020-01-22/2023-03-09,observed,csv_row_Jersey_col_11/12/21,jhu_csv_observed_v1,2021-11-12,cumulative_confirmed_cases,11825,cases,reported,
1.0,jhu_csse_deaths_global_csv,4e87757a3e059c45650a1e1856614f8e339ee3c70653c378a7ba6f7b0ee8c72e,,2020-01-22/2023-03-09,observed,csv_row_Jersey_col_11/12/21,jhu_csv_observed_v1,2021-11-12,cumulative_deaths,80,deaths,reported,
1.0,jhu_csse_confirmed_global_csv,e6234a59eec4359d2577358b5220e1a7e3da74c162913cdb7d882db1413f98c2,,2020-01-22/2023-03-09,observed,csv_row_Jersey_col_11/13/21,jhu_csv_observed_v1,2021-11-13,cumulative_confirmed_cases,11968,cases,reported,
1.0,jhu_csse_deaths_global_csv,4e87757a3e059c45650a1e1856614f8e339ee3c70653c378a7ba6f7b0ee8c72e,,2020-01-22/2023-03-09,observed,csv_row_Jersey_col_11/13/21,jhu_csv_observed_v1,2021-11-13,cumulative_deaths,80,deaths,reported,
1.0,jhu_csse_confirmed_global_csv,e6234a59eec4359d2577358b5220e1a7e3da74c162913cdb7d882db1413f98c2,,2020-01-22/2023-03-09,observed,csv_row_Jersey_col_11/14/21,jhu_csv_observed_v1,2021-11-14,cumulative_confirmed_cases,12103,cases,reported,
1.0,jhu_csse_deaths_global_csv,4e87757a3e059c45650a1e1856614f8e339ee3c70653c378a7ba6f7b0ee8c72e,,2020-01-22/2023-03-09,observed,csv_row_Jersey_col_11/14/21,jhu_csv_observed_v1,2021-11-14,cumulative_deaths,80,deaths,reported,
1.0,jhu_csse_confirmed_global_csv,e6234a59eec4359d2577358b5220e1a7e3da74c162913cdb7d882db1413f98c2,,2020-01-22/2023-03-09,observed,csv_row_Jersey_col_11/15/21,jhu_csv_observed_v1,2021-11-15,cumulative_confirmed_cases,12185,cases,reported,
1.0,jhu_csse_deaths_global_csv,4e87757a3e059c45650a1e1856614f8e339ee3c70653c378a7ba6f7b0ee8c72e,,2020-01-22/2023-03-09,observed,csv_row_Jersey_col_11/15/21,jhu_csv_observed_v1,2021-11-15,cumulative_deaths,80,deaths,reported,
1.0,jhu_csse_confirmed_global_csv,e6234a59eec4359d2577358b5220e1a7e3da74c162913cdb7d882db1413f98c2,,2020-01-22/2023-03-09,observed,csv_row_Jersey_col_11/16/21,jhu_csv_observed_v1,2021-11-16,cumulative_confirmed_cases,12272,cases,reported,
1.0,jhu_csse_deaths_global_csv,4e87757a3e059c45650a1e1856614f8e339ee3c70653c378a7ba6f7b0ee8c72e,,2020-01-22/2023-03-09,observed,csv_row_Jersey_col_11/16/21,jhu_csv_observed_v1,2021-11-16,cumulative_deaths,80,deaths,reported,
1.0,jhu_csse_confirmed_global_csv,e6234a59eec4359d2577358b5220e1a7e3da74c162913cdb7d882db1413f98c2,,2020-01-22/2023-03-09,observed,csv_row_Jersey_col_11/17/21,jhu_csv_observed_v1,2021-11-17,cumulative_confirmed_cases,12390,cases,reported,
1.0,jhu_csse_deaths_global_csv,4e87757a3e059c45650a1e1856614f8e339ee3c70653c378a7ba6f7b0ee8c72e,,2020-01-22/2023-03-09,observed,csv_row_Jersey_col_11/17/21,jhu_csv_observed_v1,2021-11-17,cumulative_deaths,80,deaths,reported,
1.0,jhu_csse_confirmed_global_csv,e6234a59eec4359d2577358b5220e1a7e3da74c162913cdb7d882db1413f98c2,,2020-01-22/2023-03-09,observed,csv_row_Jersey_col_11/18/21,jhu_csv_observed_v1,2021-11-18,cumulative_confirmed_cases,12498,cases,reported,
1.0,jhu_csse_deaths_global_csv,4e87757a3e059c45650a1e1856614f8e339ee3c70653c378a7ba6f7b0ee8c72e,,2020-01-22/2023-03-09,observed,csv_row_Jersey_col_11/18/21,jhu_csv_observed_v1,2021-11-18,cumulative_deaths,80,deaths,reported,
1.0,jhu_csse_confirmed_global_csv,e6234a59eec4359d2577358b5220e1a7e3da74c162913cdb7d882db1413f98c2,,2020-01-22/2023-03-09,observed,csv_row_Jersey_col_11/19/21,jhu_csv_observed_v1,2021-11-19,cumulative_confirmed_cases,12567,cases,reported,
1.0,jhu_csse_deaths_global_csv,4e87757a3e059c45650a1e1856614f8e339ee3c70653c378a7ba6f7b0ee8c72e,,2020-01-22/2023-03-09,observed,csv_row_Jersey_col_11/19/21,jhu_csv_observed_v1,2021-11-19,cumulative_deaths,80,deaths,reported,
1.0,jhu_csse_confirmed_global_csv,e6234a59eec4359d2577358b5220e1a7e3da74c162913cdb7d882db1413f98c2,,2020-01-22/2023-03-09,observed,csv_row_Jersey_col_11/20/21,jhu_csv_observed_v1,2021-11-20,cumulative_confirmed_cases,12692,cases,reported,
1.0,jhu_csse_deaths_global_csv,4e87757a3e059c45650a1e1856614f8e339ee3c70653c378a7ba6f7b0ee8c72e,,2020-01-22/2023-03-09,observed,csv_row_Jersey_col_11/20/21,jhu_csv_observed_v1,2021-11-20,cumulative_deaths,80,deaths,reported,
1.0,jhu_csse_confirmed_global_csv,e6234a59eec4359d2577358b5220e1a7e3da74c162913cdb7d882db1413f98c2,,2020-01-22/2023-03-09,observed,csv_row_Jersey_col_11/21/21,jhu_csv_observed_v1,2021-11-21,cumulative_confirmed_cases,12833,cases,reported,
1.0,jhu_csse_deaths_global_csv,4e87757a3e059c45650a1e1856614f8e339ee3c70653c378a7ba6f7b0ee8c72e,,2020-01-22/2023-03-09,observed,csv_row_Jersey_col_11/21/21,jhu_csv_observed_v1,2021-11-21,cumulative_deaths,80,deaths,reported,
1.0,jhu_csse_confirmed_global_csv,e6234a59eec4359d2577358b5220e1a7e3da74c162913cdb7d882db1413f98c2,,2020-01-22/2023-03-09,observed,csv_row_Jersey_col_11/22/21,jhu_csv_observed_v1,2021-11-22,cumulative_confirmed_cases,12953,cases,reported,
1.0,jhu_csse_deaths_global_csv,4e87757a3e059c45650a1e1856614f8e339ee3c70653c378a7ba6f7b0ee8c72e,,2020-01-22/2023-03-09,observed,csv_row_Jersey_col_11/22/21,jhu_csv_observed_v1,2021-11-22,cumulative_deaths,80,deaths,reported,
1.0,jhu_csse_confirmed_global_csv,e6234a59eec4359d2577358b5220e1a7e3da74c162913cdb7d882db1413f98c2,,2020-01-22/2023-03-09,observed,csv_row_Jersey_col_11/23/21,jhu_csv_observed_v1,2021-11-23,cumulative_confirmed_cases,13040,cases,reported,
1.0,jhu_csse_deaths_global_csv,4e87757a3e059c45650a1e1856614f8e339ee3c70653c378a7ba6f7b0ee8c72e,,2020-01-22/2023-03-09,observed,csv_row_Jersey_col_11/23/21,jhu_csv_observed_v1,2021-11-23,cumulative_deaths,80,deaths,reported,
1.0,jhu_csse_confirmed_global_csv,e6234a59eec4359d2577358b5220e1a7e3da74c162913cdb7d882db1413f98c2,,2020-01-22/2023-03-09,observed,csv_row_Jersey_col_11/24/21,jhu_csv_observed_v1,2021-11-24,cumulative_confirmed_cases,13231,cases,reported,
1.0,jhu_csse_deaths_global_csv,4e87757a3e059c45650a1e1856614f8e339ee3c70653c378a7ba6f7b0ee8c72e,,2020-01-22/2023-03-09,observed,csv_row_Jersey_col_11/24/21,jhu_csv_observed_v1,2021-11-24,cumulative_deaths,80,deaths,reported,
1.0,jhu_csse_confirmed_global_csv,e6234a59eec4359d2577358b5220e1a7e3da74c162913cdb7d882db1413f98c2,,2020-01-22/2023-03-09,observed,csv_row_Jersey_col_11/25/21,jhu_csv_observed_v1,2021-11-25,cumulative_confirmed_cases,13377,cases,reported,
1.0,jhu_csse_deaths_global_csv,4e87757a3e059c45650a1e1856614f8e339ee3c70653c378a7ba6f7b0ee8c72e,,2020-01-22/2023-03-09,observed,csv_row_Jersey_col_11/25/21,jhu_csv_observed_v1,2021-11-25,cumulative_deaths,80,deaths,reported,
1.0,jhu_csse_confirmed_global_csv,e6234a59eec4359d2577358b5220e1a7e3da74c162913cdb7d882db1413f98c2,,2020-01-22/2023-03-09,observed,csv_row_Jersey_col_11/26/21,jhu_csv_observed_v1,2021-11-26,cumulative_confirmed_cases,13519,cases,reported,
1.0,jhu_csse_deaths_global_csv,4e87757a3e059c45650a1e1856614f8e339ee3c70653c378a7ba6f7b0ee8c72e,,2020-01-22/2023-03-09,observed,csv_row_Jersey_col_11/26/21,jhu_csv_observed_v1,2021-11-26,cumulative_deaths,80,deaths,reported,
1.0,jhu_csse_confirmed_global_csv,e6234a59eec4359d2577358b5220e1a7e3da74c162913cdb7d882db1413f98c2,,2020-01-22/2023-03-09,observed,csv_row_Jersey_col_11/27/21,jhu_csv_observed_v1,2021-11-27,cumulative_confirmed_cases,13654,cases,reported,
1.0,jhu_csse_deaths_global_csv,4e87757a3e059c45650a1e1856614f8e339ee3c70653c378a7ba6f7b0ee8c72e,,2020-01-22/2023-03-09,observed,csv_row_Jersey_col_11/27/21,jhu_csv_observed_v1,2021-11-27,cumulative_deaths,80,deaths,reported,
1.0,jhu_csse_confirmed_global_csv,e6234a59eec4359d2577358b5220e1a7e3da74c162913cdb7d882db1413f98c2,,2020-01-22/2023-03-09,observed,csv_row_Jersey_col_11/28/21,jhu_csv_observed_v1,2021-11-28,cumulative_confirmed_cases,13746,cases,reported,
1.0,jhu_csse_deaths_global_csv,4e87757a3e059c45650a1e1856614f8e339ee3c70653c378a7ba6f7b0ee8c72e,,2020-01-22/2023-03-09,observed,csv_row_Jersey_col_11/28/21,jhu_csv_observed_v1,2021-11-28,cumulative_deaths,80,deaths,reported,
1.0,jhu_csse_confirmed_global_csv,e6234a59eec4359d2577358b5220e1a7e3da74c162913cdb7d882db1413f98c2,,2020-01-22/2023-03-09,observed,csv_row_Jersey_col_11/29/21,jhu_csv_observed_v1,2021-11-29,cumulative_confirmed_cases,13854,cases,reported,
1.0,jhu_csse_deaths_global_csv,4e87757a3e059c45650a1e1856614f8e339ee3c70653c378a7ba6f7b0ee8c72e,,2020-01-22/2023-03-09,observed,csv_row_Jersey_col_11/29/21,jhu_csv_observed_v1,2021-11-29,cumulative_deaths,80,deaths,reported,
1.0,jhu_csse_confirmed_global_csv,e6234a59eec4359d2577358b5220e1a7e3da74c162913cdb7d882db1413f98c2,,2020-01-22/2023-03-09,observed,csv_row_Jersey_col_11/30/21,jhu_csv_observed_v1,2021-11-30,cumulative_confirmed_cases,13948,cases,reported,
1.0,jhu_csse_deaths_global_csv,4e87757a3e059c45650a1e1856614f8e339ee3c70653c378a7ba6f7b0ee8c72e,,2020-01-22/2023-03-09,observed,csv_row_Jersey_col_11/30/21,jhu_csv_observed_v1,2021-11-30,cumulative_deaths,80,deaths,reported,
1.0,jhu_csse_confirmed_global_csv,e6234a59eec4359d2577358b5220e1a7e3da74c162913cdb7d882db1413f98c2,,2020-01-22/2023-03-09,observed,csv_row_Jersey_col_12/1/21,jhu_csv_observed_v1,2021-12-01,cumulative_confirmed_cases,14102,cases,reported,
1.0,jhu_csse_deaths_global_csv,4e87757a3e059c45650a1e1856614f8e339ee3c70653c378a7ba6f7b0ee8c72e,,2020-01-22/2023-03-09,observed,csv_row_Jersey_col_12/1/21,jhu_csv_observed_v1,2021-12-01,cumulative_deaths,81,deaths,reported,
1.0,jhu_csse_confirmed_global_csv,e6234a59eec4359d2577358b5220e1a7e3da74c162913cdb7d882db1413f98c2,,2020-01-22/2023-03-09,observed,csv_row_Jersey_col_12/2/21,jhu_csv_observed_v1,2021-12-02,cumulative_confirmed_cases,14237,cases,reported,
1.0,jhu_csse_deaths_global_csv,4e87757a3e059c45650a1e1856614f8e339ee3c70653c378a7ba6f7b0ee8c72e,,2020-01-22/2023-03-09,observed,csv_row_Jersey_col_12/2/21,jhu_csv_observed_v1,2021-12-02,cumulative_deaths,81,deaths,reported,
1.0,jhu_csse_confirmed_global_csv,e6234a59eec4359d2577358b5220e1a7e3da74c162913cdb7d882db1413f98c2,,2020-01-22/2023-03-09,observed,csv_row_Jersey_col_12/3/21,jhu_csv_observed_v1,2021-12-03,cumulative_confirmed_cases,14367,cases,reported,
1.0,jhu_csse_deaths_global_csv,4e87757a3e059c45650a1e1856614f8e339ee3c70653c378a7ba6f7b0ee8c72e,,2020-01-22/2023-03-09,observed,csv_row_Jersey_col_12/3/21,jhu_csv_observed_v1,2021-12-03,cumulative_deaths,81,deaths,reported,
1.0,jhu_csse_confirmed_global_csv,e6234a59eec4359d2577358b5220e1a7e3da74c162913cdb7d882db1413f98c2,,2020-01-22/2023-03-09,observed,csv_row_Jersey_col_12/4/21,jhu_csv_observed_v1,2021-12-04,cumulative_confirmed_cases,14516,cases,reported,
1.0,jhu_csse_deaths_global_csv,4e87757a3e059c45650a1e1856614f8e339ee3c70653c378a7ba6f7b0ee8c72e,,2020-01-22/2023-03-09,observed,csv_row_Jersey_col_12/4/21,jhu_csv_observed_v1,2021-12-04,cumulative_deaths,81,deaths,reported,
1.0,jhu_csse_confirmed_global_csv,e6234a59eec4359d2577358b5220e1a7e3da74c162913cdb7d882db1413f98c2,,2020-01-22/2023-03-09,observed,csv_row_Jersey_col_12/5/21,jhu_csv_observed_v1,2021-12-05,cumulative_confirmed_cases,14647,cases,reported,
1.0,jhu_csse_deaths_global_csv,4e87757a3e059c45650a1e1856614f8e339ee3c70653c378a7ba6f7b0ee8c72e,,2020-01-22/2023-03-09,observed,csv_row_Jersey_col_12/5/21,jhu_csv_observed_v1,2021-12-05,cumulative_deaths,81,deaths,reported,
1.0,jhu_csse_confirmed_global_csv,e6234a59eec4359d2577358b5220e1a7e3da74c162913cdb7d882db1413f98c2,,2020-01-22/2023-03-09,observed,csv_row_Jersey_col_12/6/21,jhu_csv_observed_v1,2021-12-06,cumulative_confirmed_cases,14757,cases,reported,
1.0,jhu_csse_deaths_global_csv,4e87757a3e059c45650a1e1856614f8e339ee3c70653c378a7ba6f7b0ee8c72e,,2020-01-22/2023-03-09,observed,csv_row_Jersey_col_12/6/21,jhu_csv_observed_v1,2021-12-06,cumulative_deaths,81,deaths,reported,
1.0,jhu_csse_confirmed_global_csv,e6234a59eec4359d2577358b5220e1a7e3da74c162913cdb7d882db1413f98c2,,2020-01-22/2023-03-09,observed,csv_row_Jersey_col_12/7/21,jhu_csv_observed_v1,2021-12-07,cumulative_confirmed_cases,14841,cases,reported,
1.0,jhu_csse_deaths_global_csv,4e87757a3e059c45650a1e1856614f8e339ee3c70653c378a7ba6f7b0ee8c72e,,2020-01-22/2023-03-09,observed,csv_row_Jersey_col_12/7/21,jhu_csv_observed_v1,2021-12-07,cumulative_deaths,81,deaths,reported,
1.0,jhu_csse_confirmed_global_csv,e6234a59eec4359d2577358b5220e1a7e3da74c162913cdb7d882db1413f98c2,,2020-01-22/2023-03-09,observed,csv_row_Jersey_col_12/8/21,jhu_csv_observed_v1,2021-12-08,cumulative_confirmed_cases,14973,cases,reported,
1.0,jhu_csse_deaths_global_csv,4e87757a3e059c45650a1e1856614f8e339ee3c70653c378a7ba6f7b0ee8c72e,,2020-01-22/2023-03-09,observed,csv_row_Jersey_col_12/8/21,jhu_csv_observed_v1,2021-12-08,cumulative_deaths,82,deaths,reported,
1.0,jhu_csse_confirmed_global_csv,e6234a59eec4359d2577358b5220e1a7e3da74c162913cdb7d882db1413f98c2,,2020-01-22/2023-03-09,observed,csv_row_Jersey_col_12/9/21,jhu_csv_observed_v1,2021-12-09,cumulative_confirmed_cases,15089,cases,reported,
1.0,jhu_csse_deaths_global_csv,4e87757a3e059c45650a1e1856614f8e339ee3c70653c378a7ba6f7b0ee8c72e,,2020-01-22/2023-03-09,observed,csv_row_Jersey_col_12/9/21,jhu_csv_observed_v1,2021-12-09,cumulative_deaths,82,deaths,reported,
1.0,jhu_csse_confirmed_global_csv,e6234a59eec4359d2577358b5220e1a7e3da74c162913cdb7d882db1413f98c2,,2020-01-22/2023-03-09,observed,csv_row_Jersey_col_12/10/21,jhu_csv_observed_v1,2021-12-10,cumulative_confirmed_cases,15223,cases,reported,
1.0,jhu_csse_deaths_global_csv,4e87757a3e059c45650a1e1856614f8e339ee3c70653c378a7ba6f7b0ee8c72e,,2020-01-22/2023-03-09,observed,csv_row_Jersey_col_12/10/21,jhu_csv_observed_v1,2021-12-10,cumulative_deaths,84,deaths,reported,
1.0,jhu_csse_confirmed_global_csv,e6234a59eec4359d2577358b5220e1a7e3da74c162913cdb7d882db1413f98c2,,2020-01-22/2023-03-09,observed,csv_row_Jersey_col_12/11/21,jhu_csv_observed_v1,2021-12-11,cumulative_confirmed_cases,15341,cases,reported,
1.0,jhu_csse_deaths_global_csv,4e87757a3e059c45650a1e1856614f8e339ee3c70653c378a7ba6f7b0ee8c72e,,2020-01-22/2023-03-09,observed,csv_row_Jersey_col_12/11/21,jhu_csv_observed_v1,2021-12-11,cumulative_deaths,84,deaths,reported,
1.0,jhu_csse_confirmed_global_csv,e6234a59eec4359d2577358b5220e1a7e3da74c162913cdb7d882db1413f98c2,,2020-01-22/2023-03-09,observed,csv_row_Jersey_col_12/12/21,jhu_csv_observed_v1,2021-12-12,cumulative_confirmed_cases,15439,cases,reported,
1.0,jhu_csse_deaths_global_csv,4e87757a3e059c45650a1e1856614f8e339ee3c70653c378a7ba6f7b0ee8c72e,,2020-01-22/2023-03-09,observed,csv_row_Jersey_col_12/12/21,jhu_csv_observed_v1,2021-12-12,cumulative_deaths,84,deaths,reported,
1.0,jhu_csse_confirmed_global_csv,e6234a59eec4359d2577358b5220e1a7e3da74c162913cdb7d882db1413f98c2,,2020-01-22/2023-03-09,observed,csv_row_Jersey_col_12/13/21,jhu_csv_observed_v1,2021-12-13,cumulative_confirmed_cases,15533,cases,reported,
1.0,jhu_csse_deaths_global_csv,4e87757a3e059c45650a1e1856614f8e339ee3c70653c378a7ba6f7b0ee8c72e,,2020-01-22/2023-03-09,observed,csv_row_Jersey_col_12/13/21,jhu_csv_observed_v1,2021-12-13,cumulative_deaths,84,deaths,reported,
1.0,jhu_csse_confirmed_global_csv,e6234a59eec4359d2577358b5220e1a7e3da74c162913cdb7d882db1413f98c2,,2020-01-22/2023-03-09,observed,csv_row_Jersey_col_12/14/21,jhu_csv_observed_v1,2021-12-14,cumulative_confirmed_cases,15615,cases,reported,
1.0,jhu_csse_deaths_global_csv,4e87757a3e059c45650a1e1856614f8e339ee3c70653c378a7ba6f7b0ee8c72e,,2020-01-22/2023-03-09,observed,csv_row_Jersey_col_12/14/21,jhu_csv_observed_v1,2021-12-14,cumulative_deaths,84,deaths,reported,
1.0,jhu_csse_confirmed_global_csv,e6234a59eec4359d2577358b5220e1a7e3da74c162913cdb7d882db1413f98c2,,2020-01-22/2023-03-09,observed,csv_row_Jersey_col_12/15/21,jhu_csv_observed_v1,2021-12-15,cumulative_confirmed_cases,15731,cases,reported,
1.0,jhu_csse_deaths_global_csv,4e87757a3e059c45650a1e1856614f8e339ee3c70653c378a7ba6f7b0ee8c72e,,2020-01-22/2023-03-09,observed,csv_row_Jersey_col_12/15/21,jhu_csv_observed_v1,2021-12-15,cumulative_deaths,84,deaths,reported,
1.0,jhu_csse_confirmed_global_csv,e6234a59eec4359d2577358b5220e1a7e3da74c162913cdb7d882db1413f98c2,,2020-01-22/2023-03-09,observed,csv_row_Jersey_col_12/16/21,jhu_csv_observed_v1,2021-12-16,cumulative_confirmed_cases,15849,cases,reported,
1.0,jhu_csse_deaths_global_csv,4e87757a3e059c45650a1e1856614f8e339ee3c70653c378a7ba6f7b0ee8c72e,,2020-01-22/2023-03-09,observed,csv_row_Jersey_col_12/16/21,jhu_csv_observed_v1,2021-12-16,cumulative_deaths,84,deaths,reported,
1.0,jhu_csse_confirmed_global_csv,e6234a59eec4359d2577358b5220e1a7e3da74c162913cdb7d882db1413f98c2,,2020-01-22/2023-03-09,observed,csv_row_Jersey_col_12/17/21,jhu_csv_observed_v1,2021-12-17,cumulative_confirmed_cases,15998,cases,reported,
1.0,jhu_csse_deaths_global_csv,4e87757a3e059c45650a1e1856614f8e339ee3c70653c378a7ba6f7b0ee8c72e,,2020-01-22/2023-03-09,observed,csv_row_Jersey_col_12/17/21,jhu_csv_observed_v1,2021-12-17,cumulative_deaths,84,deaths,reported,
1.0,jhu_csse_confirmed_global_csv,e6234a59eec4359d2577358b5220e1a7e3da74c162913cdb7d882db1413f98c2,,2020-01-22/2023-03-09,observed,csv_row_Jersey_col_12/18/21,jhu_csv_observed_v1,2021-12-18,cumulative_confirmed_cases,16116,cases,reported,
1.0,jhu_csse_deaths_global_csv,4e87757a3e059c45650a1e1856614f8e339ee3c70653c378a7ba6f7b0ee8c72e,,2020-01-22/2023-03-09,observed,csv_row_Jersey_col_12/18/21,jhu_csv_observed_v1,2021-12-18,cumulative_deaths,85,deaths,reported,
1.0,jhu_csse_confirmed_global_csv,e6234a59eec4359d2577358b5220e1a7e3da74c162913cdb7d882db1413f98c2,,2020-01-22/2023-03-09,observed,csv_row_Jersey_col_12/19/21,jhu_csv_observed_v1,2021-12-19,cumulative_confirmed_cases,16226,cases,reported,
1.0,jhu_csse_deaths_global_csv,4e87757a3e059c45650a1e1856614f8e339ee3c70653c378a7ba6f7b0ee8c72e,,2020-01-22/2023-03-09,observed,csv_row_Jersey_col_12/19/21,jhu_csv_observed_v1,2021-12-19,cumulative_deaths,87,deaths,reported,
1.0,jhu_csse_confirmed_global_csv,e6234a59eec4359d2577358b5220e1a7e3da74c162913cdb7d882db1413f98c2,,2020-01-22/2023-03-09,observed,csv_row_Jersey_col_12/20/21,jhu_csv_observed_v1,2021-12-20,cumulative_confirmed_cases,16342,cases,reported,
1.0,jhu_csse_deaths_global_csv,4e87757a3e059c45650a1e1856614f8e339ee3c70653c378a7ba6f7b0ee8c72e,,2020-01-22/2023-03-09,observed,csv_row_Jersey_col_12/20/21,jhu_csv_observed_v1,2021-12-20,cumulative_deaths,87,deaths,reported,
1.0,jhu_csse_confirmed_global_csv,e6234a59eec4359d2577358b5220e1a7e3da74c162913cdb7d882db1413f98c2,,2020-01-22/2023-03-09,observed,csv_row_Jersey_col_12/21/21,jhu_csv_observed_v1,2021-12-21,cumulative_confirmed_cases,16486,cases,reported,
1.0,jhu_csse_deaths_global_csv,4e87757a3e059c45650a1e1856614f8e339ee3c70653c378a7ba6f7b0ee8c72e,,2020-01-22/2023-03-09,observed,csv_row_Jersey_col_12/21/21,jhu_csv_observed_v1,2021-12-21,cumulative_deaths,87,deaths,reported,
1.0,jhu_csse_confirmed_global_csv,e6234a59eec4359d2577358b5220e1a7e3da74c162913cdb7d882db1413f98c2,,2020-01-22/2023-03-09,observed,csv_row_Jersey_col_12/22/21,jhu_csv_observed_v1,2021-12-22,cumulative_confirmed_cases,16631,cases,reported,
1.0,jhu_csse_deaths_global_csv,4e87757a3e059c45650a1e1856614f8e339ee3c70653c378a7ba6f7b0ee8c72e,,2020-01-22/2023-03-09,observed,csv_row_Jersey_col_12/22/21,jhu_csv_observed_v1,2021-12-22,cumulative_deaths,87,deaths,reported,
1.0,jhu_csse_confirmed_global_csv,e6234a59eec4359d2577358b5220e1a7e3da74c162913cdb7d882db1413f98c2,,2020-01-22/2023-03-09,observed,csv_row_Jersey_col_12/23/21,jhu_csv_observed_v1,2021-12-23,cumulative_confirmed_cases,16798,cases,reported,
1.0,jhu_csse_deaths_global_csv,4e87757a3e059c45650a1e1856614f8e339ee3c70653c378a7ba6f7b0ee8c72e,,2020-01-22/2023-03-09,observed,csv_row_Jersey_col_12/23/21,jhu_csv_observed_v1,2021-12-23,cumulative_deaths,88,deaths,reported,
1.0,jhu_csse_confirmed_global_csv,e6234a59eec4359d2577358b5220e1a7e3da74c162913cdb7d882db1413f98c2,,2020-01-22/2023-03-09,observed,csv_row_Jersey_col_12/24/21,jhu_csv_observed_v1,2021-12-24,cumulative_confirmed_cases,17006,cases,reported,
1.0,jhu_csse_deaths_global_csv,4e87757a3e059c45650a1e1856614f8e339ee3c70653c378a7ba6f7b0ee8c72e,,2020-01-22/2023-03-09,observed,csv_row_Jersey_col_12/24/21,jhu_csv_observed_v1,2021-12-24,cumulative_deaths,89,deaths,reported,
1.0,jhu_csse_confirmed_global_csv,e6234a59eec4359d2577358b5220e1a7e3da74c162913cdb7d882db1413f98c2,,2020-01-22/2023-03-09,observed,csv_row_Jersey_col_12/25/21,jhu_csv_observed_v1,2021-12-25,cumulative_confirmed_cases,17222,cases,reported,
1.0,jhu_csse_deaths_global_csv,4e87757a3e059c45650a1e1856614f8e339ee3c70653c378a7ba6f7b0ee8c72e,,2020-01-22/2023-03-09,observed,csv_row_Jersey_col_12/25/21,jhu_csv_observed_v1,2021-12-25,cumulative_deaths,89,deaths,reported,
1.0,jhu_csse_confirmed_global_csv,e6234a59eec4359d2577358b5220e1a7e3da74c162913cdb7d882db1413f98c2,,2020-01-22/2023-03-09,observed,csv_row_Jersey_col_12/26/21,jhu_csv_observed_v1,2021-12-26,cumulative_confirmed_cases,17412,cases,reported,
1.0,jhu_csse_deaths_global_csv,4e87757a3e059c45650a1e1856614f8e339ee3c70653c378a7ba6f7b0ee8c72e,,2020-01-22/2023-03-09,observed,csv_row_Jersey_col_12/26/21,jhu_csv_observed_v1,2021-12-26,cumulative_deaths,89,deaths,reported,
1.0,jhu_csse_confirmed_global_csv,e6234a59eec4359d2577358b5220e1a7e3da74c162913cdb7d882db1413f98c2,,2020-01-22/2023-03-09,observed,csv_row_Jersey_col_12/27/21,jhu_csv_observed_v1,2021-12-27,cumulative_confirmed_cases,17484,cases,reported,
1.0,jhu_csse_deaths_global_csv,4e87757a3e059c45650a1e1856614f8e339ee3c70653c378a7ba6f7b0ee8c72e,,2020-01-22/2023-03-09,observed,csv_row_Jersey_col_12/27/21,jhu_csv_observed_v1,2021-12-27,cumulative_deaths,89,deaths,reported,
1.0,jhu_csse_confirmed_global_csv,e6234a59eec4359d2577358b5220e1a7e3da74c162913cdb7d882db1413f98c2,,2020-01-22/2023-03-09,observed,csv_row_Jersey_col_12/28/21,jhu_csv_observed_v1,2021-12-28,cumulative_confirmed_cases,17605,cases,reported,
1.0,jhu_csse_deaths_global_csv,4e87757a3e059c45650a1e1856614f8e339ee3c70653c378a7ba6f7b0ee8c72e,,2020-01-22/2023-03-09,observed,csv_row_Jersey_col_12/28/21,jhu_csv_observed_v1,2021-12-28,cumulative_deaths,89,deaths,reported,
1.0,jhu_csse_confirmed_global_csv,e6234a59eec4359d2577358b5220e1a7e3da74c162913cdb7d882db1413f98c2,,2020-01-22/2023-03-09,observed,csv_row_Jersey_col_12/29/21,jhu_csv_observed_v1,2021-12-29,cumulative_confirmed_cases,18067,cases,reported,
1.0,jhu_csse_deaths_global_csv,4e87757a3e059c45650a1e1856614f8e339ee3c70653c378a7ba6f7b0ee8c72e,,2020-01-22/2023-03-09,observed,csv_row_Jersey_col_12/29/21,jhu_csv_observed_v1,2021-12-29,cumulative_deaths,89,deaths,reported,
1.0,jhu_csse_confirmed_global_csv,e6234a59eec4359d2577358b5220e1a7e3da74c162913cdb7d882db1413f98c2,,2020-01-22/2023-03-09,observed,csv_row_Jersey_col_12/30/21,jhu_csv_observed_v1,2021-12-30,cumulative_confirmed_cases,18589,cases,reported,
1.0,jhu_csse_deaths_global_csv,4e87757a3e059c45650a1e1856614f8e339ee3c70653c378a7ba6f7b0ee8c72e,,2020-01-22/2023-03-09,observed,csv_row_Jersey_col_12/30/21,jhu_csv_observed_v1,2021-12-30,cumulative_deaths,89,deaths,reported,
1.0,jhu_csse_confirmed_global_csv,e6234a59eec4359d2577358b5220e1a7e3da74c162913cdb7d882db1413f98c2,,2020-01-22/2023-03-09,observed,csv_row_Jersey_col_12/31/21,jhu_csv_observed_v1,2021-12-31,cumulative_confirmed_cases,19002,cases,reported,
1.0,jhu_csse_deaths_global_csv,4e87757a3e059c45650a1e1856614f8e339ee3c70653c378a7ba6f7b0ee8c72e,,2020-01-22/2023-03-09,observed,csv_row_Jersey_col_12/31/21,jhu_csv_observed_v1,2021-12-31,cumulative_deaths,89,deaths,reported,
1.0,jhu_csse_confirmed_global_csv,e6234a59eec4359d2577358b5220e1a7e3da74c162913cdb7d882db1413f98c2,,2020-01-22/2023-03-09,observed,csv_row_Jersey_col_1/1/22,jhu_csv_observed_v1,2022-01-01,cumulative_confirmed_cases,19428,cases,reported,
1.0,jhu_csse_deaths_global_csv,4e87757a3e059c45650a1e1856614f8e339ee3c70653c378a7ba6f7b0ee8c72e,,2020-01-22/2023-03-09,observed,csv_row_Jersey_col_1/1/22,jhu_csv_observed_v1,2022-01-01,cumulative_deaths,89,deaths,reported,
1.0,jhu_csse_confirmed_global_csv,e6234a59eec4359d2577358b5220e1a7e3da74c162913cdb7d882db1413f98c2,,2020-01-22/2023-03-09,observed,csv_row_Jersey_col_1/2/22,jhu_csv_observed_v1,2022-01-02,cumulative_confirmed_cases,19751,cases,reported,
1.0,jhu_csse_deaths_global_csv,4e87757a3e059c45650a1e1856614f8e339ee3c70653c378a7ba6f7b0ee8c72e,,2020-01-22/2023-03-09,observed,csv_row_Jersey_col_1/2/22,jhu_csv_observed_v1,2022-01-02,cumulative_deaths,89,deaths,reported,
1.0,jhu_csse_confirmed_global_csv,e6234a59eec4359d2577358b5220e1a7e3da74c162913cdb7d882db1413f98c2,,2020-01-22/2023-03-09,observed,csv_row_Jersey_col_1/3/22,jhu_csv_observed_v1,2022-01-03,cumulative_confirmed_cases,20254,cases,reported,
1.0,jhu_csse_deaths_global_csv,4e87757a3e059c45650a1e1856614f8e339ee3c70653c378a7ba6f7b0ee8c72e,,2020-01-22/2023-03-09,observed,csv_row_Jersey_col_1/3/22,jhu_csv_observed_v1,2022-01-03,cumulative_deaths,89,deaths,reported,
1.0,jhu_csse_confirmed_global_csv,e6234a59eec4359d2577358b5220e1a7e3da74c162913cdb7d882db1413f98c2,,2020-01-22/2023-03-09,observed,csv_row_Jersey_col_1/4/22,jhu_csv_observed_v1,2022-01-04,cumulative_confirmed_cases,20677,cases,reported,
1.0,jhu_csse_deaths_global_csv,4e87757a3e059c45650a1e1856614f8e339ee3c70653c378a7ba6f7b0ee8c72e,,2020-01-22/2023-03-09,observed,csv_row_Jersey_col_1/4/22,jhu_csv_observed_v1,2022-01-04,cumulative_deaths,89,deaths,reported,
1.0,jhu_csse_confirmed_global_csv,e6234a59eec4359d2577358b5220e1a7e3da74c162913cdb7d882db1413f98c2,,2020-01-22/2023-03-09,observed,csv_row_Jersey_col_1/5/22,jhu_csv_observed_v1,2022-01-05,cumulative_confirmed_cases,21054,cases,reported,
1.0,jhu_csse_deaths_global_csv,4e87757a3e059c45650a1e1856614f8e339ee3c70653c378a7ba6f7b0ee8c72e,,2020-01-22/2023-03-09,observed,csv_row_Jersey_col_1/5/22,jhu_csv_observed_v1,2022-01-05,cumulative_deaths,89,deaths,reported,
1.0,jhu_csse_confirmed_global_csv,e6234a59eec4359d2577358b5220e1a7e3da74c162913cdb7d882db1413f98c2,,2020-01-22/2023-03-09,observed,csv_row_Jersey_col_1/6/22,jhu_csv_observed_v1,2022-01-06,cumulative_confirmed_cases,21558,cases,reported,
1.0,jhu_csse_deaths_global_csv,4e87757a3e059c45650a1e1856614f8e339ee3c70653c378a7ba6f7b0ee8c72e,,2020-01-22/2023-03-09,observed,csv_row_Jersey_col_1/6/22,jhu_csv_observed_v1,2022-01-06,cumulative_deaths,89,deaths,reported,
1.0,jhu_csse_confirmed_global_csv,e6234a59eec4359d2577358b5220e1a7e3da74c162913cdb7d882db1413f98c2,,2020-01-22/2023-03-09,observed,csv_row_Jersey_col_1/7/22,jhu_csv_observed_v1,2022-01-07,cumulative_confirmed_cases,22210,cases,reported,
1.0,jhu_csse_deaths_global_csv,4e87757a3e059c45650a1e1856614f8e339ee3c70653c378a7ba6f7b0ee8c72e,,2020-01-22/2023-03-09,observed,csv_row_Jersey_col_1/7/22,jhu_csv_observed_v1,2022-01-07,cumulative_deaths,89,deaths,reported,
1.0,jhu_csse_confirmed_global_csv,e6234a59eec4359d2577358b5220e1a7e3da74c162913cdb7d882db1413f98c2,,2020-01-22/2023-03-09,observed,csv_row_Jersey_col_1/8/22,jhu_csv_observed_v1,2022-01-08,cumulative_confirmed_cases,22873,cases,reported,
1.0,jhu_csse_deaths_global_csv,4e87757a3e059c45650a1e1856614f8e339ee3c70653c378a7ba6f7b0ee8c72e,,2020-01-22/2023-03-09,observed,csv_row_Jersey_col_1/8/22,jhu_csv_observed_v1,2022-01-08,cumulative_deaths,89,deaths,reported,
1.0,jhu_csse_confirmed_global_csv,e6234a59eec4359d2577358b5220e1a7e3da74c162913cdb7d882db1413f98c2,,2020-01-22/2023-03-09,observed,csv_row_Jersey_col_1/9/22,jhu_csv_observed_v1,2022-01-09,cumulative_confirmed_cases,23338,cases,reported,
1.0,jhu_csse_deaths_global_csv,4e87757a3e059c45650a1e1856614f8e339ee3c70653c378a7ba6f7b0ee8c72e,,2020-01-22/2023-03-09,observed,csv_row_Jersey_col_1/9/22,jhu_csv_observed_v1,2022-01-09,cumulative_deaths,90,deaths,reported,
1.0,jhu_csse_confirmed_global_csv,e6234a59eec4359d2577358b5220e1a7e3da74c162913cdb7d882db1413f98c2,,2020-01-22/2023-03-09,observed,csv_row_Jersey_col_1/10/22,jhu_csv_observed_v1,2022-01-10,cumulative_confirmed_cases,23789,cases,reported,
1.0,jhu_csse_deaths_global_csv,4e87757a3e059c45650a1e1856614f8e339ee3c70653c378a7ba6f7b0ee8c72e,,2020-01-22/2023-03-09,observed,csv_row_Jersey_col_1/10/22,jhu_csv_observed_v1,2022-01-10,cumulative_deaths,90,deaths,reported,
1.0,jhu_csse_confirmed_global_csv,e6234a59eec4359d2577358b5220e1a7e3da74c162913cdb7d882db1413f98c2,,2020-01-22/2023-03-09,observed,csv_row_Jersey_col_1/11/22,jhu_csv_observed_v1,2022-01-11,cumulative_confirmed_cases,24217,cases,reported,
1.0,jhu_csse_deaths_global_csv,4e87757a3e059c45650a1e1856614f8e339ee3c70653c378a7ba6f7b0ee8c72e,,2020-01-22/2023-03-09,observed,csv_row_Jersey_col_1/11/22,jhu_csv_observed_v1,2022-01-11,cumulative_deaths,90,deaths,reported,
1.0,jhu_csse_confirmed_global_csv,e6234a59eec4359d2577358b5220e1a7e3da74c162913cdb7d882db1413f98c2,,2020-01-22/2023-03-09,observed,csv_row_Jersey_col_1/12/22,jhu_csv_observed_v1,2022-01-12,cumulative_confirmed_cases,24666,cases,reported,
1.0,jhu_csse_deaths_global_csv,4e87757a3e059c45650a1e1856614f8e339ee3c70653c378a7ba6f7b0ee8c72e,,2020-01-22/2023-03-09,observed,csv_row_Jersey_col_1/12/22,jhu_csv_observed_v1,2022-01-12,cumulative_deaths,90,deaths,reported,
1.0,jhu_csse_confirmed_global_csv,e6234a59eec4359d2577358b5220e1a7e3da74c162913cdb7d882db1413f98c2,,2020-01-22/2023-03-09,observed,csv_row_Jersey_col_1/13/22,jhu_csv_observed_v1,2022-01-13,cumulative_confirmed_cases,24993,cases,reported,
1.0,jhu_csse_deaths_global_csv,4e87757a3e059c45650a1e1856614f8e339ee3c70653c378a7ba6f7b0ee8c72e,,2020-01-22/2023-03-09,observed,csv_row_Jersey_col_1/13/22,jhu_csv_observed_v1,2022-01-13,cumulative_deaths,90,deaths,reported,
1.0,jhu_csse_confirmed_global_csv,e6234a59eec4359d2577358b5220e1a7e3da74c162913cdb7d882db1413f98c2,,2020-01-22/2023-03-09,observed,csv_row_Jersey_col_1/14/22,jhu_csv_observed_v1,2022-01-14,cumulative_confirmed_cases,25327,cases,reported,
1.0,jhu_csse_deaths_global_csv,4e87757a3e059c45650a1e1856614f8e339ee3c70653c378a7ba6f7b0ee8c72e,,2020-01-22/2023-03-09,observed,csv_row_Jersey_col_1/14/22,jhu_csv_observed_v1,2022-01-14,cumulative_deaths,92,deaths,reported,
1.0,jhu_csse_confirmed_global_csv,e6234a59eec4359d2577358b5220e1a7e3da74c162913cdb7d882db1413f98c2,,2020-01-22/2023-03-09,observed,csv_row_Jersey_col_1/15/22,jhu_csv_observed_v1,2022-01-15,cumulative_confirmed_cases,25618,cases,reported,
1.0,jhu_csse_deaths_global_csv,4e87757a3e059c45650a1e1856614f8e339ee3c70653c378a7ba6f7b0ee8c72e,,2020-01-22/2023-03-09,observed,csv_row_Jersey_col_1/15/22,jhu_csv_observed_v1,2022-01-15,cumulative_deaths,92,deaths,reported,
1.0,jhu_csse_confirmed_global_csv,e6234a59eec4359d2577358b5220e1a7e3da74c162913cdb7d882db1413f98c2,,2020-01-22/2023-03-09,observed,csv_row_Jersey_col_1/16/22,jhu_csv_observed_v1,2022-01-16,cumulative_confirmed_cases,25908,cases,reported,
1.0,jhu_csse_deaths_global_csv,4e87757a3e059c45650a1e1856614f8e339ee3c70653c378a7ba6f7b0ee8c72e,,2020-01-22/2023-03-09,observed,csv_row_Jersey_col_1/16/22,jhu_csv_observed_v1,2022-01-16,cumulative_deaths,92,deaths,reported,
1.0,jhu_csse_confirmed_global_csv,e6234a59eec4359d2577358b5220e1a7e3da74c162913cdb7d882db1413f98c2,,2020-01-22/2023-03-09,observed,csv_row_Jersey_col_1/17/22,jhu_csv_observed_v1,2022-01-17,cumulative_confirmed_cases,26164,cases,reported,
1.0,jhu_csse_deaths_global_csv,4e87757a3e059c45650a1e1856614f8e339ee3c70653c378a7ba6f7b0ee8c72e,,2020-01-22/2023-03-09,observed,csv_row_Jersey_col_1/17/22,jhu_csv_observed_v1,2022-01-17,cumulative_deaths,92,deaths,reported,
1.0,jhu_csse_confirmed_global_csv,e6234a59eec4359d2577358b5220e1a7e3da74c162913cdb7d882db1413f98c2,,2020-01-22/2023-03-09,observed,csv_row_Jersey_col_1/18/22,jhu_csv_observed_v1,2022-01-18,cumulative_confirmed_cases,26406,cases,reported,
1.0,jhu_csse_deaths_global_csv,4e87757a3e059c45650a1e1856614f8e339ee3c70653c378a7ba6f7b0ee8c72e,,2020-01-22/2023-03-09,observed,csv_row_Jersey_col_1/18/22,jhu_csv_observed_v1,2022-01-18,cumulative_deaths,92,deaths,reported,
1.0,jhu_csse_confirmed_global_csv,e6234a59eec4359d2577358b5220e1a7e3da74c162913cdb7d882db1413f98c2,,2020-01-22/2023-03-09,observed,csv_row_Jersey_col_1/19/22,jhu_csv_observed_v1,2022-01-19,cumulative_confirmed_cases,26731,cases,reported,
1.0,jhu_csse_deaths_global_csv,4e87757a3e059c45650a1e1856614f8e339ee3c70653c378a7ba6f7b0ee8c72e,,2020-01-22/2023-03-09,observed,csv_row_Jersey_col_1/19/22,jhu_csv_observed_v1,2022-01-19,cumulative_deaths,92,deaths,reported,
1.0,jhu_csse_confirmed_global_csv,e6234a59eec4359d2577358b5220e1a7e3da74c162913cdb7d882db1413f98c2,,2020-01-22/2023-03-09,observed,csv_row_Jersey_col_1/20/22,jhu_csv_observed_v1,2022-01-20,cumulative_confirmed_cases,27045,cases,reported,
1.0,jhu_csse_deaths_global_csv,4e87757a3e059c45650a1e1856614f8e339ee3c70653c378a7ba6f7b0ee8c72e,,2020-01-22/2023-03-09,observed,csv_row_Jersey_col_1/20/22,jhu_csv_observed_v1,2022-01-20,cumulative_deaths,94,deaths,reported,
1.0,jhu_csse_confirmed_global_csv,e6234a59eec4359d2577358b5220e1a7e3da74c162913cdb7d882db1413f98c2,,2020-01-22/2023-03-09,observed,csv_row_Jersey_col_1/21/22,jhu_csv_observed_v1,2022-01-21,cumulative_confirmed_cases,27344,cases,reported,
1.0,jhu_csse_deaths_global_csv,4e87757a3e059c45650a1e1856614f8e339ee3c70653c378a7ba6f7b0ee8c72e,,2020-01-22/2023-03-09,observed,csv_row_Jersey_col_1/21/22,jhu_csv_observed_v1,2022-01-21,cumulative_deaths,94,deaths,reported,
1.0,jhu_csse_confirmed_global_csv,e6234a59eec4359d2577358b5220e1a7e3da74c162913cdb7d882db1413f98c2,,2020-01-22/2023-03-09,observed,csv_row_Jersey_col_1/22/22,jhu_csv_observed_v1,2022-01-22,cumulative_confirmed_cases,27622,cases,reported,
1.0,jhu_csse_deaths_global_csv,4e87757a3e059c45650a1e1856614f8e339ee3c70653c378a7ba6f7b0ee8c72e,,2020-01-22/2023-03-09,observed,csv_row_Jersey_col_1/22/22,jhu_csv_observed_v1,2022-01-22,cumulative_deaths,94,deaths,reported,
1.0,jhu_csse_confirmed_global_csv,e6234a59eec4359d2577358b5220e1a7e3da74c162913cdb7d882db1413f98c2,,2020-01-22/2023-03-09,observed,csv_row_Jersey_col_1/23/22,jhu_csv_observed_v1,2022-01-23,cumulative_confirmed_cases,27899,cases,reported,
1.0,jhu_csse_deaths_global_csv,4e87757a3e059c45650a1e1856614f8e339ee3c70653c378a7ba6f7b0ee8c72e,,2020-01-22/2023-03-09,observed,csv_row_Jersey_col_1/23/22,jhu_csv_observed_v1,2022-01-23,cumulative_deaths,96,deaths,reported,
1.0,jhu_csse_confirmed_global_csv,e6234a59eec4359d2577358b5220e1a7e3da74c162913cdb7d882db1413f98c2,,2020-01-22/2023-03-09,observed,csv_row_Jersey_col_1/24/22,jhu_csv_observed_v1,2022-01-24,cumulative_confirmed_cases,28109,cases,reported,
1.0,jhu_csse_deaths_global_csv,4e87757a3e059c45650a1e1856614f8e339ee3c70653c378a7ba6f7b0ee8c72e,,2020-01-22/2023-03-09,observed,csv_row_Jersey_col_1/24/22,jhu_csv_observed_v1,2022-01-24,cumulative_deaths,96,deaths,reported,
1.0,jhu_csse_confirmed_global_csv,e6234a59eec4359d2577358b5220e1a7e3da74c162913cdb7d882db1413f98c2,,2020-01-22/2023-03-09,observed,csv_row_Jersey_col_1/25/22,jhu_csv_observed_v1,2022-01-25,cumulative_confirmed_cases,28396,cases,reported,
1.0,jhu_csse_deaths_global_csv,4e87757a3e059c45650a1e1856614f8e339ee3c70653c378a7ba6f7b0ee8c72e,,2020-01-22/2023-03-09,observed,csv_row_Jersey_col_1/25/22,jhu_csv_observed_v1,2022-01-25,cumulative_deaths,96,deaths,reported,
1.0,jhu_csse_confirmed_global_csv,e6234a59eec4359d2577358b5220e1a7e3da74c162913cdb7d882db1413f98c2,,2020-01-22/2023-03-09,observed,csv_row_Jersey_col_1/26/22,jhu_csv_observed_v1,2022-01-26,cumulative_confirmed_cases,28796,cases,reported,
1.0,jhu_csse_deaths_global_csv,4e87757a3e059c45650a1e1856614f8e339ee3c70653c378a7ba6f7b0ee8c72e,,2020-01-22/2023-03-09,observed,csv_row_Jersey_col_1/26/22,jhu_csv_observed_v1,2022-01-26,cumulative_deaths,96,deaths,reported,
1.0,jhu_csse_confirmed_global_csv,e6234a59eec4359d2577358b5220e1a7e3da74c162913cdb7d882db1413f98c2,,2020-01-22/2023-03-09,observed,csv_row_Jersey_col_1/27/22,jhu_csv_observed_v1,2022-01-27,cumulative_confirmed_cases,29187,cases,reported,
1.0,jhu_csse_deaths_global_csv,4e87757a3e059c45650a1e1856614f8e339ee3c70653c378a7ba6f7b0ee8c72e,,2020-01-22/2023-03-09,observed,csv_row_Jersey_col_1/27/22,jhu_csv_observed_v1,2022-01-27,cumulative_deaths,99,deaths,reported,
1.0,jhu_csse_confirmed_global_csv,e6234a59eec4359d2577358b5220e1a7e3da74c162913cdb7d882db1413f98c2,,2020-01-22/2023-03-09,observed,csv_row_Jersey_col_1/28/22,jhu_csv_observed_v1,2022-01-28,cumulative_confirmed_cases,29542,cases,reported,
1.0,jhu_csse_deaths_global_csv,4e87757a3e059c45650a1e1856614f8e339ee3c70653c378a7ba6f7b0ee8c72e,,2020-01-22/2023-03-09,observed,csv_row_Jersey_col_1/28/22,jhu_csv_observed_v1,2022-01-28,cumulative_deaths,99,deaths,reported,
1.0,jhu_csse_confirmed_global_csv,e6234a59eec4359d2577358b5220e1a7e3da74c162913cdb7d882db1413f98c2,,2020-01-22/2023-03-09,observed,csv_row_Jersey_col_1/29/22,jhu_csv_observed_v1,2022-01-29,cumulative_confirmed_cases,29887,cases,reported,
1.0,jhu_csse_deaths_global_csv,4e87757a3e059c45650a1e1856614f8e339ee3c70653c378a7ba6f7b0ee8c72e,,2020-01-22/2023-03-09,observed,csv_row_Jersey_col_1/29/22,jhu_csv_observed_v1,2022-01-29,cumulative_deaths,99,deaths,reported,
1.0,jhu_csse_confirmed_global_csv,e6234a59eec4359d2577358b5220e1a7e3da74c162913cdb7d882db1413f98c2,,2020-01-22/2023-03-09,observed,csv_row_Jersey_col_1/30/22,jhu_csv_observed_v1,2022-01-30,cumulative_confirmed_cases,30235,cases,reported,
1.0,jhu_csse_deaths_global_csv,4e87757a3e059c45650a1e1856614f8e339ee3c70653c378a7ba6f7b0ee8c72e,,2020-01-22/2023-03-09,observed,csv_row_Jersey_col_1/30/22,jhu_csv_observed_v1,2022-01-30,cumulative_deaths,100,deaths,reported,
1.0,jhu_csse_confirmed_global_csv,e6234a59eec4359d2577358b5220e1a7e3da74c162913cdb7d882db1413f98c2,,2020-01-22/2023-03-09,observed,csv_row_Jersey_col_1/31/22,jhu_csv_observed_v1,2022-01-31,cumulative_confirmed_cases,30490,cases,reported,
1.0,jhu_csse_deaths_global_csv,4e87757a3e059c45650a1e1856614f8e339ee3c70653c378a7ba6f7b0ee8c72e,,2020-01-22/2023-03-09,observed,csv_row_Jersey_col_1/31/22,jhu_csv_observed_v1,2022-01-31,cumulative_deaths,100,deaths,reported,
1.0,jhu_csse_confirmed_global_csv,e6234a59eec4359d2577358b5220e1a7e3da74c162913cdb7d882db1413f98c2,,2020-01-22/2023-03-09,observed,csv_row_Jersey_col_2/1/22,jhu_csv_observed_v1,2022-02-01,cumulative_confirmed_cases,30789,cases,reported,
1.0,jhu_csse_deaths_global_csv,4e87757a3e059c45650a1e1856614f8e339ee3c70653c378a7ba6f7b0ee8c72e,,2020-01-22/2023-03-09,observed,csv_row_Jersey_col_2/1/22,jhu_csv_observed_v1,2022-02-01,cumulative_deaths,100,deaths,reported,
1.0,jhu_csse_confirmed_global_csv,e6234a59eec4359d2577358b5220e1a7e3da74c162913cdb7d882db1413f98c2,,2020-01-22/2023-03-09,observed,csv_row_Jersey_col_2/2/22,jhu_csv_observed_v1,2022-02-02,cumulative_confirmed_cases,31202,cases,reported,
1.0,jhu_csse_deaths_global_csv,4e87757a3e059c45650a1e1856614f8e339ee3c70653c378a7ba6f7b0ee8c72e,,2020-01-22/2023-03-09,observed,csv_row_Jersey_col_2/2/22,jhu_csv_observed_v1,2022-02-02,cumulative_deaths,101,deaths,reported,
1.0,jhu_csse_confirmed_global_csv,e6234a59eec4359d2577358b5220e1a7e3da74c162913cdb7d882db1413f98c2,,2020-01-22/2023-03-09,observed,csv_row_Jersey_col_2/3/22,jhu_csv_observed_v1,2022-02-03,cumulative_confirmed_cases,31558,cases,reported,
1.0,jhu_csse_deaths_global_csv,4e87757a3e059c45650a1e1856614f8e339ee3c70653c378a7ba6f7b0ee8c72e,,2020-01-22/2023-03-09,observed,csv_row_Jersey_col_2/3/22,jhu_csv_observed_v1,2022-02-03,cumulative_deaths,103,deaths,reported,
1.0,jhu_csse_confirmed_global_csv,e6234a59eec4359d2577358b5220e1a7e3da74c162913cdb7d882db1413f98c2,,2020-01-22/2023-03-09,observed,csv_row_Jersey_col_2/4/22,jhu_csv_observed_v1,2022-02-04,cumulative_confirmed_cases,31883,cases,reported,
1.0,jhu_csse_deaths_global_csv,4e87757a3e059c45650a1e1856614f8e339ee3c70653c378a7ba6f7b0ee8c72e,,2020-01-22/2023-03-09,observed,csv_row_Jersey_col_2/4/22,jhu_csv_observed_v1,2022-02-04,cumulative_deaths,103,deaths,reported,
1.0,jhu_csse_confirmed_global_csv,e6234a59eec4359d2577358b5220e1a7e3da74c162913cdb7d882db1413f98c2,,2020-01-22/2023-03-09,observed,csv_row_Jersey_col_2/5/22,jhu_csv_observed_v1,2022-02-05,cumulative_confirmed_cases,32148,cases,reported,
1.0,jhu_csse_deaths_global_csv,4e87757a3e059c45650a1e1856614f8e339ee3c70653c378a7ba6f7b0ee8c72e,,2020-01-22/2023-03-09,observed,csv_row_Jersey_col_2/5/22,jhu_csv_observed_v1,2022-02-05,cumulative_deaths,104,deaths,reported,
1.0,jhu_csse_confirmed_global_csv,e6234a59eec4359d2577358b5220e1a7e3da74c162913cdb7d882db1413f98c2,,2020-01-22/2023-03-09,observed,csv_row_Jersey_col_2/6/22,jhu_csv_observed_v1,2022-02-06,cumulative_confirmed_cases,32364,cases,reported,
1.0,jhu_csse_deaths_global_csv,4e87757a3e059c45650a1e1856614f8e339ee3c70653c378a7ba6f7b0ee8c72e,,2020-01-22/2023-03-09,observed,csv_row_Jersey_col_2/6/22,jhu_csv_observed_v1,2022-02-06,cumulative_deaths,104,deaths,reported,
1.0,jhu_csse_confirmed_global_csv,e6234a59eec4359d2577358b5220e1a7e3da74c162913cdb7d882db1413f98c2,,2020-01-22/2023-03-09,observed,csv_row_Jersey_col_2/7/22,jhu_csv_observed_v1,2022-02-07,cumulative_confirmed_cases,32612,cases,reported,
1.0,jhu_csse_deaths_global_csv,4e87757a3e059c45650a1e1856614f8e339ee3c70653c378a7ba6f7b0ee8c72e,,2020-01-22/2023-03-09,observed,csv_row_Jersey_col_2/7/22,jhu_csv_observed_v1,2022-02-07,cumulative_deaths,104,deaths,reported,
1.0,jhu_csse_confirmed_global_csv,e6234a59eec4359d2577358b5220e1a7e3da74c162913cdb7d882db1413f98c2,,2020-01-22/2023-03-09,observed,csv_row_Jersey_col_2/8/22,jhu_csv_observed_v1,2022-02-08,cumulative_confirmed_cases,32852,cases,reported,
1.0,jhu_csse_deaths_global_csv,4e87757a3e059c45650a1e1856614f8e339ee3c70653c378a7ba6f7b0ee8c72e,,2020-01-22/2023-03-09,observed,csv_row_Jersey_col_2/8/22,jhu_csv_observed_v1,2022-02-08,cumulative_deaths,104,deaths,reported,
1.0,jhu_csse_confirmed_global_csv,e6234a59eec4359d2577358b5220e1a7e3da74c162913cdb7d882db1413f98c2,,2020-01-22/2023-03-09,observed,csv_row_Jersey_col_2/9/22,jhu_csv_observed_v1,2022-02-09,cumulative_confirmed_cases,33173,cases,reported,
1.0,jhu_csse_deaths_global_csv,4e87757a3e059c45650a1e1856614f8e339ee3c70653c378a7ba6f7b0ee8c72e,,2020-01-22/2023-03-09,observed,csv_row_Jersey_col_2/9/22,jhu_csv_observed_v1,2022-02-09,cumulative_deaths,104,deaths,reported,
1.0,jhu_csse_confirmed_global_csv,e6234a59eec4359d2577358b5220e1a7e3da74c162913cdb7d882db1413f98c2,,2020-01-22/2023-03-09,observed,csv_row_Jersey_col_2/10/22,jhu_csv_observed_v1,2022-02-10,cumulative_confirmed_cases,33445,cases,reported,
1.0,jhu_csse_deaths_global_csv,4e87757a3e059c45650a1e1856614f8e339ee3c70653c378a7ba6f7b0ee8c72e,,2020-01-22/2023-03-09,observed,csv_row_Jersey_col_2/10/22,jhu_csv_observed_v1,2022-02-10,cumulative_deaths,106,deaths,reported,
1.0,jhu_csse_confirmed_global_csv,e6234a59eec4359d2577358b5220e1a7e3da74c162913cdb7d882db1413f98c2,,2020-01-22/2023-03-09,observed,csv_row_Jersey_col_2/11/22,jhu_csv_observed_v1,2022-02-11,cumulative_confirmed_cases,33726,cases,reported,
1.0,jhu_csse_deaths_global_csv,4e87757a3e059c45650a1e1856614f8e339ee3c70653c378a7ba6f7b0ee8c72e,,2020-01-22/2023-03-09,observed,csv_row_Jersey_col_2/11/22,jhu_csv_observed_v1,2022-02-11,cumulative_deaths,106,deaths,reported,
1.0,jhu_csse_confirmed_global_csv,e6234a59eec4359d2577358b5220e1a7e3da74c162913cdb7d882db1413f98c2,,2020-01-22/2023-03-09,observed,csv_row_Jersey_col_2/12/22,jhu_csv_observed_v1,2022-02-12,cumulative_confirmed_cases,33970,cases,reported,
1.0,jhu_csse_deaths_global_csv,4e87757a3e059c45650a1e1856614f8e339ee3c70653c378a7ba6f7b0ee8c72e,,2020-01-22/2023-03-09,observed,csv_row_Jersey_col_2/12/22,jhu_csv_observed_v1,2022-02-12,cumulative_deaths,106,deaths,reported,
1.0,jhu_csse_confirmed_global_csv,e6234a59eec4359d2577358b5220e1a7e3da74c162913cdb7d882db1413f98c2,,2020-01-22/2023-03-09,observed,csv_row_Jersey_col_2/13/22,jhu_csv_observed_v1,2022-02-13,cumulative_confirmed_cases,34203,cases,reported,
1.0,jhu_csse_deaths_global_csv,4e87757a3e059c45650a1e1856614f8e339ee3c70653c378a7ba6f7b0ee8c72e,,2020-01-22/2023-03-09,observed,csv_row_Jersey_col_2/13/22,jhu_csv_observed_v1,2022-02-13,cumulative_deaths,106,deaths,reported,
1.0,jhu_csse_confirmed_global_csv,e6234a59eec4359d2577358b5220e1a7e3da74c162913cdb7d882db1413f98c2,,2020-01-22/2023-03-09,observed,csv_row_Jersey_col_2/14/22,jhu_csv_observed_v1,2022-02-14,cumulative_confirmed_cases,34367,cases,reported,
1.0,jhu_csse_deaths_global_csv,4e87757a3e059c45650a1e1856614f8e339ee3c70653c378a7ba6f7b0ee8c72e,,2020-01-22/2023-03-09,observed,csv_row_Jersey_col_2/14/22,jhu_csv_observed_v1,2022-02-14,cumulative_deaths,106,deaths,reported,
1.0,jhu_csse_confirmed_global_csv,e6234a59eec4359d2577358b5220e1a7e3da74c162913cdb7d882db1413f98c2,,2020-01-22/2023-03-09,observed,csv_row_Jersey_col_2/15/22,jhu_csv_observed_v1,2022-02-15,cumulative_confirmed_cases,34557,cases,reported,
1.0,jhu_csse_deaths_global_csv,4e87757a3e059c45650a1e1856614f8e339ee3c70653c378a7ba6f7b0ee8c72e,,2020-01-22/2023-03-09,observed,csv_row_Jersey_col_2/15/22,jhu_csv_observed_v1,2022-02-15,cumulative_deaths,108,deaths,reported,
1.0,jhu_csse_confirmed_global_csv,e6234a59eec4359d2577358b5220e1a7e3da74c162913cdb7d882db1413f98c2,,2020-01-22/2023-03-09,observed,csv_row_Jersey_col_2/16/22,jhu_csv_observed_v1,2022-02-16,cumulative_confirmed_cases,34785,cases,reported,
1.0,jhu_csse_deaths_global_csv,4e87757a3e059c45650a1e1856614f8e339ee3c70653c378a7ba6f7b0ee8c72e,,2020-01-22/2023-03-09,observed,csv_row_Jersey_col_2/16/22,jhu_csv_observed_v1,2022-02-16,cumulative_deaths,108,deaths,reported,
1.0,jhu_csse_confirmed_global_csv,e6234a59eec4359d2577358b5220e1a7e3da74c162913cdb7d882db1413f98c2,,2020-01-22/2023-03-09,observed,csv_row_Jersey_col_2/17/22,jhu_csv_observed_v1,2022-02-17,cumulative_confirmed_cases,35072,cases,reported,
1.0,jhu_csse_deaths_global_csv,4e87757a3e059c45650a1e1856614f8e339ee3c70653c378a7ba6f7b0ee8c72e,,2020-01-22/2023-03-09,observed,csv_row_Jersey_col_2/17/22,jhu_csv_observed_v1,2022-02-17,cumulative_deaths,108,deaths,reported,
1.0,jhu_csse_confirmed_global_csv,e6234a59eec4359d2577358b5220e1a7e3da74c162913cdb7d882db1413f98c2,,2020-01-22/2023-03-09,observed,csv_row_Jersey_col_2/18/22,jhu_csv_observed_v1,2022-02-18,cumulative_confirmed_cases,35301,cases,reported,
1.0,jhu_csse_deaths_global_csv,4e87757a3e059c45650a1e1856614f8e339ee3c70653c378a7ba6f7b0ee8c72e,,2020-01-22/2023-03-09,observed,csv_row_Jersey_col_2/18/22,jhu_csv_observed_v1,2022-02-18,cumulative_deaths,108,deaths,reported,
1.0,jhu_csse_confirmed_global_csv,e6234a59eec4359d2577358b5220e1a7e3da74c162913cdb7d882db1413f98c2,,2020-01-22/2023-03-09,observed,csv_row_Jersey_col_2/19/22,jhu_csv_observed_v1,2022-02-19,cumulative_confirmed_cases,35301,cases,reported,
1.0,jhu_csse_deaths_global_csv,4e87757a3e059c45650a1e1856614f8e339ee3c70653c378a7ba6f7b0ee8c72e,,2020-01-22/2023-03-09,observed,csv_row_Jersey_col_2/19/22,jhu_csv_observed_v1,2022-02-19,cumulative_deaths,108,deaths,reported,
1.0,jhu_csse_confirmed_global_csv,e6234a59eec4359d2577358b5220e1a7e3da74c162913cdb7d882db1413f98c2,,2020-01-22/2023-03-09,observed,csv_row_Jersey_col_2/20/22,jhu_csv_observed_v1,2022-02-20,cumulative_confirmed_cases,35301,cases,reported,
1.0,jhu_csse_deaths_global_csv,4e87757a3e059c45650a1e1856614f8e339ee3c70653c378a7ba6f7b0ee8c72e,,2020-01-22/2023-03-09,observed,csv_row_Jersey_col_2/20/22,jhu_csv_observed_v1,2022-02-20,cumulative_deaths,108,deaths,reported,
1.0,jhu_csse_confirmed_global_csv,e6234a59eec4359d2577358b5220e1a7e3da74c162913cdb7d882db1413f98c2,,2020-01-22/2023-03-09,observed,csv_row_Jersey_col_2/21/22,jhu_csv_observed_v1,2022-02-21,cumulative_confirmed_cases,35506,cases,reported,
1.0,jhu_csse_deaths_global_csv,4e87757a3e059c45650a1e1856614f8e339ee3c70653c378a7ba6f7b0ee8c72e,,2020-01-22/2023-03-09,observed,csv_row_Jersey_col_2/21/22,jhu_csv_observed_v1,2022-02-21,cumulative_deaths,109,deaths,reported,
1.0,jhu_csse_confirmed_global_csv,e6234a59eec4359d2577358b5220e1a7e3da74c162913cdb7d882db1413f98c2,,2020-01-22/2023-03-09,observed,csv_row_Jersey_col_2/22/22,jhu_csv_observed_v1,2022-02-22,cumulative_confirmed_cases,35983,cases,reported,
1.0,jhu_csse_deaths_global_csv,4e87757a3e059c45650a1e1856614f8e339ee3c70653c378a7ba6f7b0ee8c72e,,2020-01-22/2023-03-09,observed,csv_row_Jersey_col_2/22/22,jhu_csv_observed_v1,2022-02-22,cumulative_deaths,109,deaths,reported,
1.0,jhu_csse_confirmed_global_csv,e6234a59eec4359d2577358b5220e1a7e3da74c162913cdb7d882db1413f98c2,,2020-01-22/2023-03-09,observed,csv_row_Jersey_col_2/23/22,jhu_csv_observed_v1,2022-02-23,cumulative_confirmed_cases,36233,cases,reported,
1.0,jhu_csse_deaths_global_csv,4e87757a3e059c45650a1e1856614f8e339ee3c70653c378a7ba6f7b0ee8c72e,,2020-01-22/2023-03-09,observed,csv_row_Jersey_col_2/23/22,jhu_csv_observed_v1,2022-02-23,cumulative_deaths,110,deaths,reported,
1.0,jhu_csse_confirmed_global_csv,e6234a59eec4359d2577358b5220e1a7e3da74c162913cdb7d882db1413f98c2,,2020-01-22/2023-03-09,observed,csv_row_Jersey_col_2/24/22,jhu_csv_observed_v1,2022-02-24,cumulative_confirmed_cases,36420,cases,reported,
1.0,jhu_csse_deaths_global_csv,4e87757a3e059c45650a1e1856614f8e339ee3c70653c378a7ba6f7b0ee8c72e,,2020-01-22/2023-03-09,observed,csv_row_Jersey_col_2/24/22,jhu_csv_observed_v1,2022-02-24,cumulative_deaths,111,deaths,reported,
1.0,jhu_csse_confirmed_global_csv,e6234a59eec4359d2577358b5220e1a7e3da74c162913cdb7d882db1413f98c2,,2020-01-22/2023-03-09,observed,csv_row_Jersey_col_2/25/22,jhu_csv_observed_v1,2022-02-25,cumulative_confirmed_cases,36704,cases,reported,
1.0,jhu_csse_deaths_global_csv,4e87757a3e059c45650a1e1856614f8e339ee3c70653c378a7ba6f7b0ee8c72e,,2020-01-22/2023-03-09,observed,csv_row_Jersey_col_2/25/22,jhu_csv_observed_v1,2022-02-25,cumulative_deaths,112,deaths,reported,
1.0,jhu_csse_confirmed_global_csv,e6234a59eec4359d2577358b5220e1a7e3da74c162913cdb7d882db1413f98c2,,2020-01-22/2023-03-09,observed,csv_row_Jersey_col_2/26/22,jhu_csv_observed_v1,2022-02-26,cumulative_confirmed_cases,36704,cases,reported,
1.0,jhu_csse_deaths_global_csv,4e87757a3e059c45650a1e1856614f8e339ee3c70653c378a7ba6f7b0ee8c72e,,2020-01-22/2023-03-09,observed,csv_row_Jersey_col_2/26/22,jhu_csv_observed_v1,2022-02-26,cumulative_deaths,112,deaths,reported,
1.0,jhu_csse_confirmed_global_csv,e6234a59eec4359d2577358b5220e1a7e3da74c162913cdb7d882db1413f98c2,,2020-01-22/2023-03-09,observed,csv_row_Jersey_col_2/27/22,jhu_csv_observed_v1,2022-02-27,cumulative_confirmed_cases,36704,cases,reported,
1.0,jhu_csse_deaths_global_csv,4e87757a3e059c45650a1e1856614f8e339ee3c70653c378a7ba6f7b0ee8c72e,,2020-01-22/2023-03-09,observed,csv_row_Jersey_col_2/27/22,jhu_csv_observed_v1,2022-02-27,cumulative_deaths,112,deaths,reported,
1.0,jhu_csse_confirmed_global_csv,e6234a59eec4359d2577358b5220e1a7e3da74c162913cdb7d882db1413f98c2,,2020-01-22/2023-03-09,observed,csv_row_Jersey_col_2/28/22,jhu_csv_observed_v1,2022-02-28,cumulative_confirmed_cases,36881,cases,reported,
1.0,jhu_csse_deaths_global_csv,4e87757a3e059c45650a1e1856614f8e339ee3c70653c378a7ba6f7b0ee8c72e,,2020-01-22/2023-03-09,observed,csv_row_Jersey_col_2/28/22,jhu_csv_observed_v1,2022-02-28,cumulative_deaths,112,deaths,reported,
1.0,jhu_csse_confirmed_global_csv,e6234a59eec4359d2577358b5220e1a7e3da74c162913cdb7d882db1413f98c2,,2020-01-22/2023-03-09,observed,csv_row_Jersey_col_3/1/22,jhu_csv_observed_v1,2022-03-01,cumulative_confirmed_cases,37499,cases,reported,
1.0,jhu_csse_deaths_global_csv,4e87757a3e059c45650a1e1856614f8e339ee3c70653c378a7ba6f7b0ee8c72e,,2020-01-22/2023-03-09,observed,csv_row_Jersey_col_3/1/22,jhu_csv_observed_v1,2022-03-01,cumulative_deaths,112,deaths,reported,
1.0,jhu_csse_confirmed_global_csv,e6234a59eec4359d2577358b5220e1a7e3da74c162913cdb7d882db1413f98c2,,2020-01-22/2023-03-09,observed,csv_row_Jersey_col_3/2/22,jhu_csv_observed_v1,2022-03-02,cumulative_confirmed_cases,37851,cases,reported,
1.0,jhu_csse_deaths_global_csv,4e87757a3e059c45650a1e1856614f8e339ee3c70653c378a7ba6f7b0ee8c72e,,2020-01-22/2023-03-09,observed,csv_row_Jersey_col_3/2/22,jhu_csv_observed_v1,2022-03-02,cumulative_deaths,113,deaths,reported,
1.0,jhu_csse_confirmed_global_csv,e6234a59eec4359d2577358b5220e1a7e3da74c162913cdb7d882db1413f98c2,,2020-01-22/2023-03-09,observed,csv_row_Jersey_col_3/3/22,jhu_csv_observed_v1,2022-03-03,cumulative_confirmed_cases,38159,cases,reported,
1.0,jhu_csse_deaths_global_csv,4e87757a3e059c45650a1e1856614f8e339ee3c70653c378a7ba6f7b0ee8c72e,,2020-01-22/2023-03-09,observed,csv_row_Jersey_col_3/3/22,jhu_csv_observed_v1,2022-03-03,cumulative_deaths,113,deaths,reported,
1.0,jhu_csse_confirmed_global_csv,e6234a59eec4359d2577358b5220e1a7e3da74c162913cdb7d882db1413f98c2,,2020-01-22/2023-03-09,observed,csv_row_Jersey_col_3/4/22,jhu_csv_observed_v1,2022-03-04,cumulative_confirmed_cases,38480,cases,reported,
1.0,jhu_csse_deaths_global_csv,4e87757a3e059c45650a1e1856614f8e339ee3c70653c378a7ba6f7b0ee8c72e,,2020-01-22/2023-03-09,observed,csv_row_Jersey_col_3/4/22,jhu_csv_observed_v1,2022-03-04,cumulative_deaths,113,deaths,reported,
1.0,jhu_csse_confirmed_global_csv,e6234a59eec4359d2577358b5220e1a7e3da74c162913cdb7d882db1413f98c2,,2020-01-22/2023-03-09,observed,csv_row_Jersey_col_3/5/22,jhu_csv_observed_v1,2022-03-05,cumulative_confirmed_cases,38480,cases,reported,
1.0,jhu_csse_deaths_global_csv,4e87757a3e059c45650a1e1856614f8e339ee3c70653c378a7ba6f7b0ee8c72e,,2020-01-22/2023-03-09,observed,csv_row_Jersey_col_3/5/22,jhu_csv_observed_v1,2022-03-05,cumulative_deaths,113,deaths,reported,
1.0,jhu_csse_confirmed_global_csv,e6234a59eec4359d2577358b5220e1a7e3da74c162913cdb7d882db1413f98c2,,2020-01-22/2023-03-09,observed,csv_row_Jersey_col_3/6/22,jhu_csv_observed_v1,2022-03-06,cumulative_confirmed_cases,38480,cases,reported,
1.0,jhu_csse_deaths_global_csv,4e87757a3e059c45650a1e1856614f8e339ee3c70653c378a7ba6f7b0ee8c72e,,2020-01-22/2023-03-09,observed,csv_row_Jersey_col_3/6/22,jhu_csv_observed_v1,2022-03-06,cumulative_deaths,113,deaths,reported,
1.0,jhu_csse_confirmed_global_csv,e6234a59eec4359d2577358b5220e1a7e3da74c162913cdb7d882db1413f98c2,,2020-01-22/2023-03-09,observed,csv_row_Jersey_col_3/7/22,jhu_csv_observed_v1,2022-03-07,cumulative_confirmed_cases,38796,cases,reported,
1.0,jhu_csse_deaths_global_csv,4e87757a3e059c45650a1e1856614f8e339ee3c70653c378a7ba6f7b0ee8c72e,,2020-01-22/2023-03-09,observed,csv_row_Jersey_col_3/7/22,jhu_csv_observed_v1,2022-03-07,cumulative_deaths,114,deaths,reported,
1.0,jhu_csse_confirmed_global_csv,e6234a59eec4359d2577358b5220e1a7e3da74c162913cdb7d882db1413f98c2,,2020-01-22/2023-03-09,observed,csv_row_Jersey_col_3/8/22,jhu_csv_observed_v1,2022-03-08,cumulative_confirmed_cases,39490,cases,reported,
1.0,jhu_csse_deaths_global_csv,4e87757a3e059c45650a1e1856614f8e339ee3c70653c378a7ba6f7b0ee8c72e,,2020-01-22/2023-03-09,observed,csv_row_Jersey_col_3/8/22,jhu_csv_observed_v1,2022-03-08,cumulative_deaths,115,deaths,reported,
1.0,jhu_csse_confirmed_global_csv,e6234a59eec4359d2577358b5220e1a7e3da74c162913cdb7d882db1413f98c2,,2020-01-22/2023-03-09,observed,csv_row_Jersey_col_3/9/22,jhu_csv_observed_v1,2022-03-09,cumulative_confirmed_cases,39802,cases,reported,
1.0,jhu_csse_deaths_global_csv,4e87757a3e059c45650a1e1856614f8e339ee3c70653c378a7ba6f7b0ee8c72e,,2020-01-22/2023-03-09,observed,csv_row_Jersey_col_3/9/22,jhu_csv_observed_v1,2022-03-09,cumulative_deaths,115,deaths,reported,
1.0,jhu_csse_confirmed_global_csv,e6234a59eec4359d2577358b5220e1a7e3da74c162913cdb7d882db1413f98c2,,2020-01-22/2023-03-09,observed,csv_row_Jersey_col_3/10/22,jhu_csv_observed_v1,2022-03-10,cumulative_confirmed_cases,40111,cases,reported,
1.0,jhu_csse_deaths_global_csv,4e87757a3e059c45650a1e1856614f8e339ee3c70653c378a7ba6f7b0ee8c72e,,2020-01-22/2023-03-09,observed,csv_row_Jersey_col_3/10/22,jhu_csv_observed_v1,2022-03-10,cumulative_deaths,115,deaths,reported,
1.0,jhu_csse_confirmed_global_csv,e6234a59eec4359d2577358b5220e1a7e3da74c162913cdb7d882db1413f98c2,,2020-01-22/2023-03-09,observed,csv_row_Jersey_col_3/11/22,jhu_csv_observed_v1,2022-03-11,cumulative_confirmed_cases,40460,cases,reported,
1.0,jhu_csse_deaths_global_csv,4e87757a3e059c45650a1e1856614f8e339ee3c70653c378a7ba6f7b0ee8c72e,,2020-01-22/2023-03-09,observed,csv_row_Jersey_col_3/11/22,jhu_csv_observed_v1,2022-03-11,cumulative_deaths,115,deaths,reported,
1.0,jhu_csse_confirmed_global_csv,e6234a59eec4359d2577358b5220e1a7e3da74c162913cdb7d882db1413f98c2,,2020-01-22/2023-03-09,observed,csv_row_Jersey_col_3/12/22,jhu_csv_observed_v1,2022-03-12,cumulative_confirmed_cases,40460,cases,reported,
1.0,jhu_csse_deaths_global_csv,4e87757a3e059c45650a1e1856614f8e339ee3c70653c378a7ba6f7b0ee8c72e,,2020-01-22/2023-03-09,observed,csv_row_Jersey_col_3/12/22,jhu_csv_observed_v1,2022-03-12,cumulative_deaths,115,deaths,reported,
1.0,jhu_csse_confirmed_global_csv,e6234a59eec4359d2577358b5220e1a7e3da74c162913cdb7d882db1413f98c2,,2020-01-22/2023-03-09,observed,csv_row_Jersey_col_3/13/22,jhu_csv_observed_v1,2022-03-13,cumulative_confirmed_cases,40460,cases,reported,
1.0,jhu_csse_deaths_global_csv,4e87757a3e059c45650a1e1856614f8e339ee3c70653c378a7ba6f7b0ee8c72e,,2020-01-22/2023-03-09,observed,csv_row_Jersey_col_3/13/22,jhu_csv_observed_v1,2022-03-13,cumulative_deaths,115,deaths,reported,
1.0,jhu_csse_confirmed_global_csv,e6234a59eec4359d2577358b5220e1a7e3da74c162913cdb7d882db1413f98c2,,2020-01-22/2023-03-09,observed,csv_row_Jersey_col_3/14/22,jhu_csv_observed_v1,2022-03-14,cumulative_confirmed_cases,40807,cases,reported,
1.0,jhu_csse_deaths_global_csv,4e87757a3e059c45650a1e1856614f8e339ee3c70653c378a7ba6f7b0ee8c72e,,2020-01-22/2023-03-09,observed,csv_row_Jersey_col_3/14/22,jhu_csv_observed_v1,2022-03-14,cumulative_deaths,116,deaths,reported,
1.0,jhu_csse_confirmed_global_csv,e6234a59eec4359d2577358b5220e1a7e3da74c162913cdb7d882db1413f98c2,,2020-01-22/2023-03-09,observed,csv_row_Jersey_col_3/15/22,jhu_csv_observed_v1,2022-03-15,cumulative_confirmed_cases,41635,cases,reported,
1.0,jhu_csse_deaths_global_csv,4e87757a3e059c45650a1e1856614f8e339ee3c70653c378a7ba6f7b0ee8c72e,,2020-01-22/2023-03-09,observed,csv_row_Jersey_col_3/15/22,jhu_csv_observed_v1,2022-03-15,cumulative_deaths,116,deaths,reported,
1.0,jhu_csse_confirmed_global_csv,e6234a59eec4359d2577358b5220e1a7e3da74c162913cdb7d882db1413f98c2,,2020-01-22/2023-03-09,observed,csv_row_Jersey_col_3/16/22,jhu_csv_observed_v1,2022-03-16,cumulative_confirmed_cases,42018,cases,reported,
1.0,jhu_csse_deaths_global_csv,4e87757a3e059c45650a1e1856614f8e339ee3c70653c378a7ba6f7b0ee8c72e,,2020-01-22/2023-03-09,observed,csv_row_Jersey_col_3/16/22,jhu_csv_observed_v1,2022-03-16,cumulative_deaths,116,deaths,reported,
1.0,jhu_csse_confirmed_global_csv,e6234a59eec4359d2577358b5220e1a7e3da74c162913cdb7d882db1413f98c2,,2020-01-22/2023-03-09,observed,csv_row_Jersey_col_3/17/22,jhu_csv_observed_v1,2022-03-17,cumulative_confirmed_cases,42361,cases,reported,
1.0,jhu_csse_deaths_global_csv,4e87757a3e059c45650a1e1856614f8e339ee3c70653c378a7ba6f7b0ee8c72e,,2020-01-22/2023-03-09,observed,csv_row_Jersey_col_3/17/22,jhu_csv_observed_v1,2022-03-17,cumulative_deaths,116,deaths,reported,
1.0,jhu_csse_confirmed_global_csv,e6234a59eec4359d2577358b5220e1a7e3da74c162913cdb7d882db1413f98c2,,2020-01-22/2023-03-09,observed,csv_row_Jersey_col_3/18/22,jhu_csv_observed_v1,2022-03-18,cumulative_confirmed_cases,42675,cases,reported,
1.0,jhu_csse_deaths_global_csv,4e87757a3e059c45650a1e1856614f8e339ee3c70653c378a7ba6f7b0ee8c72e,,2020-01-22/2023-03-09,observed,csv_row_Jersey_col_3/18/22,jhu_csv_observed_v1,2022-03-18,cumulative_deaths,116,deaths,reported,
1.0,jhu_csse_confirmed_global_csv,e6234a59eec4359d2577358b5220e1a7e3da74c162913cdb7d882db1413f98c2,,2020-01-22/2023-03-09,observed,csv_row_Jersey_col_3/19/22,jhu_csv_observed_v1,2022-03-19,cumulative_confirmed_cases,42675,cases,reported,
1.0,jhu_csse_deaths_global_csv,4e87757a3e059c45650a1e1856614f8e339ee3c70653c378a7ba6f7b0ee8c72e,,2020-01-22/2023-03-09,observed,csv_row_Jersey_col_3/19/22,jhu_csv_observed_v1,2022-03-19,cumulative_deaths,116,deaths,reported,
1.0,jhu_csse_confirmed_global_csv,e6234a59eec4359d2577358b5220e1a7e3da74c162913cdb7d882db1413f98c2,,2020-01-22/2023-03-09,observed,csv_row_Jersey_col_3/20/22,jhu_csv_observed_v1,2022-03-20,cumulative_confirmed_cases,42675,cases,reported,
1.0,jhu_csse_deaths_global_csv,4e87757a3e059c45650a1e1856614f8e339ee3c70653c378a7ba6f7b0ee8c72e,,2020-01-22/2023-03-09,observed,csv_row_Jersey_col_3/20/22,jhu_csv_observed_v1,2022-03-20,cumulative_deaths,116,deaths,reported,
1.0,jhu_csse_confirmed_global_csv,e6234a59eec4359d2577358b5220e1a7e3da74c162913cdb7d882db1413f98c2,,2020-01-22/2023-03-09,observed,csv_row_Jersey_col_3/21/22,jhu_csv_observed_v1,2022-03-21,cumulative_confirmed_cases,42995,cases,reported,
1.0,jhu_csse_deaths_global_csv,4e87757a3e059c45650a1e1856614f8e339ee3c70653c378a7ba6f7b0ee8c72e,,2020-01-22/2023-03-09,observed,csv_row_Jersey_col_3/21/22,jhu_csv_observed_v1,2022-03-21,cumulative_deaths,116,deaths,reported,
1.0,jhu_csse_confirmed_global_csv,e6234a59eec4359d2577358b5220e1a7e3da74c162913cdb7d882db1413f98c2,,2020-01-22/2023-03-09,observed,csv_row_Jersey_col_3/22/22,jhu_csv_observed_v1,2022-03-22,cumulative_confirmed_cases,43796,cases,reported,
1.0,jhu_csse_deaths_global_csv,4e87757a3e059c45650a1e1856614f8e339ee3c70653c378a7ba6f7b0ee8c72e,,2020-01-22/2023-03-09,observed,csv_row_Jersey_col_3/22/22,jhu_csv_observed_v1,2022-03-22,cumulative_deaths,116,deaths,reported,
1.0,jhu_csse_confirmed_global_csv,e6234a59eec4359d2577358b5220e1a7e3da74c162913cdb7d882db1413f98c2,,2020-01-22/2023-03-09,observed,csv_row_Jersey_col_3/23/22,jhu_csv_observed_v1,2022-03-23,cumulative_confirmed_cases,44199,cases,reported,
1.0,jhu_csse_deaths_global_csv,4e87757a3e059c45650a1e1856614f8e339ee3c70653c378a7ba6f7b0ee8c72e,,2020-01-22/2023-03-09,observed,csv_row_Jersey_col_3/23/22,jhu_csv_observed_v1,2022-03-23,cumulative_deaths,118,deaths,reported,
1.0,jhu_csse_confirmed_global_csv,e6234a59eec4359d2577358b5220e1a7e3da74c162913cdb7d882db1413f98c2,,2020-01-22/2023-03-09,observed,csv_row_Jersey_col_3/24/22,jhu_csv_observed_v1,2022-03-24,cumulative_confirmed_cases,44492,cases,reported,
1.0,jhu_csse_deaths_global_csv,4e87757a3e059c45650a1e1856614f8e339ee3c70653c378a7ba6f7b0ee8c72e,,2020-01-22/2023-03-09,observed,csv_row_Jersey_col_3/24/22,jhu_csv_observed_v1,2022-03-24,cumulative_deaths,118,deaths,reported,
1.0,jhu_csse_confirmed_global_csv,e6234a59eec4359d2577358b5220e1a7e3da74c162913cdb7d882db1413f98c2,,2020-01-22/2023-03-09,observed,csv_row_Jersey_col_3/25/22,jhu_csv_observed_v1,2022-03-25,cumulative_confirmed_cases,44859,cases,reported,
1.0,jhu_csse_deaths_global_csv,4e87757a3e059c45650a1e1856614f8e339ee3c70653c378a7ba6f7b0ee8c72e,,2020-01-22/2023-03-09,observed,csv_row_Jersey_col_3/25/22,jhu_csv_observed_v1,2022-03-25,cumulative_deaths,118,deaths,reported,
1.0,jhu_csse_confirmed_global_csv,e6234a59eec4359d2577358b5220e1a7e3da74c162913cdb7d882db1413f98c2,,2020-01-22/2023-03-09,observed,csv_row_Jersey_col_3/26/22,jhu_csv_observed_v1,2022-03-26,cumulative_confirmed_cases,44859,cases,reported,
1.0,jhu_csse_deaths_global_csv,4e87757a3e059c45650a1e1856614f8e339ee3c70653c378a7ba6f7b0ee8c72e,,2020-01-22/2023-03-09,observed,csv_row_Jersey_col_3/26/22,jhu_csv_observed_v1,2022-03-26,cumulative_deaths,118,deaths,reported,
1.0,jhu_csse_confirmed_global_csv,e6234a59eec4359d2577358b5220e1a7e3da74c162913cdb7d882db1413f98c2,,2020-01-22/2023-03-09,observed,csv_row_Jersey_col_3/27/22,jhu_csv_observed_v1,2022-03-27,cumulative_confirmed_cases,44859,cases,reported,
1.0,jhu_csse_deaths_global_csv,4e87757a3e059c45650a1e1856614f8e339ee3c70653c378a7ba6f7b0ee8c72e,,2020-01-22/2023-03-09,observed,csv_row_Jersey_col_3/27/22,jhu_csv_observed_v1,2022-03-27,cumulative_deaths,118,deaths,reported,
1.0,jhu_csse_confirmed_global_csv,e6234a59eec4359d2577358b5220e1a7e3da74c162913cdb7d882db1413f98c2,,2020-01-22/2023-03-09,observed,csv_row_Jersey_col_3/28/22,jhu_csv_observed_v1,2022-03-28,cumulative_confirmed_cases,45146,cases,reported,
1.0,jhu_csse_deaths_global_csv,4e87757a3e059c45650a1e1856614f8e339ee3c70653c378a7ba6f7b0ee8c72e,,2020-01-22/2023-03-09,observed,csv_row_Jersey_col_3/28/22,jhu_csv_observed_v1,2022-03-28,cumulative_deaths,119,deaths,reported,
1.0,jhu_csse_confirmed_global_csv,e6234a59eec4359d2577358b5220e1a7e3da74c162913cdb7d882db1413f98c2,,2020-01-22/2023-03-09,observed,csv_row_Jersey_col_3/29/22,jhu_csv_observed_v1,2022-03-29,cumulative_confirmed_cases,45770,cases,reported,
1.0,jhu_csse_deaths_global_csv,4e87757a3e059c45650a1e1856614f8e339ee3c70653c378a7ba6f7b0ee8c72e,,2020-01-22/2023-03-09,observed,csv_row_Jersey_col_3/29/22,jhu_csv_observed_v1,2022-03-29,cumulative_deaths,120,deaths,reported,
1.0,jhu_csse_confirmed_global_csv,e6234a59eec4359d2577358b5220e1a7e3da74c162913cdb7d882db1413f98c2,,2020-01-22/2023-03-09,observed,csv_row_Jersey_col_3/30/22,jhu_csv_observed_v1,2022-03-30,cumulative_confirmed_cases,46108,cases,reported,
1.0,jhu_csse_deaths_global_csv,4e87757a3e059c45650a1e1856614f8e339ee3c70653c378a7ba6f7b0ee8c72e,,2020-01-22/2023-03-09,observed,csv_row_Jersey_col_3/30/22,jhu_csv_observed_v1,2022-03-30,cumulative_deaths,120,deaths,reported,
1.0,jhu_csse_confirmed_global_csv,e6234a59eec4359d2577358b5220e1a7e3da74c162913cdb7d882db1413f98c2,,2020-01-22/2023-03-09,observed,csv_row_Jersey_col_3/31/22,jhu_csv_observed_v1,2022-03-31,cumulative_confirmed_cases,46356,cases,reported,
1.0,jhu_csse_deaths_global_csv,4e87757a3e059c45650a1e1856614f8e339ee3c70653c378a7ba6f7b0ee8c72e,,2020-01-22/2023-03-09,observed,csv_row_Jersey_col_3/31/22,jhu_csv_observed_v1,2022-03-31,cumulative_deaths,120,deaths,reported,
1.0,jhu_csse_confirmed_global_csv,e6234a59eec4359d2577358b5220e1a7e3da74c162913cdb7d882db1413f98c2,,2020-01-22/2023-03-09,observed,csv_row_Jersey_col_4/1/22,jhu_csv_observed_v1,2022-04-01,cumulative_confirmed_cases,46596,cases,reported,
1.0,jhu_csse_deaths_global_csv,4e87757a3e059c45650a1e1856614f8e339ee3c70653c378a7ba6f7b0ee8c72e,,2020-01-22/2023-03-09,observed,csv_row_Jersey_col_4/1/22,jhu_csv_observed_v1,2022-04-01,cumulative_deaths,120,deaths,reported,
1.0,jhu_csse_confirmed_global_csv,e6234a59eec4359d2577358b5220e1a7e3da74c162913cdb7d882db1413f98c2,,2020-01-22/2023-03-09,observed,csv_row_Jersey_col_4/2/22,jhu_csv_observed_v1,2022-04-02,cumulative_confirmed_cases,46596,cases,reported,
1.0,jhu_csse_deaths_global_csv,4e87757a3e059c45650a1e1856614f8e339ee3c70653c378a7ba6f7b0ee8c72e,,2020-01-22/2023-03-09,observed,csv_row_Jersey_col_4/2/22,jhu_csv_observed_v1,2022-04-02,cumulative_deaths,120,deaths,reported,
1.0,jhu_csse_confirmed_global_csv,e6234a59eec4359d2577358b5220e1a7e3da74c162913cdb7d882db1413f98c2,,2020-01-22/2023-03-09,observed,csv_row_Jersey_col_4/3/22,jhu_csv_observed_v1,2022-04-03,cumulative_confirmed_cases,46596,cases,reported,
1.0,jhu_csse_deaths_global_csv,4e87757a3e059c45650a1e1856614f8e339ee3c70653c378a7ba6f7b0ee8c72e,,2020-01-22/2023-03-09,observed,csv_row_Jersey_col_4/3/22,jhu_csv_observed_v1,2022-04-03,cumulative_deaths,120,deaths,reported,
1.0,jhu_csse_confirmed_global_csv,e6234a59eec4359d2577358b5220e1a7e3da74c162913cdb7d882db1413f98c2,,2020-01-22/2023-03-09,observed,csv_row_Jersey_col_4/4/22,jhu_csv_observed_v1,2022-04-04,cumulative_confirmed_cases,46779,cases,reported,
1.0,jhu_csse_deaths_global_csv,4e87757a3e059c45650a1e1856614f8e339ee3c70653c378a7ba6f7b0ee8c72e,,2020-01-22/2023-03-09,observed,csv_row_Jersey_col_4/4/22,jhu_csv_observed_v1,2022-04-04,cumulative_deaths,120,deaths,reported,
1.0,jhu_csse_confirmed_global_csv,e6234a59eec4359d2577358b5220e1a7e3da74c162913cdb7d882db1413f98c2,,2020-01-22/2023-03-09,observed,csv_row_Jersey_col_4/5/22,jhu_csv_observed_v1,2022-04-05,cumulative_confirmed_cases,47156,cases,reported,
1.0,jhu_csse_deaths_global_csv,4e87757a3e059c45650a1e1856614f8e339ee3c70653c378a7ba6f7b0ee8c72e,,2020-01-22/2023-03-09,observed,csv_row_Jersey_col_4/5/22,jhu_csv_observed_v1,2022-04-05,cumulative_deaths,120,deaths,reported,
1.0,jhu_csse_confirmed_global_csv,e6234a59eec4359d2577358b5220e1a7e3da74c162913cdb7d882db1413f98c2,,2020-01-22/2023-03-09,observed,csv_row_Jersey_col_4/6/22,jhu_csv_observed_v1,2022-04-06,cumulative_confirmed_cases,47367,cases,reported,
1.0,jhu_csse_deaths_global_csv,4e87757a3e059c45650a1e1856614f8e339ee3c70653c378a7ba6f7b0ee8c72e,,2020-01-22/2023-03-09,observed,csv_row_Jersey_col_4/6/22,jhu_csv_observed_v1,2022-04-06,cumulative_deaths,120,deaths,reported,
1.0,jhu_csse_confirmed_global_csv,e6234a59eec4359d2577358b5220e1a7e3da74c162913cdb7d882db1413f98c2,,2020-01-22/2023-03-09,observed,csv_row_Jersey_col_4/7/22,jhu_csv_observed_v1,2022-04-07,cumulative_confirmed_cases,47561,cases,reported,
1.0,jhu_csse_deaths_global_csv,4e87757a3e059c45650a1e1856614f8e339ee3c70653c378a7ba6f7b0ee8c72e,,2020-01-22/2023-03-09,observed,csv_row_Jersey_col_4/7/22,jhu_csv_observed_v1,2022-04-07,cumulative_deaths,121,deaths,reported,
1.0,jhu_csse_confirmed_global_csv,e6234a59eec4359d2577358b5220e1a7e3da74c162913cdb7d882db1413f98c2,,2020-01-22/2023-03-09,observed,csv_row_Jersey_col_4/8/22,jhu_csv_observed_v1,2022-04-08,cumulative_confirmed_cases,47746,cases,reported,
1.0,jhu_csse_deaths_global_csv,4e87757a3e059c45650a1e1856614f8e339ee3c70653c378a7ba6f7b0ee8c72e,,2020-01-22/2023-03-09,observed,csv_row_Jersey_col_4/8/22,jhu_csv_observed_v1,2022-04-08,cumulative_deaths,121,deaths,reported,
1.0,jhu_csse_confirmed_global_csv,e6234a59eec4359d2577358b5220e1a7e3da74c162913cdb7d882db1413f98c2,,2020-01-22/2023-03-09,observed,csv_row_Jersey_col_4/9/22,jhu_csv_observed_v1,2022-04-09,cumulative_confirmed_cases,47746,cases,reported,
1.0,jhu_csse_deaths_global_csv,4e87757a3e059c45650a1e1856614f8e339ee3c70653c378a7ba6f7b0ee8c72e,,2020-01-22/2023-03-09,observed,csv_row_Jersey_col_4/9/22,jhu_csv_observed_v1,2022-04-09,cumulative_deaths,121,deaths,reported,
1.0,jhu_csse_confirmed_global_csv,e6234a59eec4359d2577358b5220e1a7e3da74c162913cdb7d882db1413f98c2,,2020-01-22/2023-03-09,observed,csv_row_Jersey_col_4/10/22,jhu_csv_observed_v1,2022-04-10,cumulative_confirmed_cases,47746,cases,reported,
1.0,jhu_csse_deaths_global_csv,4e87757a3e059c45650a1e1856614f8e339ee3c70653c378a7ba6f7b0ee8c72e,,2020-01-22/2023-03-09,observed,csv_row_Jersey_col_4/10/22,jhu_csv_observed_v1,2022-04-10,cumulative_deaths,121,deaths,reported,
1.0,jhu_csse_confirmed_global_csv,e6234a59eec4359d2577358b5220e1a7e3da74c162913cdb7d882db1413f98c2,,2020-01-22/2023-03-09,observed,csv_row_Jersey_col_4/11/22,jhu_csv_observed_v1,2022-04-11,cumulative_confirmed_cases,47881,cases,reported,
1.0,jhu_csse_deaths_global_csv,4e87757a3e059c45650a1e1856614f8e339ee3c70653c378a7ba6f7b0ee8c72e,,2020-01-22/2023-03-09,observed,csv_row_Jersey_col_4/11/22,jhu_csv_observed_v1,2022-04-11,cumulative_deaths,121,deaths,reported,
1.0,jhu_csse_confirmed_global_csv,e6234a59eec4359d2577358b5220e1a7e3da74c162913cdb7d882db1413f98c2,,2020-01-22/2023-03-09,observed,csv_row_Jersey_col_4/12/22,jhu_csv_observed_v1,2022-04-12,cumulative_confirmed_cases,48162,cases,reported,
1.0,jhu_csse_deaths_global_csv,4e87757a3e059c45650a1e1856614f8e339ee3c70653c378a7ba6f7b0ee8c72e,,2020-01-22/2023-03-09,observed,csv_row_Jersey_col_4/12/22,jhu_csv_observed_v1,2022-04-12,cumulative_deaths,121,deaths,reported,
1.0,jhu_csse_confirmed_global_csv,e6234a59eec4359d2577358b5220e1a7e3da74c162913cdb7d882db1413f98c2,,2020-01-22/2023-03-09,observed,csv_row_Jersey_col_4/13/22,jhu_csv_observed_v1,2022-04-13,cumulative_confirmed_cases,48305,cases,reported,
1.0,jhu_csse_deaths_global_csv,4e87757a3e059c45650a1e1856614f8e339ee3c70653c378a7ba6f7b0ee8c72e,,2020-01-22/2023-03-09,observed,csv_row_Jersey_col_4/13/22,jhu_csv_observed_v1,2022-04-13,cumulative_deaths,121,deaths,reported,
1.0,jhu_csse_confirmed_global_csv,e6234a59eec4359d2577358b5220e1a7e3da74c162913cdb7d882db1413f98c2,,2020-01-22/2023-03-09,observed,csv_row_Jersey_col_4/14/22,jhu_csv_observed_v1,2022-04-14,cumulative_confirmed_cases,48529,cases,reported,
1.0,jhu_csse_deaths_global_csv,4e87757a3e059c45650a1e1856614f8e339ee3c70653c378a7ba6f7b0ee8c72e,,2020-01-22/2023-03-09,observed,csv_row_Jersey_col_4/14/22,jhu_csv_observed_v1,2022-04-14,cumulative_deaths,121,deaths,reported,
1.0,jhu_csse_confirmed_global_csv,e6234a59eec4359d2577358b5220e1a7e3da74c162913cdb7d882db1413f98c2,,2020-01-22/2023-03-09,observed,csv_row_Jersey_col_4/15/22,jhu_csv_observed_v1,2022-04-15,cumulative_confirmed_cases,48529,cases,reported,
1.0,jhu_csse_deaths_global_csv,4e87757a3e059c45650a1e1856614f8e339ee3c70653c378a7ba6f7b0ee8c72e,,2020-01-22/2023-03-09,observed,csv_row_Jersey_col_4/15/22,jhu_csv_observed_v1,2022-04-15,cumulative_deaths,121,deaths,reported,
1.0,jhu_csse_confirmed_global_csv,e6234a59eec4359d2577358b5220e1a7e3da74c162913cdb7d882db1413f98c2,,2020-01-22/2023-03-09,observed,csv_row_Jersey_col_4/16/22,jhu_csv_observed_v1,2022-04-16,cumulative_confirmed_cases,48529,cases,reported,
1.0,jhu_csse_deaths_global_csv,4e87757a3e059c45650a1e1856614f8e339ee3c70653c378a7ba6f7b0ee8c72e,,2020-01-22/2023-03-09,observed,csv_row_Jersey_col_4/16/22,jhu_csv_observed_v1,2022-04-16,cumulative_deaths,121,deaths,reported,
1.0,jhu_csse_confirmed_global_csv,e6234a59eec4359d2577358b5220e1a7e3da74c162913cdb7d882db1413f98c2,,2020-01-22/2023-03-09,observed,csv_row_Jersey_col_4/17/22,jhu_csv_observed_v1,2022-04-17,cumulative_confirmed_cases,48529,cases,reported,
1.0,jhu_csse_deaths_global_csv,4e87757a3e059c45650a1e1856614f8e339ee3c70653c378a7ba6f7b0ee8c72e,,2020-01-22/2023-03-09,observed,csv_row_Jersey_col_4/17/22,jhu_csv_observed_v1,2022-04-17,cumulative_deaths,121,deaths,reported,
1.0,jhu_csse_confirmed_global_csv,e6234a59eec4359d2577358b5220e1a7e3da74c162913cdb7d882db1413f98c2,,2020-01-22/2023-03-09,observed,csv_row_Jersey_col_4/18/22,jhu_csv_observed_v1,2022-04-18,cumulative_confirmed_cases,48529,cases,reported,
1.0,jhu_csse_deaths_global_csv,4e87757a3e059c45650a1e1856614f8e339ee3c70653c378a7ba6f7b0ee8c72e,,2020-01-22/2023-03-09,observed,csv_row_Jersey_col_4/18/22,jhu_csv_observed_v1,2022-04-18,cumulative_deaths,121,deaths,reported,
1.0,jhu_csse_confirmed_global_csv,e6234a59eec4359d2577358b5220e1a7e3da74c162913cdb7d882db1413f98c2,,2020-01-22/2023-03-09,observed,csv_row_Jersey_col_4/19/22,jhu_csv_observed_v1,2022-04-19,cumulative_confirmed_cases,48644,cases,reported,
1.0,jhu_csse_deaths_global_csv,4e87757a3e059c45650a1e1856614f8e339ee3c70653c378a7ba6f7b0ee8c72e,,2020-01-22/2023-03-09,observed,csv_row_Jersey_col_4/19/22,jhu_csv_observed_v1,2022-04-19,cumulative_deaths,122,deaths,reported,
1.0,jhu_csse_confirmed_global_csv,e6234a59eec4359d2577358b5220e1a7e3da74c162913cdb7d882db1413f98c2,,2020-01-22/2023-03-09,observed,csv_row_Jersey_col_4/20/22,jhu_csv_observed_v1,2022-04-20,cumulative_confirmed_cases,49103,cases,reported,
1.0,jhu_csse_deaths_global_csv,4e87757a3e059c45650a1e1856614f8e339ee3c70653c378a7ba6f7b0ee8c72e,,2020-01-22/2023-03-09,observed,csv_row_Jersey_col_4/20/22,jhu_csv_observed_v1,2022-04-20,cumulative_deaths,122,deaths,reported,
1.0,jhu_csse_confirmed_global_csv,e6234a59eec4359d2577358b5220e1a7e3da74c162913cdb7d882db1413f98c2,,2020-01-22/2023-03-09,observed,csv_row_Jersey_col_4/21/22,jhu_csv_observed_v1,2022-04-21,cumulative_confirmed_cases,49228,cases,reported,
1.0,jhu_csse_deaths_global_csv,4e87757a3e059c45650a1e1856614f8e339ee3c70653c378a7ba6f7b0ee8c72e,,2020-01-22/2023-03-09,observed,csv_row_Jersey_col_4/21/22,jhu_csv_observed_v1,2022-04-21,cumulative_deaths,123,deaths,reported,
1.0,jhu_csse_confirmed_global_csv,e6234a59eec4359d2577358b5220e1a7e3da74c162913cdb7d882db1413f98c2,,2020-01-22/2023-03-09,observed,csv_row_Jersey_col_4/22/22,jhu_csv_observed_v1,2022-04-22,cumulative_confirmed_cases,49322,cases,reported,
1.0,jhu_csse_deaths_global_csv,4e87757a3e059c45650a1e1856614f8e339ee3c70653c378a7ba6f7b0ee8c72e,,2020-01-22/2023-03-09,observed,csv_row_Jersey_col_4/22/22,jhu_csv_observed_v1,2022-04-22,cumulative_deaths,123,deaths,reported,
1.0,jhu_csse_confirmed_global_csv,e6234a59eec4359d2577358b5220e1a7e3da74c162913cdb7d882db1413f98c2,,2020-01-22/2023-03-09,observed,csv_row_Jersey_col_4/23/22,jhu_csv_observed_v1,2022-04-23,cumulative_confirmed_cases,49322,cases,reported,
1.0,jhu_csse_deaths_global_csv,4e87757a3e059c45650a1e1856614f8e339ee3c70653c378a7ba6f7b0ee8c72e,,2020-01-22/2023-03-09,observed,csv_row_Jersey_col_4/23/22,jhu_csv_observed_v1,2022-04-23,cumulative_deaths,123,deaths,reported,
1.0,jhu_csse_confirmed_global_csv,e6234a59eec4359d2577358b5220e1a7e3da74c162913cdb7d882db1413f98c2,,2020-01-22/2023-03-09,observed,csv_row_Jersey_col_4/24/22,jhu_csv_observed_v1,2022-04-24,cumulative_confirmed_cases,49322,cases,reported,
1.0,jhu_csse_deaths_global_csv,4e87757a3e059c45650a1e1856614f8e339ee3c70653c378a7ba6f7b0ee8c72e,,2020-01-22/2023-03-09,observed,csv_row_Jersey_col_4/24/22,jhu_csv_observed_v1,2022-04-24,cumulative_deaths,123,deaths,reported,
1.0,jhu_csse_confirmed_global_csv,e6234a59eec4359d2577358b5220e1a7e3da74c162913cdb7d882db1413f98c2,,2020-01-22/2023-03-09,observed,csv_row_Jersey_col_4/25/22,jhu_csv_observed_v1,2022-04-25,cumulative_confirmed_cases,49408,cases,reported,
1.0,jhu_csse_deaths_global_csv,4e87757a3e059c45650a1e1856614f8e339ee3c70653c378a7ba6f7b0ee8c72e,,2020-01-22/2023-03-09,observed,csv_row_Jersey_col_4/25/22,jhu_csv_observed_v1,2022-04-25,cumulative_deaths,123,deaths,reported,
1.0,jhu_csse_confirmed_global_csv,e6234a59eec4359d2577358b5220e1a7e3da74c162913cdb7d882db1413f98c2,,2020-01-22/2023-03-09,observed,csv_row_Jersey_col_4/26/22,jhu_csv_observed_v1,2022-04-26,cumulative_confirmed_cases,49575,cases,reported,
1.0,jhu_csse_deaths_global_csv,4e87757a3e059c45650a1e1856614f8e339ee3c70653c378a7ba6f7b0ee8c72e,,2020-01-22/2023-03-09,observed,csv_row_Jersey_col_4/26/22,jhu_csv_observed_v1,2022-04-26,cumulative_deaths,124,deaths,reported,
1.0,jhu_csse_confirmed_global_csv,e6234a59eec4359d2577358b5220e1a7e3da74c162913cdb7d882db1413f98c2,,2020-01-22/2023-03-09,observed,csv_row_Jersey_col_4/27/22,jhu_csv_observed_v1,2022-04-27,cumulative_confirmed_cases,49656,cases,reported,
1.0,jhu_csse_deaths_global_csv,4e87757a3e059c45650a1e1856614f8e339ee3c70653c378a7ba6f7b0ee8c72e,,2020-01-22/2023-03-09,observed,csv_row_Jersey_col_4/27/22,jhu_csv_observed_v1,2022-04-27,cumulative_deaths,124,deaths,reported,
1.0,jhu_csse_confirmed_global_csv,e6234a59eec4359d2577358b5220e1a7e3da74c162913cdb7d882db1413f98c2,,2020-01-22/2023-03-09,observed,csv_row_Jersey_col_4/28/22,jhu_csv_observed_v1,2022-04-28,cumulative_confirmed_cases,49717,cases,reported,
1.0,jhu_csse_deaths_global_csv,4e87757a3e059c45650a1e1856614f8e339ee3c70653c378a7ba6f7b0ee8c72e,,2020-01-22/2023-03-09,observed,csv_row_Jersey_col_4/28/22,jhu_csv_observed_v1,2022-04-28,cumulative_deaths,124,deaths,reported,
1.0,jhu_csse_confirmed_global_csv,e6234a59eec4359d2577358b5220e1a7e3da74c162913cdb7d882db1413f98c2,,2020-01-22/2023-03-09,observed,csv_row_Jersey_col_4/29/22,jhu_csv_observed_v1,2022-04-29,cumulative_confirmed_cases,49778,cases,reported,
1.0,jhu_csse_deaths_global_csv,4e87757a3e059c45650a1e1856614f8e339ee3c70653c378a7ba6f7b0ee8c72e,,2020-01-22/2023-03-09,observed,csv_row_Jersey_col_4/29/22,jhu_csv_observed_v1,2022-04-29,cumulative_deaths,126,deaths,reported,
1.0,jhu_csse_confirmed_global_csv,e6234a59eec4359d2577358b5220e1a7e3da74c162913cdb7d882db1413f98c2,,2020-01-22/2023-03-09,observed,csv_row_Jersey_col_4/30/22,jhu_csv_observed_v1,2022-04-30,cumulative_confirmed_cases,49778,cases,reported,
1.0,jhu_csse_deaths_global_csv,4e87757a3e059c45650a1e1856614f8e339ee3c70653c378a7ba6f7b0ee8c72e,,2020-01-22/2023-03-09,observed,csv_row_Jersey_col_4/30/22,jhu_csv_observed_v1,2022-04-30,cumulative_deaths,126,deaths,reported,
1.0,jhu_csse_confirmed_global_csv,e6234a59eec4359d2577358b5220e1a7e3da74c162913cdb7d882db1413f98c2,,2020-01-22/2023-03-09,observed,csv_row_Jersey_col_5/1/22,jhu_csv_observed_v1,2022-05-01,cumulative_confirmed_cases,49778,cases,reported,
1.0,jhu_csse_deaths_global_csv,4e87757a3e059c45650a1e1856614f8e339ee3c70653c378a7ba6f7b0ee8c72e,,2020-01-22/2023-03-09,observed,csv_row_Jersey_col_5/1/22,jhu_csv_observed_v1,2022-05-01,cumulative_deaths,126,deaths,reported,
1.0,jhu_csse_confirmed_global_csv,e6234a59eec4359d2577358b5220e1a7e3da74c162913cdb7d882db1413f98c2,,2020-01-22/2023-03-09,observed,csv_row_Jersey_col_5/2/22,jhu_csv_observed_v1,2022-05-02,cumulative_confirmed_cases,49810,cases,reported,
1.0,jhu_csse_deaths_global_csv,4e87757a3e059c45650a1e1856614f8e339ee3c70653c378a7ba6f7b0ee8c72e,,2020-01-22/2023-03-09,observed,csv_row_Jersey_col_5/2/22,jhu_csv_observed_v1,2022-05-02,cumulative_deaths,126,deaths,reported,
1.0,jhu_csse_confirmed_global_csv,e6234a59eec4359d2577358b5220e1a7e3da74c162913cdb7d882db1413f98c2,,2020-01-22/2023-03-09,observed,csv_row_Jersey_col_5/3/22,jhu_csv_observed_v1,2022-05-03,cumulative_confirmed_cases,49810,cases,reported,
1.0,jhu_csse_deaths_global_csv,4e87757a3e059c45650a1e1856614f8e339ee3c70653c378a7ba6f7b0ee8c72e,,2020-01-22/2023-03-09,observed,csv_row_Jersey_col_5/3/22,jhu_csv_observed_v1,2022-05-03,cumulative_deaths,126,deaths,reported,
1.0,jhu_csse_confirmed_global_csv,e6234a59eec4359d2577358b5220e1a7e3da74c162913cdb7d882db1413f98c2,,2020-01-22/2023-03-09,observed,csv_row_Jersey_col_5/4/22,jhu_csv_observed_v1,2022-05-04,cumulative_confirmed_cases,49810,cases,reported,
1.0,jhu_csse_deaths_global_csv,4e87757a3e059c45650a1e1856614f8e339ee3c70653c378a7ba6f7b0ee8c72e,,2020-01-22/2023-03-09,observed,csv_row_Jersey_col_5/4/22,jhu_csv_observed_v1,2022-05-04,cumulative_deaths,126,deaths,reported,
1.0,jhu_csse_confirmed_global_csv,e6234a59eec4359d2577358b5220e1a7e3da74c162913cdb7d882db1413f98c2,,2020-01-22/2023-03-09,observed,csv_row_Jersey_col_5/5/22,jhu_csv_observed_v1,2022-05-05,cumulative_confirmed_cases,49810,cases,reported,
1.0,jhu_csse_deaths_global_csv,4e87757a3e059c45650a1e1856614f8e339ee3c70653c378a7ba6f7b0ee8c72e,,2020-01-22/2023-03-09,observed,csv_row_Jersey_col_5/5/22,jhu_csv_observed_v1,2022-05-05,cumulative_deaths,126,deaths,reported,
1.0,jhu_csse_confirmed_global_csv,e6234a59eec4359d2577358b5220e1a7e3da74c162913cdb7d882db1413f98c2,,2020-01-22/2023-03-09,observed,csv_row_Jersey_col_5/6/22,jhu_csv_observed_v1,2022-05-06,cumulative_confirmed_cases,50033,cases,reported,
1.0,jhu_csse_deaths_global_csv,4e87757a3e059c45650a1e1856614f8e339ee3c70653c378a7ba6f7b0ee8c72e,,2020-01-22/2023-03-09,observed,csv_row_Jersey_col_5/6/22,jhu_csv_observed_v1,2022-05-06,cumulative_deaths,127,deaths,reported,
1.0,jhu_csse_confirmed_global_csv,e6234a59eec4359d2577358b5220e1a7e3da74c162913cdb7d882db1413f98c2,,2020-01-22/2023-03-09,observed,csv_row_Jersey_col_5/7/22,jhu_csv_observed_v1,2022-05-07,cumulative_confirmed_cases,50033,cases,reported,
1.0,jhu_csse_deaths_global_csv,4e87757a3e059c45650a1e1856614f8e339ee3c70653c378a7ba6f7b0ee8c72e,,2020-01-22/2023-03-09,observed,csv_row_Jersey_col_5/7/22,jhu_csv_observed_v1,2022-05-07,cumulative_deaths,127,deaths,reported,
1.0,jhu_csse_confirmed_global_csv,e6234a59eec4359d2577358b5220e1a7e3da74c162913cdb7d882db1413f98c2,,2020-01-22/2023-03-09,observed,csv_row_Jersey_col_5/8/22,jhu_csv_observed_v1,2022-05-08,cumulative_confirmed_cases,50033,cases,reported,
1.0,jhu_csse_deaths_global_csv,4e87757a3e059c45650a1e1856614f8e339ee3c70653c378a7ba6f7b0ee8c72e,,2020-01-22/2023-03-09,observed,csv_row_Jersey_col_5/8/22,jhu_csv_observed_v1,2022-05-08,cumulative_deaths,127,deaths,reported,
1.0,jhu_csse_confirmed_global_csv,e6234a59eec4359d2577358b5220e1a7e3da74c162913cdb7d882db1413f98c2,,2020-01-22/2023-03-09,observed,csv_row_Jersey_col_5/9/22,jhu_csv_observed_v1,2022-05-09,cumulative_confirmed_cases,50033,cases,reported,
1.0,jhu_csse_deaths_global_csv,4e87757a3e059c45650a1e1856614f8e339ee3c70653c378a7ba6f7b0ee8c72e,,2020-01-22/2023-03-09,observed,csv_row_Jersey_col_5/9/22,jhu_csv_observed_v1,2022-05-09,cumulative_deaths,127,deaths,reported,
1.0,jhu_csse_confirmed_global_csv,e6234a59eec4359d2577358b5220e1a7e3da74c162913cdb7d882db1413f98c2,,2020-01-22/2023-03-09,observed,csv_row_Jersey_col_5/10/22,jhu_csv_observed_v1,2022-05-10,cumulative_confirmed_cases,50033,cases,reported,
1.0,jhu_csse_deaths_global_csv,4e87757a3e059c45650a1e1856614f8e339ee3c70653c378a7ba6f7b0ee8c72e,,2020-01-22/2023-03-09,observed,csv_row_Jersey_col_5/10/22,jhu_csv_observed_v1,2022-05-10,cumulative_deaths,127,deaths,reported,
1.0,jhu_csse_confirmed_global_csv,e6234a59eec4359d2577358b5220e1a7e3da74c162913cdb7d882db1413f98c2,,2020-01-22/2023-03-09,observed,csv_row_Jersey_col_5/11/22,jhu_csv_observed_v1,2022-05-11,cumulative_confirmed_cases,50033,cases,reported,
1.0,jhu_csse_deaths_global_csv,4e87757a3e059c45650a1e1856614f8e339ee3c70653c378a7ba6f7b0ee8c72e,,2020-01-22/2023-03-09,observed,csv_row_Jersey_col_5/11/22,jhu_csv_observed_v1,2022-05-11,cumulative_deaths,127,deaths,reported,
1.0,jhu_csse_confirmed_global_csv,e6234a59eec4359d2577358b5220e1a7e3da74c162913cdb7d882db1413f98c2,,2020-01-22/2023-03-09,observed,csv_row_Jersey_col_5/12/22,jhu_csv_observed_v1,2022-05-12,cumulative_confirmed_cases,50033,cases,reported,
1.0,jhu_csse_deaths_global_csv,4e87757a3e059c45650a1e1856614f8e339ee3c70653c378a7ba6f7b0ee8c72e,,2020-01-22/2023-03-09,observed,csv_row_Jersey_col_5/12/22,jhu_csv_observed_v1,2022-05-12,cumulative_deaths,127,deaths,reported,
1.0,jhu_csse_confirmed_global_csv,e6234a59eec4359d2577358b5220e1a7e3da74c162913cdb7d882db1413f98c2,,2020-01-22/2023-03-09,observed,csv_row_Jersey_col_5/13/22,jhu_csv_observed_v1,2022-05-13,cumulative_confirmed_cases,50033,cases,reported,
1.0,jhu_csse_deaths_global_csv,4e87757a3e059c45650a1e1856614f8e339ee3c70653c378a7ba6f7b0ee8c72e,,2020-01-22/2023-03-09,observed,csv_row_Jersey_col_5/13/22,jhu_csv_observed_v1,2022-05-13,cumulative_deaths,127,deaths,reported,
1.0,jhu_csse_confirmed_global_csv,e6234a59eec4359d2577358b5220e1a7e3da74c162913cdb7d882db1413f98c2,,2020-01-22/2023-03-09,observed,csv_row_Jersey_col_5/14/22,jhu_csv_observed_v1,2022-05-14,cumulative_confirmed_cases,50033,cases,reported,
1.0,jhu_csse_deaths_global_csv,4e87757a3e059c45650a1e1856614f8e339ee3c70653c378a7ba6f7b0ee8c72e,,2020-01-22/2023-03-09,observed,csv_row_Jersey_col_5/14/22,jhu_csv_observed_v1,2022-05-14,cumulative_deaths,127,deaths,reported,
1.0,jhu_csse_confirmed_global_csv,e6234a59eec4359d2577358b5220e1a7e3da74c162913cdb7d882db1413f98c2,,2020-01-22/2023-03-09,observed,csv_row_Jersey_col_5/15/22,jhu_csv_observed_v1,2022-05-15,cumulative_confirmed_cases,50033,cases,reported,
1.0,jhu_csse_deaths_global_csv,4e87757a3e059c45650a1e1856614f8e339ee3c70653c378a7ba6f7b0ee8c72e,,2020-01-22/2023-03-09,observed,csv_row_Jersey_col_5/15/22,jhu_csv_observed_v1,2022-05-15,cumulative_deaths,127,deaths,reported,
1.0,jhu_csse_confirmed_global_csv,e6234a59eec4359d2577358b5220e1a7e3da74c162913cdb7d882db1413f98c2,,2020-01-22/2023-03-09,observed,csv_row_Jersey_col_5/16/22,jhu_csv_observed_v1,2022-05-16,cumulative_confirmed_cases,50233,cases,reported,
1.0,jhu_csse_deaths_global_csv,4e87757a3e059c45650a1e1856614f8e339ee3c70653c378a7ba6f7b0ee8c72e,,2020-01-22/2023-03-09,observed,csv_row_Jersey_col_5/16/22,jhu_csv_observed_v1,2022-05-16,cumulative_deaths,127,deaths,reported,
1.0,jhu_csse_confirmed_global_csv,e6234a59eec4359d2577358b5220e1a7e3da74c162913cdb7d882db1413f98c2,,2020-01-22/2023-03-09,observed,csv_row_Jersey_col_5/17/22,jhu_csv_observed_v1,2022-05-17,cumulative_confirmed_cases,50233,cases,reported,
1.0,jhu_csse_deaths_global_csv,4e87757a3e059c45650a1e1856614f8e339ee3c70653c378a7ba6f7b0ee8c72e,,2020-01-22/2023-03-09,observed,csv_row_Jersey_col_5/17/22,jhu_csv_observed_v1,2022-05-17,cumulative_deaths,127,deaths,reported,
1.0,jhu_csse_confirmed_global_csv,e6234a59eec4359d2577358b5220e1a7e3da74c162913cdb7d882db1413f98c2,,2020-01-22/2023-03-09,observed,csv_row_Jersey_col_5/18/22,jhu_csv_observed_v1,2022-05-18,cumulative_confirmed_cases,50233,cases,reported,
1.0,jhu_csse_deaths_global_csv,4e87757a3e059c45650a1e1856614f8e339ee3c70653c378a7ba6f7b0ee8c72e,,2020-01-22/2023-03-09,observed,csv_row_Jersey_col_5/18/22,jhu_csv_observed_v1,2022-05-18,cumulative_deaths,127,deaths,reported,
1.0,jhu_csse_confirmed_global_csv,e6234a59eec4359d2577358b5220e1a7e3da74c162913cdb7d882db1413f98c2,,2020-01-22/2023-03-09,observed,csv_row_Jersey_col_5/19/22,jhu_csv_observed_v1,2022-05-19,cumulative_confirmed_cases,50233,cases,reported,
1.0,jhu_csse_deaths_global_csv,4e87757a3e059c45650a1e1856614f8e339ee3c70653c378a7ba6f7b0ee8c72e,,2020-01-22/2023-03-09,observed,csv_row_Jersey_col_5/19/22,jhu_csv_observed_v1,2022-05-19,cumulative_deaths,127,deaths,reported,
1.0,jhu_csse_confirmed_global_csv,e6234a59eec4359d2577358b5220e1a7e3da74c162913cdb7d882db1413f98c2,,2020-01-22/2023-03-09,observed,csv_row_Jersey_col_5/20/22,jhu_csv_observed_v1,2022-05-20,cumulative_confirmed_cases,50439,cases,reported,
1.0,jhu_csse_deaths_global_csv,4e87757a3e059c45650a1e1856614f8e339ee3c70653c378a7ba6f7b0ee8c72e,,2020-01-22/2023-03-09,observed,csv_row_Jersey_col_5/20/22,jhu_csv_observed_v1,2022-05-20,cumulative_deaths,129,deaths,reported,
1.0,jhu_csse_confirmed_global_csv,e6234a59eec4359d2577358b5220e1a7e3da74c162913cdb7d882db1413f98c2,,2020-01-22/2023-03-09,observed,csv_row_Jersey_col_5/21/22,jhu_csv_observed_v1,2022-05-21,cumulative_confirmed_cases,50439,cases,reported,
1.0,jhu_csse_deaths_global_csv,4e87757a3e059c45650a1e1856614f8e339ee3c70653c378a7ba6f7b0ee8c72e,,2020-01-22/2023-03-09,observed,csv_row_Jersey_col_5/21/22,jhu_csv_observed_v1,2022-05-21,cumulative_deaths,129,deaths,reported,
1.0,jhu_csse_confirmed_global_csv,e6234a59eec4359d2577358b5220e1a7e3da74c162913cdb7d882db1413f98c2,,2020-01-22/2023-03-09,observed,csv_row_Jersey_col_5/22/22,jhu_csv_observed_v1,2022-05-22,cumulative_confirmed_cases,50439,cases,reported,
1.0,jhu_csse_deaths_global_csv,4e87757a3e059c45650a1e1856614f8e339ee3c70653c378a7ba6f7b0ee8c72e,,2020-01-22/2023-03-09,observed,csv_row_Jersey_col_5/22/22,jhu_csv_observed_v1,2022-05-22,cumulative_deaths,129,deaths,reported,
1.0,jhu_csse_confirmed_global_csv,e6234a59eec4359d2577358b5220e1a7e3da74c162913cdb7d882db1413f98c2,,2020-01-22/2023-03-09,observed,csv_row_Jersey_col_5/23/22,jhu_csv_observed_v1,2022-05-23,cumulative_confirmed_cases,50439,cases,reported,
1.0,jhu_csse_deaths_global_csv,4e87757a3e059c45650a1e1856614f8e339ee3c70653c378a7ba6f7b0ee8c72e,,2020-01-22/2023-03-09,observed,csv_row_Jersey_col_5/23/22,jhu_csv_observed_v1,2022-05-23,cumulative_deaths,129,deaths,reported,
1.0,jhu_csse_confirmed_global_csv,e6234a59eec4359d2577358b5220e1a7e3da74c162913cdb7d882db1413f98c2,,2020-01-22/2023-03-09,observed,csv_row_Jersey_col_5/24/22,jhu_csv_observed_v1,2022-05-24,cumulative_confirmed_cases,50439,cases,reported,
1.0,jhu_csse_deaths_global_csv,4e87757a3e059c45650a1e1856614f8e339ee3c70653c378a7ba6f7b0ee8c72e,,2020-01-22/2023-03-09,observed,csv_row_Jersey_col_5/24/22,jhu_csv_observed_v1,2022-05-24,cumulative_deaths,129,deaths,reported,
1.0,jhu_csse_confirmed_global_csv,e6234a59eec4359d2577358b5220e1a7e3da74c162913cdb7d882db1413f98c2,,2020-01-22/2023-03-09,observed,csv_row_Jersey_col_5/25/22,jhu_csv_observed_v1,2022-05-25,cumulative_confirmed_cases,50439,cases,reported,
1.0,jhu_csse_deaths_global_csv,4e87757a3e059c45650a1e1856614f8e339ee3c70653c378a7ba6f7b0ee8c72e,,2020-01-22/2023-03-09,observed,csv_row_Jersey_col_5/25/22,jhu_csv_observed_v1,2022-05-25,cumulative_deaths,129,deaths,reported,
1.0,jhu_csse_confirmed_global_csv,e6234a59eec4359d2577358b5220e1a7e3da74c162913cdb7d882db1413f98c2,,2020-01-22/2023-03-09,observed,csv_row_Jersey_col_5/26/22,jhu_csv_observed_v1,2022-05-26,cumulative_confirmed_cases,50439,cases,reported,
1.0,jhu_csse_deaths_global_csv,4e87757a3e059c45650a1e1856614f8e339ee3c70653c378a7ba6f7b0ee8c72e,,2020-01-22/2023-03-09,observed,csv_row_Jersey_col_5/26/22,jhu_csv_observed_v1,2022-05-26,cumulative_deaths,129,deaths,reported,
1.0,jhu_csse_confirmed_global_csv,e6234a59eec4359d2577358b5220e1a7e3da74c162913cdb7d882db1413f98c2,,2020-01-22/2023-03-09,observed,csv_row_Jersey_col_5/27/22,jhu_csv_observed_v1,2022-05-27,cumulative_confirmed_cases,50611,cases,reported,
1.0,jhu_csse_deaths_global_csv,4e87757a3e059c45650a1e1856614f8e339ee3c70653c378a7ba6f7b0ee8c72e,,2020-01-22/2023-03-09,observed,csv_row_Jersey_col_5/27/22,jhu_csv_observed_v1,2022-05-27,cumulative_deaths,129,deaths,reported,
1.0,jhu_csse_confirmed_global_csv,e6234a59eec4359d2577358b5220e1a7e3da74c162913cdb7d882db1413f98c2,,2020-01-22/2023-03-09,observed,csv_row_Jersey_col_5/28/22,jhu_csv_observed_v1,2022-05-28,cumulative_confirmed_cases,50611,cases,reported,
1.0,jhu_csse_deaths_global_csv,4e87757a3e059c45650a1e1856614f8e339ee3c70653c378a7ba6f7b0ee8c72e,,2020-01-22/2023-03-09,observed,csv_row_Jersey_col_5/28/22,jhu_csv_observed_v1,2022-05-28,cumulative_deaths,129,deaths,reported,
1.0,jhu_csse_confirmed_global_csv,e6234a59eec4359d2577358b5220e1a7e3da74c162913cdb7d882db1413f98c2,,2020-01-22/2023-03-09,observed,csv_row_Jersey_col_5/29/22,jhu_csv_observed_v1,2022-05-29,cumulative_confirmed_cases,50611,cases,reported,
1.0,jhu_csse_deaths_global_csv,4e87757a3e059c45650a1e1856614f8e339ee3c70653c378a7ba6f7b0ee8c72e,,2020-01-22/2023-03-09,observed,csv_row_Jersey_col_5/29/22,jhu_csv_observed_v1,2022-05-29,cumulative_deaths,129,deaths,reported,
1.0,jhu_csse_confirmed_global_csv,e6234a59eec4359d2577358b5220e1a7e3da74c162913cdb7d882db1413f98c2,,2020-01-22/2023-03-09,observed,csv_row_Jersey_col_5/30/22,jhu_csv_observed_v1,2022-05-30,cumulative_confirmed_cases,50611,cases,reported,
1.0,jhu_csse_deaths_global_csv,4e87757a3e059c45650a1e1856614f8e339ee3c70653c378a7ba6f7b0ee8c72e,,2020-01-22/2023-03-09,observed,csv_row_Jersey_col_5/30/22,jhu_csv_observed_v1,2022-05-30,cumulative_deaths,129,deaths,reported,
1.0,jhu_csse_confirmed_global_csv,e6234a59eec4359d2577358b5220e1a7e3da74c162913cdb7d882db1413f98c2,,2020-01-22/2023-03-09,observed,csv_row_Jersey_col_5/31/22,jhu_csv_observed_v1,2022-05-31,cumulative_confirmed_cases,50611,cases,reported,
1.0,jhu_csse_deaths_global_csv,4e87757a3e059c45650a1e1856614f8e339ee3c70653c378a7ba6f7b0ee8c72e,,2020-01-22/2023-03-09,observed,csv_row_Jersey_col_5/31/22,jhu_csv_observed_v1,2022-05-31,cumulative_deaths,129,deaths,reported,
1.0,jhu_csse_confirmed_global_csv,e6234a59eec4359d2577358b5220e1a7e3da74c162913cdb7d882db1413f98c2,,2020-01-22/2023-03-09,observed,csv_row_Jersey_col_6/1/22,jhu_csv_observed_v1,2022-06-01,cumulative_confirmed_cases,50611,cases,reported,
1.0,jhu_csse_deaths_global_csv,4e87757a3e059c45650a1e1856614f8e339ee3c70653c378a7ba6f7b0ee8c72e,,2020-01-22/2023-03-09,observed,csv_row_Jersey_col_6/1/22,jhu_csv_observed_v1,2022-06-01,cumulative_deaths,129,deaths,reported,
1.0,jhu_csse_confirmed_global_csv,e6234a59eec4359d2577358b5220e1a7e3da74c162913cdb7d882db1413f98c2,,2020-01-22/2023-03-09,observed,csv_row_Jersey_col_6/2/22,jhu_csv_observed_v1,2022-06-02,cumulative_confirmed_cases,50740,cases,reported,
1.0,jhu_csse_deaths_global_csv,4e87757a3e059c45650a1e1856614f8e339ee3c70653c378a7ba6f7b0ee8c72e,,2020-01-22/2023-03-09,observed,csv_row_Jersey_col_6/2/22,jhu_csv_observed_v1,2022-06-02,cumulative_deaths,129,deaths,reported,
1.0,jhu_csse_confirmed_global_csv,e6234a59eec4359d2577358b5220e1a7e3da74c162913cdb7d882db1413f98c2,,2020-01-22/2023-03-09,observed,csv_row_Jersey_col_6/3/22,jhu_csv_observed_v1,2022-06-03,cumulative_confirmed_cases,50740,cases,reported,
1.0,jhu_csse_deaths_global_csv,4e87757a3e059c45650a1e1856614f8e339ee3c70653c378a7ba6f7b0ee8c72e,,2020-01-22/2023-03-09,observed,csv_row_Jersey_col_6/3/22,jhu_csv_observed_v1,2022-06-03,cumulative_deaths,129,deaths,reported,
1.0,jhu_csse_confirmed_global_csv,e6234a59eec4359d2577358b5220e1a7e3da74c162913cdb7d882db1413f98c2,,2020-01-22/2023-03-09,observed,csv_row_Jersey_col_6/4/22,jhu_csv_observed_v1,2022-06-04,cumulative_confirmed_cases,50740,cases,reported,
1.0,jhu_csse_deaths_global_csv,4e87757a3e059c45650a1e1856614f8e339ee3c70653c378a7ba6f7b0ee8c72e,,2020-01-22/2023-03-09,observed,csv_row_Jersey_col_6/4/22,jhu_csv_observed_v1,2022-06-04,cumulative_deaths,129,deaths,reported,
1.0,jhu_csse_confirmed_global_csv,e6234a59eec4359d2577358b5220e1a7e3da74c162913cdb7d882db1413f98c2,,2020-01-22/2023-03-09,observed,csv_row_Jersey_col_6/5/22,jhu_csv_observed_v1,2022-06-05,cumulative_confirmed_cases,50740,cases,reported,
1.0,jhu_csse_deaths_global_csv,4e87757a3e059c45650a1e1856614f8e339ee3c70653c378a7ba6f7b0ee8c72e,,2020-01-22/2023-03-09,observed,csv_row_Jersey_col_6/5/22,jhu_csv_observed_v1,2022-06-05,cumulative_deaths,129,deaths,reported,
1.0,jhu_csse_confirmed_global_csv,e6234a59eec4359d2577358b5220e1a7e3da74c162913cdb7d882db1413f98c2,,2020-01-22/2023-03-09,observed,csv_row_Jersey_col_6/6/22,jhu_csv_observed_v1,2022-06-06,cumulative_confirmed_cases,50740,cases,reported,
1.0,jhu_csse_deaths_global_csv,4e87757a3e059c45650a1e1856614f8e339ee3c70653c378a7ba6f7b0ee8c72e,,2020-01-22/2023-03-09,observed,csv_row_Jersey_col_6/6/22,jhu_csv_observed_v1,2022-06-06,cumulative_deaths,129,deaths,reported,
1.0,jhu_csse_confirmed_global_csv,e6234a59eec4359d2577358b5220e1a7e3da74c162913cdb7d882db1413f98c2,,2020-01-22/2023-03-09,observed,csv_row_Jersey_col_6/7/22,jhu_csv_observed_v1,2022-06-07,cumulative_confirmed_cases,50740,cases,reported,
1.0,jhu_csse_deaths_global_csv,4e87757a3e059c45650a1e1856614f8e339ee3c70653c378a7ba6f7b0ee8c72e,,2020-01-22/2023-03-09,observed,csv_row_Jersey_col_6/7/22,jhu_csv_observed_v1,2022-06-07,cumulative_deaths,129,deaths,reported,
1.0,jhu_csse_confirmed_global_csv,e6234a59eec4359d2577358b5220e1a7e3da74c162913cdb7d882db1413f98c2,,2020-01-22/2023-03-09,observed,csv_row_Jersey_col_6/8/22,jhu_csv_observed_v1,2022-06-08,cumulative_confirmed_cases,50740,cases,reported,
1.0,jhu_csse_deaths_global_csv,4e87757a3e059c45650a1e1856614f8e339ee3c70653c378a7ba6f7b0ee8c72e,,2020-01-22/2023-03-09,observed,csv_row_Jersey_col_6/8/22,jhu_csv_observed_v1,2022-06-08,cumulative_deaths,129,deaths,reported,
1.0,jhu_csse_confirmed_global_csv,e6234a59eec4359d2577358b5220e1a7e3da74c162913cdb7d882db1413f98c2,,2020-01-22/2023-03-09,observed,csv_row_Jersey_col_6/9/22,jhu_csv_observed_v1,2022-06-09,cumulative_confirmed_cases,50740,cases,reported,
1.0,jhu_csse_deaths_global_csv,4e87757a3e059c45650a1e1856614f8e339ee3c70653c378a7ba6f7b0ee8c72e,,2020-01-22/2023-03-09,observed,csv_row_Jersey_col_6/9/22,jhu_csv_observed_v1,2022-06-09,cumulative_deaths,129,deaths,reported,
1.0,jhu_csse_confirmed_global_csv,e6234a59eec4359d2577358b5220e1a7e3da74c162913cdb7d882db1413f98c2,,2020-01-22/2023-03-09,observed,csv_row_Jersey_col_6/10/22,jhu_csv_observed_v1,2022-06-10,cumulative_confirmed_cases,51132,cases,reported,
1.0,jhu_csse_deaths_global_csv,4e87757a3e059c45650a1e1856614f8e339ee3c70653c378a7ba6f7b0ee8c72e,,2020-01-22/2023-03-09,observed,csv_row_Jersey_col_6/10/22,jhu_csv_observed_v1,2022-06-10,cumulative_deaths,129,deaths,reported,
1.0,jhu_csse_confirmed_global_csv,e6234a59eec4359d2577358b5220e1a7e3da74c162913cdb7d882db1413f98c2,,2020-01-22/2023-03-09,observed,csv_row_Jersey_col_6/11/22,jhu_csv_observed_v1,2022-06-11,cumulative_confirmed_cases,51132,cases,reported,
1.0,jhu_csse_deaths_global_csv,4e87757a3e059c45650a1e1856614f8e339ee3c70653c378a7ba6f7b0ee8c72e,,2020-01-22/2023-03-09,observed,csv_row_Jersey_col_6/11/22,jhu_csv_observed_v1,2022-06-11,cumulative_deaths,129,deaths,reported,
1.0,jhu_csse_confirmed_global_csv,e6234a59eec4359d2577358b5220e1a7e3da74c162913cdb7d882db1413f98c2,,2020-01-22/2023-03-09,observed,csv_row_Jersey_col_6/12/22,jhu_csv_observed_v1,2022-06-12,cumulative_confirmed_cases,51132,cases,reported,
1.0,jhu_csse_deaths_global_csv,4e87757a3e059c45650a1e1856614f8e339ee3c70653c378a7ba6f7b0ee8c72e,,2020-01-22/2023-03-09,observed,csv_row_Jersey_col_6/12/22,jhu_csv_observed_v1,2022-06-12,cumulative_deaths,129,deaths,reported,
1.0,jhu_csse_confirmed_global_csv,e6234a59eec4359d2577358b5220e1a7e3da74c162913cdb7d882db1413f98c2,,2020-01-22/2023-03-09,observed,csv_row_Jersey_col_6/13/22,jhu_csv_observed_v1,2022-06-13,cumulative_confirmed_cases,51132,cases,reported,
1.0,jhu_csse_deaths_global_csv,4e87757a3e059c45650a1e1856614f8e339ee3c70653c378a7ba6f7b0ee8c72e,,2020-01-22/2023-03-09,observed,csv_row_Jersey_col_6/13/22,jhu_csv_observed_v1,2022-06-13,cumulative_deaths,129,deaths,reported,
1.0,jhu_csse_confirmed_global_csv,e6234a59eec4359d2577358b5220e1a7e3da74c162913cdb7d882db1413f98c2,,2020-01-22/2023-03-09,observed,csv_row_Jersey_col_6/14/22,jhu_csv_observed_v1,2022-06-14,cumulative_confirmed_cases,51132,cases,reported,
1.0,jhu_csse_deaths_global_csv,4e87757a3e059c45650a1e1856614f8e339ee3c70653c378a7ba6f7b0ee8c72e,,2020-01-22/2023-03-09,observed,csv_row_Jersey_col_6/14/22,jhu_csv_observed_v1,2022-06-14,cumulative_deaths,129,deaths,reported,
1.0,jhu_csse_confirmed_global_csv,e6234a59eec4359d2577358b5220e1a7e3da74c162913cdb7d882db1413f98c2,,2020-01-22/2023-03-09,observed,csv_row_Jersey_col_6/15/22,jhu_csv_observed_v1,2022-06-15,cumulative_confirmed_cases,51132,cases,reported,
1.0,jhu_csse_deaths_global_csv,4e87757a3e059c45650a1e1856614f8e339ee3c70653c378a7ba6f7b0ee8c72e,,2020-01-22/2023-03-09,observed,csv_row_Jersey_col_6/15/22,jhu_csv_observed_v1,2022-06-15,cumulative_deaths,129,deaths,reported,
1.0,jhu_csse_confirmed_global_csv,e6234a59eec4359d2577358b5220e1a7e3da74c162913cdb7d882db1413f98c2,,2020-01-22/2023-03-09,observed,csv_row_Jersey_col_6/16/22,jhu_csv_observed_v1,2022-06-16,cumulative_confirmed_cases,51132,cases,reported,
1.0,jhu_csse_deaths_global_csv,4e87757a3e059c45650a1e1856614f8e339ee3c70653c378a7ba6f7b0ee8c72e,,2020-01-22/2023-03-09,observed,csv_row_Jersey_col_6/16/22,jhu_csv_observed_v1,2022-06-16,cumulative_deaths,129,deaths,reported,
1.0,jhu_csse_confirmed_global_csv,e6234a59eec4359d2577358b5220e1a7e3da74c162913cdb7d882db1413f98c2,,2020-01-22/2023-03-09,observed,csv_row_Jersey_col_6/17/22,jhu_csv_observed_v1,2022-06-17,cumulative_confirmed_cases,51132,cases,reported,
1.0,jhu_csse_deaths_global_csv,4e87757a3e059c45650a1e1856614f8e339ee3c70653c378a7ba6f7b0ee8c72e,,2020-01-22/2023-03-09,observed,csv_row_Jersey_col_6/17/22,jhu_csv_observed_v1,2022-06-17,cumulative_deaths,129,deaths,reported,
1.0,jhu_csse_confirmed_global_csv,e6234a59eec4359d2577358b5220e1a7e3da74c162913cdb7d882db1413f98c2,,2020-01-22/2023-03-09,observed,csv_row_Jersey_col_6/18/22,jhu_csv_observed_v1,2022-06-18,cumulative_confirmed_cases,51132,cases,reported,
1.0,jhu_csse_deaths_global_csv,4e87757a3e059c45650a1e1856614f8e339ee3c70653c378a7ba6f7b0ee8c72e,,2020-01-22/2023-03-09,observed,csv_row_Jersey_col_6/18/22,jhu_csv_observed_v1,2022-06-18,cumulative_deaths,129,deaths,reported,
1.0,jhu_csse_confirmed_global_csv,e6234a59eec4359d2577358b5220e1a7e3da74c162913cdb7d882db1413f98c2,,2020-01-22/2023-03-09,observed,csv_row_Jersey_col_6/19/22,jhu_csv_observed_v1,2022-06-19,cumulative_confirmed_cases,51132,cases,reported,
1.0,jhu_csse_deaths_global_csv,4e87757a3e059c45650a1e1856614f8e339ee3c70653c378a7ba6f7b0ee8c72e,,2020-01-22/2023-03-09,observed,csv_row_Jersey_col_6/19/22,jhu_csv_observed_v1,2022-06-19,cumulative_deaths,129,deaths,reported,
1.0,jhu_csse_confirmed_global_csv,e6234a59eec4359d2577358b5220e1a7e3da74c162913cdb7d882db1413f98c2,,2020-01-22/2023-03-09,observed,csv_row_Jersey_col_6/20/22,jhu_csv_observed_v1,2022-06-20,cumulative_confirmed_cases,51792,cases,reported,
1.0,jhu_csse_deaths_global_csv,4e87757a3e059c45650a1e1856614f8e339ee3c70653c378a7ba6f7b0ee8c72e,,2020-01-22/2023-03-09,observed,csv_row_Jersey_col_6/20/22,jhu_csv_observed_v1,2022-06-20,cumulative_deaths,131,deaths,reported,
1.0,jhu_csse_confirmed_global_csv,e6234a59eec4359d2577358b5220e1a7e3da74c162913cdb7d882db1413f98c2,,2020-01-22/2023-03-09,observed,csv_row_Jersey_col_6/21/22,jhu_csv_observed_v1,2022-06-21,cumulative_confirmed_cases,51792,cases,reported,
1.0,jhu_csse_deaths_global_csv,4e87757a3e059c45650a1e1856614f8e339ee3c70653c378a7ba6f7b0ee8c72e,,2020-01-22/2023-03-09,observed,csv_row_Jersey_col_6/21/22,jhu_csv_observed_v1,2022-06-21,cumulative_deaths,131,deaths,reported,
1.0,jhu_csse_confirmed_global_csv,e6234a59eec4359d2577358b5220e1a7e3da74c162913cdb7d882db1413f98c2,,2020-01-22/2023-03-09,observed,csv_row_Jersey_col_6/22/22,jhu_csv_observed_v1,2022-06-22,cumulative_confirmed_cases,51792,cases,reported,
1.0,jhu_csse_deaths_global_csv,4e87757a3e059c45650a1e1856614f8e339ee3c70653c378a7ba6f7b0ee8c72e,,2020-01-22/2023-03-09,observed,csv_row_Jersey_col_6/22/22,jhu_csv_observed_v1,2022-06-22,cumulative_deaths,131,deaths,reported,
1.0,jhu_csse_confirmed_global_csv,e6234a59eec4359d2577358b5220e1a7e3da74c162913cdb7d882db1413f98c2,,2020-01-22/2023-03-09,observed,csv_row_Jersey_col_6/23/22,jhu_csv_observed_v1,2022-06-23,cumulative_confirmed_cases,51792,cases,reported,
1.0,jhu_csse_deaths_global_csv,4e87757a3e059c45650a1e1856614f8e339ee3c70653c378a7ba6f7b0ee8c72e,,2020-01-22/2023-03-09,observed,csv_row_Jersey_col_6/23/22,jhu_csv_observed_v1,2022-06-23,cumulative_deaths,131,deaths,reported,
1.0,jhu_csse_confirmed_global_csv,e6234a59eec4359d2577358b5220e1a7e3da74c162913cdb7d882db1413f98c2,,2020-01-22/2023-03-09,observed,csv_row_Jersey_col_6/24/22,jhu_csv_observed_v1,2022-06-24,cumulative_confirmed_cases,51792,cases,reported,
1.0,jhu_csse_deaths_global_csv,4e87757a3e059c45650a1e1856614f8e339ee3c70653c378a7ba6f7b0ee8c72e,,2020-01-22/2023-03-09,observed,csv_row_Jersey_col_6/24/22,jhu_csv_observed_v1,2022-06-24,cumulative_deaths,131,deaths,reported,
1.0,jhu_csse_confirmed_global_csv,e6234a59eec4359d2577358b5220e1a7e3da74c162913cdb7d882db1413f98c2,,2020-01-22/2023-03-09,observed,csv_row_Jersey_col_6/25/22,jhu_csv_observed_v1,2022-06-25,cumulative_confirmed_cases,51792,cases,reported,
1.0,jhu_csse_deaths_global_csv,4e87757a3e059c45650a1e1856614f8e339ee3c70653c378a7ba6f7b0ee8c72e,,2020-01-22/2023-03-09,observed,csv_row_Jersey_col_6/25/22,jhu_csv_observed_v1,2022-06-25,cumulative_deaths,131,deaths,reported,
1.0,jhu_csse_confirmed_global_csv,e6234a59eec4359d2577358b5220e1a7e3da74c162913cdb7d882db1413f98c2,,2020-01-22/2023-03-09,observed,csv_row_Jersey_col_6/26/22,jhu_csv_observed_v1,2022-06-26,cumulative_confirmed_cases,51792,cases,reported,
1.0,jhu_csse_deaths_global_csv,4e87757a3e059c45650a1e1856614f8e339ee3c70653c378a7ba6f7b0ee8c72e,,2020-01-22/2023-03-09,observed,csv_row_Jersey_col_6/26/22,jhu_csv_observed_v1,2022-06-26,cumulative_deaths,131,deaths,reported,
1.0,jhu_csse_confirmed_global_csv,e6234a59eec4359d2577358b5220e1a7e3da74c162913cdb7d882db1413f98c2,,2020-01-22/2023-03-09,observed,csv_row_Jersey_col_6/27/22,jhu_csv_observed_v1,2022-06-27,cumulative_confirmed_cases,51792,cases,reported,
1.0,jhu_csse_deaths_global_csv,4e87757a3e059c45650a1e1856614f8e339ee3c70653c378a7ba6f7b0ee8c72e,,2020-01-22/2023-03-09,observed,csv_row_Jersey_col_6/27/22,jhu_csv_observed_v1,2022-06-27,cumulative_deaths,131,deaths,reported,
1.0,jhu_csse_confirmed_global_csv,e6234a59eec4359d2577358b5220e1a7e3da74c162913cdb7d882db1413f98c2,,2020-01-22/2023-03-09,observed,csv_row_Jersey_col_6/28/22,jhu_csv_observed_v1,2022-06-28,cumulative_confirmed_cases,51792,cases,reported,
1.0,jhu_csse_deaths_global_csv,4e87757a3e059c45650a1e1856614f8e339ee3c70653c378a7ba6f7b0ee8c72e,,2020-01-22/2023-03-09,observed,csv_row_Jersey_col_6/28/22,jhu_csv_observed_v1,2022-06-28,cumulative_deaths,131,deaths,reported,
1.0,jhu_csse_confirmed_global_csv,e6234a59eec4359d2577358b5220e1a7e3da74c162913cdb7d882db1413f98c2,,2020-01-22/2023-03-09,observed,csv_row_Jersey_col_6/29/22,jhu_csv_observed_v1,2022-06-29,cumulative_confirmed_cases,52576,cases,reported,
1.0,jhu_csse_deaths_global_csv,4e87757a3e059c45650a1e1856614f8e339ee3c70653c378a7ba6f7b0ee8c72e,,2020-01-22/2023-03-09,observed,csv_row_Jersey_col_6/29/22,jhu_csv_observed_v1,2022-06-29,cumulative_deaths,131,deaths,reported,
1.0,jhu_csse_confirmed_global_csv,e6234a59eec4359d2577358b5220e1a7e3da74c162913cdb7d882db1413f98c2,,2020-01-22/2023-03-09,observed,csv_row_Jersey_col_6/30/22,jhu_csv_observed_v1,2022-06-30,cumulative_confirmed_cases,52576,cases,reported,
1.0,jhu_csse_deaths_global_csv,4e87757a3e059c45650a1e1856614f8e339ee3c70653c378a7ba6f7b0ee8c72e,,2020-01-22/2023-03-09,observed,csv_row_Jersey_col_6/30/22,jhu_csv_observed_v1,2022-06-30,cumulative_deaths,131,deaths,reported,
1.0,jhu_csse_confirmed_global_csv,e6234a59eec4359d2577358b5220e1a7e3da74c162913cdb7d882db1413f98c2,,2020-01-22/2023-03-09,observed,csv_row_Jersey_col_7/1/22,jhu_csv_observed_v1,2022-07-01,cumulative_confirmed_cases,53889,cases,reported,
1.0,jhu_csse_deaths_global_csv,4e87757a3e059c45650a1e1856614f8e339ee3c70653c378a7ba6f7b0ee8c72e,,2020-01-22/2023-03-09,observed,csv_row_Jersey_col_7/1/22,jhu_csv_observed_v1,2022-07-01,cumulative_deaths,131,deaths,reported,
1.0,jhu_csse_confirmed_global_csv,e6234a59eec4359d2577358b5220e1a7e3da74c162913cdb7d882db1413f98c2,,2020-01-22/2023-03-09,observed,csv_row_Jersey_col_7/2/22,jhu_csv_observed_v1,2022-07-02,cumulative_confirmed_cases,53889,cases,reported,
1.0,jhu_csse_deaths_global_csv,4e87757a3e059c45650a1e1856614f8e339ee3c70653c378a7ba6f7b0ee8c72e,,2020-01-22/2023-03-09,observed,csv_row_Jersey_col_7/2/22,jhu_csv_observed_v1,2022-07-02,cumulative_deaths,131,deaths,reported,
1.0,jhu_csse_confirmed_global_csv,e6234a59eec4359d2577358b5220e1a7e3da74c162913cdb7d882db1413f98c2,,2020-01-22/2023-03-09,observed,csv_row_Jersey_col_7/3/22,jhu_csv_observed_v1,2022-07-03,cumulative_confirmed_cases,53889,cases,reported,
1.0,jhu_csse_deaths_global_csv,4e87757a3e059c45650a1e1856614f8e339ee3c70653c378a7ba6f7b0ee8c72e,,2020-01-22/2023-03-09,observed,csv_row_Jersey_col_7/3/22,jhu_csv_observed_v1,2022-07-03,cumulative_deaths,131,deaths,reported,
1.0,jhu_csse_confirmed_global_csv,e6234a59eec4359d2577358b5220e1a7e3da74c162913cdb7d882db1413f98c2,,2020-01-22/2023-03-09,observed,csv_row_Jersey_col_7/4/22,jhu_csv_observed_v1,2022-07-04,cumulative_confirmed_cases,53889,cases,reported,
1.0,jhu_csse_deaths_global_csv,4e87757a3e059c45650a1e1856614f8e339ee3c70653c378a7ba6f7b0ee8c72e,,2020-01-22/2023-03-09,observed,csv_row_Jersey_col_7/4/22,jhu_csv_observed_v1,2022-07-04,cumulative_deaths,131,deaths,reported,
1.0,jhu_csse_confirmed_global_csv,e6234a59eec4359d2577358b5220e1a7e3da74c162913cdb7d882db1413f98c2,,2020-01-22/2023-03-09,observed,csv_row_Jersey_col_7/5/22,jhu_csv_observed_v1,2022-07-05,cumulative_confirmed_cases,53889,cases,reported,
1.0,jhu_csse_deaths_global_csv,4e87757a3e059c45650a1e1856614f8e339ee3c70653c378a7ba6f7b0ee8c72e,,2020-01-22/2023-03-09,observed,csv_row_Jersey_col_7/5/22,jhu_csv_observed_v1,2022-07-05,cumulative_deaths,131,deaths,reported,
1.0,jhu_csse_confirmed_global_csv,e6234a59eec4359d2577358b5220e1a7e3da74c162913cdb7d882db1413f98c2,,2020-01-22/2023-03-09,observed,csv_row_Jersey_col_7/6/22,jhu_csv_observed_v1,2022-07-06,cumulative_confirmed_cases,53889,cases,reported,
1.0,jhu_csse_deaths_global_csv,4e87757a3e059c45650a1e1856614f8e339ee3c70653c378a7ba6f7b0ee8c72e,,2020-01-22/2023-03-09,observed,csv_row_Jersey_col_7/6/22,jhu_csv_observed_v1,2022-07-06,cumulative_deaths,131,deaths,reported,
1.0,jhu_csse_confirmed_global_csv,e6234a59eec4359d2577358b5220e1a7e3da74c162913cdb7d882db1413f98c2,,2020-01-22/2023-03-09,observed,csv_row_Jersey_col_7/7/22,jhu_csv_observed_v1,2022-07-07,cumulative_confirmed_cases,53889,cases,reported,
1.0,jhu_csse_deaths_global_csv,4e87757a3e059c45650a1e1856614f8e339ee3c70653c378a7ba6f7b0ee8c72e,,2020-01-22/2023-03-09,observed,csv_row_Jersey_col_7/7/22,jhu_csv_observed_v1,2022-07-07,cumulative_deaths,131,deaths,reported,
1.0,jhu_csse_confirmed_global_csv,e6234a59eec4359d2577358b5220e1a7e3da74c162913cdb7d882db1413f98c2,,2020-01-22/2023-03-09,observed,csv_row_Jersey_col_7/8/22,jhu_csv_observed_v1,2022-07-08,cumulative_confirmed_cases,55473,cases,reported,
1.0,jhu_csse_deaths_global_csv,4e87757a3e059c45650a1e1856614f8e339ee3c70653c378a7ba6f7b0ee8c72e,,2020-01-22/2023-03-09,observed,csv_row_Jersey_col_7/8/22,jhu_csv_observed_v1,2022-07-08,cumulative_deaths,131,deaths,reported,
1.0,jhu_csse_confirmed_global_csv,e6234a59eec4359d2577358b5220e1a7e3da74c162913cdb7d882db1413f98c2,,2020-01-22/2023-03-09,observed,csv_row_Jersey_col_7/9/22,jhu_csv_observed_v1,2022-07-09,cumulative_confirmed_cases,55473,cases,reported,
1.0,jhu_csse_deaths_global_csv,4e87757a3e059c45650a1e1856614f8e339ee3c70653c378a7ba6f7b0ee8c72e,,2020-01-22/2023-03-09,observed,csv_row_Jersey_col_7/9/22,jhu_csv_observed_v1,2022-07-09,cumulative_deaths,131,deaths,reported,
1.0,jhu_csse_confirmed_global_csv,e6234a59eec4359d2577358b5220e1a7e3da74c162913cdb7d882db1413f98c2,,2020-01-22/2023-03-09,observed,csv_row_Jersey_col_7/10/22,jhu_csv_observed_v1,2022-07-10,cumulative_confirmed_cases,55473,cases,reported,
1.0,jhu_csse_deaths_global_csv,4e87757a3e059c45650a1e1856614f8e339ee3c70653c378a7ba6f7b0ee8c72e,,2020-01-22/2023-03-09,observed,csv_row_Jersey_col_7/10/22,jhu_csv_observed_v1,2022-07-10,cumulative_deaths,131,deaths,reported,
1.0,jhu_csse_confirmed_global_csv,e6234a59eec4359d2577358b5220e1a7e3da74c162913cdb7d882db1413f98c2,,2020-01-22/2023-03-09,observed,csv_row_Jersey_col_7/11/22,jhu_csv_observed_v1,2022-07-11,cumulative_confirmed_cases,55473,cases,reported,
1.0,jhu_csse_deaths_global_csv,4e87757a3e059c45650a1e1856614f8e339ee3c70653c378a7ba6f7b0ee8c72e,,2020-01-22/2023-03-09,observed,csv_row_Jersey_col_7/11/22,jhu_csv_observed_v1,2022-07-11,cumulative_deaths,131,deaths,reported,
1.0,jhu_csse_confirmed_global_csv,e6234a59eec4359d2577358b5220e1a7e3da74c162913cdb7d882db1413f98c2,,2020-01-22/2023-03-09,observed,csv_row_Jersey_col_7/12/22,jhu_csv_observed_v1,2022-07-12,cumulative_confirmed_cases,55473,cases,reported,
1.0,jhu_csse_deaths_global_csv,4e87757a3e059c45650a1e1856614f8e339ee3c70653c378a7ba6f7b0ee8c72e,,2020-01-22/2023-03-09,observed,csv_row_Jersey_col_7/12/22,jhu_csv_observed_v1,2022-07-12,cumulative_deaths,131,deaths,reported,
1.0,jhu_csse_confirmed_global_csv,e6234a59eec4359d2577358b5220e1a7e3da74c162913cdb7d882db1413f98c2,,2020-01-22/2023-03-09,observed,csv_row_Jersey_col_7/13/22,jhu_csv_observed_v1,2022-07-13,cumulative_confirmed_cases,55473,cases,reported,
1.0,jhu_csse_deaths_global_csv,4e87757a3e059c45650a1e1856614f8e339ee3c70653c378a7ba6f7b0ee8c72e,,2020-01-22/2023-03-09,observed,csv_row_Jersey_col_7/13/22,jhu_csv_observed_v1,2022-07-13,cumulative_deaths,131,deaths,reported,
1.0,jhu_csse_confirmed_global_csv,e6234a59eec4359d2577358b5220e1a7e3da74c162913cdb7d882db1413f98c2,,2020-01-22/2023-03-09,observed,csv_row_Jersey_col_7/14/22,jhu_csv_observed_v1,2022-07-14,cumulative_confirmed_cases,55473,cases,reported,
1.0,jhu_csse_deaths_global_csv,4e87757a3e059c45650a1e1856614f8e339ee3c70653c378a7ba6f7b0ee8c72e,,2020-01-22/2023-03-09,observed,csv_row_Jersey_col_7/14/22,jhu_csv_observed_v1,2022-07-14,cumulative_deaths,131,deaths,reported,
1.0,jhu_csse_confirmed_global_csv,e6234a59eec4359d2577358b5220e1a7e3da74c162913cdb7d882db1413f98c2,,2020-01-22/2023-03-09,observed,csv_row_Jersey_col_7/15/22,jhu_csv_observed_v1,2022-07-15,cumulative_confirmed_cases,56803,cases,reported,
1.0,jhu_csse_deaths_global_csv,4e87757a3e059c45650a1e1856614f8e339ee3c70653c378a7ba6f7b0ee8c72e,,2020-01-22/2023-03-09,observed,csv_row_Jersey_col_7/15/22,jhu_csv_observed_v1,2022-07-15,cumulative_deaths,131,deaths,reported,
1.0,jhu_csse_confirmed_global_csv,e6234a59eec4359d2577358b5220e1a7e3da74c162913cdb7d882db1413f98c2,,2020-01-22/2023-03-09,observed,csv_row_Jersey_col_7/16/22,jhu_csv_observed_v1,2022-07-16,cumulative_confirmed_cases,56803,cases,reported,
1.0,jhu_csse_deaths_global_csv,4e87757a3e059c45650a1e1856614f8e339ee3c70653c378a7ba6f7b0ee8c72e,,2020-01-22/2023-03-09,observed,csv_row_Jersey_col_7/16/22,jhu_csv_observed_v1,2022-07-16,cumulative_deaths,131,deaths,reported,
1.0,jhu_csse_confirmed_global_csv,e6234a59eec4359d2577358b5220e1a7e3da74c162913cdb7d882db1413f98c2,,2020-01-22/2023-03-09,observed,csv_row_Jersey_col_7/17/22,jhu_csv_observed_v1,2022-07-17,cumulative_confirmed_cases,56803,cases,reported,
1.0,jhu_csse_deaths_global_csv,4e87757a3e059c45650a1e1856614f8e339ee3c70653c378a7ba6f7b0ee8c72e,,2020-01-22/2023-03-09,observed,csv_row_Jersey_col_7/17/22,jhu_csv_observed_v1,2022-07-17,cumulative_deaths,131,deaths,reported,
1.0,jhu_csse_confirmed_global_csv,e6234a59eec4359d2577358b5220e1a7e3da74c162913cdb7d882db1413f98c2,,2020-01-22/2023-03-09,observed,csv_row_Jersey_col_7/18/22,jhu_csv_observed_v1,2022-07-18,cumulative_confirmed_cases,56803,cases,reported,
1.0,jhu_csse_deaths_global_csv,4e87757a3e059c45650a1e1856614f8e339ee3c70653c378a7ba6f7b0ee8c72e,,2020-01-22/2023-03-09,observed,csv_row_Jersey_col_7/18/22,jhu_csv_observed_v1,2022-07-18,cumulative_deaths,131,deaths,reported,
1.0,jhu_csse_confirmed_global_csv,e6234a59eec4359d2577358b5220e1a7e3da74c162913cdb7d882db1413f98c2,,2020-01-22/2023-03-09,observed,csv_row_Jersey_col_7/19/22,jhu_csv_observed_v1,2022-07-19,cumulative_confirmed_cases,56803,cases,reported,
1.0,jhu_csse_deaths_global_csv,4e87757a3e059c45650a1e1856614f8e339ee3c70653c378a7ba6f7b0ee8c72e,,2020-01-22/2023-03-09,observed,csv_row_Jersey_col_7/19/22,jhu_csv_observed_v1,2022-07-19,cumulative_deaths,131,deaths,reported,
1.0,jhu_csse_confirmed_global_csv,e6234a59eec4359d2577358b5220e1a7e3da74c162913cdb7d882db1413f98c2,,2020-01-22/2023-03-09,observed,csv_row_Jersey_col_7/20/22,jhu_csv_observed_v1,2022-07-20,cumulative_confirmed_cases,56803,cases,reported,
1.0,jhu_csse_deaths_global_csv,4e87757a3e059c45650a1e1856614f8e339ee3c70653c378a7ba6f7b0ee8c72e,,2020-01-22/2023-03-09,observed,csv_row_Jersey_col_7/20/22,jhu_csv_observed_v1,2022-07-20,cumulative_deaths,131,deaths,reported,
1.0,jhu_csse_confirmed_global_csv,e6234a59eec4359d2577358b5220e1a7e3da74c162913cdb7d882db1413f98c2,,2020-01-22/2023-03-09,observed,csv_row_Jersey_col_7/21/22,jhu_csv_observed_v1,2022-07-21,cumulative_confirmed_cases,56803,cases,reported,
1.0,jhu_csse_deaths_global_csv,4e87757a3e059c45650a1e1856614f8e339ee3c70653c378a7ba6f7b0ee8c72e,,2020-01-22/2023-03-09,observed,csv_row_Jersey_col_7/21/22,jhu_csv_observed_v1,2022-07-21,cumulative_deaths,131,deaths,reported,
1.0,jhu_csse_confirmed_global_csv,e6234a59eec4359d2577358b5220e1a7e3da74c162913cdb7d882db1413f98c2,,2020-01-22/2023-03-09,observed,csv_row_Jersey_col_7/22/22,jhu_csv_observed_v1,2022-07-22,cumulative_confirmed_cases,57541,cases,reported,
1.0,jhu_csse_deaths_global_csv,4e87757a3e059c45650a1e1856614f8e339ee3c70653c378a7ba6f7b0ee8c72e,,2020-01-22/2023-03-09,observed,csv_row_Jersey_col_7/22/22,jhu_csv_observed_v1,2022-07-22,cumulative_deaths,131,deaths,reported,
1.0,jhu_csse_confirmed_global_csv,e6234a59eec4359d2577358b5220e1a7e3da74c162913cdb7d882db1413f98c2,,2020-01-22/2023-03-09,observed,csv_row_Jersey_col_7/23/22,jhu_csv_observed_v1,2022-07-23,cumulative_confirmed_cases,57541,cases,reported,
1.0,jhu_csse_deaths_global_csv,4e87757a3e059c45650a1e1856614f8e339ee3c70653c378a7ba6f7b0ee8c72e,,2020-01-22/2023-03-09,observed,csv_row_Jersey_col_7/23/22,jhu_csv_observed_v1,2022-07-23,cumulative_deaths,131,deaths,reported,
1.0,jhu_csse_confirmed_global_csv,e6234a59eec4359d2577358b5220e1a7e3da74c162913cdb7d882db1413f98c2,,2020-01-22/2023-03-09,observed,csv_row_Jersey_col_7/24/22,jhu_csv_observed_v1,2022-07-24,cumulative_confirmed_cases,57541,cases,reported,
1.0,jhu_csse_deaths_global_csv,4e87757a3e059c45650a1e1856614f8e339ee3c70653c378a7ba6f7b0ee8c72e,,2020-01-22/2023-03-09,observed,csv_row_Jersey_col_7/24/22,jhu_csv_observed_v1,2022-07-24,cumulative_deaths,131,deaths,reported,
1.0,jhu_csse_confirmed_global_csv,e6234a59eec4359d2577358b5220e1a7e3da74c162913cdb7d882db1413f98c2,,2020-01-22/2023-03-09,observed,csv_row_Jersey_col_7/25/22,jhu_csv_observed_v1,2022-07-25,cumulative_confirmed_cases,57541,cases,reported,
1.0,jhu_csse_deaths_global_csv,4e87757a3e059c45650a1e1856614f8e339ee3c70653c378a7ba6f7b0ee8c72e,,2020-01-22/2023-03-09,observed,csv_row_Jersey_col_7/25/22,jhu_csv_observed_v1,2022-07-25,cumulative_deaths,131,deaths,reported,
1.0,jhu_csse_confirmed_global_csv,e6234a59eec4359d2577358b5220e1a7e3da74c162913cdb7d882db1413f98c2,,2020-01-22/2023-03-09,observed,csv_row_Jersey_col_7/26/22,jhu_csv_observed_v1,2022-07-26,cumulative_confirmed_cases,57541,cases,reported,
1.0,jhu_csse_deaths_global_csv,4e87757a3e059c45650a1e1856614f8e339ee3c70653c378a7ba6f7b0ee8c72e,,2020-01-22/2023-03-09,observed,csv_row_Jersey_col_7/26/22,jhu_csv_observed_v1,2022-07-26,cumulative_deaths,132,deaths,reported,
1.0,jhu_csse_confirmed_global_csv,e6234a59eec4359d2577358b5220e1a7e3da74c162913cdb7d882db1413f98c2,,2020-01-22/2023-03-09,observed,csv_row_Jersey_col_7/27/22,jhu_csv_observed_v1,2022-07-27,cumulative_confirmed_cases,57541,cases,reported,
1.0,jhu_csse_deaths_global_csv,4e87757a3e059c45650a1e1856614f8e339ee3c70653c378a7ba6f7b0ee8c72e,,2020-01-22/2023-03-09,observed,csv_row_Jersey_col_7/27/22,jhu_csv_observed_v1,2022-07-27,cumulative_deaths,132,deaths,reported,
1.0,jhu_csse_confirmed_global_csv,e6234a59eec4359d2577358b5220e1a7e3da74c162913cdb7d882db1413f98c2,,2020-01-22/2023-03-09,observed,csv_row_Jersey_col_7/28/22,jhu_csv_observed_v1,2022-07-28,cumulative_confirmed_cases,57541,cases,reported,
1.0,jhu_csse_deaths_global_csv,4e87757a3e059c45650a1e1856614f8e339ee3c70653c378a7ba6f7b0ee8c72e,,2020-01-22/2023-03-09,observed,csv_row_Jersey_col_7/28/22,jhu_csv_observed_v1,2022-07-28,cumulative_deaths,132,deaths,reported,
1.0,jhu_csse_confirmed_global_csv,e6234a59eec4359d2577358b5220e1a7e3da74c162913cdb7d882db1413f98c2,,2020-01-22/2023-03-09,observed,csv_row_Jersey_col_7/29/22,jhu_csv_observed_v1,2022-07-29,cumulative_confirmed_cases,58003,cases,reported,
1.0,jhu_csse_deaths_global_csv,4e87757a3e059c45650a1e1856614f8e339ee3c70653c378a7ba6f7b0ee8c72e,,2020-01-22/2023-03-09,observed,csv_row_Jersey_col_7/29/22,jhu_csv_observed_v1,2022-07-29,cumulative_deaths,133,deaths,reported,
1.0,jhu_csse_confirmed_global_csv,e6234a59eec4359d2577358b5220e1a7e3da74c162913cdb7d882db1413f98c2,,2020-01-22/2023-03-09,observed,csv_row_Jersey_col_7/30/22,jhu_csv_observed_v1,2022-07-30,cumulative_confirmed_cases,58003,cases,reported,
1.0,jhu_csse_deaths_global_csv,4e87757a3e059c45650a1e1856614f8e339ee3c70653c378a7ba6f7b0ee8c72e,,2020-01-22/2023-03-09,observed,csv_row_Jersey_col_7/30/22,jhu_csv_observed_v1,2022-07-30,cumulative_deaths,133,deaths,reported,
1.0,jhu_csse_confirmed_global_csv,e6234a59eec4359d2577358b5220e1a7e3da74c162913cdb7d882db1413f98c2,,2020-01-22/2023-03-09,observed,csv_row_Jersey_col_7/31/22,jhu_csv_observed_v1,2022-07-31,cumulative_confirmed_cases,58003,cases,reported,
1.0,jhu_csse_deaths_global_csv,4e87757a3e059c45650a1e1856614f8e339ee3c70653c378a7ba6f7b0ee8c72e,,2020-01-22/2023-03-09,observed,csv_row_Jersey_col_7/31/22,jhu_csv_observed_v1,2022-07-31,cumulative_deaths,133,deaths,reported,
1.0,jhu_csse_confirmed_global_csv,e6234a59eec4359d2577358b5220e1a7e3da74c162913cdb7d882db1413f98c2,,2020-01-22/2023-03-09,observed,csv_row_Jersey_col_8/1/22,jhu_csv_observed_v1,2022-08-01,cumulative_confirmed_cases,58003,cases,reported,
1.0,jhu_csse_deaths_global_csv,4e87757a3e059c45650a1e1856614f8e339ee3c70653c378a7ba6f7b0ee8c72e,,2020-01-22/2023-03-09,observed,csv_row_Jersey_col_8/1/22,jhu_csv_observed_v1,2022-08-01,cumulative_deaths,133,deaths,reported,
1.0,jhu_csse_confirmed_global_csv,e6234a59eec4359d2577358b5220e1a7e3da74c162913cdb7d882db1413f98c2,,2020-01-22/2023-03-09,observed,csv_row_Jersey_col_8/2/22,jhu_csv_observed_v1,2022-08-02,cumulative_confirmed_cases,58003,cases,reported,
1.0,jhu_csse_deaths_global_csv,4e87757a3e059c45650a1e1856614f8e339ee3c70653c378a7ba6f7b0ee8c72e,,2020-01-22/2023-03-09,observed,csv_row_Jersey_col_8/2/22,jhu_csv_observed_v1,2022-08-02,cumulative_deaths,133,deaths,reported,
1.0,jhu_csse_confirmed_global_csv,e6234a59eec4359d2577358b5220e1a7e3da74c162913cdb7d882db1413f98c2,,2020-01-22/2023-03-09,observed,csv_row_Jersey_col_8/3/22,jhu_csv_observed_v1,2022-08-03,cumulative_confirmed_cases,58003,cases,reported,
1.0,jhu_csse_deaths_global_csv,4e87757a3e059c45650a1e1856614f8e339ee3c70653c378a7ba6f7b0ee8c72e,,2020-01-22/2023-03-09,observed,csv_row_Jersey_col_8/3/22,jhu_csv_observed_v1,2022-08-03,cumulative_deaths,133,deaths,reported,
1.0,jhu_csse_confirmed_global_csv,e6234a59eec4359d2577358b5220e1a7e3da74c162913cdb7d882db1413f98c2,,2020-01-22/2023-03-09,observed,csv_row_Jersey_col_8/4/22,jhu_csv_observed_v1,2022-08-04,cumulative_confirmed_cases,58003,cases,reported,
1.0,jhu_csse_deaths_global_csv,4e87757a3e059c45650a1e1856614f8e339ee3c70653c378a7ba6f7b0ee8c72e,,2020-01-22/2023-03-09,observed,csv_row_Jersey_col_8/4/22,jhu_csv_observed_v1,2022-08-04,cumulative_deaths,133,deaths,reported,
1.0,jhu_csse_confirmed_global_csv,e6234a59eec4359d2577358b5220e1a7e3da74c162913cdb7d882db1413f98c2,,2020-01-22/2023-03-09,observed,csv_row_Jersey_col_8/5/22,jhu_csv_observed_v1,2022-08-05,cumulative_confirmed_cases,58331,cases,reported,
1.0,jhu_csse_deaths_global_csv,4e87757a3e059c45650a1e1856614f8e339ee3c70653c378a7ba6f7b0ee8c72e,,2020-01-22/2023-03-09,observed,csv_row_Jersey_col_8/5/22,jhu_csv_observed_v1,2022-08-05,cumulative_deaths,135,deaths,reported,
1.0,jhu_csse_confirmed_global_csv,e6234a59eec4359d2577358b5220e1a7e3da74c162913cdb7d882db1413f98c2,,2020-01-22/2023-03-09,observed,csv_row_Jersey_col_8/6/22,jhu_csv_observed_v1,2022-08-06,cumulative_confirmed_cases,58331,cases,reported,
1.0,jhu_csse_deaths_global_csv,4e87757a3e059c45650a1e1856614f8e339ee3c70653c378a7ba6f7b0ee8c72e,,2020-01-22/2023-03-09,observed,csv_row_Jersey_col_8/6/22,jhu_csv_observed_v1,2022-08-06,cumulative_deaths,135,deaths,reported,
1.0,jhu_csse_confirmed_global_csv,e6234a59eec4359d2577358b5220e1a7e3da74c162913cdb7d882db1413f98c2,,2020-01-22/2023-03-09,observed,csv_row_Jersey_col_8/7/22,jhu_csv_observed_v1,2022-08-07,cumulative_confirmed_cases,58331,cases,reported,
1.0,jhu_csse_deaths_global_csv,4e87757a3e059c45650a1e1856614f8e339ee3c70653c378a7ba6f7b0ee8c72e,,2020-01-22/2023-03-09,observed,csv_row_Jersey_col_8/7/22,jhu_csv_observed_v1,2022-08-07,cumulative_deaths,135,deaths,reported,
1.0,jhu_csse_confirmed_global_csv,e6234a59eec4359d2577358b5220e1a7e3da74c162913cdb7d882db1413f98c2,,2020-01-22/2023-03-09,observed,csv_row_Jersey_col_8/8/22,jhu_csv_observed_v1,2022-08-08,cumulative_confirmed_cases,58331,cases,reported,
1.0,jhu_csse_deaths_global_csv,4e87757a3e059c45650a1e1856614f8e339ee3c70653c378a7ba6f7b0ee8c72e,,2020-01-22/2023-03-09,observed,csv_row_Jersey_col_8/8/22,jhu_csv_observed_v1,2022-08-08,cumulative_deaths,135,deaths,reported,
1.0,jhu_csse_confirmed_global_csv,e6234a59eec4359d2577358b5220e1a7e3da74c162913cdb7d882db1413f98c2,,2020-01-22/2023-03-09,observed,csv_row_Jersey_col_8/9/22,jhu_csv_observed_v1,2022-08-09,cumulative_confirmed_cases,58331,cases,reported,
1.0,jhu_csse_deaths_global_csv,4e87757a3e059c45650a1e1856614f8e339ee3c70653c378a7ba6f7b0ee8c72e,,2020-01-22/2023-03-09,observed,csv_row_Jersey_col_8/9/22,jhu_csv_observed_v1,2022-08-09,cumulative_deaths,135,deaths,reported,
1.0,jhu_csse_confirmed_global_csv,e6234a59eec4359d2577358b5220e1a7e3da74c162913cdb7d882db1413f98c2,,2020-01-22/2023-03-09,observed,csv_row_Jersey_col_8/10/22,jhu_csv_observed_v1,2022-08-10,cumulative_confirmed_cases,58331,cases,reported,
1.0,jhu_csse_deaths_global_csv,4e87757a3e059c45650a1e1856614f8e339ee3c70653c378a7ba6f7b0ee8c72e,,2020-01-22/2023-03-09,observed,csv_row_Jersey_col_8/10/22,jhu_csv_observed_v1,2022-08-10,cumulative_deaths,135,deaths,reported,
1.0,jhu_csse_confirmed_global_csv,e6234a59eec4359d2577358b5220e1a7e3da74c162913cdb7d882db1413f98c2,,2020-01-22/2023-03-09,observed,csv_row_Jersey_col_8/11/22,jhu_csv_observed_v1,2022-08-11,cumulative_confirmed_cases,58331,cases,reported,
1.0,jhu_csse_deaths_global_csv,4e87757a3e059c45650a1e1856614f8e339ee3c70653c378a7ba6f7b0ee8c72e,,2020-01-22/2023-03-09,observed,csv_row_Jersey_col_8/11/22,jhu_csv_observed_v1,2022-08-11,cumulative_deaths,135,deaths,reported,
1.0,jhu_csse_confirmed_global_csv,e6234a59eec4359d2577358b5220e1a7e3da74c162913cdb7d882db1413f98c2,,2020-01-22/2023-03-09,observed,csv_row_Jersey_col_8/12/22,jhu_csv_observed_v1,2022-08-12,cumulative_confirmed_cases,58536,cases,reported,
1.0,jhu_csse_deaths_global_csv,4e87757a3e059c45650a1e1856614f8e339ee3c70653c378a7ba6f7b0ee8c72e,,2020-01-22/2023-03-09,observed,csv_row_Jersey_col_8/12/22,jhu_csv_observed_v1,2022-08-12,cumulative_deaths,135,deaths,reported,
1.0,jhu_csse_confirmed_global_csv,e6234a59eec4359d2577358b5220e1a7e3da74c162913cdb7d882db1413f98c2,,2020-01-22/2023-03-09,observed,csv_row_Jersey_col_8/13/22,jhu_csv_observed_v1,2022-08-13,cumulative_confirmed_cases,58536,cases,reported,
1.0,jhu_csse_deaths_global_csv,4e87757a3e059c45650a1e1856614f8e339ee3c70653c378a7ba6f7b0ee8c72e,,2020-01-22/2023-03-09,observed,csv_row_Jersey_col_8/13/22,jhu_csv_observed_v1,2022-08-13,cumulative_deaths,135,deaths,reported,
1.0,jhu_csse_confirmed_global_csv,e6234a59eec4359d2577358b5220e1a7e3da74c162913cdb7d882db1413f98c2,,2020-01-22/2023-03-09,observed,csv_row_Jersey_col_8/14/22,jhu_csv_observed_v1,2022-08-14,cumulative_confirmed_cases,58536,cases,reported,
1.0,jhu_csse_deaths_global_csv,4e87757a3e059c45650a1e1856614f8e339ee3c70653c378a7ba6f7b0ee8c72e,,2020-01-22/2023-03-09,observed,csv_row_Jersey_col_8/14/22,jhu_csv_observed_v1,2022-08-14,cumulative_deaths,135,deaths,reported,
1.0,jhu_csse_confirmed_global_csv,e6234a59eec4359d2577358b5220e1a7e3da74c162913cdb7d882db1413f98c2,,2020-01-22/2023-03-09,observed,csv_row_Jersey_col_8/15/22,jhu_csv_observed_v1,2022-08-15,cumulative_confirmed_cases,58536,cases,reported,
1.0,jhu_csse_deaths_global_csv,4e87757a3e059c45650a1e1856614f8e339ee3c70653c378a7ba6f7b0ee8c72e,,2020-01-22/2023-03-09,observed,csv_row_Jersey_col_8/15/22,jhu_csv_observed_v1,2022-08-15,cumulative_deaths,135,deaths,reported,
1.0,jhu_csse_confirmed_global_csv,e6234a59eec4359d2577358b5220e1a7e3da74c162913cdb7d882db1413f98c2,,2020-01-22/2023-03-09,observed,csv_row_Jersey_col_8/16/22,jhu_csv_observed_v1,2022-08-16,cumulative_confirmed_cases,58536,cases,reported,
1.0,jhu_csse_deaths_global_csv,4e87757a3e059c45650a1e1856614f8e339ee3c70653c378a7ba6f7b0ee8c72e,,2020-01-22/2023-03-09,observed,csv_row_Jersey_col_8/16/22,jhu_csv_observed_v1,2022-08-16,cumulative_deaths,135,deaths,reported,
1.0,jhu_csse_confirmed_global_csv,e6234a59eec4359d2577358b5220e1a7e3da74c162913cdb7d882db1413f98c2,,2020-01-22/2023-03-09,observed,csv_row_Jersey_col_8/17/22,jhu_csv_observed_v1,2022-08-17,cumulative_confirmed_cases,58536,cases,reported,
1.0,jhu_csse_deaths_global_csv,4e87757a3e059c45650a1e1856614f8e339ee3c70653c378a7ba6f7b0ee8c72e,,2020-01-22/2023-03-09,observed,csv_row_Jersey_col_8/17/22,jhu_csv_observed_v1,2022-08-17,cumulative_deaths,135,deaths,reported,
1.0,jhu_csse_confirmed_global_csv,e6234a59eec4359d2577358b5220e1a7e3da74c162913cdb7d882db1413f98c2,,2020-01-22/2023-03-09,observed,csv_row_Jersey_col_8/18/22,jhu_csv_observed_v1,2022-08-18,cumulative_confirmed_cases,58536,cases,reported,
1.0,jhu_csse_deaths_global_csv,4e87757a3e059c45650a1e1856614f8e339ee3c70653c378a7ba6f7b0ee8c72e,,2020-01-22/2023-03-09,observed,csv_row_Jersey_col_8/18/22,jhu_csv_observed_v1,2022-08-18,cumulative_deaths,135,deaths,reported,
1.0,jhu_csse_confirmed_global_csv,e6234a59eec4359d2577358b5220e1a7e3da74c162913cdb7d882db1413f98c2,,2020-01-22/2023-03-09,observed,csv_row_Jersey_col_8/19/22,jhu_csv_observed_v1,2022-08-19,cumulative_confirmed_cases,58536,cases,reported,
1.0,jhu_csse_deaths_global_csv,4e87757a3e059c45650a1e1856614f8e339ee3c70653c378a7ba6f7b0ee8c72e,,2020-01-22/2023-03-09,observed,csv_row_Jersey_col_8/19/22,jhu_csv_observed_v1,2022-08-19,cumulative_deaths,135,deaths,reported,
1.0,jhu_csse_confirmed_global_csv,e6234a59eec4359d2577358b5220e1a7e3da74c162913cdb7d882db1413f98c2,,2020-01-22/2023-03-09,observed,csv_row_Jersey_col_8/20/22,jhu_csv_observed_v1,2022-08-20,cumulative_confirmed_cases,58536,cases,reported,
1.0,jhu_csse_deaths_global_csv,4e87757a3e059c45650a1e1856614f8e339ee3c70653c378a7ba6f7b0ee8c72e,,2020-01-22/2023-03-09,observed,csv_row_Jersey_col_8/20/22,jhu_csv_observed_v1,2022-08-20,cumulative_deaths,135,deaths,reported,
1.0,jhu_csse_confirmed_global_csv,e6234a59eec4359d2577358b5220e1a7e3da74c162913cdb7d882db1413f98c2,,2020-01-22/2023-03-09,observed,csv_row_Jersey_col_8/21/22,jhu_csv_observed_v1,2022-08-21,cumulative_confirmed_cases,58536,cases,reported,
1.0,jhu_csse_deaths_global_csv,4e87757a3e059c45650a1e1856614f8e339ee3c70653c378a7ba6f7b0ee8c72e,,2020-01-22/2023-03-09,observed,csv_row_Jersey_col_8/21/22,jhu_csv_observed_v1,2022-08-21,cumulative_deaths,135,deaths,reported,
1.0,jhu_csse_confirmed_global_csv,e6234a59eec4359d2577358b5220e1a7e3da74c162913cdb7d882db1413f98c2,,2020-01-22/2023-03-09,observed,csv_row_Jersey_col_8/22/22,jhu_csv_observed_v1,2022-08-22,cumulative_confirmed_cases,58733,cases,reported,
1.0,jhu_csse_deaths_global_csv,4e87757a3e059c45650a1e1856614f8e339ee3c70653c378a7ba6f7b0ee8c72e,,2020-01-22/2023-03-09,observed,csv_row_Jersey_col_8/22/22,jhu_csv_observed_v1,2022-08-22,cumulative_deaths,135,deaths,reported,
1.0,jhu_csse_confirmed_global_csv,e6234a59eec4359d2577358b5220e1a7e3da74c162913cdb7d882db1413f98c2,,2020-01-22/2023-03-09,observed,csv_row_Jersey_col_8/23/22,jhu_csv_observed_v1,2022-08-23,cumulative_confirmed_cases,58733,cases,reported,
1.0,jhu_csse_deaths_global_csv,4e87757a3e059c45650a1e1856614f8e339ee3c70653c378a7ba6f7b0ee8c72e,,2020-01-22/2023-03-09,observed,csv_row_Jersey_col_8/23/22,jhu_csv_observed_v1,2022-08-23,cumulative_deaths,135,deaths,reported,
1.0,jhu_csse_confirmed_global_csv,e6234a59eec4359d2577358b5220e1a7e3da74c162913cdb7d882db1413f98c2,,2020-01-22/2023-03-09,observed,csv_row_Jersey_col_8/24/22,jhu_csv_observed_v1,2022-08-24,cumulative_confirmed_cases,58733,cases,reported,
1.0,jhu_csse_deaths_global_csv,4e87757a3e059c45650a1e1856614f8e339ee3c70653c378a7ba6f7b0ee8c72e,,2020-01-22/2023-03-09,observed,csv_row_Jersey_col_8/24/22,jhu_csv_observed_v1,2022-08-24,cumulative_deaths,135,deaths,reported,
1.0,jhu_csse_confirmed_global_csv,e6234a59eec4359d2577358b5220e1a7e3da74c162913cdb7d882db1413f98c2,,2020-01-22/2023-03-09,observed,csv_row_Jersey_col_8/25/22,jhu_csv_observed_v1,2022-08-25,cumulative_confirmed_cases,58733,cases,reported,
1.0,jhu_csse_deaths_global_csv,4e87757a3e059c45650a1e1856614f8e339ee3c70653c378a7ba6f7b0ee8c72e,,2020-01-22/2023-03-09,observed,csv_row_Jersey_col_8/25/22,jhu_csv_observed_v1,2022-08-25,cumulative_deaths,135,deaths,reported,
1.0,jhu_csse_confirmed_global_csv,e6234a59eec4359d2577358b5220e1a7e3da74c162913cdb7d882db1413f98c2,,2020-01-22/2023-03-09,observed,csv_row_Jersey_col_8/26/22,jhu_csv_observed_v1,2022-08-26,cumulative_confirmed_cases,58890,cases,reported,
1.0,jhu_csse_deaths_global_csv,4e87757a3e059c45650a1e1856614f8e339ee3c70653c378a7ba6f7b0ee8c72e,,2020-01-22/2023-03-09,observed,csv_row_Jersey_col_8/26/22,jhu_csv_observed_v1,2022-08-26,cumulative_deaths,136,deaths,reported,
1.0,jhu_csse_confirmed_global_csv,e6234a59eec4359d2577358b5220e1a7e3da74c162913cdb7d882db1413f98c2,,2020-01-22/2023-03-09,observed,csv_row_Jersey_col_8/27/22,jhu_csv_observed_v1,2022-08-27,cumulative_confirmed_cases,58890,cases,reported,
1.0,jhu_csse_deaths_global_csv,4e87757a3e059c45650a1e1856614f8e339ee3c70653c378a7ba6f7b0ee8c72e,,2020-01-22/2023-03-09,observed,csv_row_Jersey_col_8/27/22,jhu_csv_observed_v1,2022-08-27,cumulative_deaths,136,deaths,reported,
1.0,jhu_csse_confirmed_global_csv,e6234a59eec4359d2577358b5220e1a7e3da74c162913cdb7d882db1413f98c2,,2020-01-22/2023-03-09,observed,csv_row_Jersey_col_8/28/22,jhu_csv_observed_v1,2022-08-28,cumulative_confirmed_cases,58890,cases,reported,
1.0,jhu_csse_deaths_global_csv,4e87757a3e059c45650a1e1856614f8e339ee3c70653c378a7ba6f7b0ee8c72e,,2020-01-22/2023-03-09,observed,csv_row_Jersey_col_8/28/22,jhu_csv_observed_v1,2022-08-28,cumulative_deaths,136,deaths,reported,
1.0,jhu_csse_confirmed_global_csv,e6234a59eec4359d2577358b5220e1a7e3da74c162913cdb7d882db1413f98c2,,2020-01-22/2023-03-09,observed,csv_row_Jersey_col_8/29/22,jhu_csv_observed_v1,2022-08-29,cumulative_confirmed_cases,58890,cases,reported,
1.0,jhu_csse_deaths_global_csv,4e87757a3e059c45650a1e1856614f8e339ee3c70653c378a7ba6f7b0ee8c72e,,2020-01-22/2023-03-09,observed,csv_row_Jersey_col_8/29/22,jhu_csv_observed_v1,2022-08-29,cumulative_deaths,136,deaths,reported,
1.0,jhu_csse_confirmed_global_csv,e6234a59eec4359d2577358b5220e1a7e3da74c162913cdb7d882db1413f98c2,,2020-01-22/2023-03-09,observed,csv_row_Jersey_col_8/30/22,jhu_csv_observed_v1,2022-08-30,cumulative_confirmed_cases,58890,cases,reported,
1.0,jhu_csse_deaths_global_csv,4e87757a3e059c45650a1e1856614f8e339ee3c70653c378a7ba6f7b0ee8c72e,,2020-01-22/2023-03-09,observed,csv_row_Jersey_col_8/30/22,jhu_csv_observed_v1,2022-08-30,cumulative_deaths,136,deaths,reported,
1.0,jhu_csse_confirmed_global_csv,e6234a59eec4359d2577358b5220e1a7e3da74c162913cdb7d882db1413f98c2,,2020-01-22/2023-03-09,observed,csv_row_Jersey_col_8/31/22,jhu_csv_observed_v1,2022-08-31,cumulative_confirmed_cases,58890,cases,reported,
1.0,jhu_csse_deaths_global_csv,4e87757a3e059c45650a1e1856614f8e339ee3c70653c378a7ba6f7b0ee8c72e,,2020-01-22/2023-03-09,observed,csv_row_Jersey_col_8/31/22,jhu_csv_observed_v1,2022-08-31,cumulative_deaths,136,deaths,reported,
1.0,jhu_csse_confirmed_global_csv,e6234a59eec4359d2577358b5220e1a7e3da74c162913cdb7d882db1413f98c2,,2020-01-22/2023-03-09,observed,csv_row_Jersey_col_9/1/22,jhu_csv_observed_v1,2022-09-01,cumulative_confirmed_cases,58890,cases,reported,
1.0,jhu_csse_deaths_global_csv,4e87757a3e059c45650a1e1856614f8e339ee3c70653c378a7ba6f7b0ee8c72e,,2020-01-22/2023-03-09,observed,csv_row_Jersey_col_9/1/22,jhu_csv_observed_v1,2022-09-01,cumulative_deaths,136,deaths,reported,
1.0,jhu_csse_confirmed_global_csv,e6234a59eec4359d2577358b5220e1a7e3da74c162913cdb7d882db1413f98c2,,2020-01-22/2023-03-09,observed,csv_row_Jersey_col_9/2/22,jhu_csv_observed_v1,2022-09-02,cumulative_confirmed_cases,58890,cases,reported,
1.0,jhu_csse_deaths_global_csv,4e87757a3e059c45650a1e1856614f8e339ee3c70653c378a7ba6f7b0ee8c72e,,2020-01-22/2023-03-09,observed,csv_row_Jersey_col_9/2/22,jhu_csv_observed_v1,2022-09-02,cumulative_deaths,136,deaths,reported,
1.0,jhu_csse_confirmed_global_csv,e6234a59eec4359d2577358b5220e1a7e3da74c162913cdb7d882db1413f98c2,,2020-01-22/2023-03-09,observed,csv_row_Jersey_col_9/3/22,jhu_csv_observed_v1,2022-09-03,cumulative_confirmed_cases,58890,cases,reported,
1.0,jhu_csse_deaths_global_csv,4e87757a3e059c45650a1e1856614f8e339ee3c70653c378a7ba6f7b0ee8c72e,,2020-01-22/2023-03-09,observed,csv_row_Jersey_col_9/3/22,jhu_csv_observed_v1,2022-09-03,cumulative_deaths,136,deaths,reported,
1.0,jhu_csse_confirmed_global_csv,e6234a59eec4359d2577358b5220e1a7e3da74c162913cdb7d882db1413f98c2,,2020-01-22/2023-03-09,observed,csv_row_Jersey_col_9/4/22,jhu_csv_observed_v1,2022-09-04,cumulative_confirmed_cases,58890,cases,reported,
1.0,jhu_csse_deaths_global_csv,4e87757a3e059c45650a1e1856614f8e339ee3c70653c378a7ba6f7b0ee8c72e,,2020-01-22/2023-03-09,observed,csv_row_Jersey_col_9/4/22,jhu_csv_observed_v1,2022-09-04,cumulative_deaths,136,deaths,reported,
1.0,jhu_csse_confirmed_global_csv,e6234a59eec4359d2577358b5220e1a7e3da74c162913cdb7d882db1413f98c2,,2020-01-22/2023-03-09,observed,csv_row_Jersey_col_9/5/22,jhu_csv_observed_v1,2022-09-05,cumulative_confirmed_cases,58890,cases,reported,
1.0,jhu_csse_deaths_global_csv,4e87757a3e059c45650a1e1856614f8e339ee3c70653c378a7ba6f7b0ee8c72e,,2020-01-22/2023-03-09,observed,csv_row_Jersey_col_9/5/22,jhu_csv_observed_v1,2022-09-05,cumulative_deaths,136,deaths,reported,
1.0,jhu_csse_confirmed_global_csv,e6234a59eec4359d2577358b5220e1a7e3da74c162913cdb7d882db1413f98c2,,2020-01-22/2023-03-09,observed,csv_row_Jersey_col_9/6/22,jhu_csv_observed_v1,2022-09-06,cumulative_confirmed_cases,58890,cases,reported,
1.0,jhu_csse_deaths_global_csv,4e87757a3e059c45650a1e1856614f8e339ee3c70653c378a7ba6f7b0ee8c72e,,2020-01-22/2023-03-09,observed,csv_row_Jersey_col_9/6/22,jhu_csv_observed_v1,2022-09-06,cumulative_deaths,136,deaths,reported,
1.0,jhu_csse_confirmed_global_csv,e6234a59eec4359d2577358b5220e1a7e3da74c162913cdb7d882db1413f98c2,,2020-01-22/2023-03-09,observed,csv_row_Jersey_col_9/7/22,jhu_csv_observed_v1,2022-09-07,cumulative_confirmed_cases,59163,cases,reported,
1.0,jhu_csse_deaths_global_csv,4e87757a3e059c45650a1e1856614f8e339ee3c70653c378a7ba6f7b0ee8c72e,,2020-01-22/2023-03-09,observed,csv_row_Jersey_col_9/7/22,jhu_csv_observed_v1,2022-09-07,cumulative_deaths,136,deaths,reported,
1.0,jhu_csse_confirmed_global_csv,e6234a59eec4359d2577358b5220e1a7e3da74c162913cdb7d882db1413f98c2,,2020-01-22/2023-03-09,observed,csv_row_Jersey_col_9/8/22,jhu_csv_observed_v1,2022-09-08,cumulative_confirmed_cases,59163,cases,reported,
1.0,jhu_csse_deaths_global_csv,4e87757a3e059c45650a1e1856614f8e339ee3c70653c378a7ba6f7b0ee8c72e,,2020-01-22/2023-03-09,observed,csv_row_Jersey_col_9/8/22,jhu_csv_observed_v1,2022-09-08,cumulative_deaths,136,deaths,reported,
1.0,jhu_csse_confirmed_global_csv,e6234a59eec4359d2577358b5220e1a7e3da74c162913cdb7d882db1413f98c2,,2020-01-22/2023-03-09,observed,csv_row_Jersey_col_9/9/22,jhu_csv_observed_v1,2022-09-09,cumulative_confirmed_cases,59163,cases,reported,
1.0,jhu_csse_deaths_global_csv,4e87757a3e059c45650a1e1856614f8e339ee3c70653c378a7ba6f7b0ee8c72e,,2020-01-22/2023-03-09,observed,csv_row_Jersey_col_9/9/22,jhu_csv_observed_v1,2022-09-09,cumulative_deaths,136,deaths,reported,
1.0,jhu_csse_confirmed_global_csv,e6234a59eec4359d2577358b5220e1a7e3da74c162913cdb7d882db1413f98c2,,2020-01-22/2023-03-09,observed,csv_row_Jersey_col_9/10/22,jhu_csv_observed_v1,2022-09-10,cumulative_confirmed_cases,59163,cases,reported,
1.0,jhu_csse_deaths_global_csv,4e87757a3e059c45650a1e1856614f8e339ee3c70653c378a7ba6f7b0ee8c72e,,2020-01-22/2023-03-09,observed,csv_row_Jersey_col_9/10/22,jhu_csv_observed_v1,2022-09-10,cumulative_deaths,136,deaths,reported,
1.0,jhu_csse_confirmed_global_csv,e6234a59eec4359d2577358b5220e1a7e3da74c162913cdb7d882db1413f98c2,,2020-01-22/2023-03-09,observed,csv_row_Jersey_col_9/11/22,jhu_csv_observed_v1,2022-09-11,cumulative_confirmed_cases,59163,cases,reported,
1.0,jhu_csse_deaths_global_csv,4e87757a3e059c45650a1e1856614f8e339ee3c70653c378a7ba6f7b0ee8c72e,,2020-01-22/2023-03-09,observed,csv_row_Jersey_col_9/11/22,jhu_csv_observed_v1,2022-09-11,cumulative_deaths,136,deaths,reported,
1.0,jhu_csse_confirmed_global_csv,e6234a59eec4359d2577358b5220e1a7e3da74c162913cdb7d882db1413f98c2,,2020-01-22/2023-03-09,observed,csv_row_Jersey_col_9/12/22,jhu_csv_observed_v1,2022-09-12,cumulative_confirmed_cases,59270,cases,reported,
1.0,jhu_csse_deaths_global_csv,4e87757a3e059c45650a1e1856614f8e339ee3c70653c378a7ba6f7b0ee8c72e,,2020-01-22/2023-03-09,observed,csv_row_Jersey_col_9/12/22,jhu_csv_observed_v1,2022-09-12,cumulative_deaths,137,deaths,reported,
1.0,jhu_csse_confirmed_global_csv,e6234a59eec4359d2577358b5220e1a7e3da74c162913cdb7d882db1413f98c2,,2020-01-22/2023-03-09,observed,csv_row_Jersey_col_9/13/22,jhu_csv_observed_v1,2022-09-13,cumulative_confirmed_cases,59270,cases,reported,
1.0,jhu_csse_deaths_global_csv,4e87757a3e059c45650a1e1856614f8e339ee3c70653c378a7ba6f7b0ee8c72e,,2020-01-22/2023-03-09,observed,csv_row_Jersey_col_9/13/22,jhu_csv_observed_v1,2022-09-13,cumulative_deaths,137,deaths,reported,
1.0,jhu_csse_confirmed_global_csv,e6234a59eec4359d2577358b5220e1a7e3da74c162913cdb7d882db1413f98c2,,2020-01-22/2023-03-09,observed,csv_row_Jersey_col_9/14/22,jhu_csv_observed_v1,2022-09-14,cumulative_confirmed_cases,59270,cases,reported,
1.0,jhu_csse_deaths_global_csv,4e87757a3e059c45650a1e1856614f8e339ee3c70653c378a7ba6f7b0ee8c72e,,2020-01-22/2023-03-09,observed,csv_row_Jersey_col_9/14/22,jhu_csv_observed_v1,2022-09-14,cumulative_deaths,137,deaths,reported,
1.0,jhu_csse_confirmed_global_csv,e6234a59eec4359d2577358b5220e1a7e3da74c162913cdb7d882db1413f98c2,,2020-01-22/2023-03-09,observed,csv_row_Jersey_col_9/15/22,jhu_csv_observed_v1,2022-09-15,cumulative_confirmed_cases,59270,cases,reported,
1.0,jhu_csse_deaths_global_csv,4e87757a3e059c45650a1e1856614f8e339ee3c70653c378a7ba6f7b0ee8c72e,,2020-01-22/2023-03-09,observed,csv_row_Jersey_col_9/15/22,jhu_csv_observed_v1,2022-09-15,cumulative_deaths,137,deaths,reported,
1.0,jhu_csse_confirmed_global_csv,e6234a59eec4359d2577358b5220e1a7e3da74c162913cdb7d882db1413f98c2,,2020-01-22/2023-03-09,observed,csv_row_Jersey_col_9/16/22,jhu_csv_observed_v1,2022-09-16,cumulative_confirmed_cases,59555,cases,reported,
1.0,jhu_csse_deaths_global_csv,4e87757a3e059c45650a1e1856614f8e339ee3c70653c378a7ba6f7b0ee8c72e,,2020-01-22/2023-03-09,observed,csv_row_Jersey_col_9/16/22,jhu_csv_observed_v1,2022-09-16,cumulative_deaths,138,deaths,reported,
1.0,jhu_csse_confirmed_global_csv,e6234a59eec4359d2577358b5220e1a7e3da74c162913cdb7d882db1413f98c2,,2020-01-22/2023-03-09,observed,csv_row_Jersey_col_9/17/22,jhu_csv_observed_v1,2022-09-17,cumulative_confirmed_cases,59555,cases,reported,
1.0,jhu_csse_deaths_global_csv,4e87757a3e059c45650a1e1856614f8e339ee3c70653c378a7ba6f7b0ee8c72e,,2020-01-22/2023-03-09,observed,csv_row_Jersey_col_9/17/22,jhu_csv_observed_v1,2022-09-17,cumulative_deaths,138,deaths,reported,
1.0,jhu_csse_confirmed_global_csv,e6234a59eec4359d2577358b5220e1a7e3da74c162913cdb7d882db1413f98c2,,2020-01-22/2023-03-09,observed,csv_row_Jersey_col_9/18/22,jhu_csv_observed_v1,2022-09-18,cumulative_confirmed_cases,59555,cases,reported,
1.0,jhu_csse_deaths_global_csv,4e87757a3e059c45650a1e1856614f8e339ee3c70653c378a7ba6f7b0ee8c72e,,2020-01-22/2023-03-09,observed,csv_row_Jersey_col_9/18/22,jhu_csv_observed_v1,2022-09-18,cumulative_deaths,138,deaths,reported,
1.0,jhu_csse_confirmed_global_csv,e6234a59eec4359d2577358b5220e1a7e3da74c162913cdb7d882db1413f98c2,,2020-01-22/2023-03-09,observed,csv_row_Jersey_col_9/19/22,jhu_csv_observed_v1,2022-09-19,cumulative_confirmed_cases,59555,cases,reported,
1.0,jhu_csse_deaths_global_csv,4e87757a3e059c45650a1e1856614f8e339ee3c70653c378a7ba6f7b0ee8c72e,,2020-01-22/2023-03-09,observed,csv_row_Jersey_col_9/19/22,jhu_csv_observed_v1,2022-09-19,cumulative_deaths,138,deaths,reported,
1.0,jhu_csse_confirmed_global_csv,e6234a59eec4359d2577358b5220e1a7e3da74c162913cdb7d882db1413f98c2,,2020-01-22/2023-03-09,observed,csv_row_Jersey_col_9/20/22,jhu_csv_observed_v1,2022-09-20,cumulative_confirmed_cases,59555,cases,reported,
1.0,jhu_csse_deaths_global_csv,4e87757a3e059c45650a1e1856614f8e339ee3c70653c378a7ba6f7b0ee8c72e,,2020-01-22/2023-03-09,observed,csv_row_Jersey_col_9/20/22,jhu_csv_observed_v1,2022-09-20,cumulative_deaths,138,deaths,reported,
1.0,jhu_csse_confirmed_global_csv,e6234a59eec4359d2577358b5220e1a7e3da74c162913cdb7d882db1413f98c2,,2020-01-22/2023-03-09,observed,csv_row_Jersey_col_9/21/22,jhu_csv_observed_v1,2022-09-21,cumulative_confirmed_cases,59555,cases,reported,
1.0,jhu_csse_deaths_global_csv,4e87757a3e059c45650a1e1856614f8e339ee3c70653c378a7ba6f7b0ee8c72e,,2020-01-22/2023-03-09,observed,csv_row_Jersey_col_9/21/22,jhu_csv_observed_v1,2022-09-21,cumulative_deaths,138,deaths,reported,
1.0,jhu_csse_confirmed_global_csv,e6234a59eec4359d2577358b5220e1a7e3da74c162913cdb7d882db1413f98c2,,2020-01-22/2023-03-09,observed,csv_row_Jersey_col_9/22/22,jhu_csv_observed_v1,2022-09-22,cumulative_confirmed_cases,59555,cases,reported,
1.0,jhu_csse_deaths_global_csv,4e87757a3e059c45650a1e1856614f8e339ee3c70653c378a7ba6f7b0ee8c72e,,2020-01-22/2023-03-09,observed,csv_row_Jersey_col_9/22/22,jhu_csv_observed_v1,2022-09-22,cumulative_deaths,138,deaths,reported,
1.0,jhu_csse_confirmed_global_csv,e6234a59eec4359d2577358b5220e1a7e3da74c162913cdb7d882db1413f98c2,,2020-01-22/2023-03-09,observed,csv_row_Jersey_col_9/23/22,jhu_csv_observed_v1,2022-09-23,cumulative_confirmed_cases,59874,cases,reported,
1.0,jhu_csse_deaths_global_csv,4e87757a3e059c45650a1e1856614f8e339ee3c70653c378a7ba6f7b0ee8c72e,,2020-01-22/2023-03-09,observed,csv_row_Jersey_col_9/23/22,jhu_csv_observed_v1,2022-09-23,cumulative_deaths,138,deaths,reported,
1.0,jhu_csse_confirmed_global_csv,e6234a59eec4359d2577358b5220e1a7e3da74c162913cdb7d882db1413f98c2,,2020-01-22/2023-03-09,observed,csv_row_Jersey_col_9/24/22,jhu_csv_observed_v1,2022-09-24,cumulative_confirmed_cases,59874,cases,reported,
1.0,jhu_csse_deaths_global_csv,4e87757a3e059c45650a1e1856614f8e339ee3c70653c378a7ba6f7b0ee8c72e,,2020-01-22/2023-03-09,observed,csv_row_Jersey_col_9/24/22,jhu_csv_observed_v1,2022-09-24,cumulative_deaths,138,deaths,reported,
1.0,jhu_csse_confirmed_global_csv,e6234a59eec4359d2577358b5220e1a7e3da74c162913cdb7d882db1413f98c2,,2020-01-22/2023-03-09,observed,csv_row_Jersey_col_9/25/22,jhu_csv_observed_v1,2022-09-25,cumulative_confirmed_cases,59874,cases,reported,
1.0,jhu_csse_deaths_global_csv,4e87757a3e059c45650a1e1856614f8e339ee3c70653c378a7ba6f7b0ee8c72e,,2020-01-22/2023-03-09,observed,csv_row_Jersey_col_9/25/22,jhu_csv_observed_v1,2022-09-25,cumulative_deaths,138,deaths,reported,
1.0,jhu_csse_confirmed_global_csv,e6234a59eec4359d2577358b5220e1a7e3da74c162913cdb7d882db1413f98c2,,2020-01-22/2023-03-09,observed,csv_row_Jersey_col_9/26/22,jhu_csv_observed_v1,2022-09-26,cumulative_confirmed_cases,59874,cases,reported,
1.0,jhu_csse_deaths_global_csv,4e87757a3e059c45650a1e1856614f8e339ee3c70653c378a7ba6f7b0ee8c72e,,2020-01-22/2023-03-09,observed,csv_row_Jersey_col_9/26/22,jhu_csv_observed_v1,2022-09-26,cumulative_deaths,138,deaths,reported,
1.0,jhu_csse_confirmed_global_csv,e6234a59eec4359d2577358b5220e1a7e3da74c162913cdb7d882db1413f98c2,,2020-01-22/2023-03-09,observed,csv_row_Jersey_col_9/27/22,jhu_csv_observed_v1,2022-09-27,cumulative_confirmed_cases,59874,cases,reported,
1.0,jhu_csse_deaths_global_csv,4e87757a3e059c45650a1e1856614f8e339ee3c70653c378a7ba6f7b0ee8c72e,,2020-01-22/2023-03-09,observed,csv_row_Jersey_col_9/27/22,jhu_csv_observed_v1,2022-09-27,cumulative_deaths,138,deaths,reported,
1.0,jhu_csse_confirmed_global_csv,e6234a59eec4359d2577358b5220e1a7e3da74c162913cdb7d882db1413f98c2,,2020-01-22/2023-03-09,observed,csv_row_Jersey_col_9/28/22,jhu_csv_observed_v1,2022-09-28,cumulative_confirmed_cases,59874,cases,reported,
1.0,jhu_csse_deaths_global_csv,4e87757a3e059c45650a1e1856614f8e339ee3c70653c378a7ba6f7b0ee8c72e,,2020-01-22/2023-03-09,observed,csv_row_Jersey_col_9/28/22,jhu_csv_observed_v1,2022-09-28,cumulative_deaths,138,deaths,reported,
1.0,jhu_csse_confirmed_global_csv,e6234a59eec4359d2577358b5220e1a7e3da74c162913cdb7d882db1413f98c2,,2020-01-22/2023-03-09,observed,csv_row_Jersey_col_9/29/22,jhu_csv_observed_v1,2022-09-29,cumulative_confirmed_cases,59874,cases,reported,
1.0,jhu_csse_deaths_global_csv,4e87757a3e059c45650a1e1856614f8e339ee3c70653c378a7ba6f7b0ee8c72e,,2020-01-22/2023-03-09,observed,csv_row_Jersey_col_9/29/22,jhu_csv_observed_v1,2022-09-29,cumulative_deaths,138,deaths,reported,
1.0,jhu_csse_confirmed_global_csv,e6234a59eec4359d2577358b5220e1a7e3da74c162913cdb7d882db1413f98c2,,2020-01-22/2023-03-09,observed,csv_row_Jersey_col_9/30/22,jhu_csv_observed_v1,2022-09-30,cumulative_confirmed_cases,59874,cases,reported,
1.0,jhu_csse_deaths_global_csv,4e87757a3e059c45650a1e1856614f8e339ee3c70653c378a7ba6f7b0ee8c72e,,2020-01-22/2023-03-09,observed,csv_row_Jersey_col_9/30/22,jhu_csv_observed_v1,2022-09-30,cumulative_deaths,138,deaths,reported,
1.0,jhu_csse_confirmed_global_csv,e6234a59eec4359d2577358b5220e1a7e3da74c162913cdb7d882db1413f98c2,,2020-01-22/2023-03-09,observed,csv_row_Jersey_col_10/1/22,jhu_csv_observed_v1,2022-10-01,cumulative_confirmed_cases,59874,cases,reported,
1.0,jhu_csse_deaths_global_csv,4e87757a3e059c45650a1e1856614f8e339ee3c70653c378a7ba6f7b0ee8c72e,,2020-01-22/2023-03-09,observed,csv_row_Jersey_col_10/1/22,jhu_csv_observed_v1,2022-10-01,cumulative_deaths,138,deaths,reported,
1.0,jhu_csse_confirmed_global_csv,e6234a59eec4359d2577358b5220e1a7e3da74c162913cdb7d882db1413f98c2,,2020-01-22/2023-03-09,observed,csv_row_Jersey_col_10/2/22,jhu_csv_observed_v1,2022-10-02,cumulative_confirmed_cases,59874,cases,reported,
1.0,jhu_csse_deaths_global_csv,4e87757a3e059c45650a1e1856614f8e339ee3c70653c378a7ba6f7b0ee8c72e,,2020-01-22/2023-03-09,observed,csv_row_Jersey_col_10/2/22,jhu_csv_observed_v1,2022-10-02,cumulative_deaths,138,deaths,reported,
1.0,jhu_csse_confirmed_global_csv,e6234a59eec4359d2577358b5220e1a7e3da74c162913cdb7d882db1413f98c2,,2020-01-22/2023-03-09,observed,csv_row_Jersey_col_10/3/22,jhu_csv_observed_v1,2022-10-03,cumulative_confirmed_cases,59874,cases,reported,
1.0,jhu_csse_deaths_global_csv,4e87757a3e059c45650a1e1856614f8e339ee3c70653c378a7ba6f7b0ee8c72e,,2020-01-22/2023-03-09,observed,csv_row_Jersey_col_10/3/22,jhu_csv_observed_v1,2022-10-03,cumulative_deaths,138,deaths,reported,
1.0,jhu_csse_confirmed_global_csv,e6234a59eec4359d2577358b5220e1a7e3da74c162913cdb7d882db1413f98c2,,2020-01-22/2023-03-09,observed,csv_row_Jersey_col_10/4/22,jhu_csv_observed_v1,2022-10-04,cumulative_confirmed_cases,59874,cases,reported,
1.0,jhu_csse_deaths_global_csv,4e87757a3e059c45650a1e1856614f8e339ee3c70653c378a7ba6f7b0ee8c72e,,2020-01-22/2023-03-09,observed,csv_row_Jersey_col_10/4/22,jhu_csv_observed_v1,2022-10-04,cumulative_deaths,138,deaths,reported,
1.0,jhu_csse_confirmed_global_csv,e6234a59eec4359d2577358b5220e1a7e3da74c162913cdb7d882db1413f98c2,,2020-01-22/2023-03-09,observed,csv_row_Jersey_col_10/5/22,jhu_csv_observed_v1,2022-10-05,cumulative_confirmed_cases,60252,cases,reported,
1.0,jhu_csse_deaths_global_csv,4e87757a3e059c45650a1e1856614f8e339ee3c70653c378a7ba6f7b0ee8c72e,,2020-01-22/2023-03-09,observed,csv_row_Jersey_col_10/5/22,jhu_csv_observed_v1,2022-10-05,cumulative_deaths,139,deaths,reported,
1.0,jhu_csse_confirmed_global_csv,e6234a59eec4359d2577358b5220e1a7e3da74c162913cdb7d882db1413f98c2,,2020-01-22/2023-03-09,observed,csv_row_Jersey_col_10/6/22,jhu_csv_observed_v1,2022-10-06,cumulative_confirmed_cases,60252,cases,reported,
1.0,jhu_csse_deaths_global_csv,4e87757a3e059c45650a1e1856614f8e339ee3c70653c378a7ba6f7b0ee8c72e,,2020-01-22/2023-03-09,observed,csv_row_Jersey_col_10/6/22,jhu_csv_observed_v1,2022-10-06,cumulative_deaths,139,deaths,reported,
1.0,jhu_csse_confirmed_global_csv,e6234a59eec4359d2577358b5220e1a7e3da74c162913cdb7d882db1413f98c2,,2020-01-22/2023-03-09,observed,csv_row_Jersey_col_10/7/22,jhu_csv_observed_v1,2022-10-07,cumulative_confirmed_cases,60646,cases,reported,
1.0,jhu_csse_deaths_global_csv,4e87757a3e059c45650a1e1856614f8e339ee3c70653c378a7ba6f7b0ee8c72e,,2020-01-22/2023-03-09,observed,csv_row_Jersey_col_10/7/22,jhu_csv_observed_v1,2022-10-07,cumulative_deaths,141,deaths,reported,
1.0,jhu_csse_confirmed_global_csv,e6234a59eec4359d2577358b5220e1a7e3da74c162913cdb7d882db1413f98c2,,2020-01-22/2023-03-09,observed,csv_row_Jersey_col_10/8/22,jhu_csv_observed_v1,2022-10-08,cumulative_confirmed_cases,60646,cases,reported,
1.0,jhu_csse_deaths_global_csv,4e87757a3e059c45650a1e1856614f8e339ee3c70653c378a7ba6f7b0ee8c72e,,2020-01-22/2023-03-09,observed,csv_row_Jersey_col_10/8/22,jhu_csv_observed_v1,2022-10-08,cumulative_deaths,141,deaths,reported,
1.0,jhu_csse_confirmed_global_csv,e6234a59eec4359d2577358b5220e1a7e3da74c162913cdb7d882db1413f98c2,,2020-01-22/2023-03-09,observed,csv_row_Jersey_col_10/9/22,jhu_csv_observed_v1,2022-10-09,cumulative_confirmed_cases,60646,cases,reported,
1.0,jhu_csse_deaths_global_csv,4e87757a3e059c45650a1e1856614f8e339ee3c70653c378a7ba6f7b0ee8c72e,,2020-01-22/2023-03-09,observed,csv_row_Jersey_col_10/9/22,jhu_csv_observed_v1,2022-10-09,cumulative_deaths,141,deaths,reported,
1.0,jhu_csse_confirmed_global_csv,e6234a59eec4359d2577358b5220e1a7e3da74c162913cdb7d882db1413f98c2,,2020-01-22/2023-03-09,observed,csv_row_Jersey_col_10/10/22,jhu_csv_observed_v1,2022-10-10,cumulative_confirmed_cases,60646,cases,reported,
1.0,jhu_csse_deaths_global_csv,4e87757a3e059c45650a1e1856614f8e339ee3c70653c378a7ba6f7b0ee8c72e,,2020-01-22/2023-03-09,observed,csv_row_Jersey_col_10/10/22,jhu_csv_observed_v1,2022-10-10,cumulative_deaths,141,deaths,reported,
1.0,jhu_csse_confirmed_global_csv,e6234a59eec4359d2577358b5220e1a7e3da74c162913cdb7d882db1413f98c2,,2020-01-22/2023-03-09,observed,csv_row_Jersey_col_10/11/22,jhu_csv_observed_v1,2022-10-11,cumulative_confirmed_cases,60646,cases,reported,
1.0,jhu_csse_deaths_global_csv,4e87757a3e059c45650a1e1856614f8e339ee3c70653c378a7ba6f7b0ee8c72e,,2020-01-22/2023-03-09,observed,csv_row_Jersey_col_10/11/22,jhu_csv_observed_v1,2022-10-11,cumulative_deaths,141,deaths,reported,
1.0,jhu_csse_confirmed_global_csv,e6234a59eec4359d2577358b5220e1a7e3da74c162913cdb7d882db1413f98c2,,2020-01-22/2023-03-09,observed,csv_row_Jersey_col_10/12/22,jhu_csv_observed_v1,2022-10-12,cumulative_confirmed_cases,60646,cases,reported,
1.0,jhu_csse_deaths_global_csv,4e87757a3e059c45650a1e1856614f8e339ee3c70653c378a7ba6f7b0ee8c72e,,2020-01-22/2023-03-09,observed,csv_row_Jersey_col_10/12/22,jhu_csv_observed_v1,2022-10-12,cumulative_deaths,141,deaths,reported,
1.0,jhu_csse_confirmed_global_csv,e6234a59eec4359d2577358b5220e1a7e3da74c162913cdb7d882db1413f98c2,,2020-01-22/2023-03-09,observed,csv_row_Jersey_col_10/13/22,jhu_csv_observed_v1,2022-10-13,cumulative_confirmed_cases,60646,cases,reported,
1.0,jhu_csse_deaths_global_csv,4e87757a3e059c45650a1e1856614f8e339ee3c70653c378a7ba6f7b0ee8c72e,,2020-01-22/2023-03-09,observed,csv_row_Jersey_col_10/13/22,jhu_csv_observed_v1,2022-10-13,cumulative_deaths,141,deaths,reported,
1.0,jhu_csse_confirmed_global_csv,e6234a59eec4359d2577358b5220e1a7e3da74c162913cdb7d882db1413f98c2,,2020-01-22/2023-03-09,observed,csv_row_Jersey_col_10/14/22,jhu_csv_observed_v1,2022-10-14,cumulative_confirmed_cases,61048,cases,reported,
1.0,jhu_csse_deaths_global_csv,4e87757a3e059c45650a1e1856614f8e339ee3c70653c378a7ba6f7b0ee8c72e,,2020-01-22/2023-03-09,observed,csv_row_Jersey_col_10/14/22,jhu_csv_observed_v1,2022-10-14,cumulative_deaths,141,deaths,reported,
1.0,jhu_csse_confirmed_global_csv,e6234a59eec4359d2577358b5220e1a7e3da74c162913cdb7d882db1413f98c2,,2020-01-22/2023-03-09,observed,csv_row_Jersey_col_10/15/22,jhu_csv_observed_v1,2022-10-15,cumulative_confirmed_cases,61048,cases,reported,
1.0,jhu_csse_deaths_global_csv,4e87757a3e059c45650a1e1856614f8e339ee3c70653c378a7ba6f7b0ee8c72e,,2020-01-22/2023-03-09,observed,csv_row_Jersey_col_10/15/22,jhu_csv_observed_v1,2022-10-15,cumulative_deaths,141,deaths,reported,
1.0,jhu_csse_confirmed_global_csv,e6234a59eec4359d2577358b5220e1a7e3da74c162913cdb7d882db1413f98c2,,2020-01-22/2023-03-09,observed,csv_row_Jersey_col_10/16/22,jhu_csv_observed_v1,2022-10-16,cumulative_confirmed_cases,61048,cases,reported,
1.0,jhu_csse_deaths_global_csv,4e87757a3e059c45650a1e1856614f8e339ee3c70653c378a7ba6f7b0ee8c72e,,2020-01-22/2023-03-09,observed,csv_row_Jersey_col_10/16/22,jhu_csv_observed_v1,2022-10-16,cumulative_deaths,141,deaths,reported,
1.0,jhu_csse_confirmed_global_csv,e6234a59eec4359d2577358b5220e1a7e3da74c162913cdb7d882db1413f98c2,,2020-01-22/2023-03-09,observed,csv_row_Jersey_col_10/17/22,jhu_csv_observed_v1,2022-10-17,cumulative_confirmed_cases,61048,cases,reported,
1.0,jhu_csse_deaths_global_csv,4e87757a3e059c45650a1e1856614f8e339ee3c70653c378a7ba6f7b0ee8c72e,,2020-01-22/2023-03-09,observed,csv_row_Jersey_col_10/17/22,jhu_csv_observed_v1,2022-10-17,cumulative_deaths,141,deaths,reported,
1.0,jhu_csse_confirmed_global_csv,e6234a59eec4359d2577358b5220e1a7e3da74c162913cdb7d882db1413f98c2,,2020-01-22/2023-03-09,observed,csv_row_Jersey_col_10/18/22,jhu_csv_observed_v1,2022-10-18,cumulative_confirmed_cases,61048,cases,reported,
1.0,jhu_csse_deaths_global_csv,4e87757a3e059c45650a1e1856614f8e339ee3c70653c378a7ba6f7b0ee8c72e,,2020-01-22/2023-03-09,observed,csv_row_Jersey_col_10/18/22,jhu_csv_observed_v1,2022-10-18,cumulative_deaths,141,deaths,reported,
1.0,jhu_csse_confirmed_global_csv,e6234a59eec4359d2577358b5220e1a7e3da74c162913cdb7d882db1413f98c2,,2020-01-22/2023-03-09,observed,csv_row_Jersey_col_10/19/22,jhu_csv_observed_v1,2022-10-19,cumulative_confirmed_cases,61048,cases,reported,
1.0,jhu_csse_deaths_global_csv,4e87757a3e059c45650a1e1856614f8e339ee3c70653c378a7ba6f7b0ee8c72e,,2020-01-22/2023-03-09,observed,csv_row_Jersey_col_10/19/22,jhu_csv_observed_v1,2022-10-19,cumulative_deaths,141,deaths,reported,
1.0,jhu_csse_confirmed_global_csv,e6234a59eec4359d2577358b5220e1a7e3da74c162913cdb7d882db1413f98c2,,2020-01-22/2023-03-09,observed,csv_row_Jersey_col_10/20/22,jhu_csv_observed_v1,2022-10-20,cumulative_confirmed_cases,61048,cases,reported,
1.0,jhu_csse_deaths_global_csv,4e87757a3e059c45650a1e1856614f8e339ee3c70653c378a7ba6f7b0ee8c72e,,2020-01-22/2023-03-09,observed,csv_row_Jersey_col_10/20/22,jhu_csv_observed_v1,2022-10-20,cumulative_deaths,141,deaths,reported,
1.0,jhu_csse_confirmed_global_csv,e6234a59eec4359d2577358b5220e1a7e3da74c162913cdb7d882db1413f98c2,,2020-01-22/2023-03-09,observed,csv_row_Jersey_col_10/21/22,jhu_csv_observed_v1,2022-10-21,cumulative_confirmed_cases,61389,cases,reported,
1.0,jhu_csse_deaths_global_csv,4e87757a3e059c45650a1e1856614f8e339ee3c70653c378a7ba6f7b0ee8c72e,,2020-01-22/2023-03-09,observed,csv_row_Jersey_col_10/21/22,jhu_csv_observed_v1,2022-10-21,cumulative_deaths,141,deaths,reported,
1.0,jhu_csse_confirmed_global_csv,e6234a59eec4359d2577358b5220e1a7e3da74c162913cdb7d882db1413f98c2,,2020-01-22/2023-03-09,observed,csv_row_Jersey_col_10/22/22,jhu_csv_observed_v1,2022-10-22,cumulative_confirmed_cases,61389,cases,reported,
1.0,jhu_csse_deaths_global_csv,4e87757a3e059c45650a1e1856614f8e339ee3c70653c378a7ba6f7b0ee8c72e,,2020-01-22/2023-03-09,observed,csv_row_Jersey_col_10/22/22,jhu_csv_observed_v1,2022-10-22,cumulative_deaths,141,deaths,reported,
1.0,jhu_csse_confirmed_global_csv,e6234a59eec4359d2577358b5220e1a7e3da74c162913cdb7d882db1413f98c2,,2020-01-22/2023-03-09,observed,csv_row_Jersey_col_10/23/22,jhu_csv_observed_v1,2022-10-23,cumulative_confirmed_cases,61389,cases,reported,
1.0,jhu_csse_deaths_global_csv,4e87757a3e059c45650a1e1856614f8e339ee3c70653c378a7ba6f7b0ee8c72e,,2020-01-22/2023-03-09,observed,csv_row_Jersey_col_10/23/22,jhu_csv_observed_v1,2022-10-23,cumulative_deaths,141,deaths,reported,
1.0,jhu_csse_confirmed_global_csv,e6234a59eec4359d2577358b5220e1a7e3da74c162913cdb7d882db1413f98c2,,2020-01-22/2023-03-09,observed,csv_row_Jersey_col_10/24/22,jhu_csv_observed_v1,2022-10-24,cumulative_confirmed_cases,61389,cases,reported,
1.0,jhu_csse_deaths_global_csv,4e87757a3e059c45650a1e1856614f8e339ee3c70653c378a7ba6f7b0ee8c72e,,2020-01-22/2023-03-09,observed,csv_row_Jersey_col_10/24/22,jhu_csv_observed_v1,2022-10-24,cumulative_deaths,141,deaths,reported,
1.0,jhu_csse_confirmed_global_csv,e6234a59eec4359d2577358b5220e1a7e3da74c162913cdb7d882db1413f98c2,,2020-01-22/2023-03-09,observed,csv_row_Jersey_col_10/25/22,jhu_csv_observed_v1,2022-10-25,cumulative_confirmed_cases,61389,cases,reported,
1.0,jhu_csse_deaths_global_csv,4e87757a3e059c45650a1e1856614f8e339ee3c70653c378a7ba6f7b0ee8c72e,,2020-01-22/2023-03-09,observed,csv_row_Jersey_col_10/25/22,jhu_csv_observed_v1,2022-10-25,cumulative_deaths,141,deaths,reported,
1.0,jhu_csse_confirmed_global_csv,e6234a59eec4359d2577358b5220e1a7e3da74c162913cdb7d882db1413f98c2,,2020-01-22/2023-03-09,observed,csv_row_Jersey_col_10/26/22,jhu_csv_observed_v1,2022-10-26,cumulative_confirmed_cases,61389,cases,reported,
1.0,jhu_csse_deaths_global_csv,4e87757a3e059c45650a1e1856614f8e339ee3c70653c378a7ba6f7b0ee8c72e,,2020-01-22/2023-03-09,observed,csv_row_Jersey_col_10/26/22,jhu_csv_observed_v1,2022-10-26,cumulative_deaths,141,deaths,reported,
1.0,jhu_csse_confirmed_global_csv,e6234a59eec4359d2577358b5220e1a7e3da74c162913cdb7d882db1413f98c2,,2020-01-22/2023-03-09,observed,csv_row_Jersey_col_10/27/22,jhu_csv_observed_v1,2022-10-27,cumulative_confirmed_cases,61389,cases,reported,
1.0,jhu_csse_deaths_global_csv,4e87757a3e059c45650a1e1856614f8e339ee3c70653c378a7ba6f7b0ee8c72e,,2020-01-22/2023-03-09,observed,csv_row_Jersey_col_10/27/22,jhu_csv_observed_v1,2022-10-27,cumulative_deaths,141,deaths,reported,
1.0,jhu_csse_confirmed_global_csv,e6234a59eec4359d2577358b5220e1a7e3da74c162913cdb7d882db1413f98c2,,2020-01-22/2023-03-09,observed,csv_row_Jersey_col_10/28/22,jhu_csv_observed_v1,2022-10-28,cumulative_confirmed_cases,61656,cases,reported,
1.0,jhu_csse_deaths_global_csv,4e87757a3e059c45650a1e1856614f8e339ee3c70653c378a7ba6f7b0ee8c72e,,2020-01-22/2023-03-09,observed,csv_row_Jersey_col_10/28/22,jhu_csv_observed_v1,2022-10-28,cumulative_deaths,141,deaths,reported,
1.0,jhu_csse_confirmed_global_csv,e6234a59eec4359d2577358b5220e1a7e3da74c162913cdb7d882db1413f98c2,,2020-01-22/2023-03-09,observed,csv_row_Jersey_col_10/29/22,jhu_csv_observed_v1,2022-10-29,cumulative_confirmed_cases,61656,cases,reported,
1.0,jhu_csse_deaths_global_csv,4e87757a3e059c45650a1e1856614f8e339ee3c70653c378a7ba6f7b0ee8c72e,,2020-01-22/2023-03-09,observed,csv_row_Jersey_col_10/29/22,jhu_csv_observed_v1,2022-10-29,cumulative_deaths,141,deaths,reported,
1.0,jhu_csse_confirmed_global_csv,e6234a59eec4359d2577358b5220e1a7e3da74c162913cdb7d882db1413f98c2,,2020-01-22/2023-03-09,observed,csv_row_Jersey_col_10/30/22,jhu_csv_observed_v1,2022-10-30,cumulative_confirmed_cases,61656,cases,reported,
1.0,jhu_csse_deaths_global_csv,4e87757a3e059c45650a1e1856614f8e339ee3c70653c378a7ba6f7b0ee8c72e,,2020-01-22/2023-03-09,observed,csv_row_Jersey_col_10/30/22,jhu_csv_observed_v1,2022-10-30,cumulative_deaths,141,deaths,reported,
1.0,jhu_csse_confirmed_global_csv,e6234a59eec4359d2577358b5220e1a7e3da74c162913cdb7d882db1413f98c2,,2020-01-22/2023-03-09,observed,csv_row_Jersey_col_10/31/22,jhu_csv_observed_v1,2022-10-31,cumulative_confirmed_cases,61656,cases,reported,
1.0,jhu_csse_deaths_global_csv,4e87757a3e059c45650a1e1856614f8e339ee3c70653c378a7ba6f7b0ee8c72e,,2020-01-22/2023-03-09,observed,csv_row_Jersey_col_10/31/22,jhu_csv_observed_v1,2022-10-31,cumulative_deaths,141,deaths,reported,
1.0,jhu_csse_confirmed_global_csv,e6234a59eec4359d2577358b5220e1a7e3da74c162913cdb7d882db1413f98c2,,2020-01-22/2023-03-09,observed,csv_row_Jersey_col_11/1/22,jhu_csv_observed_v1,2022-11-01,cumulative_confirmed_cases,61656,cases,reported,
1.0,jhu_csse_deaths_global_csv,4e87757a3e059c45650a1e1856614f8e339ee3c70653c378a7ba6f7b0ee8c72e,,2020-01-22/2023-03-09,observed,csv_row_Jersey_col_11/1/22,jhu_csv_observed_v1,2022-11-01,cumulative_deaths,141,deaths,reported,
1.0,jhu_csse_confirmed_global_csv,e6234a59eec4359d2577358b5220e1a7e3da74c162913cdb7d882db1413f98c2,,2020-01-22/2023-03-09,observed,csv_row_Jersey_col_11/2/22,jhu_csv_observed_v1,2022-11-02,cumulative_confirmed_cases,61656,cases,reported,
1.0,jhu_csse_deaths_global_csv,4e87757a3e059c45650a1e1856614f8e339ee3c70653c378a7ba6f7b0ee8c72e,,2020-01-22/2023-03-09,observed,csv_row_Jersey_col_11/2/22,jhu_csv_observed_v1,2022-11-02,cumulative_deaths,141,deaths,reported,
1.0,jhu_csse_confirmed_global_csv,e6234a59eec4359d2577358b5220e1a7e3da74c162913cdb7d882db1413f98c2,,2020-01-22/2023-03-09,observed,csv_row_Jersey_col_11/3/22,jhu_csv_observed_v1,2022-11-03,cumulative_confirmed_cases,61656,cases,reported,
1.0,jhu_csse_deaths_global_csv,4e87757a3e059c45650a1e1856614f8e339ee3c70653c378a7ba6f7b0ee8c72e,,2020-01-22/2023-03-09,observed,csv_row_Jersey_col_11/3/22,jhu_csv_observed_v1,2022-11-03,cumulative_deaths,141,deaths,reported,
1.0,jhu_csse_confirmed_global_csv,e6234a59eec4359d2577358b5220e1a7e3da74c162913cdb7d882db1413f98c2,,2020-01-22/2023-03-09,observed,csv_row_Jersey_col_11/4/22,jhu_csv_observed_v1,2022-11-04,cumulative_confirmed_cases,62014,cases,reported,
1.0,jhu_csse_deaths_global_csv,4e87757a3e059c45650a1e1856614f8e339ee3c70653c378a7ba6f7b0ee8c72e,,2020-01-22/2023-03-09,observed,csv_row_Jersey_col_11/4/22,jhu_csv_observed_v1,2022-11-04,cumulative_deaths,141,deaths,reported,
1.0,jhu_csse_confirmed_global_csv,e6234a59eec4359d2577358b5220e1a7e3da74c162913cdb7d882db1413f98c2,,2020-01-22/2023-03-09,observed,csv_row_Jersey_col_11/5/22,jhu_csv_observed_v1,2022-11-05,cumulative_confirmed_cases,62014,cases,reported,
1.0,jhu_csse_deaths_global_csv,4e87757a3e059c45650a1e1856614f8e339ee3c70653c378a7ba6f7b0ee8c72e,,2020-01-22/2023-03-09,observed,csv_row_Jersey_col_11/5/22,jhu_csv_observed_v1,2022-11-05,cumulative_deaths,141,deaths,reported,
1.0,jhu_csse_confirmed_global_csv,e6234a59eec4359d2577358b5220e1a7e3da74c162913cdb7d882db1413f98c2,,2020-01-22/2023-03-09,observed,csv_row_Jersey_col_11/6/22,jhu_csv_observed_v1,2022-11-06,cumulative_confirmed_cases,62014,cases,reported,
1.0,jhu_csse_deaths_global_csv,4e87757a3e059c45650a1e1856614f8e339ee3c70653c378a7ba6f7b0ee8c72e,,2020-01-22/2023-03-09,observed,csv_row_Jersey_col_11/6/22,jhu_csv_observed_v1,2022-11-06,cumulative_deaths,141,deaths,reported,
1.0,jhu_csse_confirmed_global_csv,e6234a59eec4359d2577358b5220e1a7e3da74c162913cdb7d882db1413f98c2,,2020-01-22/2023-03-09,observed,csv_row_Jersey_col_11/7/22,jhu_csv_observed_v1,2022-11-07,cumulative_confirmed_cases,62014,cases,reported,
1.0,jhu_csse_deaths_global_csv,4e87757a3e059c45650a1e1856614f8e339ee3c70653c378a7ba6f7b0ee8c72e,,2020-01-22/2023-03-09,observed,csv_row_Jersey_col_11/7/22,jhu_csv_observed_v1,2022-11-07,cumulative_deaths,141,deaths,reported,
1.0,jhu_csse_confirmed_global_csv,e6234a59eec4359d2577358b5220e1a7e3da74c162913cdb7d882db1413f98c2,,2020-01-22/2023-03-09,observed,csv_row_Jersey_col_11/8/22,jhu_csv_observed_v1,2022-11-08,cumulative_confirmed_cases,62014,cases,reported,
1.0,jhu_csse_deaths_global_csv,4e87757a3e059c45650a1e1856614f8e339ee3c70653c378a7ba6f7b0ee8c72e,,2020-01-22/2023-03-09,observed,csv_row_Jersey_col_11/8/22,jhu_csv_observed_v1,2022-11-08,cumulative_deaths,141,deaths,reported,
1.0,jhu_csse_confirmed_global_csv,e6234a59eec4359d2577358b5220e1a7e3da74c162913cdb7d882db1413f98c2,,2020-01-22/2023-03-09,observed,csv_row_Jersey_col_11/9/22,jhu_csv_observed_v1,2022-11-09,cumulative_confirmed_cases,62014,cases,reported,
1.0,jhu_csse_deaths_global_csv,4e87757a3e059c45650a1e1856614f8e339ee3c70653c378a7ba6f7b0ee8c72e,,2020-01-22/2023-03-09,observed,csv_row_Jersey_col_11/9/22,jhu_csv_observed_v1,2022-11-09,cumulative_deaths,141,deaths,reported,
1.0,jhu_csse_confirmed_global_csv,e6234a59eec4359d2577358b5220e1a7e3da74c162913cdb7d882db1413f98c2,,2020-01-22/2023-03-09,observed,csv_row_Jersey_col_11/10/22,jhu_csv_observed_v1,2022-11-10,cumulative_confirmed_cases,62014,cases,reported,
1.0,jhu_csse_deaths_global_csv,4e87757a3e059c45650a1e1856614f8e339ee3c70653c378a7ba6f7b0ee8c72e,,2020-01-22/2023-03-09,observed,csv_row_Jersey_col_11/10/22,jhu_csv_observed_v1,2022-11-10,cumulative_deaths,141,deaths,reported,
1.0,jhu_csse_confirmed_global_csv,e6234a59eec4359d2577358b5220e1a7e3da74c162913cdb7d882db1413f98c2,,2020-01-22/2023-03-09,observed,csv_row_Jersey_col_11/11/22,jhu_csv_observed_v1,2022-11-11,cumulative_confirmed_cases,62014,cases,reported,
1.0,jhu_csse_deaths_global_csv,4e87757a3e059c45650a1e1856614f8e339ee3c70653c378a7ba6f7b0ee8c72e,,2020-01-22/2023-03-09,observed,csv_row_Jersey_col_11/11/22,jhu_csv_observed_v1,2022-11-11,cumulative_deaths,141,deaths,reported,
1.0,jhu_csse_confirmed_global_csv,e6234a59eec4359d2577358b5220e1a7e3da74c162913cdb7d882db1413f98c2,,2020-01-22/2023-03-09,observed,csv_row_Jersey_col_11/12/22,jhu_csv_observed_v1,2022-11-12,cumulative_confirmed_cases,62014,cases,reported,
1.0,jhu_csse_deaths_global_csv,4e87757a3e059c45650a1e1856614f8e339ee3c70653c378a7ba6f7b0ee8c72e,,2020-01-22/2023-03-09,observed,csv_row_Jersey_col_11/12/22,jhu_csv_observed_v1,2022-11-12,cumulative_deaths,141,deaths,reported,
1.0,jhu_csse_confirmed_global_csv,e6234a59eec4359d2577358b5220e1a7e3da74c162913cdb7d882db1413f98c2,,2020-01-22/2023-03-09,observed,csv_row_Jersey_col_11/13/22,jhu_csv_observed_v1,2022-11-13,cumulative_confirmed_cases,62014,cases,reported,
1.0,jhu_csse_deaths_global_csv,4e87757a3e059c45650a1e1856614f8e339ee3c70653c378a7ba6f7b0ee8c72e,,2020-01-22/2023-03-09,observed,csv_row_Jersey_col_11/13/22,jhu_csv_observed_v1,2022-11-13,cumulative_deaths,141,deaths,reported,
1.0,jhu_csse_confirmed_global_csv,e6234a59eec4359d2577358b5220e1a7e3da74c162913cdb7d882db1413f98c2,,2020-01-22/2023-03-09,observed,csv_row_Jersey_col_11/14/22,jhu_csv_observed_v1,2022-11-14,cumulative_confirmed_cases,62317,cases,reported,
1.0,jhu_csse_deaths_global_csv,4e87757a3e059c45650a1e1856614f8e339ee3c70653c378a7ba6f7b0ee8c72e,,2020-01-22/2023-03-09,observed,csv_row_Jersey_col_11/14/22,jhu_csv_observed_v1,2022-11-14,cumulative_deaths,141,deaths,reported,
1.0,jhu_csse_confirmed_global_csv,e6234a59eec4359d2577358b5220e1a7e3da74c162913cdb7d882db1413f98c2,,2020-01-22/2023-03-09,observed,csv_row_Jersey_col_11/15/22,jhu_csv_observed_v1,2022-11-15,cumulative_confirmed_cases,62317,cases,reported,
1.0,jhu_csse_deaths_global_csv,4e87757a3e059c45650a1e1856614f8e339ee3c70653c378a7ba6f7b0ee8c72e,,2020-01-22/2023-03-09,observed,csv_row_Jersey_col_11/15/22,jhu_csv_observed_v1,2022-11-15,cumulative_deaths,141,deaths,reported,
1.0,jhu_csse_confirmed_global_csv,e6234a59eec4359d2577358b5220e1a7e3da74c162913cdb7d882db1413f98c2,,2020-01-22/2023-03-09,observed,csv_row_Jersey_col_11/16/22,jhu_csv_observed_v1,2022-11-16,cumulative_confirmed_cases,62317,cases,reported,
1.0,jhu_csse_deaths_global_csv,4e87757a3e059c45650a1e1856614f8e339ee3c70653c378a7ba6f7b0ee8c72e,,2020-01-22/2023-03-09,observed,csv_row_Jersey_col_11/16/22,jhu_csv_observed_v1,2022-11-16,cumulative_deaths,141,deaths,reported,
1.0,jhu_csse_confirmed_global_csv,e6234a59eec4359d2577358b5220e1a7e3da74c162913cdb7d882db1413f98c2,,2020-01-22/2023-03-09,observed,csv_row_Jersey_col_11/17/22,jhu_csv_observed_v1,2022-11-17,cumulative_confirmed_cases,62317,cases,reported,
1.0,jhu_csse_deaths_global_csv,4e87757a3e059c45650a1e1856614f8e339ee3c70653c378a7ba6f7b0ee8c72e,,2020-01-22/2023-03-09,observed,csv_row_Jersey_col_11/17/22,jhu_csv_observed_v1,2022-11-17,cumulative_deaths,141,deaths,reported,
1.0,jhu_csse_confirmed_global_csv,e6234a59eec4359d2577358b5220e1a7e3da74c162913cdb7d882db1413f98c2,,2020-01-22/2023-03-09,observed,csv_row_Jersey_col_11/18/22,jhu_csv_observed_v1,2022-11-18,cumulative_confirmed_cases,62589,cases,reported,
1.0,jhu_csse_deaths_global_csv,4e87757a3e059c45650a1e1856614f8e339ee3c70653c378a7ba6f7b0ee8c72e,,2020-01-22/2023-03-09,observed,csv_row_Jersey_col_11/18/22,jhu_csv_observed_v1,2022-11-18,cumulative_deaths,142,deaths,reported,
1.0,jhu_csse_confirmed_global_csv,e6234a59eec4359d2577358b5220e1a7e3da74c162913cdb7d882db1413f98c2,,2020-01-22/2023-03-09,observed,csv_row_Jersey_col_11/19/22,jhu_csv_observed_v1,2022-11-19,cumulative_confirmed_cases,62589,cases,reported,
1.0,jhu_csse_deaths_global_csv,4e87757a3e059c45650a1e1856614f8e339ee3c70653c378a7ba6f7b0ee8c72e,,2020-01-22/2023-03-09,observed,csv_row_Jersey_col_11/19/22,jhu_csv_observed_v1,2022-11-19,cumulative_deaths,142,deaths,reported,
1.0,jhu_csse_confirmed_global_csv,e6234a59eec4359d2577358b5220e1a7e3da74c162913cdb7d882db1413f98c2,,2020-01-22/2023-03-09,observed,csv_row_Jersey_col_11/20/22,jhu_csv_observed_v1,2022-11-20,cumulative_confirmed_cases,62589,cases,reported,
1.0,jhu_csse_deaths_global_csv,4e87757a3e059c45650a1e1856614f8e339ee3c70653c378a7ba6f7b0ee8c72e,,2020-01-22/2023-03-09,observed,csv_row_Jersey_col_11/20/22,jhu_csv_observed_v1,2022-11-20,cumulative_deaths,142,deaths,reported,
1.0,jhu_csse_confirmed_global_csv,e6234a59eec4359d2577358b5220e1a7e3da74c162913cdb7d882db1413f98c2,,2020-01-22/2023-03-09,observed,csv_row_Jersey_col_11/21/22,jhu_csv_observed_v1,2022-11-21,cumulative_confirmed_cases,62589,cases,reported,
1.0,jhu_csse_deaths_global_csv,4e87757a3e059c45650a1e1856614f8e339ee3c70653c378a7ba6f7b0ee8c72e,,2020-01-22/2023-03-09,observed,csv_row_Jersey_col_11/21/22,jhu_csv_observed_v1,2022-11-21,cumulative_deaths,142,deaths,reported,
1.0,jhu_csse_confirmed_global_csv,e6234a59eec4359d2577358b5220e1a7e3da74c162913cdb7d882db1413f98c2,,2020-01-22/2023-03-09,observed,csv_row_Jersey_col_11/22/22,jhu_csv_observed_v1,2022-11-22,cumulative_confirmed_cases,62589,cases,reported,
1.0,jhu_csse_deaths_global_csv,4e87757a3e059c45650a1e1856614f8e339ee3c70653c378a7ba6f7b0ee8c72e,,2020-01-22/2023-03-09,observed,csv_row_Jersey_col_11/22/22,jhu_csv_observed_v1,2022-11-22,cumulative_deaths,142,deaths,reported,
1.0,jhu_csse_confirmed_global_csv,e6234a59eec4359d2577358b5220e1a7e3da74c162913cdb7d882db1413f98c2,,2020-01-22/2023-03-09,observed,csv_row_Jersey_col_11/23/22,jhu_csv_observed_v1,2022-11-23,cumulative_confirmed_cases,62589,cases,reported,
1.0,jhu_csse_deaths_global_csv,4e87757a3e059c45650a1e1856614f8e339ee3c70653c378a7ba6f7b0ee8c72e,,2020-01-22/2023-03-09,observed,csv_row_Jersey_col_11/23/22,jhu_csv_observed_v1,2022-11-23,cumulative_deaths,142,deaths,reported,
1.0,jhu_csse_confirmed_global_csv,e6234a59eec4359d2577358b5220e1a7e3da74c162913cdb7d882db1413f98c2,,2020-01-22/2023-03-09,observed,csv_row_Jersey_col_11/24/22,jhu_csv_observed_v1,2022-11-24,cumulative_confirmed_cases,62589,cases,reported,
1.0,jhu_csse_deaths_global_csv,4e87757a3e059c45650a1e1856614f8e339ee3c70653c378a7ba6f7b0ee8c72e,,2020-01-22/2023-03-09,observed,csv_row_Jersey_col_11/24/22,jhu_csv_observed_v1,2022-11-24,cumulative_deaths,142,deaths,reported,
1.0,jhu_csse_confirmed_global_csv,e6234a59eec4359d2577358b5220e1a7e3da74c162913cdb7d882db1413f98c2,,2020-01-22/2023-03-09,observed,csv_row_Jersey_col_11/25/22,jhu_csv_observed_v1,2022-11-25,cumulative_confirmed_cases,62826,cases,reported,
1.0,jhu_csse_deaths_global_csv,4e87757a3e059c45650a1e1856614f8e339ee3c70653c378a7ba6f7b0ee8c72e,,2020-01-22/2023-03-09,observed,csv_row_Jersey_col_11/25/22,jhu_csv_observed_v1,2022-11-25,cumulative_deaths,142,deaths,reported,
1.0,jhu_csse_confirmed_global_csv,e6234a59eec4359d2577358b5220e1a7e3da74c162913cdb7d882db1413f98c2,,2020-01-22/2023-03-09,observed,csv_row_Jersey_col_11/26/22,jhu_csv_observed_v1,2022-11-26,cumulative_confirmed_cases,62826,cases,reported,
1.0,jhu_csse_deaths_global_csv,4e87757a3e059c45650a1e1856614f8e339ee3c70653c378a7ba6f7b0ee8c72e,,2020-01-22/2023-03-09,observed,csv_row_Jersey_col_11/26/22,jhu_csv_observed_v1,2022-11-26,cumulative_deaths,142,deaths,reported,
1.0,jhu_csse_confirmed_global_csv,e6234a59eec4359d2577358b5220e1a7e3da74c162913cdb7d882db1413f98c2,,2020-01-22/2023-03-09,observed,csv_row_Jersey_col_11/27/22,jhu_csv_observed_v1,2022-11-27,cumulative_confirmed_cases,62826,cases,reported,
1.0,jhu_csse_deaths_global_csv,4e87757a3e059c45650a1e1856614f8e339ee3c70653c378a7ba6f7b0ee8c72e,,2020-01-22/2023-03-09,observed,csv_row_Jersey_col_11/27/22,jhu_csv_observed_v1,2022-11-27,cumulative_deaths,142,deaths,reported,
1.0,jhu_csse_confirmed_global_csv,e6234a59eec4359d2577358b5220e1a7e3da74c162913cdb7d882db1413f98c2,,2020-01-22/2023-03-09,observed,csv_row_Jersey_col_11/28/22,jhu_csv_observed_v1,2022-11-28,cumulative_confirmed_cases,62826,cases,reported,
1.0,jhu_csse_deaths_global_csv,4e87757a3e059c45650a1e1856614f8e339ee3c70653c378a7ba6f7b0ee8c72e,,2020-01-22/2023-03-09,observed,csv_row_Jersey_col_11/28/22,jhu_csv_observed_v1,2022-11-28,cumulative_deaths,142,deaths,reported,
1.0,jhu_csse_confirmed_global_csv,e6234a59eec4359d2577358b5220e1a7e3da74c162913cdb7d882db1413f98c2,,2020-01-22/2023-03-09,observed,csv_row_Jersey_col_11/29/22,jhu_csv_observed_v1,2022-11-29,cumulative_confirmed_cases,62826,cases,reported,
1.0,jhu_csse_deaths_global_csv,4e87757a3e059c45650a1e1856614f8e339ee3c70653c378a7ba6f7b0ee8c72e,,2020-01-22/2023-03-09,observed,csv_row_Jersey_col_11/29/22,jhu_csv_observed_v1,2022-11-29,cumulative_deaths,142,deaths,reported,
1.0,jhu_csse_confirmed_global_csv,e6234a59eec4359d2577358b5220e1a7e3da74c162913cdb7d882db1413f98c2,,2020-01-22/2023-03-09,observed,csv_row_Jersey_col_11/30/22,jhu_csv_observed_v1,2022-11-30,cumulative_confirmed_cases,62826,cases,reported,
1.0,jhu_csse_deaths_global_csv,4e87757a3e059c45650a1e1856614f8e339ee3c70653c378a7ba6f7b0ee8c72e,,2020-01-22/2023-03-09,observed,csv_row_Jersey_col_11/30/22,jhu_csv_observed_v1,2022-11-30,cumulative_deaths,142,deaths,reported,
1.0,jhu_csse_confirmed_global_csv,e6234a59eec4359d2577358b5220e1a7e3da74c162913cdb7d882db1413f98c2,,2020-01-22/2023-03-09,observed,csv_row_Jersey_col_12/1/22,jhu_csv_observed_v1,2022-12-01,cumulative_confirmed_cases,62826,cases,reported,
1.0,jhu_csse_deaths_global_csv,4e87757a3e059c45650a1e1856614f8e339ee3c70653c378a7ba6f7b0ee8c72e,,2020-01-22/2023-03-09,observed,csv_row_Jersey_col_12/1/22,jhu_csv_observed_v1,2022-12-01,cumulative_deaths,142,deaths,reported,
1.0,jhu_csse_confirmed_global_csv,e6234a59eec4359d2577358b5220e1a7e3da74c162913cdb7d882db1413f98c2,,2020-01-22/2023-03-09,observed,csv_row_Jersey_col_12/2/22,jhu_csv_observed_v1,2022-12-02,cumulative_confirmed_cases,63128,cases,reported,
1.0,jhu_csse_deaths_global_csv,4e87757a3e059c45650a1e1856614f8e339ee3c70653c378a7ba6f7b0ee8c72e,,2020-01-22/2023-03-09,observed,csv_row_Jersey_col_12/2/22,jhu_csv_observed_v1,2022-12-02,cumulative_deaths,142,deaths,reported,
1.0,jhu_csse_confirmed_global_csv,e6234a59eec4359d2577358b5220e1a7e3da74c162913cdb7d882db1413f98c2,,2020-01-22/2023-03-09,observed,csv_row_Jersey_col_12/3/22,jhu_csv_observed_v1,2022-12-03,cumulative_confirmed_cases,63128,cases,reported,
1.0,jhu_csse_deaths_global_csv,4e87757a3e059c45650a1e1856614f8e339ee3c70653c378a7ba6f7b0ee8c72e,,2020-01-22/2023-03-09,observed,csv_row_Jersey_col_12/3/22,jhu_csv_observed_v1,2022-12-03,cumulative_deaths,142,deaths,reported,
1.0,jhu_csse_confirmed_global_csv,e6234a59eec4359d2577358b5220e1a7e3da74c162913cdb7d882db1413f98c2,,2020-01-22/2023-03-09,observed,csv_row_Jersey_col_12/4/22,jhu_csv_observed_v1,2022-12-04,cumulative_confirmed_cases,63128,cases,reported,
1.0,jhu_csse_deaths_global_csv,4e87757a3e059c45650a1e1856614f8e339ee3c70653c378a7ba6f7b0ee8c72e,,2020-01-22/2023-03-09,observed,csv_row_Jersey_col_12/4/22,jhu_csv_observed_v1,2022-12-04,cumulative_deaths,142,deaths,reported,
1.0,jhu_csse_confirmed_global_csv,e6234a59eec4359d2577358b5220e1a7e3da74c162913cdb7d882db1413f98c2,,2020-01-22/2023-03-09,observed,csv_row_Jersey_col_12/5/22,jhu_csv_observed_v1,2022-12-05,cumulative_confirmed_cases,63128,cases,reported,
1.0,jhu_csse_deaths_global_csv,4e87757a3e059c45650a1e1856614f8e339ee3c70653c378a7ba6f7b0ee8c72e,,2020-01-22/2023-03-09,observed,csv_row_Jersey_col_12/5/22,jhu_csv_observed_v1,2022-12-05,cumulative_deaths,142,deaths,reported,
1.0,jhu_csse_confirmed_global_csv,e6234a59eec4359d2577358b5220e1a7e3da74c162913cdb7d882db1413f98c2,,2020-01-22/2023-03-09,observed,csv_row_Jersey_col_12/6/22,jhu_csv_observed_v1,2022-12-06,cumulative_confirmed_cases,63128,cases,reported,
1.0,jhu_csse_deaths_global_csv,4e87757a3e059c45650a1e1856614f8e339ee3c70653c378a7ba6f7b0ee8c72e,,2020-01-22/2023-03-09,observed,csv_row_Jersey_col_12/6/22,jhu_csv_observed_v1,2022-12-06,cumulative_deaths,142,deaths,reported,
1.0,jhu_csse_confirmed_global_csv,e6234a59eec4359d2577358b5220e1a7e3da74c162913cdb7d882db1413f98c2,,2020-01-22/2023-03-09,observed,csv_row_Jersey_col_12/7/22,jhu_csv_observed_v1,2022-12-07,cumulative_confirmed_cases,63128,cases,reported,
1.0,jhu_csse_deaths_global_csv,4e87757a3e059c45650a1e1856614f8e339ee3c70653c378a7ba6f7b0ee8c72e,,2020-01-22/2023-03-09,observed,csv_row_Jersey_col_12/7/22,jhu_csv_observed_v1,2022-12-07,cumulative_deaths,142,deaths,reported,
1.0,jhu_csse_confirmed_global_csv,e6234a59eec4359d2577358b5220e1a7e3da74c162913cdb7d882db1413f98c2,,2020-01-22/2023-03-09,observed,csv_row_Jersey_col_12/8/22,jhu_csv_observed_v1,2022-12-08,cumulative_confirmed_cases,63128,cases,reported,
1.0,jhu_csse_deaths_global_csv,4e87757a3e059c45650a1e1856614f8e339ee3c70653c378a7ba6f7b0ee8c72e,,2020-01-22/2023-03-09,observed,csv_row_Jersey_col_12/8/22,jhu_csv_observed_v1,2022-12-08,cumulative_deaths,142,deaths,reported,
1.0,jhu_csse_confirmed_global_csv,e6234a59eec4359d2577358b5220e1a7e3da74c162913cdb7d882db1413f98c2,,2020-01-22/2023-03-09,observed,csv_row_Jersey_col_12/9/22,jhu_csv_observed_v1,2022-12-09,cumulative_confirmed_cases,63595,cases,reported,
1.0,jhu_csse_deaths_global_csv,4e87757a3e059c45650a1e1856614f8e339ee3c70653c378a7ba6f7b0ee8c72e,,2020-01-22/2023-03-09,observed,csv_row_Jersey_col_12/9/22,jhu_csv_observed_v1,2022-12-09,cumulative_deaths,142,deaths,reported,
1.0,jhu_csse_confirmed_global_csv,e6234a59eec4359d2577358b5220e1a7e3da74c162913cdb7d882db1413f98c2,,2020-01-22/2023-03-09,observed,csv_row_Jersey_col_12/10/22,jhu_csv_observed_v1,2022-12-10,cumulative_confirmed_cases,63595,cases,reported,
1.0,jhu_csse_deaths_global_csv,4e87757a3e059c45650a1e1856614f8e339ee3c70653c378a7ba6f7b0ee8c72e,,2020-01-22/2023-03-09,observed,csv_row_Jersey_col_12/10/22,jhu_csv_observed_v1,2022-12-10,cumulative_deaths,142,deaths,reported,
1.0,jhu_csse_confirmed_global_csv,e6234a59eec4359d2577358b5220e1a7e3da74c162913cdb7d882db1413f98c2,,2020-01-22/2023-03-09,observed,csv_row_Jersey_col_12/11/22,jhu_csv_observed_v1,2022-12-11,cumulative_confirmed_cases,63595,cases,reported,
1.0,jhu_csse_deaths_global_csv,4e87757a3e059c45650a1e1856614f8e339ee3c70653c378a7ba6f7b0ee8c72e,,2020-01-22/2023-03-09,observed,csv_row_Jersey_col_12/11/22,jhu_csv_observed_v1,2022-12-11,cumulative_deaths,142,deaths,reported,
1.0,jhu_csse_confirmed_global_csv,e6234a59eec4359d2577358b5220e1a7e3da74c162913cdb7d882db1413f98c2,,2020-01-22/2023-03-09,observed,csv_row_Jersey_col_12/12/22,jhu_csv_observed_v1,2022-12-12,cumulative_confirmed_cases,63595,cases,reported,
1.0,jhu_csse_deaths_global_csv,4e87757a3e059c45650a1e1856614f8e339ee3c70653c378a7ba6f7b0ee8c72e,,2020-01-22/2023-03-09,observed,csv_row_Jersey_col_12/12/22,jhu_csv_observed_v1,2022-12-12,cumulative_deaths,142,deaths,reported,
1.0,jhu_csse_confirmed_global_csv,e6234a59eec4359d2577358b5220e1a7e3da74c162913cdb7d882db1413f98c2,,2020-01-22/2023-03-09,observed,csv_row_Jersey_col_12/13/22,jhu_csv_observed_v1,2022-12-13,cumulative_confirmed_cases,63595,cases,reported,
1.0,jhu_csse_deaths_global_csv,4e87757a3e059c45650a1e1856614f8e339ee3c70653c378a7ba6f7b0ee8c72e,,2020-01-22/2023-03-09,observed,csv_row_Jersey_col_12/13/22,jhu_csv_observed_v1,2022-12-13,cumulative_deaths,142,deaths,reported,
1.0,jhu_csse_confirmed_global_csv,e6234a59eec4359d2577358b5220e1a7e3da74c162913cdb7d882db1413f98c2,,2020-01-22/2023-03-09,observed,csv_row_Jersey_col_12/14/22,jhu_csv_observed_v1,2022-12-14,cumulative_confirmed_cases,63595,cases,reported,
1.0,jhu_csse_deaths_global_csv,4e87757a3e059c45650a1e1856614f8e339ee3c70653c378a7ba6f7b0ee8c72e,,2020-01-22/2023-03-09,observed,csv_row_Jersey_col_12/14/22,jhu_csv_observed_v1,2022-12-14,cumulative_deaths,142,deaths,reported,
1.0,jhu_csse_confirmed_global_csv,e6234a59eec4359d2577358b5220e1a7e3da74c162913cdb7d882db1413f98c2,,2020-01-22/2023-03-09,observed,csv_row_Jersey_col_12/15/22,jhu_csv_observed_v1,2022-12-15,cumulative_confirmed_cases,63595,cases,reported,
1.0,jhu_csse_deaths_global_csv,4e87757a3e059c45650a1e1856614f8e339ee3c70653c378a7ba6f7b0ee8c72e,,2020-01-22/2023-03-09,observed,csv_row_Jersey_col_12/15/22,jhu_csv_observed_v1,2022-12-15,cumulative_deaths,142,deaths,reported,
1.0,jhu_csse_confirmed_global_csv,e6234a59eec4359d2577358b5220e1a7e3da74c162913cdb7d882db1413f98c2,,2020-01-22/2023-03-09,observed,csv_row_Jersey_col_12/16/22,jhu_csv_observed_v1,2022-12-16,cumulative_confirmed_cases,64316,cases,reported,
1.0,jhu_csse_deaths_global_csv,4e87757a3e059c45650a1e1856614f8e339ee3c70653c378a7ba6f7b0ee8c72e,,2020-01-22/2023-03-09,observed,csv_row_Jersey_col_12/16/22,jhu_csv_observed_v1,2022-12-16,cumulative_deaths,144,deaths,reported,
1.0,jhu_csse_confirmed_global_csv,e6234a59eec4359d2577358b5220e1a7e3da74c162913cdb7d882db1413f98c2,,2020-01-22/2023-03-09,observed,csv_row_Jersey_col_12/17/22,jhu_csv_observed_v1,2022-12-17,cumulative_confirmed_cases,64316,cases,reported,
1.0,jhu_csse_deaths_global_csv,4e87757a3e059c45650a1e1856614f8e339ee3c70653c378a7ba6f7b0ee8c72e,,2020-01-22/2023-03-09,observed,csv_row_Jersey_col_12/17/22,jhu_csv_observed_v1,2022-12-17,cumulative_deaths,144,deaths,reported,
1.0,jhu_csse_confirmed_global_csv,e6234a59eec4359d2577358b5220e1a7e3da74c162913cdb7d882db1413f98c2,,2020-01-22/2023-03-09,observed,csv_row_Jersey_col_12/18/22,jhu_csv_observed_v1,2022-12-18,cumulative_confirmed_cases,64316,cases,reported,
1.0,jhu_csse_deaths_global_csv,4e87757a3e059c45650a1e1856614f8e339ee3c70653c378a7ba6f7b0ee8c72e,,2020-01-22/2023-03-09,observed,csv_row_Jersey_col_12/18/22,jhu_csv_observed_v1,2022-12-18,cumulative_deaths,144,deaths,reported,
1.0,jhu_csse_confirmed_global_csv,e6234a59eec4359d2577358b5220e1a7e3da74c162913cdb7d882db1413f98c2,,2020-01-22/2023-03-09,observed,csv_row_Jersey_col_12/19/22,jhu_csv_observed_v1,2022-12-19,cumulative_confirmed_cases,64316,cases,reported,
1.0,jhu_csse_deaths_global_csv,4e87757a3e059c45650a1e1856614f8e339ee3c70653c378a7ba6f7b0ee8c72e,,2020-01-22/2023-03-09,observed,csv_row_Jersey_col_12/19/22,jhu_csv_observed_v1,2022-12-19,cumulative_deaths,144,deaths,reported,
1.0,jhu_csse_confirmed_global_csv,e6234a59eec4359d2577358b5220e1a7e3da74c162913cdb7d882db1413f98c2,,2020-01-22/2023-03-09,observed,csv_row_Jersey_col_12/20/22,jhu_csv_observed_v1,2022-12-20,cumulative_confirmed_cases,64316,cases,reported,
1.0,jhu_csse_deaths_global_csv,4e87757a3e059c45650a1e1856614f8e339ee3c70653c378a7ba6f7b0ee8c72e,,2020-01-22/2023-03-09,observed,csv_row_Jersey_col_12/20/22,jhu_csv_observed_v1,2022-12-20,cumulative_deaths,144,deaths,reported,
1.0,jhu_csse_confirmed_global_csv,e6234a59eec4359d2577358b5220e1a7e3da74c162913cdb7d882db1413f98c2,,2020-01-22/2023-03-09,observed,csv_row_Jersey_col_12/21/22,jhu_csv_observed_v1,2022-12-21,cumulative_confirmed_cases,64316,cases,reported,
1.0,jhu_csse_deaths_global_csv,4e87757a3e059c45650a1e1856614f8e339ee3c70653c378a7ba6f7b0ee8c72e,,2020-01-22/2023-03-09,observed,csv_row_Jersey_col_12/21/22,jhu_csv_observed_v1,2022-12-21,cumulative_deaths,144,deaths,reported,
1.0,jhu_csse_confirmed_global_csv,e6234a59eec4359d2577358b5220e1a7e3da74c162913cdb7d882db1413f98c2,,2020-01-22/2023-03-09,observed,csv_row_Jersey_col_12/22/22,jhu_csv_observed_v1,2022-12-22,cumulative_confirmed_cases,64316,cases,reported,
1.0,jhu_csse_deaths_global_csv,4e87757a3e059c45650a1e1856614f8e339ee3c70653c378a7ba6f7b0ee8c72e,,2020-01-22/2023-03-09,observed,csv_row_Jersey_col_12/22/22,jhu_csv_observed_v1,2022-12-22,cumulative_deaths,144,deaths,reported,
1.0,jhu_csse_confirmed_global_csv,e6234a59eec4359d2577358b5220e1a7e3da74c162913cdb7d882db1413f98c2,,2020-01-22/2023-03-09,observed,csv_row_Jersey_col_12/23/22,jhu_csv_observed_v1,2022-12-23,cumulative_confirmed_cases,65130,cases,reported,
1.0,jhu_csse_deaths_global_csv,4e87757a3e059c45650a1e1856614f8e339ee3c70653c378a7ba6f7b0ee8c72e,,2020-01-22/2023-03-09,observed,csv_row_Jersey_col_12/23/22,jhu_csv_observed_v1,2022-12-23,cumulative_deaths,146,deaths,reported,
1.0,jhu_csse_confirmed_global_csv,e6234a59eec4359d2577358b5220e1a7e3da74c162913cdb7d882db1413f98c2,,2020-01-22/2023-03-09,observed,csv_row_Jersey_col_12/24/22,jhu_csv_observed_v1,2022-12-24,cumulative_confirmed_cases,65130,cases,reported,
1.0,jhu_csse_deaths_global_csv,4e87757a3e059c45650a1e1856614f8e339ee3c70653c378a7ba6f7b0ee8c72e,,2020-01-22/2023-03-09,observed,csv_row_Jersey_col_12/24/22,jhu_csv_observed_v1,2022-12-24,cumulative_deaths,146,deaths,reported,
1.0,jhu_csse_confirmed_global_csv,e6234a59eec4359d2577358b5220e1a7e3da74c162913cdb7d882db1413f98c2,,2020-01-22/2023-03-09,observed,csv_row_Jersey_col_12/25/22,jhu_csv_observed_v1,2022-12-25,cumulative_confirmed_cases,65130,cases,reported,
1.0,jhu_csse_deaths_global_csv,4e87757a3e059c45650a1e1856614f8e339ee3c70653c378a7ba6f7b0ee8c72e,,2020-01-22/2023-03-09,observed,csv_row_Jersey_col_12/25/22,jhu_csv_observed_v1,2022-12-25,cumulative_deaths,146,deaths,reported,
1.0,jhu_csse_confirmed_global_csv,e6234a59eec4359d2577358b5220e1a7e3da74c162913cdb7d882db1413f98c2,,2020-01-22/2023-03-09,observed,csv_row_Jersey_col_12/26/22,jhu_csv_observed_v1,2022-12-26,cumulative_confirmed_cases,65130,cases,reported,
1.0,jhu_csse_deaths_global_csv,4e87757a3e059c45650a1e1856614f8e339ee3c70653c378a7ba6f7b0ee8c72e,,2020-01-22/2023-03-09,observed,csv_row_Jersey_col_12/26/22,jhu_csv_observed_v1,2022-12-26,cumulative_deaths,146,deaths,reported,
1.0,jhu_csse_confirmed_global_csv,e6234a59eec4359d2577358b5220e1a7e3da74c162913cdb7d882db1413f98c2,,2020-01-22/2023-03-09,observed,csv_row_Jersey_col_12/27/22,jhu_csv_observed_v1,2022-12-27,cumulative_confirmed_cases,65130,cases,reported,
1.0,jhu_csse_deaths_global_csv,4e87757a3e059c45650a1e1856614f8e339ee3c70653c378a7ba6f7b0ee8c72e,,2020-01-22/2023-03-09,observed,csv_row_Jersey_col_12/27/22,jhu_csv_observed_v1,2022-12-27,cumulative_deaths,146,deaths,reported,
1.0,jhu_csse_confirmed_global_csv,e6234a59eec4359d2577358b5220e1a7e3da74c162913cdb7d882db1413f98c2,,2020-01-22/2023-03-09,observed,csv_row_Jersey_col_12/28/22,jhu_csv_observed_v1,2022-12-28,cumulative_confirmed_cases,65130,cases,reported,
1.0,jhu_csse_deaths_global_csv,4e87757a3e059c45650a1e1856614f8e339ee3c70653c378a7ba6f7b0ee8c72e,,2020-01-22/2023-03-09,observed,csv_row_Jersey_col_12/28/22,jhu_csv_observed_v1,2022-12-28,cumulative_deaths,146,deaths,reported,
1.0,jhu_csse_confirmed_global_csv,e6234a59eec4359d2577358b5220e1a7e3da74c162913cdb7d882db1413f98c2,,2020-01-22/2023-03-09,observed,csv_row_Jersey_col_12/29/22,jhu_csv_observed_v1,2022-12-29,cumulative_confirmed_cases,65130,cases,reported,
1.0,jhu_csse_deaths_global_csv,4e87757a3e059c45650a1e1856614f8e339ee3c70653c378a7ba6f7b0ee8c72e,,2020-01-22/2023-03-09,observed,csv_row_Jersey_col_12/29/22,jhu_csv_observed_v1,2022-12-29,cumulative_deaths,146,deaths,reported,
1.0,jhu_csse_confirmed_global_csv,e6234a59eec4359d2577358b5220e1a7e3da74c162913cdb7d882db1413f98c2,,2020-01-22/2023-03-09,observed,csv_row_Jersey_col_12/30/22,jhu_csv_observed_v1,2022-12-30,cumulative_confirmed_cases,65130,cases,reported,
1.0,jhu_csse_deaths_global_csv,4e87757a3e059c45650a1e1856614f8e339ee3c70653c378a7ba6f7b0ee8c72e,,2020-01-22/2023-03-09,observed,csv_row_Jersey_col_12/30/22,jhu_csv_observed_v1,2022-12-30,cumulative_deaths,146,deaths,reported,
1.0,jhu_csse_confirmed_global_csv,e6234a59eec4359d2577358b5220e1a7e3da74c162913cdb7d882db1413f98c2,,2020-01-22/2023-03-09,observed,csv_row_Jersey_col_12/31/22,jhu_csv_observed_v1,2022-12-31,cumulative_confirmed_cases,65130,cases,reported,
1.0,jhu_csse_deaths_global_csv,4e87757a3e059c45650a1e1856614f8e339ee3c70653c378a7ba6f7b0ee8c72e,,2020-01-22/2023-03-09,observed,csv_row_Jersey_col_12/31/22,jhu_csv_observed_v1,2022-12-31,cumulative_deaths,146,deaths,reported,
1.0,jhu_csse_confirmed_global_csv,e6234a59eec4359d2577358b5220e1a7e3da74c162913cdb7d882db1413f98c2,,2020-01-22/2023-03-09,observed,csv_row_Jersey_col_1/1/23,jhu_csv_observed_v1,2023-01-01,cumulative_confirmed_cases,65130,cases,reported,
1.0,jhu_csse_deaths_global_csv,4e87757a3e059c45650a1e1856614f8e339ee3c70653c378a7ba6f7b0ee8c72e,,2020-01-22/2023-03-09,observed,csv_row_Jersey_col_1/1/23,jhu_csv_observed_v1,2023-01-01,cumulative_deaths,146,deaths,reported,
1.0,jhu_csse_confirmed_global_csv,e6234a59eec4359d2577358b5220e1a7e3da74c162913cdb7d882db1413f98c2,,2020-01-22/2023-03-09,observed,csv_row_Jersey_col_1/2/23,jhu_csv_observed_v1,2023-01-02,cumulative_confirmed_cases,65130,cases,reported,
1.0,jhu_csse_deaths_global_csv,4e87757a3e059c45650a1e1856614f8e339ee3c70653c378a7ba6f7b0ee8c72e,,2020-01-22/2023-03-09,observed,csv_row_Jersey_col_1/2/23,jhu_csv_observed_v1,2023-01-02,cumulative_deaths,146,deaths,reported,
1.0,jhu_csse_confirmed_global_csv,e6234a59eec4359d2577358b5220e1a7e3da74c162913cdb7d882db1413f98c2,,2020-01-22/2023-03-09,observed,csv_row_Jersey_col_1/3/23,jhu_csv_observed_v1,2023-01-03,cumulative_confirmed_cases,65639,cases,reported,
1.0,jhu_csse_deaths_global_csv,4e87757a3e059c45650a1e1856614f8e339ee3c70653c378a7ba6f7b0ee8c72e,,2020-01-22/2023-03-09,observed,csv_row_Jersey_col_1/3/23,jhu_csv_observed_v1,2023-01-03,cumulative_deaths,146,deaths,reported,
1.0,jhu_csse_confirmed_global_csv,e6234a59eec4359d2577358b5220e1a7e3da74c162913cdb7d882db1413f98c2,,2020-01-22/2023-03-09,observed,csv_row_Jersey_col_1/4/23,jhu_csv_observed_v1,2023-01-04,cumulative_confirmed_cases,65639,cases,reported,
1.0,jhu_csse_deaths_global_csv,4e87757a3e059c45650a1e1856614f8e339ee3c70653c378a7ba6f7b0ee8c72e,,2020-01-22/2023-03-09,observed,csv_row_Jersey_col_1/4/23,jhu_csv_observed_v1,2023-01-04,cumulative_deaths,146,deaths,reported,
1.0,jhu_csse_confirmed_global_csv,e6234a59eec4359d2577358b5220e1a7e3da74c162913cdb7d882db1413f98c2,,2020-01-22/2023-03-09,observed,csv_row_Jersey_col_1/5/23,jhu_csv_observed_v1,2023-01-05,cumulative_confirmed_cases,65639,cases,reported,
1.0,jhu_csse_deaths_global_csv,4e87757a3e059c45650a1e1856614f8e339ee3c70653c378a7ba6f7b0ee8c72e,,2020-01-22/2023-03-09,observed,csv_row_Jersey_col_1/5/23,jhu_csv_observed_v1,2023-01-05,cumulative_deaths,146,deaths,reported,
1.0,jhu_csse_confirmed_global_csv,e6234a59eec4359d2577358b5220e1a7e3da74c162913cdb7d882db1413f98c2,,2020-01-22/2023-03-09,observed,csv_row_Jersey_col_1/6/23,jhu_csv_observed_v1,2023-01-06,cumulative_confirmed_cases,65976,cases,reported,
1.0,jhu_csse_deaths_global_csv,4e87757a3e059c45650a1e1856614f8e339ee3c70653c378a7ba6f7b0ee8c72e,,2020-01-22/2023-03-09,observed,csv_row_Jersey_col_1/6/23,jhu_csv_observed_v1,2023-01-06,cumulative_deaths,150,deaths,reported,
1.0,jhu_csse_confirmed_global_csv,e6234a59eec4359d2577358b5220e1a7e3da74c162913cdb7d882db1413f98c2,,2020-01-22/2023-03-09,observed,csv_row_Jersey_col_1/7/23,jhu_csv_observed_v1,2023-01-07,cumulative_confirmed_cases,65976,cases,reported,
1.0,jhu_csse_deaths_global_csv,4e87757a3e059c45650a1e1856614f8e339ee3c70653c378a7ba6f7b0ee8c72e,,2020-01-22/2023-03-09,observed,csv_row_Jersey_col_1/7/23,jhu_csv_observed_v1,2023-01-07,cumulative_deaths,150,deaths,reported,
1.0,jhu_csse_confirmed_global_csv,e6234a59eec4359d2577358b5220e1a7e3da74c162913cdb7d882db1413f98c2,,2020-01-22/2023-03-09,observed,csv_row_Jersey_col_1/8/23,jhu_csv_observed_v1,2023-01-08,cumulative_confirmed_cases,65976,cases,reported,
1.0,jhu_csse_deaths_global_csv,4e87757a3e059c45650a1e1856614f8e339ee3c70653c378a7ba6f7b0ee8c72e,,2020-01-22/2023-03-09,observed,csv_row_Jersey_col_1/8/23,jhu_csv_observed_v1,2023-01-08,cumulative_deaths,150,deaths,reported,
1.0,jhu_csse_confirmed_global_csv,e6234a59eec4359d2577358b5220e1a7e3da74c162913cdb7d882db1413f98c2,,2020-01-22/2023-03-09,observed,csv_row_Jersey_col_1/9/23,jhu_csv_observed_v1,2023-01-09,cumulative_confirmed_cases,65976,cases,reported,
1.0,jhu_csse_deaths_global_csv,4e87757a3e059c45650a1e1856614f8e339ee3c70653c378a7ba6f7b0ee8c72e,,2020-01-22/2023-03-09,observed,csv_row_Jersey_col_1/9/23,jhu_csv_observed_v1,2023-01-09,cumulative_deaths,150,deaths,reported,
1.0,jhu_csse_confirmed_global_csv,e6234a59eec4359d2577358b5220e1a7e3da74c162913cdb7d882db1413f98c2,,2020-01-22/2023-03-09,observed,csv_row_Jersey_col_1/10/23,jhu_csv_observed_v1,2023-01-10,cumulative_confirmed_cases,65976,cases,reported,
1.0,jhu_csse_deaths_global_csv,4e87757a3e059c45650a1e1856614f8e339ee3c70653c378a7ba6f7b0ee8c72e,,2020-01-22/2023-03-09,observed,csv_row_Jersey_col_1/10/23,jhu_csv_observed_v1,2023-01-10,cumulative_deaths,150,deaths,reported,
1.0,jhu_csse_confirmed_global_csv,e6234a59eec4359d2577358b5220e1a7e3da74c162913cdb7d882db1413f98c2,,2020-01-22/2023-03-09,observed,csv_row_Jersey_col_1/11/23,jhu_csv_observed_v1,2023-01-11,cumulative_confirmed_cases,65976,cases,reported,
1.0,jhu_csse_deaths_global_csv,4e87757a3e059c45650a1e1856614f8e339ee3c70653c378a7ba6f7b0ee8c72e,,2020-01-22/2023-03-09,observed,csv_row_Jersey_col_1/11/23,jhu_csv_observed_v1,2023-01-11,cumulative_deaths,150,deaths,reported,
1.0,jhu_csse_confirmed_global_csv,e6234a59eec4359d2577358b5220e1a7e3da74c162913cdb7d882db1413f98c2,,2020-01-22/2023-03-09,observed,csv_row_Jersey_col_1/12/23,jhu_csv_observed_v1,2023-01-12,cumulative_confirmed_cases,65976,cases,reported,
1.0,jhu_csse_deaths_global_csv,4e87757a3e059c45650a1e1856614f8e339ee3c70653c378a7ba6f7b0ee8c72e,,2020-01-22/2023-03-09,observed,csv_row_Jersey_col_1/12/23,jhu_csv_observed_v1,2023-01-12,cumulative_deaths,150,deaths,reported,
1.0,jhu_csse_confirmed_global_csv,e6234a59eec4359d2577358b5220e1a7e3da74c162913cdb7d882db1413f98c2,,2020-01-22/2023-03-09,observed,csv_row_Jersey_col_1/13/23,jhu_csv_observed_v1,2023-01-13,cumulative_confirmed_cases,66174,cases,reported,
1.0,jhu_csse_deaths_global_csv,4e87757a3e059c45650a1e1856614f8e339ee3c70653c378a7ba6f7b0ee8c72e,,2020-01-22/2023-03-09,observed,csv_row_Jersey_col_1/13/23,jhu_csv_observed_v1,2023-01-13,cumulative_deaths,154,deaths,reported,
1.0,jhu_csse_confirmed_global_csv,e6234a59eec4359d2577358b5220e1a7e3da74c162913cdb7d882db1413f98c2,,2020-01-22/2023-03-09,observed,csv_row_Jersey_col_1/14/23,jhu_csv_observed_v1,2023-01-14,cumulative_confirmed_cases,66174,cases,reported,
1.0,jhu_csse_deaths_global_csv,4e87757a3e059c45650a1e1856614f8e339ee3c70653c378a7ba6f7b0ee8c72e,,2020-01-22/2023-03-09,observed,csv_row_Jersey_col_1/14/23,jhu_csv_observed_v1,2023-01-14,cumulative_deaths,154,deaths,reported,
1.0,jhu_csse_confirmed_global_csv,e6234a59eec4359d2577358b5220e1a7e3da74c162913cdb7d882db1413f98c2,,2020-01-22/2023-03-09,observed,csv_row_Jersey_col_1/15/23,jhu_csv_observed_v1,2023-01-15,cumulative_confirmed_cases,66174,cases,reported,
1.0,jhu_csse_deaths_global_csv,4e87757a3e059c45650a1e1856614f8e339ee3c70653c378a7ba6f7b0ee8c72e,,2020-01-22/2023-03-09,observed,csv_row_Jersey_col_1/15/23,jhu_csv_observed_v1,2023-01-15,cumulative_deaths,154,deaths,reported,
1.0,jhu_csse_confirmed_global_csv,e6234a59eec4359d2577358b5220e1a7e3da74c162913cdb7d882db1413f98c2,,2020-01-22/2023-03-09,observed,csv_row_Jersey_col_1/16/23,jhu_csv_observed_v1,2023-01-16,cumulative_confirmed_cases,66174,cases,reported,
1.0,jhu_csse_deaths_global_csv,4e87757a3e059c45650a1e1856614f8e339ee3c70653c378a7ba6f7b0ee8c72e,,2020-01-22/2023-03-09,observed,csv_row_Jersey_col_1/16/23,jhu_csv_observed_v1,2023-01-16,cumulative_deaths,154,deaths,reported,
1.0,jhu_csse_confirmed_global_csv,e6234a59eec4359d2577358b5220e1a7e3da74c162913cdb7d882db1413f98c2,,2020-01-22/2023-03-09,observed,csv_row_Jersey_col_1/17/23,jhu_csv_observed_v1,2023-01-17,cumulative_confirmed_cases,66174,cases,reported,
1.0,jhu_csse_deaths_global_csv,4e87757a3e059c45650a1e1856614f8e339ee3c70653c378a7ba6f7b0ee8c72e,,2020-01-22/2023-03-09,observed,csv_row_Jersey_col_1/17/23,jhu_csv_observed_v1,2023-01-17,cumulative_deaths,154,deaths,reported,
1.0,jhu_csse_confirmed_global_csv,e6234a59eec4359d2577358b5220e1a7e3da74c162913cdb7d882db1413f98c2,,2020-01-22/2023-03-09,observed,csv_row_Jersey_col_1/18/23,jhu_csv_observed_v1,2023-01-18,cumulative_confirmed_cases,66174,cases,reported,
1.0,jhu_csse_deaths_global_csv,4e87757a3e059c45650a1e1856614f8e339ee3c70653c378a7ba6f7b0ee8c72e,,2020-01-22/2023-03-09,observed,csv_row_Jersey_col_1/18/23,jhu_csv_observed_v1,2023-01-18,cumulative_deaths,154,deaths,reported,
1.0,jhu_csse_confirmed_global_csv,e6234a59eec4359d2577358b5220e1a7e3da74c162913cdb7d882db1413f98c2,,2020-01-22/2023-03-09,observed,csv_row_Jersey_col_1/19/23,jhu_csv_observed_v1,2023-01-19,cumulative_confirmed_cases,66174,cases,reported,
1.0,jhu_csse_deaths_global_csv,4e87757a3e059c45650a1e1856614f8e339ee3c70653c378a7ba6f7b0ee8c72e,,2020-01-22/2023-03-09,observed,csv_row_Jersey_col_1/19/23,jhu_csv_observed_v1,2023-01-19,cumulative_deaths,154,deaths,reported,
1.0,jhu_csse_confirmed_global_csv,e6234a59eec4359d2577358b5220e1a7e3da74c162913cdb7d882db1413f98c2,,2020-01-22/2023-03-09,observed,csv_row_Jersey_col_1/20/23,jhu_csv_observed_v1,2023-01-20,cumulative_confirmed_cases,66259,cases,reported,
1.0,jhu_csse_deaths_global_csv,4e87757a3e059c45650a1e1856614f8e339ee3c70653c378a7ba6f7b0ee8c72e,,2020-01-22/2023-03-09,observed,csv_row_Jersey_col_1/20/23,jhu_csv_observed_v1,2023-01-20,cumulative_deaths,155,deaths,reported,
1.0,jhu_csse_confirmed_global_csv,e6234a59eec4359d2577358b5220e1a7e3da74c162913cdb7d882db1413f98c2,,2020-01-22/2023-03-09,observed,csv_row_Jersey_col_1/21/23,jhu_csv_observed_v1,2023-01-21,cumulative_confirmed_cases,66259,cases,reported,
1.0,jhu_csse_deaths_global_csv,4e87757a3e059c45650a1e1856614f8e339ee3c70653c378a7ba6f7b0ee8c72e,,2020-01-22/2023-03-09,observed,csv_row_Jersey_col_1/21/23,jhu_csv_observed_v1,2023-01-21,cumulative_deaths,155,deaths,reported,
1.0,jhu_csse_confirmed_global_csv,e6234a59eec4359d2577358b5220e1a7e3da74c162913cdb7d882db1413f98c2,,2020-01-22/2023-03-09,observed,csv_row_Jersey_col_1/22/23,jhu_csv_observed_v1,2023-01-22,cumulative_confirmed_cases,66259,cases,reported,
1.0,jhu_csse_deaths_global_csv,4e87757a3e059c45650a1e1856614f8e339ee3c70653c378a7ba6f7b0ee8c72e,,2020-01-22/2023-03-09,observed,csv_row_Jersey_col_1/22/23,jhu_csv_observed_v1,2023-01-22,cumulative_deaths,155,deaths,reported,
1.0,jhu_csse_confirmed_global_csv,e6234a59eec4359d2577358b5220e1a7e3da74c162913cdb7d882db1413f98c2,,2020-01-22/2023-03-09,observed,csv_row_Jersey_col_1/23/23,jhu_csv_observed_v1,2023-01-23,cumulative_confirmed_cases,66259,cases,reported,
1.0,jhu_csse_deaths_global_csv,4e87757a3e059c45650a1e1856614f8e339ee3c70653c378a7ba6f7b0ee8c72e,,2020-01-22/2023-03-09,observed,csv_row_Jersey_col_1/23/23,jhu_csv_observed_v1,2023-01-23,cumulative_deaths,155,deaths,reported,
1.0,jhu_csse_confirmed_global_csv,e6234a59eec4359d2577358b5220e1a7e3da74c162913cdb7d882db1413f98c2,,2020-01-22/2023-03-09,observed,csv_row_Jersey_col_1/24/23,jhu_csv_observed_v1,2023-01-24,cumulative_confirmed_cases,66259,cases,reported,
1.0,jhu_csse_deaths_global_csv,4e87757a3e059c45650a1e1856614f8e339ee3c70653c378a7ba6f7b0ee8c72e,,2020-01-22/2023-03-09,observed,csv_row_Jersey_col_1/24/23,jhu_csv_observed_v1,2023-01-24,cumulative_deaths,155,deaths,reported,
1.0,jhu_csse_confirmed_global_csv,e6234a59eec4359d2577358b5220e1a7e3da74c162913cdb7d882db1413f98c2,,2020-01-22/2023-03-09,observed,csv_row_Jersey_col_1/25/23,jhu_csv_observed_v1,2023-01-25,cumulative_confirmed_cases,66259,cases,reported,
1.0,jhu_csse_deaths_global_csv,4e87757a3e059c45650a1e1856614f8e339ee3c70653c378a7ba6f7b0ee8c72e,,2020-01-22/2023-03-09,observed,csv_row_Jersey_col_1/25/23,jhu_csv_observed_v1,2023-01-25,cumulative_deaths,155,deaths,reported,
1.0,jhu_csse_confirmed_global_csv,e6234a59eec4359d2577358b5220e1a7e3da74c162913cdb7d882db1413f98c2,,2020-01-22/2023-03-09,observed,csv_row_Jersey_col_1/26/23,jhu_csv_observed_v1,2023-01-26,cumulative_confirmed_cases,66259,cases,reported,
1.0,jhu_csse_deaths_global_csv,4e87757a3e059c45650a1e1856614f8e339ee3c70653c378a7ba6f7b0ee8c72e,,2020-01-22/2023-03-09,observed,csv_row_Jersey_col_1/26/23,jhu_csv_observed_v1,2023-01-26,cumulative_deaths,155,deaths,reported,
1.0,jhu_csse_confirmed_global_csv,e6234a59eec4359d2577358b5220e1a7e3da74c162913cdb7d882db1413f98c2,,2020-01-22/2023-03-09,observed,csv_row_Jersey_col_1/27/23,jhu_csv_observed_v1,2023-01-27,cumulative_confirmed_cases,66259,cases,reported,
1.0,jhu_csse_deaths_global_csv,4e87757a3e059c45650a1e1856614f8e339ee3c70653c378a7ba6f7b0ee8c72e,,2020-01-22/2023-03-09,observed,csv_row_Jersey_col_1/27/23,jhu_csv_observed_v1,2023-01-27,cumulative_deaths,155,deaths,reported,
1.0,jhu_csse_confirmed_global_csv,e6234a59eec4359d2577358b5220e1a7e3da74c162913cdb7d882db1413f98c2,,2020-01-22/2023-03-09,observed,csv_row_Jersey_col_1/28/23,jhu_csv_observed_v1,2023-01-28,cumulative_confirmed_cases,66347,cases,reported,
1.0,jhu_csse_deaths_global_csv,4e87757a3e059c45650a1e1856614f8e339ee3c70653c378a7ba6f7b0ee8c72e,,2020-01-22/2023-03-09,observed,csv_row_Jersey_col_1/28/23,jhu_csv_observed_v1,2023-01-28,cumulative_deaths,157,deaths,reported,
1.0,jhu_csse_confirmed_global_csv,e6234a59eec4359d2577358b5220e1a7e3da74c162913cdb7d882db1413f98c2,,2020-01-22/2023-03-09,observed,csv_row_Jersey_col_1/29/23,jhu_csv_observed_v1,2023-01-29,cumulative_confirmed_cases,66347,cases,reported,
1.0,jhu_csse_deaths_global_csv,4e87757a3e059c45650a1e1856614f8e339ee3c70653c378a7ba6f7b0ee8c72e,,2020-01-22/2023-03-09,observed,csv_row_Jersey_col_1/29/23,jhu_csv_observed_v1,2023-01-29,cumulative_deaths,157,deaths,reported,
1.0,jhu_csse_confirmed_global_csv,e6234a59eec4359d2577358b5220e1a7e3da74c162913cdb7d882db1413f98c2,,2020-01-22/2023-03-09,observed,csv_row_Jersey_col_1/30/23,jhu_csv_observed_v1,2023-01-30,cumulative_confirmed_cases,66347,cases,reported,
1.0,jhu_csse_deaths_global_csv,4e87757a3e059c45650a1e1856614f8e339ee3c70653c378a7ba6f7b0ee8c72e,,2020-01-22/2023-03-09,observed,csv_row_Jersey_col_1/30/23,jhu_csv_observed_v1,2023-01-30,cumulative_deaths,157,deaths,reported,
1.0,jhu_csse_confirmed_global_csv,e6234a59eec4359d2577358b5220e1a7e3da74c162913cdb7d882db1413f98c2,,2020-01-22/2023-03-09,observed,csv_row_Jersey_col_1/31/23,jhu_csv_observed_v1,2023-01-31,cumulative_confirmed_cases,66347,cases,reported,
1.0,jhu_csse_deaths_global_csv,4e87757a3e059c45650a1e1856614f8e339ee3c70653c378a7ba6f7b0ee8c72e,,2020-01-22/2023-03-09,observed,csv_row_Jersey_col_1/31/23,jhu_csv_observed_v1,2023-01-31,cumulative_deaths,157,deaths,reported,
1.0,jhu_csse_confirmed_global_csv,e6234a59eec4359d2577358b5220e1a7e3da74c162913cdb7d882db1413f98c2,,2020-01-22/2023-03-09,observed,csv_row_Jersey_col_2/1/23,jhu_csv_observed_v1,2023-02-01,cumulative_confirmed_cases,66347,cases,reported,
1.0,jhu_csse_deaths_global_csv,4e87757a3e059c45650a1e1856614f8e339ee3c70653c378a7ba6f7b0ee8c72e,,2020-01-22/2023-03-09,observed,csv_row_Jersey_col_2/1/23,jhu_csv_observed_v1,2023-02-01,cumulative_deaths,157,deaths,reported,
1.0,jhu_csse_confirmed_global_csv,e6234a59eec4359d2577358b5220e1a7e3da74c162913cdb7d882db1413f98c2,,2020-01-22/2023-03-09,observed,csv_row_Jersey_col_2/2/23,jhu_csv_observed_v1,2023-02-02,cumulative_confirmed_cases,66391,cases,reported,
1.0,jhu_csse_deaths_global_csv,4e87757a3e059c45650a1e1856614f8e339ee3c70653c378a7ba6f7b0ee8c72e,,2020-01-22/2023-03-09,observed,csv_row_Jersey_col_2/2/23,jhu_csv_observed_v1,2023-02-02,cumulative_deaths,157,deaths,reported,
1.0,jhu_csse_confirmed_global_csv,e6234a59eec4359d2577358b5220e1a7e3da74c162913cdb7d882db1413f98c2,,2020-01-22/2023-03-09,observed,csv_row_Jersey_col_2/3/23,jhu_csv_observed_v1,2023-02-03,cumulative_confirmed_cases,66391,cases,reported,
1.0,jhu_csse_deaths_global_csv,4e87757a3e059c45650a1e1856614f8e339ee3c70653c378a7ba6f7b0ee8c72e,,2020-01-22/2023-03-09,observed,csv_row_Jersey_col_2/3/23,jhu_csv_observed_v1,2023-02-03,cumulative_deaths,161,deaths,reported,
1.0,jhu_csse_confirmed_global_csv,e6234a59eec4359d2577358b5220e1a7e3da74c162913cdb7d882db1413f98c2,,2020-01-22/2023-03-09,observed,csv_row_Jersey_col_2/4/23,jhu_csv_observed_v1,2023-02-04,cumulative_confirmed_cases,66391,cases,reported,
1.0,jhu_csse_deaths_global_csv,4e87757a3e059c45650a1e1856614f8e339ee3c70653c378a7ba6f7b0ee8c72e,,2020-01-22/2023-03-09,observed,csv_row_Jersey_col_2/4/23,jhu_csv_observed_v1,2023-02-04,cumulative_deaths,161,deaths,reported,
1.0,jhu_csse_confirmed_global_csv,e6234a59eec4359d2577358b5220e1a7e3da74c162913cdb7d882db1413f98c2,,2020-01-22/2023-03-09,observed,csv_row_Jersey_col_2/5/23,jhu_csv_observed_v1,2023-02-05,cumulative_confirmed_cases,66391,cases,reported,
1.0,jhu_csse_deaths_global_csv,4e87757a3e059c45650a1e1856614f8e339ee3c70653c378a7ba6f7b0ee8c72e,,2020-01-22/2023-03-09,observed,csv_row_Jersey_col_2/5/23,jhu_csv_observed_v1,2023-02-05,cumulative_deaths,161,deaths,reported,
1.0,jhu_csse_confirmed_global_csv,e6234a59eec4359d2577358b5220e1a7e3da74c162913cdb7d882db1413f98c2,,2020-01-22/2023-03-09,observed,csv_row_Jersey_col_2/6/23,jhu_csv_observed_v1,2023-02-06,cumulative_confirmed_cases,66391,cases,reported,
1.0,jhu_csse_deaths_global_csv,4e87757a3e059c45650a1e1856614f8e339ee3c70653c378a7ba6f7b0ee8c72e,,2020-01-22/2023-03-09,observed,csv_row_Jersey_col_2/6/23,jhu_csv_observed_v1,2023-02-06,cumulative_deaths,161,deaths,reported,
1.0,jhu_csse_confirmed_global_csv,e6234a59eec4359d2577358b5220e1a7e3da74c162913cdb7d882db1413f98c2,,2020-01-22/2023-03-09,observed,csv_row_Jersey_col_2/7/23,jhu_csv_observed_v1,2023-02-07,cumulative_confirmed_cases,66391,cases,reported,
1.0,jhu_csse_deaths_global_csv,4e87757a3e059c45650a1e1856614f8e339ee3c70653c378a7ba6f7b0ee8c72e,,2020-01-22/2023-03-09,observed,csv_row_Jersey_col_2/7/23,jhu_csv_observed_v1,2023-02-07,cumulative_deaths,161,deaths,reported,
1.0,jhu_csse_confirmed_global_csv,e6234a59eec4359d2577358b5220e1a7e3da74c162913cdb7d882db1413f98c2,,2020-01-22/2023-03-09,observed,csv_row_Jersey_col_2/8/23,jhu_csv_observed_v1,2023-02-08,cumulative_confirmed_cases,66391,cases,reported,
1.0,jhu_csse_deaths_global_csv,4e87757a3e059c45650a1e1856614f8e339ee3c70653c378a7ba6f7b0ee8c72e,,2020-01-22/2023-03-09,observed,csv_row_Jersey_col_2/8/23,jhu_csv_observed_v1,2023-02-08,cumulative_deaths,161,deaths,reported,
1.0,jhu_csse_confirmed_global_csv,e6234a59eec4359d2577358b5220e1a7e3da74c162913cdb7d882db1413f98c2,,2020-01-22/2023-03-09,observed,csv_row_Jersey_col_2/9/23,jhu_csv_observed_v1,2023-02-09,cumulative_confirmed_cases,66391,cases,reported,
1.0,jhu_csse_deaths_global_csv,4e87757a3e059c45650a1e1856614f8e339ee3c70653c378a7ba6f7b0ee8c72e,,2020-01-22/2023-03-09,observed,csv_row_Jersey_col_2/9/23,jhu_csv_observed_v1,2023-02-09,cumulative_deaths,161,deaths,reported,
1.0,jhu_csse_confirmed_global_csv,e6234a59eec4359d2577358b5220e1a7e3da74c162913cdb7d882db1413f98c2,,2020-01-22/2023-03-09,observed,csv_row_Jersey_col_2/10/23,jhu_csv_observed_v1,2023-02-10,cumulative_confirmed_cases,66391,cases,reported,
1.0,jhu_csse_deaths_global_csv,4e87757a3e059c45650a1e1856614f8e339ee3c70653c378a7ba6f7b0ee8c72e,,2020-01-22/2023-03-09,observed,csv_row_Jersey_col_2/10/23,jhu_csv_observed_v1,2023-02-10,cumulative_deaths,161,deaths,reported,
1.0,jhu_csse_confirmed_global_csv,e6234a59eec4359d2577358b5220e1a7e3da74c162913cdb7d882db1413f98c2,,2020-01-22/2023-03-09,observed,csv_row_Jersey_col_2/11/23,jhu_csv_observed_v1,2023-02-11,cumulative_confirmed_cases,66391,cases,reported,
1.0,jhu_csse_deaths_global_csv,4e87757a3e059c45650a1e1856614f8e339ee3c70653c378a7ba6f7b0ee8c72e,,2020-01-22/2023-03-09,observed,csv_row_Jersey_col_2/11/23,jhu_csv_observed_v1,2023-02-11,cumulative_deaths,161,deaths,reported,
1.0,jhu_csse_confirmed_global_csv,e6234a59eec4359d2577358b5220e1a7e3da74c162913cdb7d882db1413f98c2,,2020-01-22/2023-03-09,observed,csv_row_Jersey_col_2/12/23,jhu_csv_observed_v1,2023-02-12,cumulative_confirmed_cases,66391,cases,reported,
1.0,jhu_csse_deaths_global_csv,4e87757a3e059c45650a1e1856614f8e339ee3c70653c378a7ba6f7b0ee8c72e,,2020-01-22/2023-03-09,observed,csv_row_Jersey_col_2/12/23,jhu_csv_observed_v1,2023-02-12,cumulative_deaths,161,deaths,reported,
1.0,jhu_csse_confirmed_global_csv,e6234a59eec4359d2577358b5220e1a7e3da74c162913cdb7d882db1413f98c2,,2020-01-22/2023-03-09,observed,csv_row_Jersey_col_2/13/23,jhu_csv_observed_v1,2023-02-13,cumulative_confirmed_cases,66391,cases,reported,
1.0,jhu_csse_deaths_global_csv,4e87757a3e059c45650a1e1856614f8e339ee3c70653c378a7ba6f7b0ee8c72e,,2020-01-22/2023-03-09,observed,csv_row_Jersey_col_2/13/23,jhu_csv_observed_v1,2023-02-13,cumulative_deaths,161,deaths,reported,
1.0,jhu_csse_confirmed_global_csv,e6234a59eec4359d2577358b5220e1a7e3da74c162913cdb7d882db1413f98c2,,2020-01-22/2023-03-09,observed,csv_row_Jersey_col_2/14/23,jhu_csv_observed_v1,2023-02-14,cumulative_confirmed_cases,66391,cases,reported,
1.0,jhu_csse_deaths_global_csv,4e87757a3e059c45650a1e1856614f8e339ee3c70653c378a7ba6f7b0ee8c72e,,2020-01-22/2023-03-09,observed,csv_row_Jersey_col_2/14/23,jhu_csv_observed_v1,2023-02-14,cumulative_deaths,161,deaths,reported,
1.0,jhu_csse_confirmed_global_csv,e6234a59eec4359d2577358b5220e1a7e3da74c162913cdb7d882db1413f98c2,,2020-01-22/2023-03-09,observed,csv_row_Jersey_col_2/15/23,jhu_csv_observed_v1,2023-02-15,cumulative_confirmed_cases,66391,cases,reported,
1.0,jhu_csse_deaths_global_csv,4e87757a3e059c45650a1e1856614f8e339ee3c70653c378a7ba6f7b0ee8c72e,,2020-01-22/2023-03-09,observed,csv_row_Jersey_col_2/15/23,jhu_csv_observed_v1,2023-02-15,cumulative_deaths,161,deaths,reported,
1.0,jhu_csse_confirmed_global_csv,e6234a59eec4359d2577358b5220e1a7e3da74c162913cdb7d882db1413f98c2,,2020-01-22/2023-03-09,observed,csv_row_Jersey_col_2/16/23,jhu_csv_observed_v1,2023-02-16,cumulative_confirmed_cases,66391,cases,reported,
1.0,jhu_csse_deaths_global_csv,4e87757a3e059c45650a1e1856614f8e339ee3c70653c378a7ba6f7b0ee8c72e,,2020-01-22/2023-03-09,observed,csv_row_Jersey_col_2/16/23,jhu_csv_observed_v1,2023-02-16,cumulative_deaths,161,deaths,reported,
1.0,jhu_csse_confirmed_global_csv,e6234a59eec4359d2577358b5220e1a7e3da74c162913cdb7d882db1413f98c2,,2020-01-22/2023-03-09,observed,csv_row_Jersey_col_2/17/23,jhu_csv_observed_v1,2023-02-17,cumulative_confirmed_cases,66391,cases,reported,
1.0,jhu_csse_deaths_global_csv,4e87757a3e059c45650a1e1856614f8e339ee3c70653c378a7ba6f7b0ee8c72e,,2020-01-22/2023-03-09,observed,csv_row_Jersey_col_2/17/23,jhu_csv_observed_v1,2023-02-17,cumulative_deaths,161,deaths,reported,
1.0,jhu_csse_confirmed_global_csv,e6234a59eec4359d2577358b5220e1a7e3da74c162913cdb7d882db1413f98c2,,2020-01-22/2023-03-09,observed,csv_row_Jersey_col_2/18/23,jhu_csv_observed_v1,2023-02-18,cumulative_confirmed_cases,66391,cases,reported,
1.0,jhu_csse_deaths_global_csv,4e87757a3e059c45650a1e1856614f8e339ee3c70653c378a7ba6f7b0ee8c72e,,2020-01-22/2023-03-09,observed,csv_row_Jersey_col_2/18/23,jhu_csv_observed_v1,2023-02-18,cumulative_deaths,161,deaths,reported,
1.0,jhu_csse_confirmed_global_csv,e6234a59eec4359d2577358b5220e1a7e3da74c162913cdb7d882db1413f98c2,,2020-01-22/2023-03-09,observed,csv_row_Jersey_col_2/19/23,jhu_csv_observed_v1,2023-02-19,cumulative_confirmed_cases,66391,cases,reported,
1.0,jhu_csse_deaths_global_csv,4e87757a3e059c45650a1e1856614f8e339ee3c70653c378a7ba6f7b0ee8c72e,,2020-01-22/2023-03-09,observed,csv_row_Jersey_col_2/19/23,jhu_csv_observed_v1,2023-02-19,cumulative_deaths,161,deaths,reported,
1.0,jhu_csse_confirmed_global_csv,e6234a59eec4359d2577358b5220e1a7e3da74c162913cdb7d882db1413f98c2,,2020-01-22/2023-03-09,observed,csv_row_Jersey_col_2/20/23,jhu_csv_observed_v1,2023-02-20,cumulative_confirmed_cases,66391,cases,reported,
1.0,jhu_csse_deaths_global_csv,4e87757a3e059c45650a1e1856614f8e339ee3c70653c378a7ba6f7b0ee8c72e,,2020-01-22/2023-03-09,observed,csv_row_Jersey_col_2/20/23,jhu_csv_observed_v1,2023-02-20,cumulative_deaths,161,deaths,reported,
1.0,jhu_csse_confirmed_global_csv,e6234a59eec4359d2577358b5220e1a7e3da74c162913cdb7d882db1413f98c2,,2020-01-22/2023-03-09,observed,csv_row_Jersey_col_2/21/23,jhu_csv_observed_v1,2023-02-21,cumulative_confirmed_cases,66391,cases,reported,
1.0,jhu_csse_deaths_global_csv,4e87757a3e059c45650a1e1856614f8e339ee3c70653c378a7ba6f7b0ee8c72e,,2020-01-22/2023-03-09,observed,csv_row_Jersey_col_2/21/23,jhu_csv_observed_v1,2023-02-21,cumulative_deaths,161,deaths,reported,
1.0,jhu_csse_confirmed_global_csv,e6234a59eec4359d2577358b5220e1a7e3da74c162913cdb7d882db1413f98c2,,2020-01-22/2023-03-09,observed,csv_row_Jersey_col_2/22/23,jhu_csv_observed_v1,2023-02-22,cumulative_confirmed_cases,66391,cases,reported,
1.0,jhu_csse_deaths_global_csv,4e87757a3e059c45650a1e1856614f8e339ee3c70653c378a7ba6f7b0ee8c72e,,2020-01-22/2023-03-09,observed,csv_row_Jersey_col_2/22/23,jhu_csv_observed_v1,2023-02-22,cumulative_deaths,161,deaths,reported,
1.0,jhu_csse_confirmed_global_csv,e6234a59eec4359d2577358b5220e1a7e3da74c162913cdb7d882db1413f98c2,,2020-01-22/2023-03-09,observed,csv_row_Jersey_col_2/23/23,jhu_csv_observed_v1,2023-02-23,cumulative_confirmed_cases,66391,cases,reported,
1.0,jhu_csse_deaths_global_csv,4e87757a3e059c45650a1e1856614f8e339ee3c70653c378a7ba6f7b0ee8c72e,,2020-01-22/2023-03-09,observed,csv_row_Jersey_col_2/23/23,jhu_csv_observed_v1,2023-02-23,cumulative_deaths,161,deaths,reported,
1.0,jhu_csse_confirmed_global_csv,e6234a59eec4359d2577358b5220e1a7e3da74c162913cdb7d882db1413f98c2,,2020-01-22/2023-03-09,observed,csv_row_Jersey_col_2/24/23,jhu_csv_observed_v1,2023-02-24,cumulative_confirmed_cases,66391,cases,reported,
1.0,jhu_csse_deaths_global_csv,4e87757a3e059c45650a1e1856614f8e339ee3c70653c378a7ba6f7b0ee8c72e,,2020-01-22/2023-03-09,observed,csv_row_Jersey_col_2/24/23,jhu_csv_observed_v1,2023-02-24,cumulative_deaths,161,deaths,reported,
1.0,jhu_csse_confirmed_global_csv,e6234a59eec4359d2577358b5220e1a7e3da74c162913cdb7d882db1413f98c2,,2020-01-22/2023-03-09,observed,csv_row_Jersey_col_2/25/23,jhu_csv_observed_v1,2023-02-25,cumulative_confirmed_cases,66391,cases,reported,
1.0,jhu_csse_deaths_global_csv,4e87757a3e059c45650a1e1856614f8e339ee3c70653c378a7ba6f7b0ee8c72e,,2020-01-22/2023-03-09,observed,csv_row_Jersey_col_2/25/23,jhu_csv_observed_v1,2023-02-25,cumulative_deaths,161,deaths,reported,
1.0,jhu_csse_confirmed_global_csv,e6234a59eec4359d2577358b5220e1a7e3da74c162913cdb7d882db1413f98c2,,2020-01-22/2023-03-09,observed,csv_row_Jersey_col_2/26/23,jhu_csv_observed_v1,2023-02-26,cumulative_confirmed_cases,66391,cases,reported,
1.0,jhu_csse_deaths_global_csv,4e87757a3e059c45650a1e1856614f8e339ee3c70653c378a7ba6f7b0ee8c72e,,2020-01-22/2023-03-09,observed,csv_row_Jersey_col_2/26/23,jhu_csv_observed_v1,2023-02-26,cumulative_deaths,161,deaths,reported,
1.0,jhu_csse_confirmed_global_csv,e6234a59eec4359d2577358b5220e1a7e3da74c162913cdb7d882db1413f98c2,,2020-01-22/2023-03-09,observed,csv_row_Jersey_col_2/27/23,jhu_csv_observed_v1,2023-02-27,cumulative_confirmed_cases,66391,cases,reported,
1.0,jhu_csse_deaths_global_csv,4e87757a3e059c45650a1e1856614f8e339ee3c70653c378a7ba6f7b0ee8c72e,,2020-01-22/2023-03-09,observed,csv_row_Jersey_col_2/27/23,jhu_csv_observed_v1,2023-02-27,cumulative_deaths,161,deaths,reported,
1.0,jhu_csse_confirmed_global_csv,e6234a59eec4359d2577358b5220e1a7e3da74c162913cdb7d882db1413f98c2,,2020-01-22/2023-03-09,observed,csv_row_Jersey_col_2/28/23,jhu_csv_observed_v1,2023-02-28,cumulative_confirmed_cases,66391,cases,reported,
1.0,jhu_csse_deaths_global_csv,4e87757a3e059c45650a1e1856614f8e339ee3c70653c378a7ba6f7b0ee8c72e,,2020-01-22/2023-03-09,observed,csv_row_Jersey_col_2/28/23,jhu_csv_observed_v1,2023-02-28,cumulative_deaths,161,deaths,reported,
1.0,jhu_csse_confirmed_global_csv,e6234a59eec4359d2577358b5220e1a7e3da74c162913cdb7d882db1413f98c2,,2020-01-22/2023-03-09,observed,csv_row_Jersey_col_3/1/23,jhu_csv_observed_v1,2023-03-01,cumulative_confirmed_cases,66391,cases,reported,
1.0,jhu_csse_deaths_global_csv,4e87757a3e059c45650a1e1856614f8e339ee3c70653c378a7ba6f7b0ee8c72e,,2020-01-22/2023-03-09,observed,csv_row_Jersey_col_3/1/23,jhu_csv_observed_v1,2023-03-01,cumulative_deaths,161,deaths,reported,
1.0,jhu_csse_confirmed_global_csv,e6234a59eec4359d2577358b5220e1a7e3da74c162913cdb7d882db1413f98c2,,2020-01-22/2023-03-09,observed,csv_row_Jersey_col_3/2/23,jhu_csv_observed_v1,2023-03-02,cumulative_confirmed_cases,66391,cases,reported,
1.0,jhu_csse_deaths_global_csv,4e87757a3e059c45650a1e1856614f8e339ee3c70653c378a7ba6f7b0ee8c72e,,2020-01-22/2023-03-09,observed,csv_row_Jersey_col_3/2/23,jhu_csv_observed_v1,2023-03-02,cumulative_deaths,161,deaths,reported,
1.0,jhu_csse_confirmed_global_csv,e6234a59eec4359d2577358b5220e1a7e3da74c162913cdb7d882db1413f98c2,,2020-01-22/2023-03-09,observed,csv_row_Jersey_col_3/3/23,jhu_csv_observed_v1,2023-03-03,cumulative_confirmed_cases,66391,cases,reported,
1.0,jhu_csse_deaths_global_csv,4e87757a3e059c45650a1e1856614f8e339ee3c70653c378a7ba6f7b0ee8c72e,,2020-01-22/2023-03-09,observed,csv_row_Jersey_col_3/3/23,jhu_csv_observed_v1,2023-03-03,cumulative_deaths,161,deaths,reported,
1.0,jhu_csse_confirmed_global_csv,e6234a59eec4359d2577358b5220e1a7e3da74c162913cdb7d882db1413f98c2,,2020-01-22/2023-03-09,observed,csv_row_Jersey_col_3/4/23,jhu_csv_observed_v1,2023-03-04,cumulative_confirmed_cases,66391,cases,reported,
1.0,jhu_csse_deaths_global_csv,4e87757a3e059c45650a1e1856614f8e339ee3c70653c378a7ba6f7b0ee8c72e,,2020-01-22/2023-03-09,observed,csv_row_Jersey_col_3/4/23,jhu_csv_observed_v1,2023-03-04,cumulative_deaths,161,deaths,reported,
1.0,jhu_csse_confirmed_global_csv,e6234a59eec4359d2577358b5220e1a7e3da74c162913cdb7d882db1413f98c2,,2020-01-22/2023-03-09,observed,csv_row_Jersey_col_3/5/23,jhu_csv_observed_v1,2023-03-05,cumulative_confirmed_cases,66391,cases,reported,
1.0,jhu_csse_deaths_global_csv,4e87757a3e059c45650a1e1856614f8e339ee3c70653c378a7ba6f7b0ee8c72e,,2020-01-22/2023-03-09,observed,csv_row_Jersey_col_3/5/23,jhu_csv_observed_v1,2023-03-05,cumulative_deaths,161,deaths,reported,
1.0,jhu_csse_confirmed_global_csv,e6234a59eec4359d2577358b5220e1a7e3da74c162913cdb7d882db1413f98c2,,2020-01-22/2023-03-09,observed,csv_row_Jersey_col_3/6/23,jhu_csv_observed_v1,2023-03-06,cumulative_confirmed_cases,66391,cases,reported,
1.0,jhu_csse_deaths_global_csv,4e87757a3e059c45650a1e1856614f8e339ee3c70653c378a7ba6f7b0ee8c72e,,2020-01-22/2023-03-09,observed,csv_row_Jersey_col_3/6/23,jhu_csv_observed_v1,2023-03-06,cumulative_deaths,161,deaths,reported,
1.0,jhu_csse_confirmed_global_csv,e6234a59eec4359d2577358b5220e1a7e3da74c162913cdb7d882db1413f98c2,,2020-01-22/2023-03-09,observed,csv_row_Jersey_col_3/7/23,jhu_csv_observed_v1,2023-03-07,cumulative_confirmed_cases,66391,cases,reported,
1.0,jhu_csse_deaths_global_csv,4e87757a3e059c45650a1e1856614f8e339ee3c70653c378a7ba6f7b0ee8c72e,,2020-01-22/2023-03-09,observed,csv_row_Jersey_col_3/7/23,jhu_csv_observed_v1,2023-03-07,cumulative_deaths,161,deaths,reported,
1.0,jhu_csse_confirmed_global_csv,e6234a59eec4359d2577358b5220e1a7e3da74c162913cdb7d882db1413f98c2,,2020-01-22/2023-03-09,observed,csv_row_Jersey_col_3/8/23,jhu_csv_observed_v1,2023-03-08,cumulative_confirmed_cases,66391,cases,reported,
1.0,jhu_csse_deaths_global_csv,4e87757a3e059c45650a1e1856614f8e339ee3c70653c378a7ba6f7b0ee8c72e,,2020-01-22/2023-03-09,observed,csv_row_Jersey_col_3/8/23,jhu_csv_observed_v1,2023-03-08,cumulative_deaths,161,deaths,reported,
1.0,jhu_csse_confirmed_global_csv,e6234a59eec4359d2577358b5220e1a7e3da74c162913cdb7d882db1413f98c2,,2020-01-22/2023-03-09,observed,csv_row_Jersey_col_3/9/23,jhu_csv_observed_v1,2023-03-09,cumulative_confirmed_cases,66391,cases,reported,
1.0,jhu_csse_deaths_global_csv,4e87757a3e059c45650a1e1856614f8e339ee3c70653c378a7ba6f7b0ee8c72e,,2020-01-22/2023-03-09,observed,csv_row_Jersey_col_3/9/23,jhu_csv_observed_v1,2023-03-09,cumulative_deaths,161,deaths,reported,
1.0,jhu_csse_confirmed_global_csv,e6234a59eec4359d2577358b5220e1a7e3da74c162913cdb7d882db1413f98c2,,2020-01-22/2023-03-09,derived,derived_from_2020-01-22_and_starting_cumulative,jhu_first_difference_v1,2020-01-22,daily_new_confirmed_cases,0,cases,reported,
1.0,jhu_csse_confirmed_global_csv,e6234a59eec4359d2577358b5220e1a7e3da74c162913cdb7d882db1413f98c2,,2020-01-22/2023-03-09,derived,derived_from_2020-01-23_and_2020-01-22,jhu_first_difference_v1,2020-01-23,daily_new_confirmed_cases,0,cases,reported,
1.0,jhu_csse_confirmed_global_csv,e6234a59eec4359d2577358b5220e1a7e3da74c162913cdb7d882db1413f98c2,,2020-01-22/2023-03-09,derived,derived_from_2020-01-24_and_2020-01-23,jhu_first_difference_v1,2020-01-24,daily_new_confirmed_cases,0,cases,reported,
1.0,jhu_csse_confirmed_global_csv,e6234a59eec4359d2577358b5220e1a7e3da74c162913cdb7d882db1413f98c2,,2020-01-22/2023-03-09,derived,derived_from_2020-01-25_and_2020-01-24,jhu_first_difference_v1,2020-01-25,daily_new_confirmed_cases,0,cases,reported,
1.0,jhu_csse_confirmed_global_csv,e6234a59eec4359d2577358b5220e1a7e3da74c162913cdb7d882db1413f98c2,,2020-01-22/2023-03-09,derived,derived_from_2020-01-26_and_2020-01-25,jhu_first_difference_v1,2020-01-26,daily_new_confirmed_cases,0,cases,reported,
1.0,jhu_csse_confirmed_global_csv,e6234a59eec4359d2577358b5220e1a7e3da74c162913cdb7d882db1413f98c2,,2020-01-22/2023-03-09,derived,derived_from_2020-01-27_and_2020-01-26,jhu_first_difference_v1,2020-01-27,daily_new_confirmed_cases,0,cases,reported,
1.0,jhu_csse_confirmed_global_csv,e6234a59eec4359d2577358b5220e1a7e3da74c162913cdb7d882db1413f98c2,,2020-01-22/2023-03-09,derived,derived_from_2020-01-28_and_2020-01-27,jhu_first_difference_v1,2020-01-28,daily_new_confirmed_cases,0,cases,reported,
1.0,jhu_csse_confirmed_global_csv,e6234a59eec4359d2577358b5220e1a7e3da74c162913cdb7d882db1413f98c2,,2020-01-22/2023-03-09,derived,derived_from_2020-01-29_and_2020-01-28,jhu_first_difference_v1,2020-01-29,daily_new_confirmed_cases,0,cases,reported,
1.0,jhu_csse_confirmed_global_csv,e6234a59eec4359d2577358b5220e1a7e3da74c162913cdb7d882db1413f98c2,,2020-01-22/2023-03-09,derived,derived_from_2020-01-30_and_2020-01-29,jhu_first_difference_v1,2020-01-30,daily_new_confirmed_cases,0,cases,reported,
1.0,jhu_csse_confirmed_global_csv,e6234a59eec4359d2577358b5220e1a7e3da74c162913cdb7d882db1413f98c2,,2020-01-22/2023-03-09,derived,derived_from_2020-01-31_and_2020-01-30,jhu_first_difference_v1,2020-01-31,daily_new_confirmed_cases,0,cases,reported,
1.0,jhu_csse_confirmed_global_csv,e6234a59eec4359d2577358b5220e1a7e3da74c162913cdb7d882db1413f98c2,,2020-01-22/2023-03-09,derived,derived_from_2020-02-01_and_2020-01-31,jhu_first_difference_v1,2020-02-01,daily_new_confirmed_cases,0,cases,reported,
1.0,jhu_csse_confirmed_global_csv,e6234a59eec4359d2577358b5220e1a7e3da74c162913cdb7d882db1413f98c2,,2020-01-22/2023-03-09,derived,derived_from_2020-02-02_and_2020-02-01,jhu_first_difference_v1,2020-02-02,daily_new_confirmed_cases,0,cases,reported,
1.0,jhu_csse_confirmed_global_csv,e6234a59eec4359d2577358b5220e1a7e3da74c162913cdb7d882db1413f98c2,,2020-01-22/2023-03-09,derived,derived_from_2020-02-03_and_2020-02-02,jhu_first_difference_v1,2020-02-03,daily_new_confirmed_cases,0,cases,reported,
1.0,jhu_csse_confirmed_global_csv,e6234a59eec4359d2577358b5220e1a7e3da74c162913cdb7d882db1413f98c2,,2020-01-22/2023-03-09,derived,derived_from_2020-02-04_and_2020-02-03,jhu_first_difference_v1,2020-02-04,daily_new_confirmed_cases,0,cases,reported,
1.0,jhu_csse_confirmed_global_csv,e6234a59eec4359d2577358b5220e1a7e3da74c162913cdb7d882db1413f98c2,,2020-01-22/2023-03-09,derived,derived_from_2020-02-05_and_2020-02-04,jhu_first_difference_v1,2020-02-05,daily_new_confirmed_cases,0,cases,reported,
1.0,jhu_csse_confirmed_global_csv,e6234a59eec4359d2577358b5220e1a7e3da74c162913cdb7d882db1413f98c2,,2020-01-22/2023-03-09,derived,derived_from_2020-02-06_and_2020-02-05,jhu_first_difference_v1,2020-02-06,daily_new_confirmed_cases,0,cases,reported,
1.0,jhu_csse_confirmed_global_csv,e6234a59eec4359d2577358b5220e1a7e3da74c162913cdb7d882db1413f98c2,,2020-01-22/2023-03-09,derived,derived_from_2020-02-07_and_2020-02-06,jhu_first_difference_v1,2020-02-07,daily_new_confirmed_cases,0,cases,reported,
1.0,jhu_csse_confirmed_global_csv,e6234a59eec4359d2577358b5220e1a7e3da74c162913cdb7d882db1413f98c2,,2020-01-22/2023-03-09,derived,derived_from_2020-02-08_and_2020-02-07,jhu_first_difference_v1,2020-02-08,daily_new_confirmed_cases,0,cases,reported,
1.0,jhu_csse_confirmed_global_csv,e6234a59eec4359d2577358b5220e1a7e3da74c162913cdb7d882db1413f98c2,,2020-01-22/2023-03-09,derived,derived_from_2020-02-09_and_2020-02-08,jhu_first_difference_v1,2020-02-09,daily_new_confirmed_cases,0,cases,reported,
1.0,jhu_csse_confirmed_global_csv,e6234a59eec4359d2577358b5220e1a7e3da74c162913cdb7d882db1413f98c2,,2020-01-22/2023-03-09,derived,derived_from_2020-02-10_and_2020-02-09,jhu_first_difference_v1,2020-02-10,daily_new_confirmed_cases,0,cases,reported,
1.0,jhu_csse_confirmed_global_csv,e6234a59eec4359d2577358b5220e1a7e3da74c162913cdb7d882db1413f98c2,,2020-01-22/2023-03-09,derived,derived_from_2020-02-11_and_2020-02-10,jhu_first_difference_v1,2020-02-11,daily_new_confirmed_cases,0,cases,reported,
1.0,jhu_csse_confirmed_global_csv,e6234a59eec4359d2577358b5220e1a7e3da74c162913cdb7d882db1413f98c2,,2020-01-22/2023-03-09,derived,derived_from_2020-02-12_and_2020-02-11,jhu_first_difference_v1,2020-02-12,daily_new_confirmed_cases,0,cases,reported,
1.0,jhu_csse_confirmed_global_csv,e6234a59eec4359d2577358b5220e1a7e3da74c162913cdb7d882db1413f98c2,,2020-01-22/2023-03-09,derived,derived_from_2020-02-13_and_2020-02-12,jhu_first_difference_v1,2020-02-13,daily_new_confirmed_cases,0,cases,reported,
1.0,jhu_csse_confirmed_global_csv,e6234a59eec4359d2577358b5220e1a7e3da74c162913cdb7d882db1413f98c2,,2020-01-22/2023-03-09,derived,derived_from_2020-02-14_and_2020-02-13,jhu_first_difference_v1,2020-02-14,daily_new_confirmed_cases,0,cases,reported,
1.0,jhu_csse_confirmed_global_csv,e6234a59eec4359d2577358b5220e1a7e3da74c162913cdb7d882db1413f98c2,,2020-01-22/2023-03-09,derived,derived_from_2020-02-15_and_2020-02-14,jhu_first_difference_v1,2020-02-15,daily_new_confirmed_cases,0,cases,reported,
1.0,jhu_csse_confirmed_global_csv,e6234a59eec4359d2577358b5220e1a7e3da74c162913cdb7d882db1413f98c2,,2020-01-22/2023-03-09,derived,derived_from_2020-02-16_and_2020-02-15,jhu_first_difference_v1,2020-02-16,daily_new_confirmed_cases,0,cases,reported,
1.0,jhu_csse_confirmed_global_csv,e6234a59eec4359d2577358b5220e1a7e3da74c162913cdb7d882db1413f98c2,,2020-01-22/2023-03-09,derived,derived_from_2020-02-17_and_2020-02-16,jhu_first_difference_v1,2020-02-17,daily_new_confirmed_cases,0,cases,reported,
1.0,jhu_csse_confirmed_global_csv,e6234a59eec4359d2577358b5220e1a7e3da74c162913cdb7d882db1413f98c2,,2020-01-22/2023-03-09,derived,derived_from_2020-02-18_and_2020-02-17,jhu_first_difference_v1,2020-02-18,daily_new_confirmed_cases,0,cases,reported,
1.0,jhu_csse_confirmed_global_csv,e6234a59eec4359d2577358b5220e1a7e3da74c162913cdb7d882db1413f98c2,,2020-01-22/2023-03-09,derived,derived_from_2020-02-19_and_2020-02-18,jhu_first_difference_v1,2020-02-19,daily_new_confirmed_cases,0,cases,reported,
1.0,jhu_csse_confirmed_global_csv,e6234a59eec4359d2577358b5220e1a7e3da74c162913cdb7d882db1413f98c2,,2020-01-22/2023-03-09,derived,derived_from_2020-02-20_and_2020-02-19,jhu_first_difference_v1,2020-02-20,daily_new_confirmed_cases,0,cases,reported,
1.0,jhu_csse_confirmed_global_csv,e6234a59eec4359d2577358b5220e1a7e3da74c162913cdb7d882db1413f98c2,,2020-01-22/2023-03-09,derived,derived_from_2020-02-21_and_2020-02-20,jhu_first_difference_v1,2020-02-21,daily_new_confirmed_cases,0,cases,reported,
1.0,jhu_csse_confirmed_global_csv,e6234a59eec4359d2577358b5220e1a7e3da74c162913cdb7d882db1413f98c2,,2020-01-22/2023-03-09,derived,derived_from_2020-02-22_and_2020-02-21,jhu_first_difference_v1,2020-02-22,daily_new_confirmed_cases,0,cases,reported,
1.0,jhu_csse_confirmed_global_csv,e6234a59eec4359d2577358b5220e1a7e3da74c162913cdb7d882db1413f98c2,,2020-01-22/2023-03-09,derived,derived_from_2020-02-23_and_2020-02-22,jhu_first_difference_v1,2020-02-23,daily_new_confirmed_cases,0,cases,reported,
1.0,jhu_csse_confirmed_global_csv,e6234a59eec4359d2577358b5220e1a7e3da74c162913cdb7d882db1413f98c2,,2020-01-22/2023-03-09,derived,derived_from_2020-02-24_and_2020-02-23,jhu_first_difference_v1,2020-02-24,daily_new_confirmed_cases,0,cases,reported,
1.0,jhu_csse_confirmed_global_csv,e6234a59eec4359d2577358b5220e1a7e3da74c162913cdb7d882db1413f98c2,,2020-01-22/2023-03-09,derived,derived_from_2020-02-25_and_2020-02-24,jhu_first_difference_v1,2020-02-25,daily_new_confirmed_cases,0,cases,reported,
1.0,jhu_csse_confirmed_global_csv,e6234a59eec4359d2577358b5220e1a7e3da74c162913cdb7d882db1413f98c2,,2020-01-22/2023-03-09,derived,derived_from_2020-02-26_and_2020-02-25,jhu_first_difference_v1,2020-02-26,daily_new_confirmed_cases,0,cases,reported,
1.0,jhu_csse_confirmed_global_csv,e6234a59eec4359d2577358b5220e1a7e3da74c162913cdb7d882db1413f98c2,,2020-01-22/2023-03-09,derived,derived_from_2020-02-27_and_2020-02-26,jhu_first_difference_v1,2020-02-27,daily_new_confirmed_cases,0,cases,reported,
1.0,jhu_csse_confirmed_global_csv,e6234a59eec4359d2577358b5220e1a7e3da74c162913cdb7d882db1413f98c2,,2020-01-22/2023-03-09,derived,derived_from_2020-02-28_and_2020-02-27,jhu_first_difference_v1,2020-02-28,daily_new_confirmed_cases,0,cases,reported,
1.0,jhu_csse_confirmed_global_csv,e6234a59eec4359d2577358b5220e1a7e3da74c162913cdb7d882db1413f98c2,,2020-01-22/2023-03-09,derived,derived_from_2020-02-29_and_2020-02-28,jhu_first_difference_v1,2020-02-29,daily_new_confirmed_cases,0,cases,reported,
1.0,jhu_csse_confirmed_global_csv,e6234a59eec4359d2577358b5220e1a7e3da74c162913cdb7d882db1413f98c2,,2020-01-22/2023-03-09,derived,derived_from_2020-03-01_and_2020-02-29,jhu_first_difference_v1,2020-03-01,daily_new_confirmed_cases,0,cases,reported,
1.0,jhu_csse_confirmed_global_csv,e6234a59eec4359d2577358b5220e1a7e3da74c162913cdb7d882db1413f98c2,,2020-01-22/2023-03-09,derived,derived_from_2020-03-02_and_2020-03-01,jhu_first_difference_v1,2020-03-02,daily_new_confirmed_cases,0,cases,reported,
1.0,jhu_csse_confirmed_global_csv,e6234a59eec4359d2577358b5220e1a7e3da74c162913cdb7d882db1413f98c2,,2020-01-22/2023-03-09,derived,derived_from_2020-03-03_and_2020-03-02,jhu_first_difference_v1,2020-03-03,daily_new_confirmed_cases,0,cases,reported,
1.0,jhu_csse_confirmed_global_csv,e6234a59eec4359d2577358b5220e1a7e3da74c162913cdb7d882db1413f98c2,,2020-01-22/2023-03-09,derived,derived_from_2020-03-04_and_2020-03-03,jhu_first_difference_v1,2020-03-04,daily_new_confirmed_cases,0,cases,reported,
1.0,jhu_csse_confirmed_global_csv,e6234a59eec4359d2577358b5220e1a7e3da74c162913cdb7d882db1413f98c2,,2020-01-22/2023-03-09,derived,derived_from_2020-03-05_and_2020-03-04,jhu_first_difference_v1,2020-03-05,daily_new_confirmed_cases,0,cases,reported,
1.0,jhu_csse_confirmed_global_csv,e6234a59eec4359d2577358b5220e1a7e3da74c162913cdb7d882db1413f98c2,,2020-01-22/2023-03-09,derived,derived_from_2020-03-06_and_2020-03-05,jhu_first_difference_v1,2020-03-06,daily_new_confirmed_cases,0,cases,reported,
1.0,jhu_csse_confirmed_global_csv,e6234a59eec4359d2577358b5220e1a7e3da74c162913cdb7d882db1413f98c2,,2020-01-22/2023-03-09,derived,derived_from_2020-03-07_and_2020-03-06,jhu_first_difference_v1,2020-03-07,daily_new_confirmed_cases,0,cases,reported,
1.0,jhu_csse_confirmed_global_csv,e6234a59eec4359d2577358b5220e1a7e3da74c162913cdb7d882db1413f98c2,,2020-01-22/2023-03-09,derived,derived_from_2020-03-08_and_2020-03-07,jhu_first_difference_v1,2020-03-08,daily_new_confirmed_cases,0,cases,reported,
1.0,jhu_csse_confirmed_global_csv,e6234a59eec4359d2577358b5220e1a7e3da74c162913cdb7d882db1413f98c2,,2020-01-22/2023-03-09,derived,derived_from_2020-03-09_and_2020-03-08,jhu_first_difference_v1,2020-03-09,daily_new_confirmed_cases,0,cases,reported,
1.0,jhu_csse_confirmed_global_csv,e6234a59eec4359d2577358b5220e1a7e3da74c162913cdb7d882db1413f98c2,,2020-01-22/2023-03-09,derived,derived_from_2020-03-10_and_2020-03-09,jhu_first_difference_v1,2020-03-10,daily_new_confirmed_cases,0,cases,reported,
1.0,jhu_csse_confirmed_global_csv,e6234a59eec4359d2577358b5220e1a7e3da74c162913cdb7d882db1413f98c2,,2020-01-22/2023-03-09,derived,derived_from_2020-03-11_and_2020-03-10,jhu_first_difference_v1,2020-03-11,daily_new_confirmed_cases,0,cases,reported,
1.0,jhu_csse_confirmed_global_csv,e6234a59eec4359d2577358b5220e1a7e3da74c162913cdb7d882db1413f98c2,,2020-01-22/2023-03-09,derived,derived_from_2020-03-12_and_2020-03-11,jhu_first_difference_v1,2020-03-12,daily_new_confirmed_cases,0,cases,reported,
1.0,jhu_csse_confirmed_global_csv,e6234a59eec4359d2577358b5220e1a7e3da74c162913cdb7d882db1413f98c2,,2020-01-22/2023-03-09,derived,derived_from_2020-03-13_and_2020-03-12,jhu_first_difference_v1,2020-03-13,daily_new_confirmed_cases,0,cases,reported,
1.0,jhu_csse_confirmed_global_csv,e6234a59eec4359d2577358b5220e1a7e3da74c162913cdb7d882db1413f98c2,,2020-01-22/2023-03-09,derived,derived_from_2020-03-14_and_2020-03-13,jhu_first_difference_v1,2020-03-14,daily_new_confirmed_cases,0,cases,reported,
1.0,jhu_csse_confirmed_global_csv,e6234a59eec4359d2577358b5220e1a7e3da74c162913cdb7d882db1413f98c2,,2020-01-22/2023-03-09,derived,derived_from_2020-03-15_and_2020-03-14,jhu_first_difference_v1,2020-03-15,daily_new_confirmed_cases,0,cases,reported,
1.0,jhu_csse_confirmed_global_csv,e6234a59eec4359d2577358b5220e1a7e3da74c162913cdb7d882db1413f98c2,,2020-01-22/2023-03-09,derived,derived_from_2020-03-16_and_2020-03-15,jhu_first_difference_v1,2020-03-16,daily_new_confirmed_cases,0,cases,reported,
1.0,jhu_csse_confirmed_global_csv,e6234a59eec4359d2577358b5220e1a7e3da74c162913cdb7d882db1413f98c2,,2020-01-22/2023-03-09,derived,derived_from_2020-03-17_and_2020-03-16,jhu_first_difference_v1,2020-03-17,daily_new_confirmed_cases,0,cases,reported,
1.0,jhu_csse_confirmed_global_csv,e6234a59eec4359d2577358b5220e1a7e3da74c162913cdb7d882db1413f98c2,,2020-01-22/2023-03-09,derived,derived_from_2020-03-18_and_2020-03-17,jhu_first_difference_v1,2020-03-18,daily_new_confirmed_cases,0,cases,reported,
1.0,jhu_csse_confirmed_global_csv,e6234a59eec4359d2577358b5220e1a7e3da74c162913cdb7d882db1413f98c2,,2020-01-22/2023-03-09,derived,derived_from_2020-03-19_and_2020-03-18,jhu_first_difference_v1,2020-03-19,daily_new_confirmed_cases,0,cases,reported,
1.0,jhu_csse_confirmed_global_csv,e6234a59eec4359d2577358b5220e1a7e3da74c162913cdb7d882db1413f98c2,,2020-01-22/2023-03-09,derived,derived_from_2020-03-20_and_2020-03-19,jhu_first_difference_v1,2020-03-20,daily_new_confirmed_cases,0,cases,reported,
1.0,jhu_csse_confirmed_global_csv,e6234a59eec4359d2577358b5220e1a7e3da74c162913cdb7d882db1413f98c2,,2020-01-22/2023-03-09,derived,derived_from_2020-03-21_and_2020-03-20,jhu_first_difference_v1,2020-03-21,daily_new_confirmed_cases,0,cases,reported,
1.0,jhu_csse_confirmed_global_csv,e6234a59eec4359d2577358b5220e1a7e3da74c162913cdb7d882db1413f98c2,,2020-01-22/2023-03-09,derived,derived_from_2020-03-22_and_2020-03-21,jhu_first_difference_v1,2020-03-22,daily_new_confirmed_cases,12,cases,reported,
1.0,jhu_csse_confirmed_global_csv,e6234a59eec4359d2577358b5220e1a7e3da74c162913cdb7d882db1413f98c2,,2020-01-22/2023-03-09,derived,derived_from_2020-03-23_and_2020-03-22,jhu_first_difference_v1,2020-03-23,daily_new_confirmed_cases,3,cases,reported,
1.0,jhu_csse_confirmed_global_csv,e6234a59eec4359d2577358b5220e1a7e3da74c162913cdb7d882db1413f98c2,,2020-01-22/2023-03-09,derived,derived_from_2020-03-24_and_2020-03-23,jhu_first_difference_v1,2020-03-24,daily_new_confirmed_cases,1,cases,reported,
1.0,jhu_csse_confirmed_global_csv,e6234a59eec4359d2577358b5220e1a7e3da74c162913cdb7d882db1413f98c2,,2020-01-22/2023-03-09,derived,derived_from_2020-03-25_and_2020-03-24,jhu_first_difference_v1,2020-03-25,daily_new_confirmed_cases,0,cases,reported,
1.0,jhu_csse_confirmed_global_csv,e6234a59eec4359d2577358b5220e1a7e3da74c162913cdb7d882db1413f98c2,,2020-01-22/2023-03-09,derived,derived_from_2020-03-26_and_2020-03-25,jhu_first_difference_v1,2020-03-26,daily_new_confirmed_cases,2,cases,reported,
1.0,jhu_csse_confirmed_global_csv,e6234a59eec4359d2577358b5220e1a7e3da74c162913cdb7d882db1413f98c2,,2020-01-22/2023-03-09,derived,derived_from_2020-03-27_and_2020-03-26,jhu_first_difference_v1,2020-03-27,daily_new_confirmed_cases,14,cases,reported,
1.0,jhu_csse_confirmed_global_csv,e6234a59eec4359d2577358b5220e1a7e3da74c162913cdb7d882db1413f98c2,,2020-01-22/2023-03-09,derived,derived_from_2020-03-28_and_2020-03-27,jhu_first_difference_v1,2020-03-28,daily_new_confirmed_cases,16,cases,reported,
1.0,jhu_csse_confirmed_global_csv,e6234a59eec4359d2577358b5220e1a7e3da74c162913cdb7d882db1413f98c2,,2020-01-22/2023-03-09,derived,derived_from_2020-03-29_and_2020-03-28,jhu_first_difference_v1,2020-03-29,daily_new_confirmed_cases,9,cases,reported,
1.0,jhu_csse_confirmed_global_csv,e6234a59eec4359d2577358b5220e1a7e3da74c162913cdb7d882db1413f98c2,,2020-01-22/2023-03-09,derived,derived_from_2020-03-30_and_2020-03-29,jhu_first_difference_v1,2020-03-30,daily_new_confirmed_cases,2,cases,reported,
1.0,jhu_csse_confirmed_global_csv,e6234a59eec4359d2577358b5220e1a7e3da74c162913cdb7d882db1413f98c2,,2020-01-22/2023-03-09,derived,derived_from_2020-03-31_and_2020-03-30,jhu_first_difference_v1,2020-03-31,daily_new_confirmed_cases,0,cases,reported,
1.0,jhu_csse_confirmed_global_csv,e6234a59eec4359d2577358b5220e1a7e3da74c162913cdb7d882db1413f98c2,,2020-01-22/2023-03-09,derived,derived_from_2020-04-01_and_2020-03-31,jhu_first_difference_v1,2020-04-01,daily_new_confirmed_cases,0,cases,reported,
1.0,jhu_csse_confirmed_global_csv,e6234a59eec4359d2577358b5220e1a7e3da74c162913cdb7d882db1413f98c2,,2020-01-22/2023-03-09,derived,derived_from_2020-04-02_and_2020-04-01,jhu_first_difference_v1,2020-04-02,daily_new_confirmed_cases,18,cases,reported,
1.0,jhu_csse_confirmed_global_csv,e6234a59eec4359d2577358b5220e1a7e3da74c162913cdb7d882db1413f98c2,,2020-01-22/2023-03-09,derived,derived_from_2020-04-03_and_2020-04-02,jhu_first_difference_v1,2020-04-03,daily_new_confirmed_cases,0,cases,reported,
1.0,jhu_csse_confirmed_global_csv,e6234a59eec4359d2577358b5220e1a7e3da74c162913cdb7d882db1413f98c2,,2020-01-22/2023-03-09,derived,derived_from_2020-04-04_and_2020-04-03,jhu_first_difference_v1,2020-04-04,daily_new_confirmed_cases,37,cases,reported,
1.0,jhu_csse_confirmed_global_csv,e6234a59eec4359d2577358b5220e1a7e3da74c162913cdb7d882db1413f98c2,,2020-01-22/2023-03-09,derived,derived_from_2020-04-05_and_2020-04-04,jhu_first_difference_v1,2020-04-05,daily_new_confirmed_cases,5,cases,reported,
1.0,jhu_csse_confirmed_global_csv,e6234a59eec4359d2577358b5220e1a7e3da74c162913cdb7d882db1413f98c2,,2020-01-22/2023-03-09,derived,derived_from_2020-04-06_and_2020-04-05,jhu_first_difference_v1,2020-04-06,daily_new_confirmed_cases,32,cases,reported,
1.0,jhu_csse_confirmed_global_csv,e6234a59eec4359d2577358b5220e1a7e3da74c162913cdb7d882db1413f98c2,,2020-01-22/2023-03-09,derived,derived_from_2020-04-07_and_2020-04-06,jhu_first_difference_v1,2020-04-07,daily_new_confirmed_cases,0,cases,reported,
1.0,jhu_csse_confirmed_global_csv,e6234a59eec4359d2577358b5220e1a7e3da74c162913cdb7d882db1413f98c2,,2020-01-22/2023-03-09,derived,derived_from_2020-04-08_and_2020-04-07,jhu_first_difference_v1,2020-04-08,daily_new_confirmed_cases,15,cases,reported,
1.0,jhu_csse_confirmed_global_csv,e6234a59eec4359d2577358b5220e1a7e3da74c162913cdb7d882db1413f98c2,,2020-01-22/2023-03-09,derived,derived_from_2020-04-09_and_2020-04-08,jhu_first_difference_v1,2020-04-09,daily_new_confirmed_cases,0,cases,reported,
1.0,jhu_csse_confirmed_global_csv,e6234a59eec4359d2577358b5220e1a7e3da74c162913cdb7d882db1413f98c2,,2020-01-22/2023-03-09,derived,derived_from_2020-04-10_and_2020-04-09,jhu_first_difference_v1,2020-04-10,daily_new_confirmed_cases,0,cases,reported,
1.0,jhu_csse_confirmed_global_csv,e6234a59eec4359d2577358b5220e1a7e3da74c162913cdb7d882db1413f98c2,,2020-01-22/2023-03-09,derived,derived_from_2020-04-11_and_2020-04-10,jhu_first_difference_v1,2020-04-11,daily_new_confirmed_cases,13,cases,reported,
1.0,jhu_csse_confirmed_global_csv,e6234a59eec4359d2577358b5220e1a7e3da74c162913cdb7d882db1413f98c2,,2020-01-22/2023-03-09,derived,derived_from_2020-04-12_and_2020-04-11,jhu_first_difference_v1,2020-04-12,daily_new_confirmed_cases,15,cases,reported,
1.0,jhu_csse_confirmed_global_csv,e6234a59eec4359d2577358b5220e1a7e3da74c162913cdb7d882db1413f98c2,,2020-01-22/2023-03-09,derived,derived_from_2020-04-13_and_2020-04-12,jhu_first_difference_v1,2020-04-13,daily_new_confirmed_cases,0,cases,reported,
1.0,jhu_csse_confirmed_global_csv,e6234a59eec4359d2577358b5220e1a7e3da74c162913cdb7d882db1413f98c2,,2020-01-22/2023-03-09,derived,derived_from_2020-04-14_and_2020-04-13,jhu_first_difference_v1,2020-04-14,daily_new_confirmed_cases,15,cases,reported,
1.0,jhu_csse_confirmed_global_csv,e6234a59eec4359d2577358b5220e1a7e3da74c162913cdb7d882db1413f98c2,,2020-01-22/2023-03-09,derived,derived_from_2020-04-15_and_2020-04-14,jhu_first_difference_v1,2020-04-15,daily_new_confirmed_cases,4,cases,reported,
1.0,jhu_csse_confirmed_global_csv,e6234a59eec4359d2577358b5220e1a7e3da74c162913cdb7d882db1413f98c2,,2020-01-22/2023-03-09,derived,derived_from_2020-04-16_and_2020-04-15,jhu_first_difference_v1,2020-04-16,daily_new_confirmed_cases,0,cases,reported,
1.0,jhu_csse_confirmed_global_csv,e6234a59eec4359d2577358b5220e1a7e3da74c162913cdb7d882db1413f98c2,,2020-01-22/2023-03-09,derived,derived_from_2020-04-17_and_2020-04-16,jhu_first_difference_v1,2020-04-17,daily_new_confirmed_cases,2,cases,reported,
1.0,jhu_csse_confirmed_global_csv,e6234a59eec4359d2577358b5220e1a7e3da74c162913cdb7d882db1413f98c2,,2020-01-22/2023-03-09,derived,derived_from_2020-04-18_and_2020-04-17,jhu_first_difference_v1,2020-04-18,daily_new_confirmed_cases,4,cases,reported,
1.0,jhu_csse_confirmed_global_csv,e6234a59eec4359d2577358b5220e1a7e3da74c162913cdb7d882db1413f98c2,,2020-01-22/2023-03-09,derived,derived_from_2020-04-19_and_2020-04-18,jhu_first_difference_v1,2020-04-19,daily_new_confirmed_cases,11,cases,reported,
1.0,jhu_csse_confirmed_global_csv,e6234a59eec4359d2577358b5220e1a7e3da74c162913cdb7d882db1413f98c2,,2020-01-22/2023-03-09,derived,derived_from_2020-04-20_and_2020-04-19,jhu_first_difference_v1,2020-04-20,daily_new_confirmed_cases,11,cases,reported,
1.0,jhu_csse_confirmed_global_csv,e6234a59eec4359d2577358b5220e1a7e3da74c162913cdb7d882db1413f98c2,,2020-01-22/2023-03-09,derived,derived_from_2020-04-21_and_2020-04-20,jhu_first_difference_v1,2020-04-21,daily_new_confirmed_cases,4,cases,reported,
1.0,jhu_csse_confirmed_global_csv,e6234a59eec4359d2577358b5220e1a7e3da74c162913cdb7d882db1413f98c2,,2020-01-22/2023-03-09,derived,derived_from_2020-04-22_and_2020-04-21,jhu_first_difference_v1,2020-04-22,daily_new_confirmed_cases,1,cases,reported,
1.0,jhu_csse_confirmed_global_csv,e6234a59eec4359d2577358b5220e1a7e3da74c162913cdb7d882db1413f98c2,,2020-01-22/2023-03-09,derived,derived_from_2020-04-23_and_2020-04-22,jhu_first_difference_v1,2020-04-23,daily_new_confirmed_cases,5,cases,reported,
1.0,jhu_csse_confirmed_global_csv,e6234a59eec4359d2577358b5220e1a7e3da74c162913cdb7d882db1413f98c2,,2020-01-22/2023-03-09,derived,derived_from_2020-04-24_and_2020-04-23,jhu_first_difference_v1,2020-04-24,daily_new_confirmed_cases,0,cases,reported,
1.0,jhu_csse_confirmed_global_csv,e6234a59eec4359d2577358b5220e1a7e3da74c162913cdb7d882db1413f98c2,,2020-01-22/2023-03-09,derived,derived_from_2020-04-25_and_2020-04-24,jhu_first_difference_v1,2020-04-25,daily_new_confirmed_cases,21,cases,reported,
1.0,jhu_csse_confirmed_global_csv,e6234a59eec4359d2577358b5220e1a7e3da74c162913cdb7d882db1413f98c2,,2020-01-22/2023-03-09,derived,derived_from_2020-04-26_and_2020-04-25,jhu_first_difference_v1,2020-04-26,daily_new_confirmed_cases,2,cases,reported,
1.0,jhu_csse_confirmed_global_csv,e6234a59eec4359d2577358b5220e1a7e3da74c162913cdb7d882db1413f98c2,,2020-01-22/2023-03-09,derived,derived_from_2020-04-27_and_2020-04-26,jhu_first_difference_v1,2020-04-27,daily_new_confirmed_cases,2,cases,reported,
1.0,jhu_csse_confirmed_global_csv,e6234a59eec4359d2577358b5220e1a7e3da74c162913cdb7d882db1413f98c2,,2020-01-22/2023-03-09,derived,derived_from_2020-04-28_and_2020-04-27,jhu_first_difference_v1,2020-04-28,daily_new_confirmed_cases,1,cases,reported,
1.0,jhu_csse_confirmed_global_csv,e6234a59eec4359d2577358b5220e1a7e3da74c162913cdb7d882db1413f98c2,,2020-01-22/2023-03-09,derived,derived_from_2020-04-29_and_2020-04-28,jhu_first_difference_v1,2020-04-29,daily_new_confirmed_cases,2,cases,reported,
1.0,jhu_csse_confirmed_global_csv,e6234a59eec4359d2577358b5220e1a7e3da74c162913cdb7d882db1413f98c2,,2020-01-22/2023-03-09,derived,derived_from_2020-04-30_and_2020-04-29,jhu_first_difference_v1,2020-04-30,daily_new_confirmed_cases,1,cases,reported,
1.0,jhu_csse_confirmed_global_csv,e6234a59eec4359d2577358b5220e1a7e3da74c162913cdb7d882db1413f98c2,,2020-01-22/2023-03-09,derived,derived_from_2020-05-01_and_2020-04-30,jhu_first_difference_v1,2020-05-01,daily_new_confirmed_cases,6,cases,reported,
1.0,jhu_csse_confirmed_global_csv,e6234a59eec4359d2577358b5220e1a7e3da74c162913cdb7d882db1413f98c2,,2020-01-22/2023-03-09,derived,derived_from_2020-05-02_and_2020-05-01,jhu_first_difference_v1,2020-05-02,daily_new_confirmed_cases,0,cases,reported,
1.0,jhu_csse_confirmed_global_csv,e6234a59eec4359d2577358b5220e1a7e3da74c162913cdb7d882db1413f98c2,,2020-01-22/2023-03-09,derived,derived_from_2020-05-03_and_2020-05-02,jhu_first_difference_v1,2020-05-03,daily_new_confirmed_cases,0,cases,reported,
1.0,jhu_csse_confirmed_global_csv,e6234a59eec4359d2577358b5220e1a7e3da74c162913cdb7d882db1413f98c2,,2020-01-22/2023-03-09,derived,derived_from_2020-05-04_and_2020-05-03,jhu_first_difference_v1,2020-05-04,daily_new_confirmed_cases,1,cases,reported,
1.0,jhu_csse_confirmed_global_csv,e6234a59eec4359d2577358b5220e1a7e3da74c162913cdb7d882db1413f98c2,,2020-01-22/2023-03-09,derived,derived_from_2020-05-05_and_2020-05-04,jhu_first_difference_v1,2020-05-05,daily_new_confirmed_cases,1,cases,reported,
1.0,jhu_csse_confirmed_global_csv,e6234a59eec4359d2577358b5220e1a7e3da74c162913cdb7d882db1413f98c2,,2020-01-22/2023-03-09,derived,derived_from_2020-05-06_and_2020-05-05,jhu_first_difference_v1,2020-05-06,daily_new_confirmed_cases,1,cases,reported,
1.0,jhu_csse_confirmed_global_csv,e6234a59eec4359d2577358b5220e1a7e3da74c162913cdb7d882db1413f98c2,,2020-01-22/2023-03-09,derived,derived_from_2020-05-07_and_2020-05-06,jhu_first_difference_v1,2020-05-07,daily_new_confirmed_cases,0,cases,reported,
1.0,jhu_csse_confirmed_global_csv,e6234a59eec4359d2577358b5220e1a7e3da74c162913cdb7d882db1413f98c2,,2020-01-22/2023-03-09,derived,derived_from_2020-05-08_and_2020-05-07,jhu_first_difference_v1,2020-05-08,daily_new_confirmed_cases,0,cases,reported,
1.0,jhu_csse_confirmed_global_csv,e6234a59eec4359d2577358b5220e1a7e3da74c162913cdb7d882db1413f98c2,,2020-01-22/2023-03-09,derived,derived_from_2020-05-09_and_2020-05-08,jhu_first_difference_v1,2020-05-09,daily_new_confirmed_cases,0,cases,reported,
1.0,jhu_csse_confirmed_global_csv,e6234a59eec4359d2577358b5220e1a7e3da74c162913cdb7d882db1413f98c2,,2020-01-22/2023-03-09,derived,derived_from_2020-05-10_and_2020-05-09,jhu_first_difference_v1,2020-05-10,daily_new_confirmed_cases,0,cases,reported,
1.0,jhu_csse_confirmed_global_csv,e6234a59eec4359d2577358b5220e1a7e3da74c162913cdb7d882db1413f98c2,,2020-01-22/2023-03-09,derived,derived_from_2020-05-11_and_2020-05-10,jhu_first_difference_v1,2020-05-11,daily_new_confirmed_cases,0,cases,reported,
1.0,jhu_csse_confirmed_global_csv,e6234a59eec4359d2577358b5220e1a7e3da74c162913cdb7d882db1413f98c2,,2020-01-22/2023-03-09,derived,derived_from_2020-05-12_and_2020-05-11,jhu_first_difference_v1,2020-05-12,daily_new_confirmed_cases,3,cases,reported,
1.0,jhu_csse_confirmed_global_csv,e6234a59eec4359d2577358b5220e1a7e3da74c162913cdb7d882db1413f98c2,,2020-01-22/2023-03-09,derived,derived_from_2020-05-13_and_2020-05-12,jhu_first_difference_v1,2020-05-13,daily_new_confirmed_cases,0,cases,reported,
1.0,jhu_csse_confirmed_global_csv,e6234a59eec4359d2577358b5220e1a7e3da74c162913cdb7d882db1413f98c2,,2020-01-22/2023-03-09,derived,derived_from_2020-05-14_and_2020-05-13,jhu_first_difference_v1,2020-05-14,daily_new_confirmed_cases,1,cases,reported,
1.0,jhu_csse_confirmed_global_csv,e6234a59eec4359d2577358b5220e1a7e3da74c162913cdb7d882db1413f98c2,,2020-01-22/2023-03-09,derived,derived_from_2020-05-15_and_2020-05-14,jhu_first_difference_v1,2020-05-15,daily_new_confirmed_cases,0,cases,reported,
1.0,jhu_csse_confirmed_global_csv,e6234a59eec4359d2577358b5220e1a7e3da74c162913cdb7d882db1413f98c2,,2020-01-22/2023-03-09,derived,derived_from_2020-05-16_and_2020-05-15,jhu_first_difference_v1,2020-05-16,daily_new_confirmed_cases,0,cases,reported,
1.0,jhu_csse_confirmed_global_csv,e6234a59eec4359d2577358b5220e1a7e3da74c162913cdb7d882db1413f98c2,,2020-01-22/2023-03-09,derived,derived_from_2020-05-17_and_2020-05-16,jhu_first_difference_v1,2020-05-17,daily_new_confirmed_cases,0,cases,reported,
1.0,jhu_csse_confirmed_global_csv,e6234a59eec4359d2577358b5220e1a7e3da74c162913cdb7d882db1413f98c2,,2020-01-22/2023-03-09,derived,derived_from_2020-05-18_and_2020-05-17,jhu_first_difference_v1,2020-05-18,daily_new_confirmed_cases,0,cases,reported,
1.0,jhu_csse_confirmed_global_csv,e6234a59eec4359d2577358b5220e1a7e3da74c162913cdb7d882db1413f98c2,,2020-01-22/2023-03-09,derived,derived_from_2020-05-19_and_2020-05-18,jhu_first_difference_v1,2020-05-19,daily_new_confirmed_cases,5,cases,reported,
1.0,jhu_csse_confirmed_global_csv,e6234a59eec4359d2577358b5220e1a7e3da74c162913cdb7d882db1413f98c2,,2020-01-22/2023-03-09,derived,derived_from_2020-05-20_and_2020-05-19,jhu_first_difference_v1,2020-05-20,daily_new_confirmed_cases,1,cases,reported,
1.0,jhu_csse_confirmed_global_csv,e6234a59eec4359d2577358b5220e1a7e3da74c162913cdb7d882db1413f98c2,,2020-01-22/2023-03-09,derived,derived_from_2020-05-21_and_2020-05-20,jhu_first_difference_v1,2020-05-21,daily_new_confirmed_cases,0,cases,reported,
1.0,jhu_csse_confirmed_global_csv,e6234a59eec4359d2577358b5220e1a7e3da74c162913cdb7d882db1413f98c2,,2020-01-22/2023-03-09,derived,derived_from_2020-05-22_and_2020-05-21,jhu_first_difference_v1,2020-05-22,daily_new_confirmed_cases,3,cases,reported,
1.0,jhu_csse_confirmed_global_csv,e6234a59eec4359d2577358b5220e1a7e3da74c162913cdb7d882db1413f98c2,,2020-01-22/2023-03-09,derived,derived_from_2020-05-23_and_2020-05-22,jhu_first_difference_v1,2020-05-23,daily_new_confirmed_cases,0,cases,reported,
1.0,jhu_csse_confirmed_global_csv,e6234a59eec4359d2577358b5220e1a7e3da74c162913cdb7d882db1413f98c2,,2020-01-22/2023-03-09,derived,derived_from_2020-05-24_and_2020-05-23,jhu_first_difference_v1,2020-05-24,daily_new_confirmed_cases,0,cases,reported,
1.0,jhu_csse_confirmed_global_csv,e6234a59eec4359d2577358b5220e1a7e3da74c162913cdb7d882db1413f98c2,,2020-01-22/2023-03-09,derived,derived_from_2020-05-25_and_2020-05-24,jhu_first_difference_v1,2020-05-25,daily_new_confirmed_cases,0,cases,reported,
1.0,jhu_csse_confirmed_global_csv,e6234a59eec4359d2577358b5220e1a7e3da74c162913cdb7d882db1413f98c2,,2020-01-22/2023-03-09,derived,derived_from_2020-05-26_and_2020-05-25,jhu_first_difference_v1,2020-05-26,daily_new_confirmed_cases,0,cases,reported,
1.0,jhu_csse_confirmed_global_csv,e6234a59eec4359d2577358b5220e1a7e3da74c162913cdb7d882db1413f98c2,,2020-01-22/2023-03-09,derived,derived_from_2020-05-27_and_2020-05-26,jhu_first_difference_v1,2020-05-27,daily_new_confirmed_cases,1,cases,reported,
1.0,jhu_csse_confirmed_global_csv,e6234a59eec4359d2577358b5220e1a7e3da74c162913cdb7d882db1413f98c2,,2020-01-22/2023-03-09,derived,derived_from_2020-05-28_and_2020-05-27,jhu_first_difference_v1,2020-05-28,daily_new_confirmed_cases,0,cases,reported,
1.0,jhu_csse_confirmed_global_csv,e6234a59eec4359d2577358b5220e1a7e3da74c162913cdb7d882db1413f98c2,,2020-01-22/2023-03-09,derived,derived_from_2020-05-29_and_2020-05-28,jhu_first_difference_v1,2020-05-29,daily_new_confirmed_cases,1,cases,reported,
1.0,jhu_csse_confirmed_global_csv,e6234a59eec4359d2577358b5220e1a7e3da74c162913cdb7d882db1413f98c2,,2020-01-22/2023-03-09,derived,derived_from_2020-05-30_and_2020-05-29,jhu_first_difference_v1,2020-05-30,daily_new_confirmed_cases,0,cases,reported,
1.0,jhu_csse_confirmed_global_csv,e6234a59eec4359d2577358b5220e1a7e3da74c162913cdb7d882db1413f98c2,,2020-01-22/2023-03-09,derived,derived_from_2020-05-31_and_2020-05-30,jhu_first_difference_v1,2020-05-31,daily_new_confirmed_cases,0,cases,reported,
1.0,jhu_csse_confirmed_global_csv,e6234a59eec4359d2577358b5220e1a7e3da74c162913cdb7d882db1413f98c2,,2020-01-22/2023-03-09,derived,derived_from_2020-06-01_and_2020-05-31,jhu_first_difference_v1,2020-06-01,daily_new_confirmed_cases,0,cases,reported,
1.0,jhu_csse_confirmed_global_csv,e6234a59eec4359d2577358b5220e1a7e3da74c162913cdb7d882db1413f98c2,,2020-01-22/2023-03-09,derived,derived_from_2020-06-02_and_2020-06-01,jhu_first_difference_v1,2020-06-02,daily_new_confirmed_cases,0,cases,reported,
1.0,jhu_csse_confirmed_global_csv,e6234a59eec4359d2577358b5220e1a7e3da74c162913cdb7d882db1413f98c2,,2020-01-22/2023-03-09,derived,derived_from_2020-06-03_and_2020-06-02,jhu_first_difference_v1,2020-06-03,daily_new_confirmed_cases,0,cases,reported,
1.0,jhu_csse_confirmed_global_csv,e6234a59eec4359d2577358b5220e1a7e3da74c162913cdb7d882db1413f98c2,,2020-01-22/2023-03-09,derived,derived_from_2020-06-04_and_2020-06-03,jhu_first_difference_v1,2020-06-04,daily_new_confirmed_cases,0,cases,reported,
1.0,jhu_csse_confirmed_global_csv,e6234a59eec4359d2577358b5220e1a7e3da74c162913cdb7d882db1413f98c2,,2020-01-22/2023-03-09,derived,derived_from_2020-06-05_and_2020-06-04,jhu_first_difference_v1,2020-06-05,daily_new_confirmed_cases,1,cases,reported,
1.0,jhu_csse_confirmed_global_csv,e6234a59eec4359d2577358b5220e1a7e3da74c162913cdb7d882db1413f98c2,,2020-01-22/2023-03-09,derived,derived_from_2020-06-06_and_2020-06-05,jhu_first_difference_v1,2020-06-06,daily_new_confirmed_cases,0,cases,reported,
1.0,jhu_csse_confirmed_global_csv,e6234a59eec4359d2577358b5220e1a7e3da74c162913cdb7d882db1413f98c2,,2020-01-22/2023-03-09,derived,derived_from_2020-06-07_and_2020-06-06,jhu_first_difference_v1,2020-06-07,daily_new_confirmed_cases,0,cases,reported,
1.0,jhu_csse_confirmed_global_csv,e6234a59eec4359d2577358b5220e1a7e3da74c162913cdb7d882db1413f98c2,,2020-01-22/2023-03-09,derived,derived_from_2020-06-08_and_2020-06-07,jhu_first_difference_v1,2020-06-08,daily_new_confirmed_cases,2,cases,reported,
1.0,jhu_csse_confirmed_global_csv,e6234a59eec4359d2577358b5220e1a7e3da74c162913cdb7d882db1413f98c2,,2020-01-22/2023-03-09,derived,derived_from_2020-06-09_and_2020-06-08,jhu_first_difference_v1,2020-06-09,daily_new_confirmed_cases,0,cases,reported,
1.0,jhu_csse_confirmed_global_csv,e6234a59eec4359d2577358b5220e1a7e3da74c162913cdb7d882db1413f98c2,,2020-01-22/2023-03-09,derived,derived_from_2020-06-10_and_2020-06-09,jhu_first_difference_v1,2020-06-10,daily_new_confirmed_cases,2,cases,reported,
1.0,jhu_csse_confirmed_global_csv,e6234a59eec4359d2577358b5220e1a7e3da74c162913cdb7d882db1413f98c2,,2020-01-22/2023-03-09,derived,derived_from_2020-06-11_and_2020-06-10,jhu_first_difference_v1,2020-06-11,daily_new_confirmed_cases,0,cases,reported,
1.0,jhu_csse_confirmed_global_csv,e6234a59eec4359d2577358b5220e1a7e3da74c162913cdb7d882db1413f98c2,,2020-01-22/2023-03-09,derived,derived_from_2020-06-12_and_2020-06-11,jhu_first_difference_v1,2020-06-12,daily_new_confirmed_cases,0,cases,reported,
1.0,jhu_csse_confirmed_global_csv,e6234a59eec4359d2577358b5220e1a7e3da74c162913cdb7d882db1413f98c2,,2020-01-22/2023-03-09,derived,derived_from_2020-06-13_and_2020-06-12,jhu_first_difference_v1,2020-06-13,daily_new_confirmed_cases,0,cases,reported,
1.0,jhu_csse_confirmed_global_csv,e6234a59eec4359d2577358b5220e1a7e3da74c162913cdb7d882db1413f98c2,,2020-01-22/2023-03-09,derived,derived_from_2020-06-14_and_2020-06-13,jhu_first_difference_v1,2020-06-14,daily_new_confirmed_cases,0,cases,reported,
1.0,jhu_csse_confirmed_global_csv,e6234a59eec4359d2577358b5220e1a7e3da74c162913cdb7d882db1413f98c2,,2020-01-22/2023-03-09,derived,derived_from_2020-06-15_and_2020-06-14,jhu_first_difference_v1,2020-06-15,daily_new_confirmed_cases,0,cases,reported,
1.0,jhu_csse_confirmed_global_csv,e6234a59eec4359d2577358b5220e1a7e3da74c162913cdb7d882db1413f98c2,,2020-01-22/2023-03-09,derived,derived_from_2020-06-16_and_2020-06-15,jhu_first_difference_v1,2020-06-16,daily_new_confirmed_cases,0,cases,reported,
1.0,jhu_csse_confirmed_global_csv,e6234a59eec4359d2577358b5220e1a7e3da74c162913cdb7d882db1413f98c2,,2020-01-22/2023-03-09,derived,derived_from_2020-06-17_and_2020-06-16,jhu_first_difference_v1,2020-06-17,daily_new_confirmed_cases,3,cases,reported,
1.0,jhu_csse_confirmed_global_csv,e6234a59eec4359d2577358b5220e1a7e3da74c162913cdb7d882db1413f98c2,,2020-01-22/2023-03-09,derived,derived_from_2020-06-18_and_2020-06-17,jhu_first_difference_v1,2020-06-18,daily_new_confirmed_cases,0,cases,reported,
1.0,jhu_csse_confirmed_global_csv,e6234a59eec4359d2577358b5220e1a7e3da74c162913cdb7d882db1413f98c2,,2020-01-22/2023-03-09,derived,derived_from_2020-06-19_and_2020-06-18,jhu_first_difference_v1,2020-06-19,daily_new_confirmed_cases,2,cases,reported,
1.0,jhu_csse_confirmed_global_csv,e6234a59eec4359d2577358b5220e1a7e3da74c162913cdb7d882db1413f98c2,,2020-01-22/2023-03-09,derived,derived_from_2020-06-20_and_2020-06-19,jhu_first_difference_v1,2020-06-20,daily_new_confirmed_cases,0,cases,reported,
1.0,jhu_csse_confirmed_global_csv,e6234a59eec4359d2577358b5220e1a7e3da74c162913cdb7d882db1413f98c2,,2020-01-22/2023-03-09,derived,derived_from_2020-06-21_and_2020-06-20,jhu_first_difference_v1,2020-06-21,daily_new_confirmed_cases,0,cases,reported,
1.0,jhu_csse_confirmed_global_csv,e6234a59eec4359d2577358b5220e1a7e3da74c162913cdb7d882db1413f98c2,,2020-01-22/2023-03-09,derived,derived_from_2020-06-22_and_2020-06-21,jhu_first_difference_v1,2020-06-22,daily_new_confirmed_cases,0,cases,reported,
1.0,jhu_csse_confirmed_global_csv,e6234a59eec4359d2577358b5220e1a7e3da74c162913cdb7d882db1413f98c2,,2020-01-22/2023-03-09,derived,derived_from_2020-06-23_and_2020-06-22,jhu_first_difference_v1,2020-06-23,daily_new_confirmed_cases,0,cases,reported,
1.0,jhu_csse_confirmed_global_csv,e6234a59eec4359d2577358b5220e1a7e3da74c162913cdb7d882db1413f98c2,,2020-01-22/2023-03-09,derived,derived_from_2020-06-24_and_2020-06-23,jhu_first_difference_v1,2020-06-24,daily_new_confirmed_cases,0,cases,reported,
1.0,jhu_csse_confirmed_global_csv,e6234a59eec4359d2577358b5220e1a7e3da74c162913cdb7d882db1413f98c2,,2020-01-22/2023-03-09,derived,derived_from_2020-06-25_and_2020-06-24,jhu_first_difference_v1,2020-06-25,daily_new_confirmed_cases,0,cases,reported,
1.0,jhu_csse_confirmed_global_csv,e6234a59eec4359d2577358b5220e1a7e3da74c162913cdb7d882db1413f98c2,,2020-01-22/2023-03-09,derived,derived_from_2020-06-26_and_2020-06-25,jhu_first_difference_v1,2020-06-26,daily_new_confirmed_cases,2,cases,reported,
1.0,jhu_csse_confirmed_global_csv,e6234a59eec4359d2577358b5220e1a7e3da74c162913cdb7d882db1413f98c2,,2020-01-22/2023-03-09,derived,derived_from_2020-06-27_and_2020-06-26,jhu_first_difference_v1,2020-06-27,daily_new_confirmed_cases,0,cases,reported,
1.0,jhu_csse_confirmed_global_csv,e6234a59eec4359d2577358b5220e1a7e3da74c162913cdb7d882db1413f98c2,,2020-01-22/2023-03-09,derived,derived_from_2020-06-28_and_2020-06-27,jhu_first_difference_v1,2020-06-28,daily_new_confirmed_cases,0,cases,reported,
1.0,jhu_csse_confirmed_global_csv,e6234a59eec4359d2577358b5220e1a7e3da74c162913cdb7d882db1413f98c2,,2020-01-22/2023-03-09,derived,derived_from_2020-06-29_and_2020-06-28,jhu_first_difference_v1,2020-06-29,daily_new_confirmed_cases,0,cases,reported,
1.0,jhu_csse_confirmed_global_csv,e6234a59eec4359d2577358b5220e1a7e3da74c162913cdb7d882db1413f98c2,,2020-01-22/2023-03-09,derived,derived_from_2020-06-30_and_2020-06-29,jhu_first_difference_v1,2020-06-30,daily_new_confirmed_cases,0,cases,reported,
1.0,jhu_csse_confirmed_global_csv,e6234a59eec4359d2577358b5220e1a7e3da74c162913cdb7d882db1413f98c2,,2020-01-22/2023-03-09,derived,derived_from_2020-07-01_and_2020-06-30,jhu_first_difference_v1,2020-07-01,daily_new_confirmed_cases,0,cases,reported,
1.0,jhu_csse_confirmed_global_csv,e6234a59eec4359d2577358b5220e1a7e3da74c162913cdb7d882db1413f98c2,,2020-01-22/2023-03-09,derived,derived_from_2020-07-02_and_2020-07-01,jhu_first_difference_v1,2020-07-02,daily_new_confirmed_cases,0,cases,reported,
1.0,jhu_csse_confirmed_global_csv,e6234a59eec4359d2577358b5220e1a7e3da74c162913cdb7d882db1413f98c2,,2020-01-22/2023-03-09,derived,derived_from_2020-07-03_and_2020-07-02,jhu_first_difference_v1,2020-07-03,daily_new_confirmed_cases,0,cases,reported,
1.0,jhu_csse_confirmed_global_csv,e6234a59eec4359d2577358b5220e1a7e3da74c162913cdb7d882db1413f98c2,,2020-01-22/2023-03-09,derived,derived_from_2020-07-04_and_2020-07-03,jhu_first_difference_v1,2020-07-04,daily_new_confirmed_cases,0,cases,reported,
1.0,jhu_csse_confirmed_global_csv,e6234a59eec4359d2577358b5220e1a7e3da74c162913cdb7d882db1413f98c2,,2020-01-22/2023-03-09,derived,derived_from_2020-07-05_and_2020-07-04,jhu_first_difference_v1,2020-07-05,daily_new_confirmed_cases,0,cases,reported,
1.0,jhu_csse_confirmed_global_csv,e6234a59eec4359d2577358b5220e1a7e3da74c162913cdb7d882db1413f98c2,,2020-01-22/2023-03-09,derived,derived_from_2020-07-06_and_2020-07-05,jhu_first_difference_v1,2020-07-06,daily_new_confirmed_cases,0,cases,reported,
1.0,jhu_csse_confirmed_global_csv,e6234a59eec4359d2577358b5220e1a7e3da74c162913cdb7d882db1413f98c2,,2020-01-22/2023-03-09,derived,derived_from_2020-07-07_and_2020-07-06,jhu_first_difference_v1,2020-07-07,daily_new_confirmed_cases,0,cases,reported,
1.0,jhu_csse_confirmed_global_csv,e6234a59eec4359d2577358b5220e1a7e3da74c162913cdb7d882db1413f98c2,,2020-01-22/2023-03-09,derived,derived_from_2020-07-08_and_2020-07-07,jhu_first_difference_v1,2020-07-08,daily_new_confirmed_cases,5,cases,reported,
1.0,jhu_csse_confirmed_global_csv,e6234a59eec4359d2577358b5220e1a7e3da74c162913cdb7d882db1413f98c2,,2020-01-22/2023-03-09,derived,derived_from_2020-07-09_and_2020-07-08,jhu_first_difference_v1,2020-07-09,daily_new_confirmed_cases,0,cases,reported,
1.0,jhu_csse_confirmed_global_csv,e6234a59eec4359d2577358b5220e1a7e3da74c162913cdb7d882db1413f98c2,,2020-01-22/2023-03-09,derived,derived_from_2020-07-10_and_2020-07-09,jhu_first_difference_v1,2020-07-10,daily_new_confirmed_cases,0,cases,reported,
1.0,jhu_csse_confirmed_global_csv,e6234a59eec4359d2577358b5220e1a7e3da74c162913cdb7d882db1413f98c2,,2020-01-22/2023-03-09,derived,derived_from_2020-07-11_and_2020-07-10,jhu_first_difference_v1,2020-07-11,daily_new_confirmed_cases,0,cases,reported,
1.0,jhu_csse_confirmed_global_csv,e6234a59eec4359d2577358b5220e1a7e3da74c162913cdb7d882db1413f98c2,,2020-01-22/2023-03-09,derived,derived_from_2020-07-12_and_2020-07-11,jhu_first_difference_v1,2020-07-12,daily_new_confirmed_cases,0,cases,reported,
1.0,jhu_csse_confirmed_global_csv,e6234a59eec4359d2577358b5220e1a7e3da74c162913cdb7d882db1413f98c2,,2020-01-22/2023-03-09,derived,derived_from_2020-07-13_and_2020-07-12,jhu_first_difference_v1,2020-07-13,daily_new_confirmed_cases,0,cases,reported,
1.0,jhu_csse_confirmed_global_csv,e6234a59eec4359d2577358b5220e1a7e3da74c162913cdb7d882db1413f98c2,,2020-01-22/2023-03-09,derived,derived_from_2020-07-14_and_2020-07-13,jhu_first_difference_v1,2020-07-14,daily_new_confirmed_cases,4,cases,reported,
1.0,jhu_csse_confirmed_global_csv,e6234a59eec4359d2577358b5220e1a7e3da74c162913cdb7d882db1413f98c2,,2020-01-22/2023-03-09,derived,derived_from_2020-07-15_and_2020-07-14,jhu_first_difference_v1,2020-07-15,daily_new_confirmed_cases,0,cases,reported,
1.0,jhu_csse_confirmed_global_csv,e6234a59eec4359d2577358b5220e1a7e3da74c162913cdb7d882db1413f98c2,,2020-01-22/2023-03-09,derived,derived_from_2020-07-16_and_2020-07-15,jhu_first_difference_v1,2020-07-16,daily_new_confirmed_cases,0,cases,reported,
1.0,jhu_csse_confirmed_global_csv,e6234a59eec4359d2577358b5220e1a7e3da74c162913cdb7d882db1413f98c2,,2020-01-22/2023-03-09,derived,derived_from_2020-07-17_and_2020-07-16,jhu_first_difference_v1,2020-07-17,daily_new_confirmed_cases,0,cases,reported,
1.0,jhu_csse_confirmed_global_csv,e6234a59eec4359d2577358b5220e1a7e3da74c162913cdb7d882db1413f98c2,,2020-01-22/2023-03-09,derived,derived_from_2020-07-18_and_2020-07-17,jhu_first_difference_v1,2020-07-18,daily_new_confirmed_cases,2,cases,reported,
1.0,jhu_csse_confirmed_global_csv,e6234a59eec4359d2577358b5220e1a7e3da74c162913cdb7d882db1413f98c2,,2020-01-22/2023-03-09,derived,derived_from_2020-07-19_and_2020-07-18,jhu_first_difference_v1,2020-07-19,daily_new_confirmed_cases,0,cases,reported,
1.0,jhu_csse_confirmed_global_csv,e6234a59eec4359d2577358b5220e1a7e3da74c162913cdb7d882db1413f98c2,,2020-01-22/2023-03-09,derived,derived_from_2020-07-20_and_2020-07-19,jhu_first_difference_v1,2020-07-20,daily_new_confirmed_cases,0,cases,reported,
1.0,jhu_csse_confirmed_global_csv,e6234a59eec4359d2577358b5220e1a7e3da74c162913cdb7d882db1413f98c2,,2020-01-22/2023-03-09,derived,derived_from_2020-07-21_and_2020-07-20,jhu_first_difference_v1,2020-07-21,daily_new_confirmed_cases,0,cases,reported,
1.0,jhu_csse_confirmed_global_csv,e6234a59eec4359d2577358b5220e1a7e3da74c162913cdb7d882db1413f98c2,,2020-01-22/2023-03-09,derived,derived_from_2020-07-22_and_2020-07-21,jhu_first_difference_v1,2020-07-22,daily_new_confirmed_cases,0,cases,reported,
1.0,jhu_csse_confirmed_global_csv,e6234a59eec4359d2577358b5220e1a7e3da74c162913cdb7d882db1413f98c2,,2020-01-22/2023-03-09,derived,derived_from_2020-07-23_and_2020-07-22,jhu_first_difference_v1,2020-07-23,daily_new_confirmed_cases,0,cases,reported,
1.0,jhu_csse_confirmed_global_csv,e6234a59eec4359d2577358b5220e1a7e3da74c162913cdb7d882db1413f98c2,,2020-01-22/2023-03-09,derived,derived_from_2020-07-24_and_2020-07-23,jhu_first_difference_v1,2020-07-24,daily_new_confirmed_cases,0,cases,reported,
1.0,jhu_csse_confirmed_global_csv,e6234a59eec4359d2577358b5220e1a7e3da74c162913cdb7d882db1413f98c2,,2020-01-22/2023-03-09,derived,derived_from_2020-07-25_and_2020-07-24,jhu_first_difference_v1,2020-07-25,daily_new_confirmed_cases,0,cases,reported,
1.0,jhu_csse_confirmed_global_csv,e6234a59eec4359d2577358b5220e1a7e3da74c162913cdb7d882db1413f98c2,,2020-01-22/2023-03-09,derived,derived_from_2020-07-26_and_2020-07-25,jhu_first_difference_v1,2020-07-26,daily_new_confirmed_cases,1,cases,reported,
1.0,jhu_csse_confirmed_global_csv,e6234a59eec4359d2577358b5220e1a7e3da74c162913cdb7d882db1413f98c2,,2020-01-22/2023-03-09,derived,derived_from_2020-07-27_and_2020-07-26,jhu_first_difference_v1,2020-07-27,daily_new_confirmed_cases,0,cases,reported,
1.0,jhu_csse_confirmed_global_csv,e6234a59eec4359d2577358b5220e1a7e3da74c162913cdb7d882db1413f98c2,,2020-01-22/2023-03-09,derived,derived_from_2020-07-28_and_2020-07-27,jhu_first_difference_v1,2020-07-28,daily_new_confirmed_cases,0,cases,reported,
1.0,jhu_csse_confirmed_global_csv,e6234a59eec4359d2577358b5220e1a7e3da74c162913cdb7d882db1413f98c2,,2020-01-22/2023-03-09,derived,derived_from_2020-07-29_and_2020-07-28,jhu_first_difference_v1,2020-07-29,daily_new_confirmed_cases,2,cases,reported,
1.0,jhu_csse_confirmed_global_csv,e6234a59eec4359d2577358b5220e1a7e3da74c162913cdb7d882db1413f98c2,,2020-01-22/2023-03-09,derived,derived_from_2020-07-30_and_2020-07-29,jhu_first_difference_v1,2020-07-30,daily_new_confirmed_cases,1,cases,reported,
1.0,jhu_csse_confirmed_global_csv,e6234a59eec4359d2577358b5220e1a7e3da74c162913cdb7d882db1413f98c2,,2020-01-22/2023-03-09,derived,derived_from_2020-07-31_and_2020-07-30,jhu_first_difference_v1,2020-07-31,daily_new_confirmed_cases,0,cases,reported,
1.0,jhu_csse_confirmed_global_csv,e6234a59eec4359d2577358b5220e1a7e3da74c162913cdb7d882db1413f98c2,,2020-01-22/2023-03-09,derived,derived_from_2020-08-01_and_2020-07-31,jhu_first_difference_v1,2020-08-01,daily_new_confirmed_cases,0,cases,reported,
1.0,jhu_csse_confirmed_global_csv,e6234a59eec4359d2577358b5220e1a7e3da74c162913cdb7d882db1413f98c2,,2020-01-22/2023-03-09,derived,derived_from_2020-08-02_and_2020-08-01,jhu_first_difference_v1,2020-08-02,daily_new_confirmed_cases,0,cases,reported,
1.0,jhu_csse_confirmed_global_csv,e6234a59eec4359d2577358b5220e1a7e3da74c162913cdb7d882db1413f98c2,,2020-01-22/2023-03-09,derived,derived_from_2020-08-03_and_2020-08-02,jhu_first_difference_v1,2020-08-03,daily_new_confirmed_cases,1,cases,reported,
1.0,jhu_csse_confirmed_global_csv,e6234a59eec4359d2577358b5220e1a7e3da74c162913cdb7d882db1413f98c2,,2020-01-22/2023-03-09,derived,derived_from_2020-08-04_and_2020-08-03,jhu_first_difference_v1,2020-08-04,daily_new_confirmed_cases,0,cases,reported,
1.0,jhu_csse_confirmed_global_csv,e6234a59eec4359d2577358b5220e1a7e3da74c162913cdb7d882db1413f98c2,,2020-01-22/2023-03-09,derived,derived_from_2020-08-05_and_2020-08-04,jhu_first_difference_v1,2020-08-05,daily_new_confirmed_cases,3,cases,reported,
1.0,jhu_csse_confirmed_global_csv,e6234a59eec4359d2577358b5220e1a7e3da74c162913cdb7d882db1413f98c2,,2020-01-22/2023-03-09,derived,derived_from_2020-08-06_and_2020-08-05,jhu_first_difference_v1,2020-08-06,daily_new_confirmed_cases,0,cases,reported,
1.0,jhu_csse_confirmed_global_csv,e6234a59eec4359d2577358b5220e1a7e3da74c162913cdb7d882db1413f98c2,,2020-01-22/2023-03-09,derived,derived_from_2020-08-07_and_2020-08-06,jhu_first_difference_v1,2020-08-07,daily_new_confirmed_cases,1,cases,reported,
1.0,jhu_csse_confirmed_global_csv,e6234a59eec4359d2577358b5220e1a7e3da74c162913cdb7d882db1413f98c2,,2020-01-22/2023-03-09,derived,derived_from_2020-08-08_and_2020-08-07,jhu_first_difference_v1,2020-08-08,daily_new_confirmed_cases,1,cases,reported,
1.0,jhu_csse_confirmed_global_csv,e6234a59eec4359d2577358b5220e1a7e3da74c162913cdb7d882db1413f98c2,,2020-01-22/2023-03-09,derived,derived_from_2020-08-09_and_2020-08-08,jhu_first_difference_v1,2020-08-09,daily_new_confirmed_cases,0,cases,reported,
1.0,jhu_csse_confirmed_global_csv,e6234a59eec4359d2577358b5220e1a7e3da74c162913cdb7d882db1413f98c2,,2020-01-22/2023-03-09,derived,derived_from_2020-08-10_and_2020-08-09,jhu_first_difference_v1,2020-08-10,daily_new_confirmed_cases,2,cases,reported,
1.0,jhu_csse_confirmed_global_csv,e6234a59eec4359d2577358b5220e1a7e3da74c162913cdb7d882db1413f98c2,,2020-01-22/2023-03-09,derived,derived_from_2020-08-11_and_2020-08-10,jhu_first_difference_v1,2020-08-11,daily_new_confirmed_cases,0,cases,reported,
1.0,jhu_csse_confirmed_global_csv,e6234a59eec4359d2577358b5220e1a7e3da74c162913cdb7d882db1413f98c2,,2020-01-22/2023-03-09,derived,derived_from_2020-08-12_and_2020-08-11,jhu_first_difference_v1,2020-08-12,daily_new_confirmed_cases,0,cases,reported,
1.0,jhu_csse_confirmed_global_csv,e6234a59eec4359d2577358b5220e1a7e3da74c162913cdb7d882db1413f98c2,,2020-01-22/2023-03-09,derived,derived_from_2020-08-13_and_2020-08-12,jhu_first_difference_v1,2020-08-13,daily_new_confirmed_cases,2,cases,reported,
1.0,jhu_csse_confirmed_global_csv,e6234a59eec4359d2577358b5220e1a7e3da74c162913cdb7d882db1413f98c2,,2020-01-22/2023-03-09,derived,derived_from_2020-08-14_and_2020-08-13,jhu_first_difference_v1,2020-08-14,daily_new_confirmed_cases,2,cases,reported,
1.0,jhu_csse_confirmed_global_csv,e6234a59eec4359d2577358b5220e1a7e3da74c162913cdb7d882db1413f98c2,,2020-01-22/2023-03-09,derived,derived_from_2020-08-15_and_2020-08-14,jhu_first_difference_v1,2020-08-15,daily_new_confirmed_cases,3,cases,reported,
1.0,jhu_csse_confirmed_global_csv,e6234a59eec4359d2577358b5220e1a7e3da74c162913cdb7d882db1413f98c2,,2020-01-22/2023-03-09,derived,derived_from_2020-08-16_and_2020-08-15,jhu_first_difference_v1,2020-08-16,daily_new_confirmed_cases,2,cases,reported,
1.0,jhu_csse_confirmed_global_csv,e6234a59eec4359d2577358b5220e1a7e3da74c162913cdb7d882db1413f98c2,,2020-01-22/2023-03-09,derived,derived_from_2020-08-17_and_2020-08-16,jhu_first_difference_v1,2020-08-17,daily_new_confirmed_cases,0,cases,reported,
1.0,jhu_csse_confirmed_global_csv,e6234a59eec4359d2577358b5220e1a7e3da74c162913cdb7d882db1413f98c2,,2020-01-22/2023-03-09,derived,derived_from_2020-08-18_and_2020-08-17,jhu_first_difference_v1,2020-08-18,daily_new_confirmed_cases,2,cases,reported,
1.0,jhu_csse_confirmed_global_csv,e6234a59eec4359d2577358b5220e1a7e3da74c162913cdb7d882db1413f98c2,,2020-01-22/2023-03-09,derived,derived_from_2020-08-19_and_2020-08-18,jhu_first_difference_v1,2020-08-19,daily_new_confirmed_cases,1,cases,reported,
1.0,jhu_csse_confirmed_global_csv,e6234a59eec4359d2577358b5220e1a7e3da74c162913cdb7d882db1413f98c2,,2020-01-22/2023-03-09,derived,derived_from_2020-08-20_and_2020-08-19,jhu_first_difference_v1,2020-08-20,daily_new_confirmed_cases,1,cases,reported,
1.0,jhu_csse_confirmed_global_csv,e6234a59eec4359d2577358b5220e1a7e3da74c162913cdb7d882db1413f98c2,,2020-01-22/2023-03-09,derived,derived_from_2020-08-21_and_2020-08-20,jhu_first_difference_v1,2020-08-21,daily_new_confirmed_cases,2,cases,reported,
1.0,jhu_csse_confirmed_global_csv,e6234a59eec4359d2577358b5220e1a7e3da74c162913cdb7d882db1413f98c2,,2020-01-22/2023-03-09,derived,derived_from_2020-08-22_and_2020-08-21,jhu_first_difference_v1,2020-08-22,daily_new_confirmed_cases,0,cases,reported,
1.0,jhu_csse_confirmed_global_csv,e6234a59eec4359d2577358b5220e1a7e3da74c162913cdb7d882db1413f98c2,,2020-01-22/2023-03-09,derived,derived_from_2020-08-23_and_2020-08-22,jhu_first_difference_v1,2020-08-23,daily_new_confirmed_cases,2,cases,reported,
1.0,jhu_csse_confirmed_global_csv,e6234a59eec4359d2577358b5220e1a7e3da74c162913cdb7d882db1413f98c2,,2020-01-22/2023-03-09,derived,derived_from_2020-08-24_and_2020-08-23,jhu_first_difference_v1,2020-08-24,daily_new_confirmed_cases,0,cases,reported,
1.0,jhu_csse_confirmed_global_csv,e6234a59eec4359d2577358b5220e1a7e3da74c162913cdb7d882db1413f98c2,,2020-01-22/2023-03-09,derived,derived_from_2020-08-25_and_2020-08-24,jhu_first_difference_v1,2020-08-25,daily_new_confirmed_cases,0,cases,reported,
1.0,jhu_csse_confirmed_global_csv,e6234a59eec4359d2577358b5220e1a7e3da74c162913cdb7d882db1413f98c2,,2020-01-22/2023-03-09,derived,derived_from_2020-08-26_and_2020-08-25,jhu_first_difference_v1,2020-08-26,daily_new_confirmed_cases,3,cases,reported,
1.0,jhu_csse_confirmed_global_csv,e6234a59eec4359d2577358b5220e1a7e3da74c162913cdb7d882db1413f98c2,,2020-01-22/2023-03-09,derived,derived_from_2020-08-27_and_2020-08-26,jhu_first_difference_v1,2020-08-27,daily_new_confirmed_cases,2,cases,reported,
1.0,jhu_csse_confirmed_global_csv,e6234a59eec4359d2577358b5220e1a7e3da74c162913cdb7d882db1413f98c2,,2020-01-22/2023-03-09,derived,derived_from_2020-08-28_and_2020-08-27,jhu_first_difference_v1,2020-08-28,daily_new_confirmed_cases,2,cases,reported,
1.0,jhu_csse_confirmed_global_csv,e6234a59eec4359d2577358b5220e1a7e3da74c162913cdb7d882db1413f98c2,,2020-01-22/2023-03-09,derived,derived_from_2020-08-29_and_2020-08-28,jhu_first_difference_v1,2020-08-29,daily_new_confirmed_cases,1,cases,reported,
1.0,jhu_csse_confirmed_global_csv,e6234a59eec4359d2577358b5220e1a7e3da74c162913cdb7d882db1413f98c2,,2020-01-22/2023-03-09,derived,derived_from_2020-08-30_and_2020-08-29,jhu_first_difference_v1,2020-08-30,daily_new_confirmed_cases,2,cases,reported,
1.0,jhu_csse_confirmed_global_csv,e6234a59eec4359d2577358b5220e1a7e3da74c162913cdb7d882db1413f98c2,,2020-01-22/2023-03-09,derived,derived_from_2020-08-31_and_2020-08-30,jhu_first_difference_v1,2020-08-31,daily_new_confirmed_cases,0,cases,reported,
1.0,jhu_csse_confirmed_global_csv,e6234a59eec4359d2577358b5220e1a7e3da74c162913cdb7d882db1413f98c2,,2020-01-22/2023-03-09,derived,derived_from_2020-09-01_and_2020-08-31,jhu_first_difference_v1,2020-09-01,daily_new_confirmed_cases,0,cases,reported,
1.0,jhu_csse_confirmed_global_csv,e6234a59eec4359d2577358b5220e1a7e3da74c162913cdb7d882db1413f98c2,,2020-01-22/2023-03-09,derived,derived_from_2020-09-02_and_2020-09-01,jhu_first_difference_v1,2020-09-02,daily_new_confirmed_cases,2,cases,reported,
1.0,jhu_csse_confirmed_global_csv,e6234a59eec4359d2577358b5220e1a7e3da74c162913cdb7d882db1413f98c2,,2020-01-22/2023-03-09,derived,derived_from_2020-09-03_and_2020-09-02,jhu_first_difference_v1,2020-09-03,daily_new_confirmed_cases,1,cases,reported,
1.0,jhu_csse_confirmed_global_csv,e6234a59eec4359d2577358b5220e1a7e3da74c162913cdb7d882db1413f98c2,,2020-01-22/2023-03-09,derived,derived_from_2020-09-04_and_2020-09-03,jhu_first_difference_v1,2020-09-04,daily_new_confirmed_cases,3,cases,reported,
1.0,jhu_csse_confirmed_global_csv,e6234a59eec4359d2577358b5220e1a7e3da74c162913cdb7d882db1413f98c2,,2020-01-22/2023-03-09,derived,derived_from_2020-09-05_and_2020-09-04,jhu_first_difference_v1,2020-09-05,daily_new_confirmed_cases,0,cases,reported,
1.0,jhu_csse_confirmed_global_csv,e6234a59eec4359d2577358b5220e1a7e3da74c162913cdb7d882db1413f98c2,,2020-01-22/2023-03-09,derived,derived_from_2020-09-06_and_2020-09-05,jhu_first_difference_v1,2020-09-06,daily_new_confirmed_cases,0,cases,reported,
1.0,jhu_csse_confirmed_global_csv,e6234a59eec4359d2577358b5220e1a7e3da74c162913cdb7d882db1413f98c2,,2020-01-22/2023-03-09,derived,derived_from_2020-09-07_and_2020-09-06,jhu_first_difference_v1,2020-09-07,daily_new_confirmed_cases,0,cases,reported,
1.0,jhu_csse_confirmed_global_csv,e6234a59eec4359d2577358b5220e1a7e3da74c162913cdb7d882db1413f98c2,,2020-01-22/2023-03-09,derived,derived_from_2020-09-08_and_2020-09-07,jhu_first_difference_v1,2020-09-08,daily_new_confirmed_cases,1,cases,reported,
1.0,jhu_csse_confirmed_global_csv,e6234a59eec4359d2577358b5220e1a7e3da74c162913cdb7d882db1413f98c2,,2020-01-22/2023-03-09,derived,derived_from_2020-09-09_and_2020-09-08,jhu_first_difference_v1,2020-09-09,daily_new_confirmed_cases,0,cases,reported,
1.0,jhu_csse_confirmed_global_csv,e6234a59eec4359d2577358b5220e1a7e3da74c162913cdb7d882db1413f98c2,,2020-01-22/2023-03-09,derived,derived_from_2020-09-10_and_2020-09-09,jhu_first_difference_v1,2020-09-10,daily_new_confirmed_cases,3,cases,reported,
1.0,jhu_csse_confirmed_global_csv,e6234a59eec4359d2577358b5220e1a7e3da74c162913cdb7d882db1413f98c2,,2020-01-22/2023-03-09,derived,derived_from_2020-09-11_and_2020-09-10,jhu_first_difference_v1,2020-09-11,daily_new_confirmed_cases,1,cases,reported,
1.0,jhu_csse_confirmed_global_csv,e6234a59eec4359d2577358b5220e1a7e3da74c162913cdb7d882db1413f98c2,,2020-01-22/2023-03-09,derived,derived_from_2020-09-12_and_2020-09-11,jhu_first_difference_v1,2020-09-12,daily_new_confirmed_cases,1,cases,reported,
1.0,jhu_csse_confirmed_global_csv,e6234a59eec4359d2577358b5220e1a7e3da74c162913cdb7d882db1413f98c2,,2020-01-22/2023-03-09,derived,derived_from_2020-09-13_and_2020-09-12,jhu_first_difference_v1,2020-09-13,daily_new_confirmed_cases,1,cases,reported,
1.0,jhu_csse_confirmed_global_csv,e6234a59eec4359d2577358b5220e1a7e3da74c162913cdb7d882db1413f98c2,,2020-01-22/2023-03-09,derived,derived_from_2020-09-14_and_2020-09-13,jhu_first_difference_v1,2020-09-14,daily_new_confirmed_cases,2,cases,reported,
1.0,jhu_csse_confirmed_global_csv,e6234a59eec4359d2577358b5220e1a7e3da74c162913cdb7d882db1413f98c2,,2020-01-22/2023-03-09,derived,derived_from_2020-09-15_and_2020-09-14,jhu_first_difference_v1,2020-09-15,daily_new_confirmed_cases,1,cases,reported,
1.0,jhu_csse_confirmed_global_csv,e6234a59eec4359d2577358b5220e1a7e3da74c162913cdb7d882db1413f98c2,,2020-01-22/2023-03-09,derived,derived_from_2020-09-16_and_2020-09-15,jhu_first_difference_v1,2020-09-16,daily_new_confirmed_cases,2,cases,reported,
1.0,jhu_csse_confirmed_global_csv,e6234a59eec4359d2577358b5220e1a7e3da74c162913cdb7d882db1413f98c2,,2020-01-22/2023-03-09,derived,derived_from_2020-09-17_and_2020-09-16,jhu_first_difference_v1,2020-09-17,daily_new_confirmed_cases,3,cases,reported,
1.0,jhu_csse_confirmed_global_csv,e6234a59eec4359d2577358b5220e1a7e3da74c162913cdb7d882db1413f98c2,,2020-01-22/2023-03-09,derived,derived_from_2020-09-18_and_2020-09-17,jhu_first_difference_v1,2020-09-18,daily_new_confirmed_cases,2,cases,reported,
1.0,jhu_csse_confirmed_global_csv,e6234a59eec4359d2577358b5220e1a7e3da74c162913cdb7d882db1413f98c2,,2020-01-22/2023-03-09,derived,derived_from_2020-09-19_and_2020-09-18,jhu_first_difference_v1,2020-09-19,daily_new_confirmed_cases,0,cases,reported,
1.0,jhu_csse_confirmed_global_csv,e6234a59eec4359d2577358b5220e1a7e3da74c162913cdb7d882db1413f98c2,,2020-01-22/2023-03-09,derived,derived_from_2020-09-20_and_2020-09-19,jhu_first_difference_v1,2020-09-20,daily_new_confirmed_cases,2,cases,reported,
1.0,jhu_csse_confirmed_global_csv,e6234a59eec4359d2577358b5220e1a7e3da74c162913cdb7d882db1413f98c2,,2020-01-22/2023-03-09,derived,derived_from_2020-09-21_and_2020-09-20,jhu_first_difference_v1,2020-09-21,daily_new_confirmed_cases,2,cases,reported,
1.0,jhu_csse_confirmed_global_csv,e6234a59eec4359d2577358b5220e1a7e3da74c162913cdb7d882db1413f98c2,,2020-01-22/2023-03-09,derived,derived_from_2020-09-22_and_2020-09-21,jhu_first_difference_v1,2020-09-22,daily_new_confirmed_cases,0,cases,reported,
1.0,jhu_csse_confirmed_global_csv,e6234a59eec4359d2577358b5220e1a7e3da74c162913cdb7d882db1413f98c2,,2020-01-22/2023-03-09,derived,derived_from_2020-09-23_and_2020-09-22,jhu_first_difference_v1,2020-09-23,daily_new_confirmed_cases,2,cases,reported,
1.0,jhu_csse_confirmed_global_csv,e6234a59eec4359d2577358b5220e1a7e3da74c162913cdb7d882db1413f98c2,,2020-01-22/2023-03-09,derived,derived_from_2020-09-24_and_2020-09-23,jhu_first_difference_v1,2020-09-24,daily_new_confirmed_cases,2,cases,reported,
1.0,jhu_csse_confirmed_global_csv,e6234a59eec4359d2577358b5220e1a7e3da74c162913cdb7d882db1413f98c2,,2020-01-22/2023-03-09,derived,derived_from_2020-09-25_and_2020-09-24,jhu_first_difference_v1,2020-09-25,daily_new_confirmed_cases,0,cases,reported,
1.0,jhu_csse_confirmed_global_csv,e6234a59eec4359d2577358b5220e1a7e3da74c162913cdb7d882db1413f98c2,,2020-01-22/2023-03-09,derived,derived_from_2020-09-26_and_2020-09-25,jhu_first_difference_v1,2020-09-26,daily_new_confirmed_cases,0,cases,reported,
1.0,jhu_csse_confirmed_global_csv,e6234a59eec4359d2577358b5220e1a7e3da74c162913cdb7d882db1413f98c2,,2020-01-22/2023-03-09,derived,derived_from_2020-09-27_and_2020-09-26,jhu_first_difference_v1,2020-09-27,daily_new_confirmed_cases,5,cases,reported,
1.0,jhu_csse_confirmed_global_csv,e6234a59eec4359d2577358b5220e1a7e3da74c162913cdb7d882db1413f98c2,,2020-01-22/2023-03-09,derived,derived_from_2020-09-28_and_2020-09-27,jhu_first_difference_v1,2020-09-28,daily_new_confirmed_cases,1,cases,reported,
1.0,jhu_csse_confirmed_global_csv,e6234a59eec4359d2577358b5220e1a7e3da74c162913cdb7d882db1413f98c2,,2020-01-22/2023-03-09,derived,derived_from_2020-09-29_and_2020-09-28,jhu_first_difference_v1,2020-09-29,daily_new_confirmed_cases,1,cases,reported,
1.0,jhu_csse_confirmed_global_csv,e6234a59eec4359d2577358b5220e1a7e3da74c162913cdb7d882db1413f98c2,,2020-01-22/2023-03-09,derived,derived_from_2020-09-30_and_2020-09-29,jhu_first_difference_v1,2020-09-30,daily_new_confirmed_cases,3,cases,reported,
1.0,jhu_csse_confirmed_global_csv,e6234a59eec4359d2577358b5220e1a7e3da74c162913cdb7d882db1413f98c2,,2020-01-22/2023-03-09,derived,derived_from_2020-10-01_and_2020-09-30,jhu_first_difference_v1,2020-10-01,daily_new_confirmed_cases,4,cases,reported,
1.0,jhu_csse_confirmed_global_csv,e6234a59eec4359d2577358b5220e1a7e3da74c162913cdb7d882db1413f98c2,,2020-01-22/2023-03-09,derived,derived_from_2020-10-02_and_2020-10-01,jhu_first_difference_v1,2020-10-02,daily_new_confirmed_cases,6,cases,reported,
1.0,jhu_csse_confirmed_global_csv,e6234a59eec4359d2577358b5220e1a7e3da74c162913cdb7d882db1413f98c2,,2020-01-22/2023-03-09,derived,derived_from_2020-10-03_and_2020-10-02,jhu_first_difference_v1,2020-10-03,daily_new_confirmed_cases,0,cases,reported,
1.0,jhu_csse_confirmed_global_csv,e6234a59eec4359d2577358b5220e1a7e3da74c162913cdb7d882db1413f98c2,,2020-01-22/2023-03-09,derived,derived_from_2020-10-04_and_2020-10-03,jhu_first_difference_v1,2020-10-04,daily_new_confirmed_cases,4,cases,reported,
1.0,jhu_csse_confirmed_global_csv,e6234a59eec4359d2577358b5220e1a7e3da74c162913cdb7d882db1413f98c2,,2020-01-22/2023-03-09,derived,derived_from_2020-10-05_and_2020-10-04,jhu_first_difference_v1,2020-10-05,daily_new_confirmed_cases,2,cases,reported,
1.0,jhu_csse_confirmed_global_csv,e6234a59eec4359d2577358b5220e1a7e3da74c162913cdb7d882db1413f98c2,,2020-01-22/2023-03-09,derived,derived_from_2020-10-06_and_2020-10-05,jhu_first_difference_v1,2020-10-06,daily_new_confirmed_cases,4,cases,reported,
1.0,jhu_csse_confirmed_global_csv,e6234a59eec4359d2577358b5220e1a7e3da74c162913cdb7d882db1413f98c2,,2020-01-22/2023-03-09,derived,derived_from_2020-10-07_and_2020-10-06,jhu_first_difference_v1,2020-10-07,daily_new_confirmed_cases,6,cases,reported,
1.0,jhu_csse_confirmed_global_csv,e6234a59eec4359d2577358b5220e1a7e3da74c162913cdb7d882db1413f98c2,,2020-01-22/2023-03-09,derived,derived_from_2020-10-08_and_2020-10-07,jhu_first_difference_v1,2020-10-08,daily_new_confirmed_cases,5,cases,reported,
1.0,jhu_csse_confirmed_global_csv,e6234a59eec4359d2577358b5220e1a7e3da74c162913cdb7d882db1413f98c2,,2020-01-22/2023-03-09,derived,derived_from_2020-10-09_and_2020-10-08,jhu_first_difference_v1,2020-10-09,daily_new_confirmed_cases,3,cases,reported,
1.0,jhu_csse_confirmed_global_csv,e6234a59eec4359d2577358b5220e1a7e3da74c162913cdb7d882db1413f98c2,,2020-01-22/2023-03-09,derived,derived_from_2020-10-10_and_2020-10-09,jhu_first_difference_v1,2020-10-10,daily_new_confirmed_cases,2,cases,reported,
1.0,jhu_csse_confirmed_global_csv,e6234a59eec4359d2577358b5220e1a7e3da74c162913cdb7d882db1413f98c2,,2020-01-22/2023-03-09,derived,derived_from_2020-10-11_and_2020-10-10,jhu_first_difference_v1,2020-10-11,daily_new_confirmed_cases,9,cases,reported,
1.0,jhu_csse_confirmed_global_csv,e6234a59eec4359d2577358b5220e1a7e3da74c162913cdb7d882db1413f98c2,,2020-01-22/2023-03-09,derived,derived_from_2020-10-12_and_2020-10-11,jhu_first_difference_v1,2020-10-12,daily_new_confirmed_cases,10,cases,reported,
1.0,jhu_csse_confirmed_global_csv,e6234a59eec4359d2577358b5220e1a7e3da74c162913cdb7d882db1413f98c2,,2020-01-22/2023-03-09,derived,derived_from_2020-10-13_and_2020-10-12,jhu_first_difference_v1,2020-10-13,daily_new_confirmed_cases,3,cases,reported,
1.0,jhu_csse_confirmed_global_csv,e6234a59eec4359d2577358b5220e1a7e3da74c162913cdb7d882db1413f98c2,,2020-01-22/2023-03-09,derived,derived_from_2020-10-14_and_2020-10-13,jhu_first_difference_v1,2020-10-14,daily_new_confirmed_cases,15,cases,reported,
1.0,jhu_csse_confirmed_global_csv,e6234a59eec4359d2577358b5220e1a7e3da74c162913cdb7d882db1413f98c2,,2020-01-22/2023-03-09,derived,derived_from_2020-10-15_and_2020-10-14,jhu_first_difference_v1,2020-10-15,daily_new_confirmed_cases,5,cases,reported,
1.0,jhu_csse_confirmed_global_csv,e6234a59eec4359d2577358b5220e1a7e3da74c162913cdb7d882db1413f98c2,,2020-01-22/2023-03-09,derived,derived_from_2020-10-16_and_2020-10-15,jhu_first_difference_v1,2020-10-16,daily_new_confirmed_cases,1,cases,reported,
1.0,jhu_csse_confirmed_global_csv,e6234a59eec4359d2577358b5220e1a7e3da74c162913cdb7d882db1413f98c2,,2020-01-22/2023-03-09,derived,derived_from_2020-10-17_and_2020-10-16,jhu_first_difference_v1,2020-10-17,daily_new_confirmed_cases,2,cases,reported,
1.0,jhu_csse_confirmed_global_csv,e6234a59eec4359d2577358b5220e1a7e3da74c162913cdb7d882db1413f98c2,,2020-01-22/2023-03-09,derived,derived_from_2020-10-18_and_2020-10-17,jhu_first_difference_v1,2020-10-18,daily_new_confirmed_cases,0,cases,reported,
1.0,jhu_csse_confirmed_global_csv,e6234a59eec4359d2577358b5220e1a7e3da74c162913cdb7d882db1413f98c2,,2020-01-22/2023-03-09,derived,derived_from_2020-10-19_and_2020-10-18,jhu_first_difference_v1,2020-10-19,daily_new_confirmed_cases,10,cases,reported,
1.0,jhu_csse_confirmed_global_csv,e6234a59eec4359d2577358b5220e1a7e3da74c162913cdb7d882db1413f98c2,,2020-01-22/2023-03-09,derived,derived_from_2020-10-20_and_2020-10-19,jhu_first_difference_v1,2020-10-20,daily_new_confirmed_cases,7,cases,reported,
1.0,jhu_csse_confirmed_global_csv,e6234a59eec4359d2577358b5220e1a7e3da74c162913cdb7d882db1413f98c2,,2020-01-22/2023-03-09,derived,derived_from_2020-10-21_and_2020-10-20,jhu_first_difference_v1,2020-10-21,daily_new_confirmed_cases,5,cases,reported,
1.0,jhu_csse_confirmed_global_csv,e6234a59eec4359d2577358b5220e1a7e3da74c162913cdb7d882db1413f98c2,,2020-01-22/2023-03-09,derived,derived_from_2020-10-22_and_2020-10-21,jhu_first_difference_v1,2020-10-22,daily_new_confirmed_cases,6,cases,reported,
1.0,jhu_csse_confirmed_global_csv,e6234a59eec4359d2577358b5220e1a7e3da74c162913cdb7d882db1413f98c2,,2020-01-22/2023-03-09,derived,derived_from_2020-10-23_and_2020-10-22,jhu_first_difference_v1,2020-10-23,daily_new_confirmed_cases,5,cases,reported,
1.0,jhu_csse_confirmed_global_csv,e6234a59eec4359d2577358b5220e1a7e3da74c162913cdb7d882db1413f98c2,,2020-01-22/2023-03-09,derived,derived_from_2020-10-24_and_2020-10-23,jhu_first_difference_v1,2020-10-24,daily_new_confirmed_cases,6,cases,reported,
1.0,jhu_csse_confirmed_global_csv,e6234a59eec4359d2577358b5220e1a7e3da74c162913cdb7d882db1413f98c2,,2020-01-22/2023-03-09,derived,derived_from_2020-10-25_and_2020-10-24,jhu_first_difference_v1,2020-10-25,daily_new_confirmed_cases,7,cases,reported,
1.0,jhu_csse_confirmed_global_csv,e6234a59eec4359d2577358b5220e1a7e3da74c162913cdb7d882db1413f98c2,,2020-01-22/2023-03-09,derived,derived_from_2020-10-26_and_2020-10-25,jhu_first_difference_v1,2020-10-26,daily_new_confirmed_cases,6,cases,reported,
1.0,jhu_csse_confirmed_global_csv,e6234a59eec4359d2577358b5220e1a7e3da74c162913cdb7d882db1413f98c2,,2020-01-22/2023-03-09,derived,derived_from_2020-10-27_and_2020-10-26,jhu_first_difference_v1,2020-10-27,daily_new_confirmed_cases,5,cases,reported,
1.0,jhu_csse_confirmed_global_csv,e6234a59eec4359d2577358b5220e1a7e3da74c162913cdb7d882db1413f98c2,,2020-01-22/2023-03-09,derived,derived_from_2020-10-28_and_2020-10-27,jhu_first_difference_v1,2020-10-28,daily_new_confirmed_cases,11,cases,reported,
1.0,jhu_csse_confirmed_global_csv,e6234a59eec4359d2577358b5220e1a7e3da74c162913cdb7d882db1413f98c2,,2020-01-22/2023-03-09,derived,derived_from_2020-10-29_and_2020-10-28,jhu_first_difference_v1,2020-10-29,daily_new_confirmed_cases,4,cases,reported,
1.0,jhu_csse_confirmed_global_csv,e6234a59eec4359d2577358b5220e1a7e3da74c162913cdb7d882db1413f98c2,,2020-01-22/2023-03-09,derived,derived_from_2020-10-30_and_2020-10-29,jhu_first_difference_v1,2020-10-30,daily_new_confirmed_cases,5,cases,reported,
1.0,jhu_csse_confirmed_global_csv,e6234a59eec4359d2577358b5220e1a7e3da74c162913cdb7d882db1413f98c2,,2020-01-22/2023-03-09,derived,derived_from_2020-10-31_and_2020-10-30,jhu_first_difference_v1,2020-10-31,daily_new_confirmed_cases,2,cases,reported,
1.0,jhu_csse_confirmed_global_csv,e6234a59eec4359d2577358b5220e1a7e3da74c162913cdb7d882db1413f98c2,,2020-01-22/2023-03-09,derived,derived_from_2020-11-01_and_2020-10-31,jhu_first_difference_v1,2020-11-01,daily_new_confirmed_cases,6,cases,reported,
1.0,jhu_csse_confirmed_global_csv,e6234a59eec4359d2577358b5220e1a7e3da74c162913cdb7d882db1413f98c2,,2020-01-22/2023-03-09,derived,derived_from_2020-11-02_and_2020-11-01,jhu_first_difference_v1,2020-11-02,daily_new_confirmed_cases,7,cases,reported,
1.0,jhu_csse_confirmed_global_csv,e6234a59eec4359d2577358b5220e1a7e3da74c162913cdb7d882db1413f98c2,,2020-01-22/2023-03-09,derived,derived_from_2020-11-03_and_2020-11-02,jhu_first_difference_v1,2020-11-03,daily_new_confirmed_cases,4,cases,reported,
1.0,jhu_csse_confirmed_global_csv,e6234a59eec4359d2577358b5220e1a7e3da74c162913cdb7d882db1413f98c2,,2020-01-22/2023-03-09,derived,derived_from_2020-11-04_and_2020-11-03,jhu_first_difference_v1,2020-11-04,daily_new_confirmed_cases,9,cases,reported,
1.0,jhu_csse_confirmed_global_csv,e6234a59eec4359d2577358b5220e1a7e3da74c162913cdb7d882db1413f98c2,,2020-01-22/2023-03-09,derived,derived_from_2020-11-05_and_2020-11-04,jhu_first_difference_v1,2020-11-05,daily_new_confirmed_cases,13,cases,reported,
1.0,jhu_csse_confirmed_global_csv,e6234a59eec4359d2577358b5220e1a7e3da74c162913cdb7d882db1413f98c2,,2020-01-22/2023-03-09,derived,derived_from_2020-11-06_and_2020-11-05,jhu_first_difference_v1,2020-11-06,daily_new_confirmed_cases,12,cases,reported,
1.0,jhu_csse_confirmed_global_csv,e6234a59eec4359d2577358b5220e1a7e3da74c162913cdb7d882db1413f98c2,,2020-01-22/2023-03-09,derived,derived_from_2020-11-07_and_2020-11-06,jhu_first_difference_v1,2020-11-07,daily_new_confirmed_cases,15,cases,reported,
1.0,jhu_csse_confirmed_global_csv,e6234a59eec4359d2577358b5220e1a7e3da74c162913cdb7d882db1413f98c2,,2020-01-22/2023-03-09,derived,derived_from_2020-11-08_and_2020-11-07,jhu_first_difference_v1,2020-11-08,daily_new_confirmed_cases,15,cases,reported,
1.0,jhu_csse_confirmed_global_csv,e6234a59eec4359d2577358b5220e1a7e3da74c162913cdb7d882db1413f98c2,,2020-01-22/2023-03-09,derived,derived_from_2020-11-09_and_2020-11-08,jhu_first_difference_v1,2020-11-09,daily_new_confirmed_cases,8,cases,reported,
1.0,jhu_csse_confirmed_global_csv,e6234a59eec4359d2577358b5220e1a7e3da74c162913cdb7d882db1413f98c2,,2020-01-22/2023-03-09,derived,derived_from_2020-11-10_and_2020-11-09,jhu_first_difference_v1,2020-11-10,daily_new_confirmed_cases,3,cases,reported,
1.0,jhu_csse_confirmed_global_csv,e6234a59eec4359d2577358b5220e1a7e3da74c162913cdb7d882db1413f98c2,,2020-01-22/2023-03-09,derived,derived_from_2020-11-11_and_2020-11-10,jhu_first_difference_v1,2020-11-11,daily_new_confirmed_cases,12,cases,reported,
1.0,jhu_csse_confirmed_global_csv,e6234a59eec4359d2577358b5220e1a7e3da74c162913cdb7d882db1413f98c2,,2020-01-22/2023-03-09,derived,derived_from_2020-11-12_and_2020-11-11,jhu_first_difference_v1,2020-11-12,daily_new_confirmed_cases,17,cases,reported,
1.0,jhu_csse_confirmed_global_csv,e6234a59eec4359d2577358b5220e1a7e3da74c162913cdb7d882db1413f98c2,,2020-01-22/2023-03-09,derived,derived_from_2020-11-13_and_2020-11-12,jhu_first_difference_v1,2020-11-13,daily_new_confirmed_cases,14,cases,reported,
1.0,jhu_csse_confirmed_global_csv,e6234a59eec4359d2577358b5220e1a7e3da74c162913cdb7d882db1413f98c2,,2020-01-22/2023-03-09,derived,derived_from_2020-11-14_and_2020-11-13,jhu_first_difference_v1,2020-11-14,daily_new_confirmed_cases,17,cases,reported,
1.0,jhu_csse_confirmed_global_csv,e6234a59eec4359d2577358b5220e1a7e3da74c162913cdb7d882db1413f98c2,,2020-01-22/2023-03-09,derived,derived_from_2020-11-15_and_2020-11-14,jhu_first_difference_v1,2020-11-15,daily_new_confirmed_cases,13,cases,reported,
1.0,jhu_csse_confirmed_global_csv,e6234a59eec4359d2577358b5220e1a7e3da74c162913cdb7d882db1413f98c2,,2020-01-22/2023-03-09,derived,derived_from_2020-11-16_and_2020-11-15,jhu_first_difference_v1,2020-11-16,daily_new_confirmed_cases,14,cases,reported,
1.0,jhu_csse_confirmed_global_csv,e6234a59eec4359d2577358b5220e1a7e3da74c162913cdb7d882db1413f98c2,,2020-01-22/2023-03-09,derived,derived_from_2020-11-17_and_2020-11-16,jhu_first_difference_v1,2020-11-17,daily_new_confirmed_cases,11,cases,reported,
1.0,jhu_csse_confirmed_global_csv,e6234a59eec4359d2577358b5220e1a7e3da74c162913cdb7d882db1413f98c2,,2020-01-22/2023-03-09,derived,derived_from_2020-11-18_and_2020-11-17,jhu_first_difference_v1,2020-11-18,daily_new_confirmed_cases,9,cases,reported,
1.0,jhu_csse_confirmed_global_csv,e6234a59eec4359d2577358b5220e1a7e3da74c162913cdb7d882db1413f98c2,,2020-01-22/2023-03-09,derived,derived_from_2020-11-19_and_2020-11-18,jhu_first_difference_v1,2020-11-19,daily_new_confirmed_cases,7,cases,reported,
1.0,jhu_csse_confirmed_global_csv,e6234a59eec4359d2577358b5220e1a7e3da74c162913cdb7d882db1413f98c2,,2020-01-22/2023-03-09,derived,derived_from_2020-11-20_and_2020-11-19,jhu_first_difference_v1,2020-11-20,daily_new_confirmed_cases,11,cases,reported,
1.0,jhu_csse_confirmed_global_csv,e6234a59eec4359d2577358b5220e1a7e3da74c162913cdb7d882db1413f98c2,,2020-01-22/2023-03-09,derived,derived_from_2020-11-21_and_2020-11-20,jhu_first_difference_v1,2020-11-21,daily_new_confirmed_cases,14,cases,reported,
1.0,jhu_csse_confirmed_global_csv,e6234a59eec4359d2577358b5220e1a7e3da74c162913cdb7d882db1413f98c2,,2020-01-22/2023-03-09,derived,derived_from_2020-11-22_and_2020-11-21,jhu_first_difference_v1,2020-11-22,daily_new_confirmed_cases,13,cases,reported,
1.0,jhu_csse_confirmed_global_csv,e6234a59eec4359d2577358b5220e1a7e3da74c162913cdb7d882db1413f98c2,,2020-01-22/2023-03-09,derived,derived_from_2020-11-23_and_2020-11-22,jhu_first_difference_v1,2020-11-23,daily_new_confirmed_cases,8,cases,reported,
1.0,jhu_csse_confirmed_global_csv,e6234a59eec4359d2577358b5220e1a7e3da74c162913cdb7d882db1413f98c2,,2020-01-22/2023-03-09,derived,derived_from_2020-11-24_and_2020-11-23,jhu_first_difference_v1,2020-11-24,daily_new_confirmed_cases,7,cases,reported,
1.0,jhu_csse_confirmed_global_csv,e6234a59eec4359d2577358b5220e1a7e3da74c162913cdb7d882db1413f98c2,,2020-01-22/2023-03-09,derived,derived_from_2020-11-25_and_2020-11-24,jhu_first_difference_v1,2020-11-25,daily_new_confirmed_cases,9,cases,reported,
1.0,jhu_csse_confirmed_global_csv,e6234a59eec4359d2577358b5220e1a7e3da74c162913cdb7d882db1413f98c2,,2020-01-22/2023-03-09,derived,derived_from_2020-11-26_and_2020-11-25,jhu_first_difference_v1,2020-11-26,daily_new_confirmed_cases,5,cases,reported,
1.0,jhu_csse_confirmed_global_csv,e6234a59eec4359d2577358b5220e1a7e3da74c162913cdb7d882db1413f98c2,,2020-01-22/2023-03-09,derived,derived_from_2020-11-27_and_2020-11-26,jhu_first_difference_v1,2020-11-27,daily_new_confirmed_cases,33,cases,reported,
1.0,jhu_csse_confirmed_global_csv,e6234a59eec4359d2577358b5220e1a7e3da74c162913cdb7d882db1413f98c2,,2020-01-22/2023-03-09,derived,derived_from_2020-11-28_and_2020-11-27,jhu_first_difference_v1,2020-11-28,daily_new_confirmed_cases,25,cases,reported,
1.0,jhu_csse_confirmed_global_csv,e6234a59eec4359d2577358b5220e1a7e3da74c162913cdb7d882db1413f98c2,,2020-01-22/2023-03-09,derived,derived_from_2020-11-29_and_2020-11-28,jhu_first_difference_v1,2020-11-29,daily_new_confirmed_cases,30,cases,reported,
1.0,jhu_csse_confirmed_global_csv,e6234a59eec4359d2577358b5220e1a7e3da74c162913cdb7d882db1413f98c2,,2020-01-22/2023-03-09,derived,derived_from_2020-11-30_and_2020-11-29,jhu_first_difference_v1,2020-11-30,daily_new_confirmed_cases,28,cases,reported,
1.0,jhu_csse_confirmed_global_csv,e6234a59eec4359d2577358b5220e1a7e3da74c162913cdb7d882db1413f98c2,,2020-01-22/2023-03-09,derived,derived_from_2020-12-01_and_2020-11-30,jhu_first_difference_v1,2020-12-01,daily_new_confirmed_cases,30,cases,reported,
1.0,jhu_csse_confirmed_global_csv,e6234a59eec4359d2577358b5220e1a7e3da74c162913cdb7d882db1413f98c2,,2020-01-22/2023-03-09,derived,derived_from_2020-12-02_and_2020-12-01,jhu_first_difference_v1,2020-12-02,daily_new_confirmed_cases,27,cases,reported,
1.0,jhu_csse_confirmed_global_csv,e6234a59eec4359d2577358b5220e1a7e3da74c162913cdb7d882db1413f98c2,,2020-01-22/2023-03-09,derived,derived_from_2020-12-03_and_2020-12-02,jhu_first_difference_v1,2020-12-03,daily_new_confirmed_cases,35,cases,reported,
1.0,jhu_csse_confirmed_global_csv,e6234a59eec4359d2577358b5220e1a7e3da74c162913cdb7d882db1413f98c2,,2020-01-22/2023-03-09,derived,derived_from_2020-12-04_and_2020-12-03,jhu_first_difference_v1,2020-12-04,daily_new_confirmed_cases,66,cases,reported,
1.0,jhu_csse_confirmed_global_csv,e6234a59eec4359d2577358b5220e1a7e3da74c162913cdb7d882db1413f98c2,,2020-01-22/2023-03-09,derived,derived_from_2020-12-05_and_2020-12-04,jhu_first_difference_v1,2020-12-05,daily_new_confirmed_cases,60,cases,reported,
1.0,jhu_csse_confirmed_global_csv,e6234a59eec4359d2577358b5220e1a7e3da74c162913cdb7d882db1413f98c2,,2020-01-22/2023-03-09,derived,derived_from_2020-12-06_and_2020-12-05,jhu_first_difference_v1,2020-12-06,daily_new_confirmed_cases,68,cases,reported,
1.0,jhu_csse_confirmed_global_csv,e6234a59eec4359d2577358b5220e1a7e3da74c162913cdb7d882db1413f98c2,,2020-01-22/2023-03-09,derived,derived_from_2020-12-07_and_2020-12-06,jhu_first_difference_v1,2020-12-07,daily_new_confirmed_cases,23,cases,reported,
1.0,jhu_csse_confirmed_global_csv,e6234a59eec4359d2577358b5220e1a7e3da74c162913cdb7d882db1413f98c2,,2020-01-22/2023-03-09,derived,derived_from_2020-12-08_and_2020-12-07,jhu_first_difference_v1,2020-12-08,daily_new_confirmed_cases,102,cases,reported,
1.0,jhu_csse_confirmed_global_csv,e6234a59eec4359d2577358b5220e1a7e3da74c162913cdb7d882db1413f98c2,,2020-01-22/2023-03-09,derived,derived_from_2020-12-09_and_2020-12-08,jhu_first_difference_v1,2020-12-09,daily_new_confirmed_cases,27,cases,reported,
1.0,jhu_csse_confirmed_global_csv,e6234a59eec4359d2577358b5220e1a7e3da74c162913cdb7d882db1413f98c2,,2020-01-22/2023-03-09,derived,derived_from_2020-12-10_and_2020-12-09,jhu_first_difference_v1,2020-12-10,daily_new_confirmed_cases,69,cases,reported,
1.0,jhu_csse_confirmed_global_csv,e6234a59eec4359d2577358b5220e1a7e3da74c162913cdb7d882db1413f98c2,,2020-01-22/2023-03-09,derived,derived_from_2020-12-11_and_2020-12-10,jhu_first_difference_v1,2020-12-11,daily_new_confirmed_cases,57,cases,reported,
1.0,jhu_csse_confirmed_global_csv,e6234a59eec4359d2577358b5220e1a7e3da74c162913cdb7d882db1413f98c2,,2020-01-22/2023-03-09,derived,derived_from_2020-12-12_and_2020-12-11,jhu_first_difference_v1,2020-12-12,daily_new_confirmed_cases,42,cases,reported,
1.0,jhu_csse_confirmed_global_csv,e6234a59eec4359d2577358b5220e1a7e3da74c162913cdb7d882db1413f98c2,,2020-01-22/2023-03-09,derived,derived_from_2020-12-13_and_2020-12-12,jhu_first_difference_v1,2020-12-13,daily_new_confirmed_cases,77,cases,reported,
1.0,jhu_csse_confirmed_global_csv,e6234a59eec4359d2577358b5220e1a7e3da74c162913cdb7d882db1413f98c2,,2020-01-22/2023-03-09,derived,derived_from_2020-12-14_and_2020-12-13,jhu_first_difference_v1,2020-12-14,daily_new_confirmed_cases,59,cases,reported,
1.0,jhu_csse_confirmed_global_csv,e6234a59eec4359d2577358b5220e1a7e3da74c162913cdb7d882db1413f98c2,,2020-01-22/2023-03-09,derived,derived_from_2020-12-15_and_2020-12-14,jhu_first_difference_v1,2020-12-15,daily_new_confirmed_cases,88,cases,reported,
1.0,jhu_csse_confirmed_global_csv,e6234a59eec4359d2577358b5220e1a7e3da74c162913cdb7d882db1413f98c2,,2020-01-22/2023-03-09,derived,derived_from_2020-12-16_and_2020-12-15,jhu_first_difference_v1,2020-12-16,daily_new_confirmed_cases,61,cases,reported,
1.0,jhu_csse_confirmed_global_csv,e6234a59eec4359d2577358b5220e1a7e3da74c162913cdb7d882db1413f98c2,,2020-01-22/2023-03-09,derived,derived_from_2020-12-17_and_2020-12-16,jhu_first_difference_v1,2020-12-17,daily_new_confirmed_cases,60,cases,reported,
1.0,jhu_csse_confirmed_global_csv,e6234a59eec4359d2577358b5220e1a7e3da74c162913cdb7d882db1413f98c2,,2020-01-22/2023-03-09,derived,derived_from_2020-12-18_and_2020-12-17,jhu_first_difference_v1,2020-12-18,daily_new_confirmed_cases,108,cases,reported,
1.0,jhu_csse_confirmed_global_csv,e6234a59eec4359d2577358b5220e1a7e3da74c162913cdb7d882db1413f98c2,,2020-01-22/2023-03-09,derived,derived_from_2020-12-19_and_2020-12-18,jhu_first_difference_v1,2020-12-19,daily_new_confirmed_cases,100,cases,reported,
1.0,jhu_csse_confirmed_global_csv,e6234a59eec4359d2577358b5220e1a7e3da74c162913cdb7d882db1413f98c2,,2020-01-22/2023-03-09,derived,derived_from_2020-12-20_and_2020-12-19,jhu_first_difference_v1,2020-12-20,daily_new_confirmed_cases,124,cases,reported,
1.0,jhu_csse_confirmed_global_csv,e6234a59eec4359d2577358b5220e1a7e3da74c162913cdb7d882db1413f98c2,,2020-01-22/2023-03-09,derived,derived_from_2020-12-21_and_2020-12-20,jhu_first_difference_v1,2020-12-21,daily_new_confirmed_cases,37,cases,reported,
1.0,jhu_csse_confirmed_global_csv,e6234a59eec4359d2577358b5220e1a7e3da74c162913cdb7d882db1413f98c2,,2020-01-22/2023-03-09,derived,derived_from_2020-12-22_and_2020-12-21,jhu_first_difference_v1,2020-12-22,daily_new_confirmed_cases,116,cases,reported,
1.0,jhu_csse_confirmed_global_csv,e6234a59eec4359d2577358b5220e1a7e3da74c162913cdb7d882db1413f98c2,,2020-01-22/2023-03-09,derived,derived_from_2020-12-23_and_2020-12-22,jhu_first_difference_v1,2020-12-23,daily_new_confirmed_cases,53,cases,reported,
1.0,jhu_csse_confirmed_global_csv,e6234a59eec4359d2577358b5220e1a7e3da74c162913cdb7d882db1413f98c2,,2020-01-22/2023-03-09,derived,derived_from_2020-12-24_and_2020-12-23,jhu_first_difference_v1,2020-12-24,daily_new_confirmed_cases,56,cases,reported,
1.0,jhu_csse_confirmed_global_csv,e6234a59eec4359d2577358b5220e1a7e3da74c162913cdb7d882db1413f98c2,,2020-01-22/2023-03-09,derived,derived_from_2020-12-25_and_2020-12-24,jhu_first_difference_v1,2020-12-25,daily_new_confirmed_cases,66,cases,reported,
1.0,jhu_csse_confirmed_global_csv,e6234a59eec4359d2577358b5220e1a7e3da74c162913cdb7d882db1413f98c2,,2020-01-22/2023-03-09,derived,derived_from_2020-12-26_and_2020-12-25,jhu_first_difference_v1,2020-12-26,daily_new_confirmed_cases,49,cases,reported,
1.0,jhu_csse_confirmed_global_csv,e6234a59eec4359d2577358b5220e1a7e3da74c162913cdb7d882db1413f98c2,,2020-01-22/2023-03-09,derived,derived_from_2020-12-27_and_2020-12-26,jhu_first_difference_v1,2020-12-27,daily_new_confirmed_cases,23,cases,reported,
1.0,jhu_csse_confirmed_global_csv,e6234a59eec4359d2577358b5220e1a7e3da74c162913cdb7d882db1413f98c2,,2020-01-22/2023-03-09,derived,derived_from_2020-12-28_and_2020-12-27,jhu_first_difference_v1,2020-12-28,daily_new_confirmed_cases,16,cases,reported,
1.0,jhu_csse_confirmed_global_csv,e6234a59eec4359d2577358b5220e1a7e3da74c162913cdb7d882db1413f98c2,,2020-01-22/2023-03-09,derived,derived_from_2020-12-29_and_2020-12-28,jhu_first_difference_v1,2020-12-29,daily_new_confirmed_cases,27,cases,reported,
1.0,jhu_csse_confirmed_global_csv,e6234a59eec4359d2577358b5220e1a7e3da74c162913cdb7d882db1413f98c2,,2020-01-22/2023-03-09,derived,derived_from_2020-12-30_and_2020-12-29,jhu_first_difference_v1,2020-12-30,daily_new_confirmed_cases,19,cases,reported,
1.0,jhu_csse_confirmed_global_csv,e6234a59eec4359d2577358b5220e1a7e3da74c162913cdb7d882db1413f98c2,,2020-01-22/2023-03-09,derived,derived_from_2020-12-31_and_2020-12-30,jhu_first_difference_v1,2020-12-31,daily_new_confirmed_cases,11,cases,reported,
1.0,jhu_csse_confirmed_global_csv,e6234a59eec4359d2577358b5220e1a7e3da74c162913cdb7d882db1413f98c2,,2020-01-22/2023-03-09,derived,derived_from_2021-01-01_and_2020-12-31,jhu_first_difference_v1,2021-01-01,daily_new_confirmed_cases,27,cases,reported,
1.0,jhu_csse_confirmed_global_csv,e6234a59eec4359d2577358b5220e1a7e3da74c162913cdb7d882db1413f98c2,,2020-01-22/2023-03-09,derived,derived_from_2021-01-02_and_2021-01-01,jhu_first_difference_v1,2021-01-02,daily_new_confirmed_cases,23,cases,reported,
1.0,jhu_csse_confirmed_global_csv,e6234a59eec4359d2577358b5220e1a7e3da74c162913cdb7d882db1413f98c2,,2020-01-22/2023-03-09,derived,derived_from_2021-01-03_and_2021-01-02,jhu_first_difference_v1,2021-01-03,daily_new_confirmed_cases,21,cases,reported,
1.0,jhu_csse_confirmed_global_csv,e6234a59eec4359d2577358b5220e1a7e3da74c162913cdb7d882db1413f98c2,,2020-01-22/2023-03-09,derived,derived_from_2021-01-04_and_2021-01-03,jhu_first_difference_v1,2021-01-04,daily_new_confirmed_cases,16,cases,reported,
1.0,jhu_csse_confirmed_global_csv,e6234a59eec4359d2577358b5220e1a7e3da74c162913cdb7d882db1413f98c2,,2020-01-22/2023-03-09,derived,derived_from_2021-01-05_and_2021-01-04,jhu_first_difference_v1,2021-01-05,daily_new_confirmed_cases,28,cases,reported,
1.0,jhu_csse_confirmed_global_csv,e6234a59eec4359d2577358b5220e1a7e3da74c162913cdb7d882db1413f98c2,,2020-01-22/2023-03-09,derived,derived_from_2021-01-06_and_2021-01-05,jhu_first_difference_v1,2021-01-06,daily_new_confirmed_cases,27,cases,reported,
1.0,jhu_csse_confirmed_global_csv,e6234a59eec4359d2577358b5220e1a7e3da74c162913cdb7d882db1413f98c2,,2020-01-22/2023-03-09,derived,derived_from_2021-01-07_and_2021-01-06,jhu_first_difference_v1,2021-01-07,daily_new_confirmed_cases,26,cases,reported,
1.0,jhu_csse_confirmed_global_csv,e6234a59eec4359d2577358b5220e1a7e3da74c162913cdb7d882db1413f98c2,,2020-01-22/2023-03-09,derived,derived_from_2021-01-08_and_2021-01-07,jhu_first_difference_v1,2021-01-08,daily_new_confirmed_cases,17,cases,reported,
1.0,jhu_csse_confirmed_global_csv,e6234a59eec4359d2577358b5220e1a7e3da74c162913cdb7d882db1413f98c2,,2020-01-22/2023-03-09,derived,derived_from_2021-01-09_and_2021-01-08,jhu_first_difference_v1,2021-01-09,daily_new_confirmed_cases,14,cases,reported,
1.0,jhu_csse_confirmed_global_csv,e6234a59eec4359d2577358b5220e1a7e3da74c162913cdb7d882db1413f98c2,,2020-01-22/2023-03-09,derived,derived_from_2021-01-10_and_2021-01-09,jhu_first_difference_v1,2021-01-10,daily_new_confirmed_cases,9,cases,reported,
1.0,jhu_csse_confirmed_global_csv,e6234a59eec4359d2577358b5220e1a7e3da74c162913cdb7d882db1413f98c2,,2020-01-22/2023-03-09,derived,derived_from_2021-01-11_and_2021-01-10,jhu_first_difference_v1,2021-01-11,daily_new_confirmed_cases,44,cases,reported,
1.0,jhu_csse_confirmed_global_csv,e6234a59eec4359d2577358b5220e1a7e3da74c162913cdb7d882db1413f98c2,,2020-01-22/2023-03-09,derived,derived_from_2021-01-12_and_2021-01-11,jhu_first_difference_v1,2021-01-12,daily_new_confirmed_cases,18,cases,reported,
1.0,jhu_csse_confirmed_global_csv,e6234a59eec4359d2577358b5220e1a7e3da74c162913cdb7d882db1413f98c2,,2020-01-22/2023-03-09,derived,derived_from_2021-01-13_and_2021-01-12,jhu_first_difference_v1,2021-01-13,daily_new_confirmed_cases,14,cases,reported,
1.0,jhu_csse_confirmed_global_csv,e6234a59eec4359d2577358b5220e1a7e3da74c162913cdb7d882db1413f98c2,,2020-01-22/2023-03-09,derived,derived_from_2021-01-14_and_2021-01-13,jhu_first_difference_v1,2021-01-14,daily_new_confirmed_cases,9,cases,reported,
1.0,jhu_csse_confirmed_global_csv,e6234a59eec4359d2577358b5220e1a7e3da74c162913cdb7d882db1413f98c2,,2020-01-22/2023-03-09,derived,derived_from_2021-01-15_and_2021-01-14,jhu_first_difference_v1,2021-01-15,daily_new_confirmed_cases,17,cases,reported,
1.0,jhu_csse_confirmed_global_csv,e6234a59eec4359d2577358b5220e1a7e3da74c162913cdb7d882db1413f98c2,,2020-01-22/2023-03-09,derived,derived_from_2021-01-16_and_2021-01-15,jhu_first_difference_v1,2021-01-16,daily_new_confirmed_cases,11,cases,reported,
1.0,jhu_csse_confirmed_global_csv,e6234a59eec4359d2577358b5220e1a7e3da74c162913cdb7d882db1413f98c2,,2020-01-22/2023-03-09,derived,derived_from_2021-01-17_and_2021-01-16,jhu_first_difference_v1,2021-01-17,daily_new_confirmed_cases,11,cases,reported,
1.0,jhu_csse_confirmed_global_csv,e6234a59eec4359d2577358b5220e1a7e3da74c162913cdb7d882db1413f98c2,,2020-01-22/2023-03-09,derived,derived_from_2021-01-18_and_2021-01-17,jhu_first_difference_v1,2021-01-18,daily_new_confirmed_cases,7,cases,reported,
1.0,jhu_csse_confirmed_global_csv,e6234a59eec4359d2577358b5220e1a7e3da74c162913cdb7d882db1413f98c2,,2020-01-22/2023-03-09,derived,derived_from_2021-01-19_and_2021-01-18,jhu_first_difference_v1,2021-01-19,daily_new_confirmed_cases,5,cases,reported,
1.0,jhu_csse_confirmed_global_csv,e6234a59eec4359d2577358b5220e1a7e3da74c162913cdb7d882db1413f98c2,,2020-01-22/2023-03-09,derived,derived_from_2021-01-20_and_2021-01-19,jhu_first_difference_v1,2021-01-20,daily_new_confirmed_cases,9,cases,reported,
1.0,jhu_csse_confirmed_global_csv,e6234a59eec4359d2577358b5220e1a7e3da74c162913cdb7d882db1413f98c2,,2020-01-22/2023-03-09,derived,derived_from_2021-01-21_and_2021-01-20,jhu_first_difference_v1,2021-01-21,daily_new_confirmed_cases,12,cases,reported,
1.0,jhu_csse_confirmed_global_csv,e6234a59eec4359d2577358b5220e1a7e3da74c162913cdb7d882db1413f98c2,,2020-01-22/2023-03-09,derived,derived_from_2021-01-22_and_2021-01-21,jhu_first_difference_v1,2021-01-22,daily_new_confirmed_cases,13,cases,reported,
1.0,jhu_csse_confirmed_global_csv,e6234a59eec4359d2577358b5220e1a7e3da74c162913cdb7d882db1413f98c2,,2020-01-22/2023-03-09,derived,derived_from_2021-01-23_and_2021-01-22,jhu_first_difference_v1,2021-01-23,daily_new_confirmed_cases,6,cases,reported,
1.0,jhu_csse_confirmed_global_csv,e6234a59eec4359d2577358b5220e1a7e3da74c162913cdb7d882db1413f98c2,,2020-01-22/2023-03-09,derived,derived_from_2021-01-24_and_2021-01-23,jhu_first_difference_v1,2021-01-24,daily_new_confirmed_cases,17,cases,reported,
1.0,jhu_csse_confirmed_global_csv,e6234a59eec4359d2577358b5220e1a7e3da74c162913cdb7d882db1413f98c2,,2020-01-22/2023-03-09,derived,derived_from_2021-01-25_and_2021-01-24,jhu_first_difference_v1,2021-01-25,daily_new_confirmed_cases,3,cases,reported,
1.0,jhu_csse_confirmed_global_csv,e6234a59eec4359d2577358b5220e1a7e3da74c162913cdb7d882db1413f98c2,,2020-01-22/2023-03-09,derived,derived_from_2021-01-26_and_2021-01-25,jhu_first_difference_v1,2021-01-26,daily_new_confirmed_cases,6,cases,reported,
1.0,jhu_csse_confirmed_global_csv,e6234a59eec4359d2577358b5220e1a7e3da74c162913cdb7d882db1413f98c2,,2020-01-22/2023-03-09,derived,derived_from_2021-01-27_and_2021-01-26,jhu_first_difference_v1,2021-01-27,daily_new_confirmed_cases,3,cases,reported,
1.0,jhu_csse_confirmed_global_csv,e6234a59eec4359d2577358b5220e1a7e3da74c162913cdb7d882db1413f98c2,,2020-01-22/2023-03-09,derived,derived_from_2021-01-28_and_2021-01-27,jhu_first_difference_v1,2021-01-28,daily_new_confirmed_cases,5,cases,reported,
1.0,jhu_csse_confirmed_global_csv,e6234a59eec4359d2577358b5220e1a7e3da74c162913cdb7d882db1413f98c2,,2020-01-22/2023-03-09,derived,derived_from_2021-01-29_and_2021-01-28,jhu_first_difference_v1,2021-01-29,daily_new_confirmed_cases,5,cases,reported,
1.0,jhu_csse_confirmed_global_csv,e6234a59eec4359d2577358b5220e1a7e3da74c162913cdb7d882db1413f98c2,,2020-01-22/2023-03-09,derived,derived_from_2021-01-30_and_2021-01-29,jhu_first_difference_v1,2021-01-30,daily_new_confirmed_cases,5,cases,reported,
1.0,jhu_csse_confirmed_global_csv,e6234a59eec4359d2577358b5220e1a7e3da74c162913cdb7d882db1413f98c2,,2020-01-22/2023-03-09,derived,derived_from_2021-01-31_and_2021-01-30,jhu_first_difference_v1,2021-01-31,daily_new_confirmed_cases,2,cases,reported,
1.0,jhu_csse_confirmed_global_csv,e6234a59eec4359d2577358b5220e1a7e3da74c162913cdb7d882db1413f98c2,,2020-01-22/2023-03-09,derived,derived_from_2021-02-01_and_2021-01-31,jhu_first_difference_v1,2021-02-01,daily_new_confirmed_cases,8,cases,reported,
1.0,jhu_csse_confirmed_global_csv,e6234a59eec4359d2577358b5220e1a7e3da74c162913cdb7d882db1413f98c2,,2020-01-22/2023-03-09,derived,derived_from_2021-02-02_and_2021-02-01,jhu_first_difference_v1,2021-02-02,daily_new_confirmed_cases,0,cases,reported,
1.0,jhu_csse_confirmed_global_csv,e6234a59eec4359d2577358b5220e1a7e3da74c162913cdb7d882db1413f98c2,,2020-01-22/2023-03-09,derived,derived_from_2021-02-03_and_2021-02-02,jhu_first_difference_v1,2021-02-03,daily_new_confirmed_cases,7,cases,reported,
1.0,jhu_csse_confirmed_global_csv,e6234a59eec4359d2577358b5220e1a7e3da74c162913cdb7d882db1413f98c2,,2020-01-22/2023-03-09,derived,derived_from_2021-02-04_and_2021-02-03,jhu_first_difference_v1,2021-02-04,daily_new_confirmed_cases,2,cases,reported,
1.0,jhu_csse_confirmed_global_csv,e6234a59eec4359d2577358b5220e1a7e3da74c162913cdb7d882db1413f98c2,,2020-01-22/2023-03-09,derived,derived_from_2021-02-05_and_2021-02-04,jhu_first_difference_v1,2021-02-05,daily_new_confirmed_cases,10,cases,reported,
1.0,jhu_csse_confirmed_global_csv,e6234a59eec4359d2577358b5220e1a7e3da74c162913cdb7d882db1413f98c2,,2020-01-22/2023-03-09,derived,derived_from_2021-02-06_and_2021-02-05,jhu_first_difference_v1,2021-02-06,daily_new_confirmed_cases,0,cases,reported,
1.0,jhu_csse_confirmed_global_csv,e6234a59eec4359d2577358b5220e1a7e3da74c162913cdb7d882db1413f98c2,,2020-01-22/2023-03-09,derived,derived_from_2021-02-07_and_2021-02-06,jhu_first_difference_v1,2021-02-07,daily_new_confirmed_cases,2,cases,reported,
1.0,jhu_csse_confirmed_global_csv,e6234a59eec4359d2577358b5220e1a7e3da74c162913cdb7d882db1413f98c2,,2020-01-22/2023-03-09,derived,derived_from_2021-02-08_and_2021-02-07,jhu_first_difference_v1,2021-02-08,daily_new_confirmed_cases,2,cases,reported,
1.0,jhu_csse_confirmed_global_csv,e6234a59eec4359d2577358b5220e1a7e3da74c162913cdb7d882db1413f98c2,,2020-01-22/2023-03-09,derived,derived_from_2021-02-09_and_2021-02-08,jhu_first_difference_v1,2021-02-09,daily_new_confirmed_cases,1,cases,reported,
1.0,jhu_csse_confirmed_global_csv,e6234a59eec4359d2577358b5220e1a7e3da74c162913cdb7d882db1413f98c2,,2020-01-22/2023-03-09,derived,derived_from_2021-02-10_and_2021-02-09,jhu_first_difference_v1,2021-02-10,daily_new_confirmed_cases,6,cases,reported,
1.0,jhu_csse_confirmed_global_csv,e6234a59eec4359d2577358b5220e1a7e3da74c162913cdb7d882db1413f98c2,,2020-01-22/2023-03-09,derived,derived_from_2021-02-11_and_2021-02-10,jhu_first_difference_v1,2021-02-11,daily_new_confirmed_cases,6,cases,reported,
1.0,jhu_csse_confirmed_global_csv,e6234a59eec4359d2577358b5220e1a7e3da74c162913cdb7d882db1413f98c2,,2020-01-22/2023-03-09,derived,derived_from_2021-02-12_and_2021-02-11,jhu_first_difference_v1,2021-02-12,daily_new_confirmed_cases,2,cases,reported,
1.0,jhu_csse_confirmed_global_csv,e6234a59eec4359d2577358b5220e1a7e3da74c162913cdb7d882db1413f98c2,,2020-01-22/2023-03-09,derived,derived_from_2021-02-13_and_2021-02-12,jhu_first_difference_v1,2021-02-13,daily_new_confirmed_cases,2,cases,reported,
1.0,jhu_csse_confirmed_global_csv,e6234a59eec4359d2577358b5220e1a7e3da74c162913cdb7d882db1413f98c2,,2020-01-22/2023-03-09,derived,derived_from_2021-02-14_and_2021-02-13,jhu_first_difference_v1,2021-02-14,daily_new_confirmed_cases,6,cases,reported,
1.0,jhu_csse_confirmed_global_csv,e6234a59eec4359d2577358b5220e1a7e3da74c162913cdb7d882db1413f98c2,,2020-01-22/2023-03-09,derived,derived_from_2021-02-15_and_2021-02-14,jhu_first_difference_v1,2021-02-15,daily_new_confirmed_cases,2,cases,reported,
1.0,jhu_csse_confirmed_global_csv,e6234a59eec4359d2577358b5220e1a7e3da74c162913cdb7d882db1413f98c2,,2020-01-22/2023-03-09,derived,derived_from_2021-02-16_and_2021-02-15,jhu_first_difference_v1,2021-02-16,daily_new_confirmed_cases,3,cases,reported,
1.0,jhu_csse_confirmed_global_csv,e6234a59eec4359d2577358b5220e1a7e3da74c162913cdb7d882db1413f98c2,,2020-01-22/2023-03-09,derived,derived_from_2021-02-17_and_2021-02-16,jhu_first_difference_v1,2021-02-17,daily_new_confirmed_cases,1,cases,reported,
1.0,jhu_csse_confirmed_global_csv,e6234a59eec4359d2577358b5220e1a7e3da74c162913cdb7d882db1413f98c2,,2020-01-22/2023-03-09,derived,derived_from_2021-02-18_and_2021-02-17,jhu_first_difference_v1,2021-02-18,daily_new_confirmed_cases,2,cases,reported,
1.0,jhu_csse_confirmed_global_csv,e6234a59eec4359d2577358b5220e1a7e3da74c162913cdb7d882db1413f98c2,,2020-01-22/2023-03-09,derived,derived_from_2021-02-19_and_2021-02-18,jhu_first_difference_v1,2021-02-19,daily_new_confirmed_cases,2,cases,reported,
1.0,jhu_csse_confirmed_global_csv,e6234a59eec4359d2577358b5220e1a7e3da74c162913cdb7d882db1413f98c2,,2020-01-22/2023-03-09,derived,derived_from_2021-02-20_and_2021-02-19,jhu_first_difference_v1,2021-02-20,daily_new_confirmed_cases,3,cases,reported,
1.0,jhu_csse_confirmed_global_csv,e6234a59eec4359d2577358b5220e1a7e3da74c162913cdb7d882db1413f98c2,,2020-01-22/2023-03-09,derived,derived_from_2021-02-21_and_2021-02-20,jhu_first_difference_v1,2021-02-21,daily_new_confirmed_cases,2,cases,reported,
1.0,jhu_csse_confirmed_global_csv,e6234a59eec4359d2577358b5220e1a7e3da74c162913cdb7d882db1413f98c2,,2020-01-22/2023-03-09,derived,derived_from_2021-02-22_and_2021-02-21,jhu_first_difference_v1,2021-02-22,daily_new_confirmed_cases,0,cases,reported,
1.0,jhu_csse_confirmed_global_csv,e6234a59eec4359d2577358b5220e1a7e3da74c162913cdb7d882db1413f98c2,,2020-01-22/2023-03-09,derived,derived_from_2021-02-23_and_2021-02-22,jhu_first_difference_v1,2021-02-23,daily_new_confirmed_cases,0,cases,reported,
1.0,jhu_csse_confirmed_global_csv,e6234a59eec4359d2577358b5220e1a7e3da74c162913cdb7d882db1413f98c2,,2020-01-22/2023-03-09,derived,derived_from_2021-02-24_and_2021-02-23,jhu_first_difference_v1,2021-02-24,daily_new_confirmed_cases,0,cases,reported,
1.0,jhu_csse_confirmed_global_csv,e6234a59eec4359d2577358b5220e1a7e3da74c162913cdb7d882db1413f98c2,,2020-01-22/2023-03-09,derived,derived_from_2021-02-25_and_2021-02-24,jhu_first_difference_v1,2021-02-25,daily_new_confirmed_cases,0,cases,reported,
1.0,jhu_csse_confirmed_global_csv,e6234a59eec4359d2577358b5220e1a7e3da74c162913cdb7d882db1413f98c2,,2020-01-22/2023-03-09,derived,derived_from_2021-02-26_and_2021-02-25,jhu_first_difference_v1,2021-02-26,daily_new_confirmed_cases,0,cases,reported,
1.0,jhu_csse_confirmed_global_csv,e6234a59eec4359d2577358b5220e1a7e3da74c162913cdb7d882db1413f98c2,,2020-01-22/2023-03-09,derived,derived_from_2021-02-27_and_2021-02-26,jhu_first_difference_v1,2021-02-27,daily_new_confirmed_cases,1,cases,reported,
1.0,jhu_csse_confirmed_global_csv,e6234a59eec4359d2577358b5220e1a7e3da74c162913cdb7d882db1413f98c2,,2020-01-22/2023-03-09,derived,derived_from_2021-02-28_and_2021-02-27,jhu_first_difference_v1,2021-02-28,daily_new_confirmed_cases,1,cases,reported,
1.0,jhu_csse_confirmed_global_csv,e6234a59eec4359d2577358b5220e1a7e3da74c162913cdb7d882db1413f98c2,,2020-01-22/2023-03-09,derived,derived_from_2021-03-01_and_2021-02-28,jhu_first_difference_v1,2021-03-01,daily_new_confirmed_cases,2,cases,reported,
1.0,jhu_csse_confirmed_global_csv,e6234a59eec4359d2577358b5220e1a7e3da74c162913cdb7d882db1413f98c2,,2020-01-22/2023-03-09,derived,derived_from_2021-03-02_and_2021-03-01,jhu_first_difference_v1,2021-03-02,daily_new_confirmed_cases,0,cases,reported,
1.0,jhu_csse_confirmed_global_csv,e6234a59eec4359d2577358b5220e1a7e3da74c162913cdb7d882db1413f98c2,,2020-01-22/2023-03-09,derived,derived_from_2021-03-03_and_2021-03-02,jhu_first_difference_v1,2021-03-03,daily_new_confirmed_cases,1,cases,reported,
1.0,jhu_csse_confirmed_global_csv,e6234a59eec4359d2577358b5220e1a7e3da74c162913cdb7d882db1413f98c2,,2020-01-22/2023-03-09,derived,derived_from_2021-03-04_and_2021-03-03,jhu_first_difference_v1,2021-03-04,daily_new_confirmed_cases,0,cases,reported,
1.0,jhu_csse_confirmed_global_csv,e6234a59eec4359d2577358b5220e1a7e3da74c162913cdb7d882db1413f98c2,,2020-01-22/2023-03-09,derived,derived_from_2021-03-05_and_2021-03-04,jhu_first_difference_v1,2021-03-05,daily_new_confirmed_cases,2,cases,reported,
1.0,jhu_csse_confirmed_global_csv,e6234a59eec4359d2577358b5220e1a7e3da74c162913cdb7d882db1413f98c2,,2020-01-22/2023-03-09,derived,derived_from_2021-03-06_and_2021-03-05,jhu_first_difference_v1,2021-03-06,daily_new_confirmed_cases,0,cases,reported,
1.0,jhu_csse_confirmed_global_csv,e6234a59eec4359d2577358b5220e1a7e3da74c162913cdb7d882db1413f98c2,,2020-01-22/2023-03-09,derived,derived_from_2021-03-07_and_2021-03-06,jhu_first_difference_v1,2021-03-07,daily_new_confirmed_cases,1,cases,reported,
1.0,jhu_csse_confirmed_global_csv,e6234a59eec4359d2577358b5220e1a7e3da74c162913cdb7d882db1413f98c2,,2020-01-22/2023-03-09,derived,derived_from_2021-03-08_and_2021-03-07,jhu_first_difference_v1,2021-03-08,daily_new_confirmed_cases,0,cases,reported,
1.0,jhu_csse_confirmed_global_csv,e6234a59eec4359d2577358b5220e1a7e3da74c162913cdb7d882db1413f98c2,,2020-01-22/2023-03-09,derived,derived_from_2021-03-09_and_2021-03-08,jhu_first_difference_v1,2021-03-09,daily_new_confirmed_cases,0,cases,reported,
1.0,jhu_csse_confirmed_global_csv,e6234a59eec4359d2577358b5220e1a7e3da74c162913cdb7d882db1413f98c2,,2020-01-22/2023-03-09,derived,derived_from_2021-03-10_and_2021-03-09,jhu_first_difference_v1,2021-03-10,daily_new_confirmed_cases,1,cases,reported,
1.0,jhu_csse_confirmed_global_csv,e6234a59eec4359d2577358b5220e1a7e3da74c162913cdb7d882db1413f98c2,,2020-01-22/2023-03-09,derived,derived_from_2021-03-11_and_2021-03-10,jhu_first_difference_v1,2021-03-11,daily_new_confirmed_cases,0,cases,reported,
1.0,jhu_csse_confirmed_global_csv,e6234a59eec4359d2577358b5220e1a7e3da74c162913cdb7d882db1413f98c2,,2020-01-22/2023-03-09,derived,derived_from_2021-03-12_and_2021-03-11,jhu_first_difference_v1,2021-03-12,daily_new_confirmed_cases,0,cases,reported,
1.0,jhu_csse_confirmed_global_csv,e6234a59eec4359d2577358b5220e1a7e3da74c162913cdb7d882db1413f98c2,,2020-01-22/2023-03-09,derived,derived_from_2021-03-13_and_2021-03-12,jhu_first_difference_v1,2021-03-13,daily_new_confirmed_cases,0,cases,reported,
1.0,jhu_csse_confirmed_global_csv,e6234a59eec4359d2577358b5220e1a7e3da74c162913cdb7d882db1413f98c2,,2020-01-22/2023-03-09,derived,derived_from_2021-03-14_and_2021-03-13,jhu_first_difference_v1,2021-03-14,daily_new_confirmed_cases,0,cases,reported,
1.0,jhu_csse_confirmed_global_csv,e6234a59eec4359d2577358b5220e1a7e3da74c162913cdb7d882db1413f98c2,,2020-01-22/2023-03-09,derived,derived_from_2021-03-15_and_2021-03-14,jhu_first_difference_v1,2021-03-15,daily_new_confirmed_cases,1,cases,reported,
1.0,jhu_csse_confirmed_global_csv,e6234a59eec4359d2577358b5220e1a7e3da74c162913cdb7d882db1413f98c2,,2020-01-22/2023-03-09,derived,derived_from_2021-03-16_and_2021-03-15,jhu_first_difference_v1,2021-03-16,daily_new_confirmed_cases,0,cases,reported,
1.0,jhu_csse_confirmed_global_csv,e6234a59eec4359d2577358b5220e1a7e3da74c162913cdb7d882db1413f98c2,,2020-01-22/2023-03-09,derived,derived_from_2021-03-17_and_2021-03-16,jhu_first_difference_v1,2021-03-17,daily_new_confirmed_cases,0,cases,reported,
1.0,jhu_csse_confirmed_global_csv,e6234a59eec4359d2577358b5220e1a7e3da74c162913cdb7d882db1413f98c2,,2020-01-22/2023-03-09,derived,derived_from_2021-03-18_and_2021-03-17,jhu_first_difference_v1,2021-03-18,daily_new_confirmed_cases,1,cases,reported,
1.0,jhu_csse_confirmed_global_csv,e6234a59eec4359d2577358b5220e1a7e3da74c162913cdb7d882db1413f98c2,,2020-01-22/2023-03-09,derived,derived_from_2021-03-19_and_2021-03-18,jhu_first_difference_v1,2021-03-19,daily_new_confirmed_cases,0,cases,reported,
1.0,jhu_csse_confirmed_global_csv,e6234a59eec4359d2577358b5220e1a7e3da74c162913cdb7d882db1413f98c2,,2020-01-22/2023-03-09,derived,derived_from_2021-03-20_and_2021-03-19,jhu_first_difference_v1,2021-03-20,daily_new_confirmed_cases,0,cases,reported,
1.0,jhu_csse_confirmed_global_csv,e6234a59eec4359d2577358b5220e1a7e3da74c162913cdb7d882db1413f98c2,,2020-01-22/2023-03-09,derived,derived_from_2021-03-21_and_2021-03-20,jhu_first_difference_v1,2021-03-21,daily_new_confirmed_cases,0,cases,reported,
1.0,jhu_csse_confirmed_global_csv,e6234a59eec4359d2577358b5220e1a7e3da74c162913cdb7d882db1413f98c2,,2020-01-22/2023-03-09,derived,derived_from_2021-03-22_and_2021-03-21,jhu_first_difference_v1,2021-03-22,daily_new_confirmed_cases,0,cases,reported,
1.0,jhu_csse_confirmed_global_csv,e6234a59eec4359d2577358b5220e1a7e3da74c162913cdb7d882db1413f98c2,,2020-01-22/2023-03-09,derived,derived_from_2021-03-23_and_2021-03-22,jhu_first_difference_v1,2021-03-23,daily_new_confirmed_cases,0,cases,reported,
1.0,jhu_csse_confirmed_global_csv,e6234a59eec4359d2577358b5220e1a7e3da74c162913cdb7d882db1413f98c2,,2020-01-22/2023-03-09,derived,derived_from_2021-03-24_and_2021-03-23,jhu_first_difference_v1,2021-03-24,daily_new_confirmed_cases,1,cases,reported,
1.0,jhu_csse_confirmed_global_csv,e6234a59eec4359d2577358b5220e1a7e3da74c162913cdb7d882db1413f98c2,,2020-01-22/2023-03-09,derived,derived_from_2021-03-25_and_2021-03-24,jhu_first_difference_v1,2021-03-25,daily_new_confirmed_cases,0,cases,reported,
1.0,jhu_csse_confirmed_global_csv,e6234a59eec4359d2577358b5220e1a7e3da74c162913cdb7d882db1413f98c2,,2020-01-22/2023-03-09,derived,derived_from_2021-03-26_and_2021-03-25,jhu_first_difference_v1,2021-03-26,daily_new_confirmed_cases,0,cases,reported,
1.0,jhu_csse_confirmed_global_csv,e6234a59eec4359d2577358b5220e1a7e3da74c162913cdb7d882db1413f98c2,,2020-01-22/2023-03-09,derived,derived_from_2021-03-27_and_2021-03-26,jhu_first_difference_v1,2021-03-27,daily_new_confirmed_cases,0,cases,reported,
1.0,jhu_csse_confirmed_global_csv,e6234a59eec4359d2577358b5220e1a7e3da74c162913cdb7d882db1413f98c2,,2020-01-22/2023-03-09,derived,derived_from_2021-03-28_and_2021-03-27,jhu_first_difference_v1,2021-03-28,daily_new_confirmed_cases,0,cases,reported,
1.0,jhu_csse_confirmed_global_csv,e6234a59eec4359d2577358b5220e1a7e3da74c162913cdb7d882db1413f98c2,,2020-01-22/2023-03-09,derived,derived_from_2021-03-29_and_2021-03-28,jhu_first_difference_v1,2021-03-29,daily_new_confirmed_cases,1,cases,reported,
1.0,jhu_csse_confirmed_global_csv,e6234a59eec4359d2577358b5220e1a7e3da74c162913cdb7d882db1413f98c2,,2020-01-22/2023-03-09,derived,derived_from_2021-03-30_and_2021-03-29,jhu_first_difference_v1,2021-03-30,daily_new_confirmed_cases,1,cases,reported,
1.0,jhu_csse_confirmed_global_csv,e6234a59eec4359d2577358b5220e1a7e3da74c162913cdb7d882db1413f98c2,,2020-01-22/2023-03-09,derived,derived_from_2021-03-31_and_2021-03-30,jhu_first_difference_v1,2021-03-31,daily_new_confirmed_cases,0,cases,reported,
1.0,jhu_csse_confirmed_global_csv,e6234a59eec4359d2577358b5220e1a7e3da74c162913cdb7d882db1413f98c2,,2020-01-22/2023-03-09,derived,derived_from_2021-04-01_and_2021-03-31,jhu_first_difference_v1,2021-04-01,daily_new_confirmed_cases,1,cases,reported,
1.0,jhu_csse_confirmed_global_csv,e6234a59eec4359d2577358b5220e1a7e3da74c162913cdb7d882db1413f98c2,,2020-01-22/2023-03-09,derived,derived_from_2021-04-02_and_2021-04-01,jhu_first_difference_v1,2021-04-02,daily_new_confirmed_cases,1,cases,reported,
1.0,jhu_csse_confirmed_global_csv,e6234a59eec4359d2577358b5220e1a7e3da74c162913cdb7d882db1413f98c2,,2020-01-22/2023-03-09,derived,derived_from_2021-04-03_and_2021-04-02,jhu_first_difference_v1,2021-04-03,daily_new_confirmed_cases,0,cases,reported,
1.0,jhu_csse_confirmed_global_csv,e6234a59eec4359d2577358b5220e1a7e3da74c162913cdb7d882db1413f98c2,,2020-01-22/2023-03-09,derived,derived_from_2021-04-04_and_2021-04-03,jhu_first_difference_v1,2021-04-04,daily_new_confirmed_cases,0,cases,reported,
1.0,jhu_csse_confirmed_global_csv,e6234a59eec4359d2577358b5220e1a7e3da74c162913cdb7d882db1413f98c2,,2020-01-22/2023-03-09,derived,derived_from_2021-04-05_and_2021-04-04,jhu_first_difference_v1,2021-04-05,daily_new_confirmed_cases,0,cases,reported,
1.0,jhu_csse_confirmed_global_csv,e6234a59eec4359d2577358b5220e1a7e3da74c162913cdb7d882db1413f98c2,,2020-01-22/2023-03-09,derived,derived_from_2021-04-06_and_2021-04-05,jhu_first_difference_v1,2021-04-06,daily_new_confirmed_cases,1,cases,reported,
1.0,jhu_csse_confirmed_global_csv,e6234a59eec4359d2577358b5220e1a7e3da74c162913cdb7d882db1413f98c2,,2020-01-22/2023-03-09,derived,derived_from_2021-04-07_and_2021-04-06,jhu_first_difference_v1,2021-04-07,daily_new_confirmed_cases,0,cases,reported,
1.0,jhu_csse_confirmed_global_csv,e6234a59eec4359d2577358b5220e1a7e3da74c162913cdb7d882db1413f98c2,,2020-01-22/2023-03-09,derived,derived_from_2021-04-08_and_2021-04-07,jhu_first_difference_v1,2021-04-08,daily_new_confirmed_cases,0,cases,reported,
1.0,jhu_csse_confirmed_global_csv,e6234a59eec4359d2577358b5220e1a7e3da74c162913cdb7d882db1413f98c2,,2020-01-22/2023-03-09,derived,derived_from_2021-04-09_and_2021-04-08,jhu_first_difference_v1,2021-04-09,daily_new_confirmed_cases,0,cases,reported,
1.0,jhu_csse_confirmed_global_csv,e6234a59eec4359d2577358b5220e1a7e3da74c162913cdb7d882db1413f98c2,,2020-01-22/2023-03-09,derived,derived_from_2021-04-10_and_2021-04-09,jhu_first_difference_v1,2021-04-10,daily_new_confirmed_cases,0,cases,reported,
1.0,jhu_csse_confirmed_global_csv,e6234a59eec4359d2577358b5220e1a7e3da74c162913cdb7d882db1413f98c2,,2020-01-22/2023-03-09,derived,derived_from_2021-04-11_and_2021-04-10,jhu_first_difference_v1,2021-04-11,daily_new_confirmed_cases,0,cases,reported,
1.0,jhu_csse_confirmed_global_csv,e6234a59eec4359d2577358b5220e1a7e3da74c162913cdb7d882db1413f98c2,,2020-01-22/2023-03-09,derived,derived_from_2021-04-12_and_2021-04-11,jhu_first_difference_v1,2021-04-12,daily_new_confirmed_cases,0,cases,reported,
1.0,jhu_csse_confirmed_global_csv,e6234a59eec4359d2577358b5220e1a7e3da74c162913cdb7d882db1413f98c2,,2020-01-22/2023-03-09,derived,derived_from_2021-04-13_and_2021-04-12,jhu_first_difference_v1,2021-04-13,daily_new_confirmed_cases,1,cases,reported,
1.0,jhu_csse_confirmed_global_csv,e6234a59eec4359d2577358b5220e1a7e3da74c162913cdb7d882db1413f98c2,,2020-01-22/2023-03-09,derived,derived_from_2021-04-14_and_2021-04-13,jhu_first_difference_v1,2021-04-14,daily_new_confirmed_cases,1,cases,reported,
1.0,jhu_csse_confirmed_global_csv,e6234a59eec4359d2577358b5220e1a7e3da74c162913cdb7d882db1413f98c2,,2020-01-22/2023-03-09,derived,derived_from_2021-04-15_and_2021-04-14,jhu_first_difference_v1,2021-04-15,daily_new_confirmed_cases,0,cases,reported,
1.0,jhu_csse_confirmed_global_csv,e6234a59eec4359d2577358b5220e1a7e3da74c162913cdb7d882db1413f98c2,,2020-01-22/2023-03-09,derived,derived_from_2021-04-16_and_2021-04-15,jhu_first_difference_v1,2021-04-16,daily_new_confirmed_cases,0,cases,reported,
1.0,jhu_csse_confirmed_global_csv,e6234a59eec4359d2577358b5220e1a7e3da74c162913cdb7d882db1413f98c2,,2020-01-22/2023-03-09,derived,derived_from_2021-04-17_and_2021-04-16,jhu_first_difference_v1,2021-04-17,daily_new_confirmed_cases,0,cases,reported,
1.0,jhu_csse_confirmed_global_csv,e6234a59eec4359d2577358b5220e1a7e3da74c162913cdb7d882db1413f98c2,,2020-01-22/2023-03-09,derived,derived_from_2021-04-18_and_2021-04-17,jhu_first_difference_v1,2021-04-18,daily_new_confirmed_cases,0,cases,reported,
1.0,jhu_csse_confirmed_global_csv,e6234a59eec4359d2577358b5220e1a7e3da74c162913cdb7d882db1413f98c2,,2020-01-22/2023-03-09,derived,derived_from_2021-04-19_and_2021-04-18,jhu_first_difference_v1,2021-04-19,daily_new_confirmed_cases,0,cases,reported,
1.0,jhu_csse_confirmed_global_csv,e6234a59eec4359d2577358b5220e1a7e3da74c162913cdb7d882db1413f98c2,,2020-01-22/2023-03-09,derived,derived_from_2021-04-20_and_2021-04-19,jhu_first_difference_v1,2021-04-20,daily_new_confirmed_cases,1,cases,reported,
1.0,jhu_csse_confirmed_global_csv,e6234a59eec4359d2577358b5220e1a7e3da74c162913cdb7d882db1413f98c2,,2020-01-22/2023-03-09,derived,derived_from_2021-04-21_and_2021-04-20,jhu_first_difference_v1,2021-04-21,daily_new_confirmed_cases,0,cases,reported,
1.0,jhu_csse_confirmed_global_csv,e6234a59eec4359d2577358b5220e1a7e3da74c162913cdb7d882db1413f98c2,,2020-01-22/2023-03-09,derived,derived_from_2021-04-22_and_2021-04-21,jhu_first_difference_v1,2021-04-22,daily_new_confirmed_cases,0,cases,reported,
1.0,jhu_csse_confirmed_global_csv,e6234a59eec4359d2577358b5220e1a7e3da74c162913cdb7d882db1413f98c2,,2020-01-22/2023-03-09,derived,derived_from_2021-04-23_and_2021-04-22,jhu_first_difference_v1,2021-04-23,daily_new_confirmed_cases,0,cases,reported,
1.0,jhu_csse_confirmed_global_csv,e6234a59eec4359d2577358b5220e1a7e3da74c162913cdb7d882db1413f98c2,,2020-01-22/2023-03-09,derived,derived_from_2021-04-24_and_2021-04-23,jhu_first_difference_v1,2021-04-24,daily_new_confirmed_cases,0,cases,reported,
1.0,jhu_csse_confirmed_global_csv,e6234a59eec4359d2577358b5220e1a7e3da74c162913cdb7d882db1413f98c2,,2020-01-22/2023-03-09,derived,derived_from_2021-04-25_and_2021-04-24,jhu_first_difference_v1,2021-04-25,daily_new_confirmed_cases,0,cases,reported,
1.0,jhu_csse_confirmed_global_csv,e6234a59eec4359d2577358b5220e1a7e3da74c162913cdb7d882db1413f98c2,,2020-01-22/2023-03-09,derived,derived_from_2021-04-26_and_2021-04-25,jhu_first_difference_v1,2021-04-26,daily_new_confirmed_cases,0,cases,reported,
1.0,jhu_csse_confirmed_global_csv,e6234a59eec4359d2577358b5220e1a7e3da74c162913cdb7d882db1413f98c2,,2020-01-22/2023-03-09,derived,derived_from_2021-04-27_and_2021-04-26,jhu_first_difference_v1,2021-04-27,daily_new_confirmed_cases,1,cases,reported,
1.0,jhu_csse_confirmed_global_csv,e6234a59eec4359d2577358b5220e1a7e3da74c162913cdb7d882db1413f98c2,,2020-01-22/2023-03-09,derived,derived_from_2021-04-28_and_2021-04-27,jhu_first_difference_v1,2021-04-28,daily_new_confirmed_cases,0,cases,reported,
1.0,jhu_csse_confirmed_global_csv,e6234a59eec4359d2577358b5220e1a7e3da74c162913cdb7d882db1413f98c2,,2020-01-22/2023-03-09,derived,derived_from_2021-04-29_and_2021-04-28,jhu_first_difference_v1,2021-04-29,daily_new_confirmed_cases,0,cases,reported,
1.0,jhu_csse_confirmed_global_csv,e6234a59eec4359d2577358b5220e1a7e3da74c162913cdb7d882db1413f98c2,,2020-01-22/2023-03-09,derived,derived_from_2021-04-30_and_2021-04-29,jhu_first_difference_v1,2021-04-30,daily_new_confirmed_cases,0,cases,reported,
1.0,jhu_csse_confirmed_global_csv,e6234a59eec4359d2577358b5220e1a7e3da74c162913cdb7d882db1413f98c2,,2020-01-22/2023-03-09,derived,derived_from_2021-05-01_and_2021-04-30,jhu_first_difference_v1,2021-05-01,daily_new_confirmed_cases,0,cases,reported,
1.0,jhu_csse_confirmed_global_csv,e6234a59eec4359d2577358b5220e1a7e3da74c162913cdb7d882db1413f98c2,,2020-01-22/2023-03-09,derived,derived_from_2021-05-02_and_2021-05-01,jhu_first_difference_v1,2021-05-02,daily_new_confirmed_cases,0,cases,reported,
1.0,jhu_csse_confirmed_global_csv,e6234a59eec4359d2577358b5220e1a7e3da74c162913cdb7d882db1413f98c2,,2020-01-22/2023-03-09,derived,derived_from_2021-05-03_and_2021-05-02,jhu_first_difference_v1,2021-05-03,daily_new_confirmed_cases,0,cases,reported,
1.0,jhu_csse_confirmed_global_csv,e6234a59eec4359d2577358b5220e1a7e3da74c162913cdb7d882db1413f98c2,,2020-01-22/2023-03-09,derived,derived_from_2021-05-04_and_2021-05-03,jhu_first_difference_v1,2021-05-04,daily_new_confirmed_cases,0,cases,reported,
1.0,jhu_csse_confirmed_global_csv,e6234a59eec4359d2577358b5220e1a7e3da74c162913cdb7d882db1413f98c2,,2020-01-22/2023-03-09,derived,derived_from_2021-05-05_and_2021-05-04,jhu_first_difference_v1,2021-05-05,daily_new_confirmed_cases,0,cases,reported,
1.0,jhu_csse_confirmed_global_csv,e6234a59eec4359d2577358b5220e1a7e3da74c162913cdb7d882db1413f98c2,,2020-01-22/2023-03-09,derived,derived_from_2021-05-06_and_2021-05-05,jhu_first_difference_v1,2021-05-06,daily_new_confirmed_cases,0,cases,reported,
1.0,jhu_csse_confirmed_global_csv,e6234a59eec4359d2577358b5220e1a7e3da74c162913cdb7d882db1413f98c2,,2020-01-22/2023-03-09,derived,derived_from_2021-05-07_and_2021-05-06,jhu_first_difference_v1,2021-05-07,daily_new_confirmed_cases,0,cases,reported,
1.0,jhu_csse_confirmed_global_csv,e6234a59eec4359d2577358b5220e1a7e3da74c162913cdb7d882db1413f98c2,,2020-01-22/2023-03-09,derived,derived_from_2021-05-08_and_2021-05-07,jhu_first_difference_v1,2021-05-08,daily_new_confirmed_cases,0,cases,reported,
1.0,jhu_csse_confirmed_global_csv,e6234a59eec4359d2577358b5220e1a7e3da74c162913cdb7d882db1413f98c2,,2020-01-22/2023-03-09,derived,derived_from_2021-05-09_and_2021-05-08,jhu_first_difference_v1,2021-05-09,daily_new_confirmed_cases,1,cases,reported,
1.0,jhu_csse_confirmed_global_csv,e6234a59eec4359d2577358b5220e1a7e3da74c162913cdb7d882db1413f98c2,,2020-01-22/2023-03-09,derived,derived_from_2021-05-10_and_2021-05-09,jhu_first_difference_v1,2021-05-10,daily_new_confirmed_cases,0,cases,reported,
1.0,jhu_csse_confirmed_global_csv,e6234a59eec4359d2577358b5220e1a7e3da74c162913cdb7d882db1413f98c2,,2020-01-22/2023-03-09,derived,derived_from_2021-05-11_and_2021-05-10,jhu_first_difference_v1,2021-05-11,daily_new_confirmed_cases,0,cases,reported,
1.0,jhu_csse_confirmed_global_csv,e6234a59eec4359d2577358b5220e1a7e3da74c162913cdb7d882db1413f98c2,,2020-01-22/2023-03-09,derived,derived_from_2021-05-12_and_2021-05-11,jhu_first_difference_v1,2021-05-12,daily_new_confirmed_cases,1,cases,reported,
1.0,jhu_csse_confirmed_global_csv,e6234a59eec4359d2577358b5220e1a7e3da74c162913cdb7d882db1413f98c2,,2020-01-22/2023-03-09,derived,derived_from_2021-05-13_and_2021-05-12,jhu_first_difference_v1,2021-05-13,daily_new_confirmed_cases,0,cases,reported,
1.0,jhu_csse_confirmed_global_csv,e6234a59eec4359d2577358b5220e1a7e3da74c162913cdb7d882db1413f98c2,,2020-01-22/2023-03-09,derived,derived_from_2021-05-14_and_2021-05-13,jhu_first_difference_v1,2021-05-14,daily_new_confirmed_cases,0,cases,reported,
1.0,jhu_csse_confirmed_global_csv,e6234a59eec4359d2577358b5220e1a7e3da74c162913cdb7d882db1413f98c2,,2020-01-22/2023-03-09,derived,derived_from_2021-05-15_and_2021-05-14,jhu_first_difference_v1,2021-05-15,daily_new_confirmed_cases,0,cases,reported,
1.0,jhu_csse_confirmed_global_csv,e6234a59eec4359d2577358b5220e1a7e3da74c162913cdb7d882db1413f98c2,,2020-01-22/2023-03-09,derived,derived_from_2021-05-16_and_2021-05-15,jhu_first_difference_v1,2021-05-16,daily_new_confirmed_cases,1,cases,reported,
1.0,jhu_csse_confirmed_global_csv,e6234a59eec4359d2577358b5220e1a7e3da74c162913cdb7d882db1413f98c2,,2020-01-22/2023-03-09,derived,derived_from_2021-05-17_and_2021-05-16,jhu_first_difference_v1,2021-05-17,daily_new_confirmed_cases,0,cases,reported,
1.0,jhu_csse_confirmed_global_csv,e6234a59eec4359d2577358b5220e1a7e3da74c162913cdb7d882db1413f98c2,,2020-01-22/2023-03-09,derived,derived_from_2021-05-18_and_2021-05-17,jhu_first_difference_v1,2021-05-18,daily_new_confirmed_cases,0,cases,reported,
1.0,jhu_csse_confirmed_global_csv,e6234a59eec4359d2577358b5220e1a7e3da74c162913cdb7d882db1413f98c2,,2020-01-22/2023-03-09,derived,derived_from_2021-05-19_and_2021-05-18,jhu_first_difference_v1,2021-05-19,daily_new_confirmed_cases,0,cases,reported,
1.0,jhu_csse_confirmed_global_csv,e6234a59eec4359d2577358b5220e1a7e3da74c162913cdb7d882db1413f98c2,,2020-01-22/2023-03-09,derived,derived_from_2021-05-20_and_2021-05-19,jhu_first_difference_v1,2021-05-20,daily_new_confirmed_cases,0,cases,reported,
1.0,jhu_csse_confirmed_global_csv,e6234a59eec4359d2577358b5220e1a7e3da74c162913cdb7d882db1413f98c2,,2020-01-22/2023-03-09,derived,derived_from_2021-05-21_and_2021-05-20,jhu_first_difference_v1,2021-05-21,daily_new_confirmed_cases,1,cases,reported,
1.0,jhu_csse_confirmed_global_csv,e6234a59eec4359d2577358b5220e1a7e3da74c162913cdb7d882db1413f98c2,,2020-01-22/2023-03-09,derived,derived_from_2021-05-22_and_2021-05-21,jhu_first_difference_v1,2021-05-22,daily_new_confirmed_cases,0,cases,reported,
1.0,jhu_csse_confirmed_global_csv,e6234a59eec4359d2577358b5220e1a7e3da74c162913cdb7d882db1413f98c2,,2020-01-22/2023-03-09,derived,derived_from_2021-05-23_and_2021-05-22,jhu_first_difference_v1,2021-05-23,daily_new_confirmed_cases,2,cases,reported,
1.0,jhu_csse_confirmed_global_csv,e6234a59eec4359d2577358b5220e1a7e3da74c162913cdb7d882db1413f98c2,,2020-01-22/2023-03-09,derived,derived_from_2021-05-24_and_2021-05-23,jhu_first_difference_v1,2021-05-24,daily_new_confirmed_cases,2,cases,reported,
1.0,jhu_csse_confirmed_global_csv,e6234a59eec4359d2577358b5220e1a7e3da74c162913cdb7d882db1413f98c2,,2020-01-22/2023-03-09,derived,derived_from_2021-05-25_and_2021-05-24,jhu_first_difference_v1,2021-05-25,daily_new_confirmed_cases,1,cases,reported,
1.0,jhu_csse_confirmed_global_csv,e6234a59eec4359d2577358b5220e1a7e3da74c162913cdb7d882db1413f98c2,,2020-01-22/2023-03-09,derived,derived_from_2021-05-26_and_2021-05-25,jhu_first_difference_v1,2021-05-26,daily_new_confirmed_cases,0,cases,reported,
1.0,jhu_csse_confirmed_global_csv,e6234a59eec4359d2577358b5220e1a7e3da74c162913cdb7d882db1413f98c2,,2020-01-22/2023-03-09,derived,derived_from_2021-05-27_and_2021-05-26,jhu_first_difference_v1,2021-05-27,daily_new_confirmed_cases,0,cases,reported,
1.0,jhu_csse_confirmed_global_csv,e6234a59eec4359d2577358b5220e1a7e3da74c162913cdb7d882db1413f98c2,,2020-01-22/2023-03-09,derived,derived_from_2021-05-28_and_2021-05-27,jhu_first_difference_v1,2021-05-28,daily_new_confirmed_cases,0,cases,reported,
1.0,jhu_csse_confirmed_global_csv,e6234a59eec4359d2577358b5220e1a7e3da74c162913cdb7d882db1413f98c2,,2020-01-22/2023-03-09,derived,derived_from_2021-05-29_and_2021-05-28,jhu_first_difference_v1,2021-05-29,daily_new_confirmed_cases,0,cases,reported,
1.0,jhu_csse_confirmed_global_csv,e6234a59eec4359d2577358b5220e1a7e3da74c162913cdb7d882db1413f98c2,,2020-01-22/2023-03-09,derived,derived_from_2021-05-30_and_2021-05-29,jhu_first_difference_v1,2021-05-30,daily_new_confirmed_cases,0,cases,reported,
1.0,jhu_csse_confirmed_global_csv,e6234a59eec4359d2577358b5220e1a7e3da74c162913cdb7d882db1413f98c2,,2020-01-22/2023-03-09,derived,derived_from_2021-05-31_and_2021-05-30,jhu_first_difference_v1,2021-05-31,daily_new_confirmed_cases,0,cases,reported,
1.0,jhu_csse_confirmed_global_csv,e6234a59eec4359d2577358b5220e1a7e3da74c162913cdb7d882db1413f98c2,,2020-01-22/2023-03-09,derived,derived_from_2021-06-01_and_2021-05-31,jhu_first_difference_v1,2021-06-01,daily_new_confirmed_cases,0,cases,reported,
1.0,jhu_csse_confirmed_global_csv,e6234a59eec4359d2577358b5220e1a7e3da74c162913cdb7d882db1413f98c2,,2020-01-22/2023-03-09,derived,derived_from_2021-06-02_and_2021-06-01,jhu_first_difference_v1,2021-06-02,daily_new_confirmed_cases,0,cases,reported,
1.0,jhu_csse_confirmed_global_csv,e6234a59eec4359d2577358b5220e1a7e3da74c162913cdb7d882db1413f98c2,,2020-01-22/2023-03-09,derived,derived_from_2021-06-03_and_2021-06-02,jhu_first_difference_v1,2021-06-03,daily_new_confirmed_cases,0,cases,reported,
1.0,jhu_csse_confirmed_global_csv,e6234a59eec4359d2577358b5220e1a7e3da74c162913cdb7d882db1413f98c2,,2020-01-22/2023-03-09,derived,derived_from_2021-06-04_and_2021-06-03,jhu_first_difference_v1,2021-06-04,daily_new_confirmed_cases,0,cases,reported,
1.0,jhu_csse_confirmed_global_csv,e6234a59eec4359d2577358b5220e1a7e3da74c162913cdb7d882db1413f98c2,,2020-01-22/2023-03-09,derived,derived_from_2021-06-05_and_2021-06-04,jhu_first_difference_v1,2021-06-05,daily_new_confirmed_cases,0,cases,reported,
1.0,jhu_csse_confirmed_global_csv,e6234a59eec4359d2577358b5220e1a7e3da74c162913cdb7d882db1413f98c2,,2020-01-22/2023-03-09,derived,derived_from_2021-06-06_and_2021-06-05,jhu_first_difference_v1,2021-06-06,daily_new_confirmed_cases,1,cases,reported,
1.0,jhu_csse_confirmed_global_csv,e6234a59eec4359d2577358b5220e1a7e3da74c162913cdb7d882db1413f98c2,,2020-01-22/2023-03-09,derived,derived_from_2021-06-07_and_2021-06-06,jhu_first_difference_v1,2021-06-07,daily_new_confirmed_cases,3,cases,reported,
1.0,jhu_csse_confirmed_global_csv,e6234a59eec4359d2577358b5220e1a7e3da74c162913cdb7d882db1413f98c2,,2020-01-22/2023-03-09,derived,derived_from_2021-06-08_and_2021-06-07,jhu_first_difference_v1,2021-06-08,daily_new_confirmed_cases,6,cases,reported,
1.0,jhu_csse_confirmed_global_csv,e6234a59eec4359d2577358b5220e1a7e3da74c162913cdb7d882db1413f98c2,,2020-01-22/2023-03-09,derived,derived_from_2021-06-09_and_2021-06-08,jhu_first_difference_v1,2021-06-09,daily_new_confirmed_cases,4,cases,reported,
1.0,jhu_csse_confirmed_global_csv,e6234a59eec4359d2577358b5220e1a7e3da74c162913cdb7d882db1413f98c2,,2020-01-22/2023-03-09,derived,derived_from_2021-06-10_and_2021-06-09,jhu_first_difference_v1,2021-06-10,daily_new_confirmed_cases,4,cases,reported,
1.0,jhu_csse_confirmed_global_csv,e6234a59eec4359d2577358b5220e1a7e3da74c162913cdb7d882db1413f98c2,,2020-01-22/2023-03-09,derived,derived_from_2021-06-11_and_2021-06-10,jhu_first_difference_v1,2021-06-11,daily_new_confirmed_cases,8,cases,reported,
1.0,jhu_csse_confirmed_global_csv,e6234a59eec4359d2577358b5220e1a7e3da74c162913cdb7d882db1413f98c2,,2020-01-22/2023-03-09,derived,derived_from_2021-06-12_and_2021-06-11,jhu_first_difference_v1,2021-06-12,daily_new_confirmed_cases,6,cases,reported,
1.0,jhu_csse_confirmed_global_csv,e6234a59eec4359d2577358b5220e1a7e3da74c162913cdb7d882db1413f98c2,,2020-01-22/2023-03-09,derived,derived_from_2021-06-13_and_2021-06-12,jhu_first_difference_v1,2021-06-13,daily_new_confirmed_cases,2,cases,reported,
1.0,jhu_csse_confirmed_global_csv,e6234a59eec4359d2577358b5220e1a7e3da74c162913cdb7d882db1413f98c2,,2020-01-22/2023-03-09,derived,derived_from_2021-06-14_and_2021-06-13,jhu_first_difference_v1,2021-06-14,daily_new_confirmed_cases,9,cases,reported,
1.0,jhu_csse_confirmed_global_csv,e6234a59eec4359d2577358b5220e1a7e3da74c162913cdb7d882db1413f98c2,,2020-01-22/2023-03-09,derived,derived_from_2021-06-15_and_2021-06-14,jhu_first_difference_v1,2021-06-15,daily_new_confirmed_cases,1,cases,reported,
1.0,jhu_csse_confirmed_global_csv,e6234a59eec4359d2577358b5220e1a7e3da74c162913cdb7d882db1413f98c2,,2020-01-22/2023-03-09,derived,derived_from_2021-06-16_and_2021-06-15,jhu_first_difference_v1,2021-06-16,daily_new_confirmed_cases,8,cases,reported,
1.0,jhu_csse_confirmed_global_csv,e6234a59eec4359d2577358b5220e1a7e3da74c162913cdb7d882db1413f98c2,,2020-01-22/2023-03-09,derived,derived_from_2021-06-17_and_2021-06-16,jhu_first_difference_v1,2021-06-17,daily_new_confirmed_cases,1,cases,reported,
1.0,jhu_csse_confirmed_global_csv,e6234a59eec4359d2577358b5220e1a7e3da74c162913cdb7d882db1413f98c2,,2020-01-22/2023-03-09,derived,derived_from_2021-06-18_and_2021-06-17,jhu_first_difference_v1,2021-06-18,daily_new_confirmed_cases,4,cases,reported,
1.0,jhu_csse_confirmed_global_csv,e6234a59eec4359d2577358b5220e1a7e3da74c162913cdb7d882db1413f98c2,,2020-01-22/2023-03-09,derived,derived_from_2021-06-19_and_2021-06-18,jhu_first_difference_v1,2021-06-19,daily_new_confirmed_cases,2,cases,reported,
1.0,jhu_csse_confirmed_global_csv,e6234a59eec4359d2577358b5220e1a7e3da74c162913cdb7d882db1413f98c2,,2020-01-22/2023-03-09,derived,derived_from_2021-06-20_and_2021-06-19,jhu_first_difference_v1,2021-06-20,daily_new_confirmed_cases,1,cases,reported,
1.0,jhu_csse_confirmed_global_csv,e6234a59eec4359d2577358b5220e1a7e3da74c162913cdb7d882db1413f98c2,,2020-01-22/2023-03-09,derived,derived_from_2021-06-21_and_2021-06-20,jhu_first_difference_v1,2021-06-21,daily_new_confirmed_cases,6,cases,reported,
1.0,jhu_csse_confirmed_global_csv,e6234a59eec4359d2577358b5220e1a7e3da74c162913cdb7d882db1413f98c2,,2020-01-22/2023-03-09,derived,derived_from_2021-06-22_and_2021-06-21,jhu_first_difference_v1,2021-06-22,daily_new_confirmed_cases,3,cases,reported,
1.0,jhu_csse_confirmed_global_csv,e6234a59eec4359d2577358b5220e1a7e3da74c162913cdb7d882db1413f98c2,,2020-01-22/2023-03-09,derived,derived_from_2021-06-23_and_2021-06-22,jhu_first_difference_v1,2021-06-23,daily_new_confirmed_cases,10,cases,reported,
1.0,jhu_csse_confirmed_global_csv,e6234a59eec4359d2577358b5220e1a7e3da74c162913cdb7d882db1413f98c2,,2020-01-22/2023-03-09,derived,derived_from_2021-06-24_and_2021-06-23,jhu_first_difference_v1,2021-06-24,daily_new_confirmed_cases,19,cases,reported,
1.0,jhu_csse_confirmed_global_csv,e6234a59eec4359d2577358b5220e1a7e3da74c162913cdb7d882db1413f98c2,,2020-01-22/2023-03-09,derived,derived_from_2021-06-25_and_2021-06-24,jhu_first_difference_v1,2021-06-25,daily_new_confirmed_cases,25,cases,reported,
1.0,jhu_csse_confirmed_global_csv,e6234a59eec4359d2577358b5220e1a7e3da74c162913cdb7d882db1413f98c2,,2020-01-22/2023-03-09,derived,derived_from_2021-06-26_and_2021-06-25,jhu_first_difference_v1,2021-06-26,daily_new_confirmed_cases,26,cases,reported,
1.0,jhu_csse_confirmed_global_csv,e6234a59eec4359d2577358b5220e1a7e3da74c162913cdb7d882db1413f98c2,,2020-01-22/2023-03-09,derived,derived_from_2021-06-27_and_2021-06-26,jhu_first_difference_v1,2021-06-27,daily_new_confirmed_cases,25,cases,reported,
1.0,jhu_csse_confirmed_global_csv,e6234a59eec4359d2577358b5220e1a7e3da74c162913cdb7d882db1413f98c2,,2020-01-22/2023-03-09,derived,derived_from_2021-06-28_and_2021-06-27,jhu_first_difference_v1,2021-06-28,daily_new_confirmed_cases,23,cases,reported,
1.0,jhu_csse_confirmed_global_csv,e6234a59eec4359d2577358b5220e1a7e3da74c162913cdb7d882db1413f98c2,,2020-01-22/2023-03-09,derived,derived_from_2021-06-29_and_2021-06-28,jhu_first_difference_v1,2021-06-29,daily_new_confirmed_cases,16,cases,reported,
1.0,jhu_csse_confirmed_global_csv,e6234a59eec4359d2577358b5220e1a7e3da74c162913cdb7d882db1413f98c2,,2020-01-22/2023-03-09,derived,derived_from_2021-06-30_and_2021-06-29,jhu_first_difference_v1,2021-06-30,daily_new_confirmed_cases,39,cases,reported,
1.0,jhu_csse_confirmed_global_csv,e6234a59eec4359d2577358b5220e1a7e3da74c162913cdb7d882db1413f98c2,,2020-01-22/2023-03-09,derived,derived_from_2021-07-01_and_2021-06-30,jhu_first_difference_v1,2021-07-01,daily_new_confirmed_cases,52,cases,reported,
1.0,jhu_csse_confirmed_global_csv,e6234a59eec4359d2577358b5220e1a7e3da74c162913cdb7d882db1413f98c2,,2020-01-22/2023-03-09,derived,derived_from_2021-07-02_and_2021-07-01,jhu_first_difference_v1,2021-07-02,daily_new_confirmed_cases,68,cases,reported,
1.0,jhu_csse_confirmed_global_csv,e6234a59eec4359d2577358b5220e1a7e3da74c162913cdb7d882db1413f98c2,,2020-01-22/2023-03-09,derived,derived_from_2021-07-03_and_2021-07-02,jhu_first_difference_v1,2021-07-03,daily_new_confirmed_cases,68,cases,reported,
1.0,jhu_csse_confirmed_global_csv,e6234a59eec4359d2577358b5220e1a7e3da74c162913cdb7d882db1413f98c2,,2020-01-22/2023-03-09,derived,derived_from_2021-07-04_and_2021-07-03,jhu_first_difference_v1,2021-07-04,daily_new_confirmed_cases,77,cases,reported,
1.0,jhu_csse_confirmed_global_csv,e6234a59eec4359d2577358b5220e1a7e3da74c162913cdb7d882db1413f98c2,,2020-01-22/2023-03-09,derived,derived_from_2021-07-05_and_2021-07-04,jhu_first_difference_v1,2021-07-05,daily_new_confirmed_cases,46,cases,reported,
1.0,jhu_csse_confirmed_global_csv,e6234a59eec4359d2577358b5220e1a7e3da74c162913cdb7d882db1413f98c2,,2020-01-22/2023-03-09,derived,derived_from_2021-07-06_and_2021-07-05,jhu_first_difference_v1,2021-07-06,daily_new_confirmed_cases,86,cases,reported,
1.0,jhu_csse_confirmed_global_csv,e6234a59eec4359d2577358b5220e1a7e3da74c162913cdb7d882db1413f98c2,,2020-01-22/2023-03-09,derived,derived_from_2021-07-07_and_2021-07-06,jhu_first_difference_v1,2021-07-07,daily_new_confirmed_cases,73,cases,reported,
1.0,jhu_csse_confirmed_global_csv,e6234a59eec4359d2577358b5220e1a7e3da74c162913cdb7d882db1413f98c2,,2020-01-22/2023-03-09,derived,derived_from_2021-07-08_and_2021-07-07,jhu_first_difference_v1,2021-07-08,daily_new_confirmed_cases,109,cases,reported,
1.0,jhu_csse_confirmed_global_csv,e6234a59eec4359d2577358b5220e1a7e3da74c162913cdb7d882db1413f98c2,,2020-01-22/2023-03-09,derived,derived_from_2021-07-09_and_2021-07-08,jhu_first_difference_v1,2021-07-09,daily_new_confirmed_cases,139,cases,reported,
1.0,jhu_csse_confirmed_global_csv,e6234a59eec4359d2577358b5220e1a7e3da74c162913cdb7d882db1413f98c2,,2020-01-22/2023-03-09,derived,derived_from_2021-07-10_and_2021-07-09,jhu_first_difference_v1,2021-07-10,daily_new_confirmed_cases,173,cases,reported,
1.0,jhu_csse_confirmed_global_csv,e6234a59eec4359d2577358b5220e1a7e3da74c162913cdb7d882db1413f98c2,,2020-01-22/2023-03-09,derived,derived_from_2021-07-11_and_2021-07-10,jhu_first_difference_v1,2021-07-11,daily_new_confirmed_cases,159,cases,reported,
1.0,jhu_csse_confirmed_global_csv,e6234a59eec4359d2577358b5220e1a7e3da74c162913cdb7d882db1413f98c2,,2020-01-22/2023-03-09,derived,derived_from_2021-07-12_and_2021-07-11,jhu_first_difference_v1,2021-07-12,daily_new_confirmed_cases,135,cases,reported,
1.0,jhu_csse_confirmed_global_csv,e6234a59eec4359d2577358b5220e1a7e3da74c162913cdb7d882db1413f98c2,,2020-01-22/2023-03-09,derived,derived_from_2021-07-13_and_2021-07-12,jhu_first_difference_v1,2021-07-13,daily_new_confirmed_cases,127,cases,reported,
1.0,jhu_csse_confirmed_global_csv,e6234a59eec4359d2577358b5220e1a7e3da74c162913cdb7d882db1413f98c2,,2020-01-22/2023-03-09,derived,derived_from_2021-07-14_and_2021-07-13,jhu_first_difference_v1,2021-07-14,daily_new_confirmed_cases,230,cases,reported,
1.0,jhu_csse_confirmed_global_csv,e6234a59eec4359d2577358b5220e1a7e3da74c162913cdb7d882db1413f98c2,,2020-01-22/2023-03-09,derived,derived_from_2021-07-15_and_2021-07-14,jhu_first_difference_v1,2021-07-15,daily_new_confirmed_cases,204,cases,reported,
1.0,jhu_csse_confirmed_global_csv,e6234a59eec4359d2577358b5220e1a7e3da74c162913cdb7d882db1413f98c2,,2020-01-22/2023-03-09,derived,derived_from_2021-07-16_and_2021-07-15,jhu_first_difference_v1,2021-07-16,daily_new_confirmed_cases,280,cases,reported,
1.0,jhu_csse_confirmed_global_csv,e6234a59eec4359d2577358b5220e1a7e3da74c162913cdb7d882db1413f98c2,,2020-01-22/2023-03-09,derived,derived_from_2021-07-17_and_2021-07-16,jhu_first_difference_v1,2021-07-17,daily_new_confirmed_cases,208,cases,reported,
1.0,jhu_csse_confirmed_global_csv,e6234a59eec4359d2577358b5220e1a7e3da74c162913cdb7d882db1413f98c2,,2020-01-22/2023-03-09,derived,derived_from_2021-07-18_and_2021-07-17,jhu_first_difference_v1,2021-07-18,daily_new_confirmed_cases,420,cases,reported,
1.0,jhu_csse_confirmed_global_csv,e6234a59eec4359d2577358b5220e1a7e3da74c162913cdb7d882db1413f98c2,,2020-01-22/2023-03-09,derived,derived_from_2021-07-19_and_2021-07-18,jhu_first_difference_v1,2021-07-19,daily_new_confirmed_cases,181,cases,reported,
1.0,jhu_csse_confirmed_global_csv,e6234a59eec4359d2577358b5220e1a7e3da74c162913cdb7d882db1413f98c2,,2020-01-22/2023-03-09,derived,derived_from_2021-07-20_and_2021-07-19,jhu_first_difference_v1,2021-07-20,daily_new_confirmed_cases,238,cases,reported,
1.0,jhu_csse_confirmed_global_csv,e6234a59eec4359d2577358b5220e1a7e3da74c162913cdb7d882db1413f98c2,,2020-01-22/2023-03-09,derived,derived_from_2021-07-21_and_2021-07-20,jhu_first_difference_v1,2021-07-21,daily_new_confirmed_cases,302,cases,reported,
1.0,jhu_csse_confirmed_global_csv,e6234a59eec4359d2577358b5220e1a7e3da74c162913cdb7d882db1413f98c2,,2020-01-22/2023-03-09,derived,derived_from_2021-07-22_and_2021-07-21,jhu_first_difference_v1,2021-07-22,daily_new_confirmed_cases,232,cases,reported,
1.0,jhu_csse_confirmed_global_csv,e6234a59eec4359d2577358b5220e1a7e3da74c162913cdb7d882db1413f98c2,,2020-01-22/2023-03-09,derived,derived_from_2021-07-23_and_2021-07-22,jhu_first_difference_v1,2021-07-23,daily_new_confirmed_cases,229,cases,reported,
1.0,jhu_csse_confirmed_global_csv,e6234a59eec4359d2577358b5220e1a7e3da74c162913cdb7d882db1413f98c2,,2020-01-22/2023-03-09,derived,derived_from_2021-07-24_and_2021-07-23,jhu_first_difference_v1,2021-07-24,daily_new_confirmed_cases,178,cases,reported,
1.0,jhu_csse_confirmed_global_csv,e6234a59eec4359d2577358b5220e1a7e3da74c162913cdb7d882db1413f98c2,,2020-01-22/2023-03-09,derived,derived_from_2021-07-25_and_2021-07-24,jhu_first_difference_v1,2021-07-25,daily_new_confirmed_cases,142,cases,reported,
1.0,jhu_csse_confirmed_global_csv,e6234a59eec4359d2577358b5220e1a7e3da74c162913cdb7d882db1413f98c2,,2020-01-22/2023-03-09,derived,derived_from_2021-07-26_and_2021-07-25,jhu_first_difference_v1,2021-07-26,daily_new_confirmed_cases,113,cases,reported,
1.0,jhu_csse_confirmed_global_csv,e6234a59eec4359d2577358b5220e1a7e3da74c162913cdb7d882db1413f98c2,,2020-01-22/2023-03-09,derived,derived_from_2021-07-27_and_2021-07-26,jhu_first_difference_v1,2021-07-27,daily_new_confirmed_cases,98,cases,reported,
1.0,jhu_csse_confirmed_global_csv,e6234a59eec4359d2577358b5220e1a7e3da74c162913cdb7d882db1413f98c2,,2020-01-22/2023-03-09,derived,derived_from_2021-07-28_and_2021-07-27,jhu_first_difference_v1,2021-07-28,daily_new_confirmed_cases,123,cases,reported,
1.0,jhu_csse_confirmed_global_csv,e6234a59eec4359d2577358b5220e1a7e3da74c162913cdb7d882db1413f98c2,,2020-01-22/2023-03-09,derived,derived_from_2021-07-29_and_2021-07-28,jhu_first_difference_v1,2021-07-29,daily_new_confirmed_cases,111,cases,reported,
1.0,jhu_csse_confirmed_global_csv,e6234a59eec4359d2577358b5220e1a7e3da74c162913cdb7d882db1413f98c2,,2020-01-22/2023-03-09,derived,derived_from_2021-07-30_and_2021-07-29,jhu_first_difference_v1,2021-07-30,daily_new_confirmed_cases,85,cases,reported,
1.0,jhu_csse_confirmed_global_csv,e6234a59eec4359d2577358b5220e1a7e3da74c162913cdb7d882db1413f98c2,,2020-01-22/2023-03-09,derived,derived_from_2021-07-31_and_2021-07-30,jhu_first_difference_v1,2021-07-31,daily_new_confirmed_cases,77,cases,reported,
1.0,jhu_csse_confirmed_global_csv,e6234a59eec4359d2577358b5220e1a7e3da74c162913cdb7d882db1413f98c2,,2020-01-22/2023-03-09,derived,derived_from_2021-08-01_and_2021-07-31,jhu_first_difference_v1,2021-08-01,daily_new_confirmed_cases,53,cases,reported,
1.0,jhu_csse_confirmed_global_csv,e6234a59eec4359d2577358b5220e1a7e3da74c162913cdb7d882db1413f98c2,,2020-01-22/2023-03-09,derived,derived_from_2021-08-02_and_2021-08-01,jhu_first_difference_v1,2021-08-02,daily_new_confirmed_cases,73,cases,reported,
1.0,jhu_csse_confirmed_global_csv,e6234a59eec4359d2577358b5220e1a7e3da74c162913cdb7d882db1413f98c2,,2020-01-22/2023-03-09,derived,derived_from_2021-08-03_and_2021-08-02,jhu_first_difference_v1,2021-08-03,daily_new_confirmed_cases,45,cases,reported,
1.0,jhu_csse_confirmed_global_csv,e6234a59eec4359d2577358b5220e1a7e3da74c162913cdb7d882db1413f98c2,,2020-01-22/2023-03-09,derived,derived_from_2021-08-04_and_2021-08-03,jhu_first_difference_v1,2021-08-04,daily_new_confirmed_cases,54,cases,reported,
1.0,jhu_csse_confirmed_global_csv,e6234a59eec4359d2577358b5220e1a7e3da74c162913cdb7d882db1413f98c2,,2020-01-22/2023-03-09,derived,derived_from_2021-08-05_and_2021-08-04,jhu_first_difference_v1,2021-08-05,daily_new_confirmed_cases,61,cases,reported,
1.0,jhu_csse_confirmed_global_csv,e6234a59eec4359d2577358b5220e1a7e3da74c162913cdb7d882db1413f98c2,,2020-01-22/2023-03-09,derived,derived_from_2021-08-06_and_2021-08-05,jhu_first_difference_v1,2021-08-06,daily_new_confirmed_cases,30,cases,reported,
1.0,jhu_csse_confirmed_global_csv,e6234a59eec4359d2577358b5220e1a7e3da74c162913cdb7d882db1413f98c2,,2020-01-22/2023-03-09,derived,derived_from_2021-08-07_and_2021-08-06,jhu_first_difference_v1,2021-08-07,daily_new_confirmed_cases,30,cases,reported,
1.0,jhu_csse_confirmed_global_csv,e6234a59eec4359d2577358b5220e1a7e3da74c162913cdb7d882db1413f98c2,,2020-01-22/2023-03-09,derived,derived_from_2021-08-08_and_2021-08-07,jhu_first_difference_v1,2021-08-08,daily_new_confirmed_cases,27,cases,reported,
1.0,jhu_csse_confirmed_global_csv,e6234a59eec4359d2577358b5220e1a7e3da74c162913cdb7d882db1413f98c2,,2020-01-22/2023-03-09,derived,derived_from_2021-08-09_and_2021-08-08,jhu_first_difference_v1,2021-08-09,daily_new_confirmed_cases,33,cases,reported,
1.0,jhu_csse_confirmed_global_csv,e6234a59eec4359d2577358b5220e1a7e3da74c162913cdb7d882db1413f98c2,,2020-01-22/2023-03-09,derived,derived_from_2021-08-10_and_2021-08-09,jhu_first_difference_v1,2021-08-10,daily_new_confirmed_cases,12,cases,reported,
1.0,jhu_csse_confirmed_global_csv,e6234a59eec4359d2577358b5220e1a7e3da74c162913cdb7d882db1413f98c2,,2020-01-22/2023-03-09,derived,derived_from_2021-08-11_and_2021-08-10,jhu_first_difference_v1,2021-08-11,daily_new_confirmed_cases,31,cases,reported,
1.0,jhu_csse_confirmed_global_csv,e6234a59eec4359d2577358b5220e1a7e3da74c162913cdb7d882db1413f98c2,,2020-01-22/2023-03-09,derived,derived_from_2021-08-12_and_2021-08-11,jhu_first_difference_v1,2021-08-12,daily_new_confirmed_cases,37,cases,reported,
1.0,jhu_csse_confirmed_global_csv,e6234a59eec4359d2577358b5220e1a7e3da74c162913cdb7d882db1413f98c2,,2020-01-22/2023-03-09,derived,derived_from_2021-08-13_and_2021-08-12,jhu_first_difference_v1,2021-08-13,daily_new_confirmed_cases,27,cases,reported,
1.0,jhu_csse_confirmed_global_csv,e6234a59eec4359d2577358b5220e1a7e3da74c162913cdb7d882db1413f98c2,,2020-01-22/2023-03-09,derived,derived_from_2021-08-14_and_2021-08-13,jhu_first_difference_v1,2021-08-14,daily_new_confirmed_cases,49,cases,reported,
1.0,jhu_csse_confirmed_global_csv,e6234a59eec4359d2577358b5220e1a7e3da74c162913cdb7d882db1413f98c2,,2020-01-22/2023-03-09,derived,derived_from_2021-08-15_and_2021-08-14,jhu_first_difference_v1,2021-08-15,daily_new_confirmed_cases,36,cases,reported,
1.0,jhu_csse_confirmed_global_csv,e6234a59eec4359d2577358b5220e1a7e3da74c162913cdb7d882db1413f98c2,,2020-01-22/2023-03-09,derived,derived_from_2021-08-16_and_2021-08-15,jhu_first_difference_v1,2021-08-16,daily_new_confirmed_cases,33,cases,reported,
1.0,jhu_csse_confirmed_global_csv,e6234a59eec4359d2577358b5220e1a7e3da74c162913cdb7d882db1413f98c2,,2020-01-22/2023-03-09,derived,derived_from_2021-08-17_and_2021-08-16,jhu_first_difference_v1,2021-08-17,daily_new_confirmed_cases,28,cases,reported,
1.0,jhu_csse_confirmed_global_csv,e6234a59eec4359d2577358b5220e1a7e3da74c162913cdb7d882db1413f98c2,,2020-01-22/2023-03-09,derived,derived_from_2021-08-18_and_2021-08-17,jhu_first_difference_v1,2021-08-18,daily_new_confirmed_cases,38,cases,reported,
1.0,jhu_csse_confirmed_global_csv,e6234a59eec4359d2577358b5220e1a7e3da74c162913cdb7d882db1413f98c2,,2020-01-22/2023-03-09,derived,derived_from_2021-08-19_and_2021-08-18,jhu_first_difference_v1,2021-08-19,daily_new_confirmed_cases,37,cases,reported,
1.0,jhu_csse_confirmed_global_csv,e6234a59eec4359d2577358b5220e1a7e3da74c162913cdb7d882db1413f98c2,,2020-01-22/2023-03-09,derived,derived_from_2021-08-20_and_2021-08-19,jhu_first_difference_v1,2021-08-20,daily_new_confirmed_cases,27,cases,reported,
1.0,jhu_csse_confirmed_global_csv,e6234a59eec4359d2577358b5220e1a7e3da74c162913cdb7d882db1413f98c2,,2020-01-22/2023-03-09,derived,derived_from_2021-08-21_and_2021-08-20,jhu_first_difference_v1,2021-08-21,daily_new_confirmed_cases,34,cases,reported,
1.0,jhu_csse_confirmed_global_csv,e6234a59eec4359d2577358b5220e1a7e3da74c162913cdb7d882db1413f98c2,,2020-01-22/2023-03-09,derived,derived_from_2021-08-22_and_2021-08-21,jhu_first_difference_v1,2021-08-22,daily_new_confirmed_cases,23,cases,reported,
1.0,jhu_csse_confirmed_global_csv,e6234a59eec4359d2577358b5220e1a7e3da74c162913cdb7d882db1413f98c2,,2020-01-22/2023-03-09,derived,derived_from_2021-08-23_and_2021-08-22,jhu_first_difference_v1,2021-08-23,daily_new_confirmed_cases,36,cases,reported,
1.0,jhu_csse_confirmed_global_csv,e6234a59eec4359d2577358b5220e1a7e3da74c162913cdb7d882db1413f98c2,,2020-01-22/2023-03-09,derived,derived_from_2021-08-24_and_2021-08-23,jhu_first_difference_v1,2021-08-24,daily_new_confirmed_cases,38,cases,reported,
1.0,jhu_csse_confirmed_global_csv,e6234a59eec4359d2577358b5220e1a7e3da74c162913cdb7d882db1413f98c2,,2020-01-22/2023-03-09,derived,derived_from_2021-08-25_and_2021-08-24,jhu_first_difference_v1,2021-08-25,daily_new_confirmed_cases,23,cases,reported,
1.0,jhu_csse_confirmed_global_csv,e6234a59eec4359d2577358b5220e1a7e3da74c162913cdb7d882db1413f98c2,,2020-01-22/2023-03-09,derived,derived_from_2021-08-26_and_2021-08-25,jhu_first_difference_v1,2021-08-26,daily_new_confirmed_cases,36,cases,reported,
1.0,jhu_csse_confirmed_global_csv,e6234a59eec4359d2577358b5220e1a7e3da74c162913cdb7d882db1413f98c2,,2020-01-22/2023-03-09,derived,derived_from_2021-08-27_and_2021-08-26,jhu_first_difference_v1,2021-08-27,daily_new_confirmed_cases,15,cases,reported,
1.0,jhu_csse_confirmed_global_csv,e6234a59eec4359d2577358b5220e1a7e3da74c162913cdb7d882db1413f98c2,,2020-01-22/2023-03-09,derived,derived_from_2021-08-28_and_2021-08-27,jhu_first_difference_v1,2021-08-28,daily_new_confirmed_cases,24,cases,reported,
1.0,jhu_csse_confirmed_global_csv,e6234a59eec4359d2577358b5220e1a7e3da74c162913cdb7d882db1413f98c2,,2020-01-22/2023-03-09,derived,derived_from_2021-08-29_and_2021-08-28,jhu_first_difference_v1,2021-08-29,daily_new_confirmed_cases,13,cases,reported,
1.0,jhu_csse_confirmed_global_csv,e6234a59eec4359d2577358b5220e1a7e3da74c162913cdb7d882db1413f98c2,,2020-01-22/2023-03-09,derived,derived_from_2021-08-30_and_2021-08-29,jhu_first_difference_v1,2021-08-30,daily_new_confirmed_cases,17,cases,reported,
1.0,jhu_csse_confirmed_global_csv,e6234a59eec4359d2577358b5220e1a7e3da74c162913cdb7d882db1413f98c2,,2020-01-22/2023-03-09,derived,derived_from_2021-08-31_and_2021-08-30,jhu_first_difference_v1,2021-08-31,daily_new_confirmed_cases,12,cases,reported,
1.0,jhu_csse_confirmed_global_csv,e6234a59eec4359d2577358b5220e1a7e3da74c162913cdb7d882db1413f98c2,,2020-01-22/2023-03-09,derived,derived_from_2021-09-01_and_2021-08-31,jhu_first_difference_v1,2021-09-01,daily_new_confirmed_cases,25,cases,reported,
1.0,jhu_csse_confirmed_global_csv,e6234a59eec4359d2577358b5220e1a7e3da74c162913cdb7d882db1413f98c2,,2020-01-22/2023-03-09,derived,derived_from_2021-09-02_and_2021-09-01,jhu_first_difference_v1,2021-09-02,daily_new_confirmed_cases,35,cases,reported,
1.0,jhu_csse_confirmed_global_csv,e6234a59eec4359d2577358b5220e1a7e3da74c162913cdb7d882db1413f98c2,,2020-01-22/2023-03-09,derived,derived_from_2021-09-03_and_2021-09-02,jhu_first_difference_v1,2021-09-03,daily_new_confirmed_cases,30,cases,reported,
1.0,jhu_csse_confirmed_global_csv,e6234a59eec4359d2577358b5220e1a7e3da74c162913cdb7d882db1413f98c2,,2020-01-22/2023-03-09,derived,derived_from_2021-09-04_and_2021-09-03,jhu_first_difference_v1,2021-09-04,daily_new_confirmed_cases,31,cases,reported,
1.0,jhu_csse_confirmed_global_csv,e6234a59eec4359d2577358b5220e1a7e3da74c162913cdb7d882db1413f98c2,,2020-01-22/2023-03-09,derived,derived_from_2021-09-05_and_2021-09-04,jhu_first_difference_v1,2021-09-05,daily_new_confirmed_cases,29,cases,reported,
1.0,jhu_csse_confirmed_global_csv,e6234a59eec4359d2577358b5220e1a7e3da74c162913cdb7d882db1413f98c2,,2020-01-22/2023-03-09,derived,derived_from_2021-09-06_and_2021-09-05,jhu_first_difference_v1,2021-09-06,daily_new_confirmed_cases,25,cases,reported,
1.0,jhu_csse_confirmed_global_csv,e6234a59eec4359d2577358b5220e1a7e3da74c162913cdb7d882db1413f98c2,,2020-01-22/2023-03-09,derived,derived_from_2021-09-07_and_2021-09-06,jhu_first_difference_v1,2021-09-07,daily_new_confirmed_cases,34,cases,reported,
1.0,jhu_csse_confirmed_global_csv,e6234a59eec4359d2577358b5220e1a7e3da74c162913cdb7d882db1413f98c2,,2020-01-22/2023-03-09,derived,derived_from_2021-09-08_and_2021-09-07,jhu_first_difference_v1,2021-09-08,daily_new_confirmed_cases,39,cases,reported,
1.0,jhu_csse_confirmed_global_csv,e6234a59eec4359d2577358b5220e1a7e3da74c162913cdb7d882db1413f98c2,,2020-01-22/2023-03-09,derived,derived_from_2021-09-09_and_2021-09-08,jhu_first_difference_v1,2021-09-09,daily_new_confirmed_cases,27,cases,reported,
1.0,jhu_csse_confirmed_global_csv,e6234a59eec4359d2577358b5220e1a7e3da74c162913cdb7d882db1413f98c2,,2020-01-22/2023-03-09,derived,derived_from_2021-09-10_and_2021-09-09,jhu_first_difference_v1,2021-09-10,daily_new_confirmed_cases,30,cases,reported,
1.0,jhu_csse_confirmed_global_csv,e6234a59eec4359d2577358b5220e1a7e3da74c162913cdb7d882db1413f98c2,,2020-01-22/2023-03-09,derived,derived_from_2021-09-11_and_2021-09-10,jhu_first_difference_v1,2021-09-11,daily_new_confirmed_cases,21,cases,reported,
1.0,jhu_csse_confirmed_global_csv,e6234a59eec4359d2577358b5220e1a7e3da74c162913cdb7d882db1413f98c2,,2020-01-22/2023-03-09,derived,derived_from_2021-09-12_and_2021-09-11,jhu_first_difference_v1,2021-09-12,daily_new_confirmed_cases,26,cases,reported,
1.0,jhu_csse_confirmed_global_csv,e6234a59eec4359d2577358b5220e1a7e3da74c162913cdb7d882db1413f98c2,,2020-01-22/2023-03-09,derived,derived_from_2021-09-13_and_2021-09-12,jhu_first_difference_v1,2021-09-13,daily_new_confirmed_cases,24,cases,reported,
1.0,jhu_csse_confirmed_global_csv,e6234a59eec4359d2577358b5220e1a7e3da74c162913cdb7d882db1413f98c2,,2020-01-22/2023-03-09,derived,derived_from_2021-09-14_and_2021-09-13,jhu_first_difference_v1,2021-09-14,daily_new_confirmed_cases,19,cases,reported,
1.0,jhu_csse_confirmed_global_csv,e6234a59eec4359d2577358b5220e1a7e3da74c162913cdb7d882db1413f98c2,,2020-01-22/2023-03-09,derived,derived_from_2021-09-15_and_2021-09-14,jhu_first_difference_v1,2021-09-15,daily_new_confirmed_cases,26,cases,reported,
1.0,jhu_csse_confirmed_global_csv,e6234a59eec4359d2577358b5220e1a7e3da74c162913cdb7d882db1413f98c2,,2020-01-22/2023-03-09,derived,derived_from_2021-09-16_and_2021-09-15,jhu_first_difference_v1,2021-09-16,daily_new_confirmed_cases,17,cases,reported,
1.0,jhu_csse_confirmed_global_csv,e6234a59eec4359d2577358b5220e1a7e3da74c162913cdb7d882db1413f98c2,,2020-01-22/2023-03-09,derived,derived_from_2021-09-17_and_2021-09-16,jhu_first_difference_v1,2021-09-17,daily_new_confirmed_cases,15,cases,reported,
1.0,jhu_csse_confirmed_global_csv,e6234a59eec4359d2577358b5220e1a7e3da74c162913cdb7d882db1413f98c2,,2020-01-22/2023-03-09,derived,derived_from_2021-09-18_and_2021-09-17,jhu_first_difference_v1,2021-09-18,daily_new_confirmed_cases,27,cases,reported,
1.0,jhu_csse_confirmed_global_csv,e6234a59eec4359d2577358b5220e1a7e3da74c162913cdb7d882db1413f98c2,,2020-01-22/2023-03-09,derived,derived_from_2021-09-19_and_2021-09-18,jhu_first_difference_v1,2021-09-19,daily_new_confirmed_cases,11,cases,reported,
1.0,jhu_csse_confirmed_global_csv,e6234a59eec4359d2577358b5220e1a7e3da74c162913cdb7d882db1413f98c2,,2020-01-22/2023-03-09,derived,derived_from_2021-09-20_and_2021-09-19,jhu_first_difference_v1,2021-09-20,daily_new_confirmed_cases,22,cases,reported,
1.0,jhu_csse_confirmed_global_csv,e6234a59eec4359d2577358b5220e1a7e3da74c162913cdb7d882db1413f98c2,,2020-01-22/2023-03-09,derived,derived_from_2021-09-21_and_2021-09-20,jhu_first_difference_v1,2021-09-21,daily_new_confirmed_cases,15,cases,reported,
1.0,jhu_csse_confirmed_global_csv,e6234a59eec4359d2577358b5220e1a7e3da74c162913cdb7d882db1413f98c2,,2020-01-22/2023-03-09,derived,derived_from_2021-09-22_and_2021-09-21,jhu_first_difference_v1,2021-09-22,daily_new_confirmed_cases,24,cases,reported,
1.0,jhu_csse_confirmed_global_csv,e6234a59eec4359d2577358b5220e1a7e3da74c162913cdb7d882db1413f98c2,,2020-01-22/2023-03-09,derived,derived_from_2021-09-23_and_2021-09-22,jhu_first_difference_v1,2021-09-23,daily_new_confirmed_cases,24,cases,reported,
1.0,jhu_csse_confirmed_global_csv,e6234a59eec4359d2577358b5220e1a7e3da74c162913cdb7d882db1413f98c2,,2020-01-22/2023-03-09,derived,derived_from_2021-09-24_and_2021-09-23,jhu_first_difference_v1,2021-09-24,daily_new_confirmed_cases,21,cases,reported,
1.0,jhu_csse_confirmed_global_csv,e6234a59eec4359d2577358b5220e1a7e3da74c162913cdb7d882db1413f98c2,,2020-01-22/2023-03-09,derived,derived_from_2021-09-25_and_2021-09-24,jhu_first_difference_v1,2021-09-25,daily_new_confirmed_cases,26,cases,reported,
1.0,jhu_csse_confirmed_global_csv,e6234a59eec4359d2577358b5220e1a7e3da74c162913cdb7d882db1413f98c2,,2020-01-22/2023-03-09,derived,derived_from_2021-09-26_and_2021-09-25,jhu_first_difference_v1,2021-09-26,daily_new_confirmed_cases,19,cases,reported,
1.0,jhu_csse_confirmed_global_csv,e6234a59eec4359d2577358b5220e1a7e3da74c162913cdb7d882db1413f98c2,,2020-01-22/2023-03-09,derived,derived_from_2021-09-27_and_2021-09-26,jhu_first_difference_v1,2021-09-27,daily_new_confirmed_cases,14,cases,reported,
1.0,jhu_csse_confirmed_global_csv,e6234a59eec4359d2577358b5220e1a7e3da74c162913cdb7d882db1413f98c2,,2020-01-22/2023-03-09,derived,derived_from_2021-09-28_and_2021-09-27,jhu_first_difference_v1,2021-09-28,daily_new_confirmed_cases,23,cases,reported,
1.0,jhu_csse_confirmed_global_csv,e6234a59eec4359d2577358b5220e1a7e3da74c162913cdb7d882db1413f98c2,,2020-01-22/2023-03-09,derived,derived_from_2021-09-29_and_2021-09-28,jhu_first_difference_v1,2021-09-29,daily_new_confirmed_cases,22,cases,reported,
1.0,jhu_csse_confirmed_global_csv,e6234a59eec4359d2577358b5220e1a7e3da74c162913cdb7d882db1413f98c2,,2020-01-22/2023-03-09,derived,derived_from_2021-09-30_and_2021-09-29,jhu_first_difference_v1,2021-09-30,daily_new_confirmed_cases,18,cases,reported,
1.0,jhu_csse_confirmed_global_csv,e6234a59eec4359d2577358b5220e1a7e3da74c162913cdb7d882db1413f98c2,,2020-01-22/2023-03-09,derived,derived_from_2021-10-01_and_2021-09-30,jhu_first_difference_v1,2021-10-01,daily_new_confirmed_cases,29,cases,reported,
1.0,jhu_csse_confirmed_global_csv,e6234a59eec4359d2577358b5220e1a7e3da74c162913cdb7d882db1413f98c2,,2020-01-22/2023-03-09,derived,derived_from_2021-10-02_and_2021-10-01,jhu_first_difference_v1,2021-10-02,daily_new_confirmed_cases,14,cases,reported,
1.0,jhu_csse_confirmed_global_csv,e6234a59eec4359d2577358b5220e1a7e3da74c162913cdb7d882db1413f98c2,,2020-01-22/2023-03-09,derived,derived_from_2021-10-03_and_2021-10-02,jhu_first_difference_v1,2021-10-03,daily_new_confirmed_cases,1,cases,reported,
1.0,jhu_csse_confirmed_global_csv,e6234a59eec4359d2577358b5220e1a7e3da74c162913cdb7d882db1413f98c2,,2020-01-22/2023-03-09,derived,derived_from_2021-10-04_and_2021-10-03,jhu_first_difference_v1,2021-10-04,daily_new_confirmed_cases,10,cases,reported,
1.0,jhu_csse_confirmed_global_csv,e6234a59eec4359d2577358b5220e1a7e3da74c162913cdb7d882db1413f98c2,,2020-01-22/2023-03-09,derived,derived_from_2021-10-05_and_2021-10-04,jhu_first_difference_v1,2021-10-05,daily_new_confirmed_cases,13,cases,reported,
1.0,jhu_csse_confirmed_global_csv,e6234a59eec4359d2577358b5220e1a7e3da74c162913cdb7d882db1413f98c2,,2020-01-22/2023-03-09,derived,derived_from_2021-10-06_and_2021-10-05,jhu_first_difference_v1,2021-10-06,daily_new_confirmed_cases,31,cases,reported,
1.0,jhu_csse_confirmed_global_csv,e6234a59eec4359d2577358b5220e1a7e3da74c162913cdb7d882db1413f98c2,,2020-01-22/2023-03-09,derived,derived_from_2021-10-07_and_2021-10-06,jhu_first_difference_v1,2021-10-07,daily_new_confirmed_cases,23,cases,reported,
1.0,jhu_csse_confirmed_global_csv,e6234a59eec4359d2577358b5220e1a7e3da74c162913cdb7d882db1413f98c2,,2020-01-22/2023-03-09,derived,derived_from_2021-10-08_and_2021-10-07,jhu_first_difference_v1,2021-10-08,daily_new_confirmed_cases,18,cases,reported,
1.0,jhu_csse_confirmed_global_csv,e6234a59eec4359d2577358b5220e1a7e3da74c162913cdb7d882db1413f98c2,,2020-01-22/2023-03-09,derived,derived_from_2021-10-09_and_2021-10-08,jhu_first_difference_v1,2021-10-09,daily_new_confirmed_cases,30,cases,reported,
1.0,jhu_csse_confirmed_global_csv,e6234a59eec4359d2577358b5220e1a7e3da74c162913cdb7d882db1413f98c2,,2020-01-22/2023-03-09,derived,derived_from_2021-10-10_and_2021-10-09,jhu_first_difference_v1,2021-10-10,daily_new_confirmed_cases,22,cases,reported,
1.0,jhu_csse_confirmed_global_csv,e6234a59eec4359d2577358b5220e1a7e3da74c162913cdb7d882db1413f98c2,,2020-01-22/2023-03-09,derived,derived_from_2021-10-11_and_2021-10-10,jhu_first_difference_v1,2021-10-11,daily_new_confirmed_cases,27,cases,reported,
1.0,jhu_csse_confirmed_global_csv,e6234a59eec4359d2577358b5220e1a7e3da74c162913cdb7d882db1413f98c2,,2020-01-22/2023-03-09,derived,derived_from_2021-10-12_and_2021-10-11,jhu_first_difference_v1,2021-10-12,daily_new_confirmed_cases,23,cases,reported,
1.0,jhu_csse_confirmed_global_csv,e6234a59eec4359d2577358b5220e1a7e3da74c162913cdb7d882db1413f98c2,,2020-01-22/2023-03-09,derived,derived_from_2021-10-13_and_2021-10-12,jhu_first_difference_v1,2021-10-13,daily_new_confirmed_cases,29,cases,reported,
1.0,jhu_csse_confirmed_global_csv,e6234a59eec4359d2577358b5220e1a7e3da74c162913cdb7d882db1413f98c2,,2020-01-22/2023-03-09,derived,derived_from_2021-10-14_and_2021-10-13,jhu_first_difference_v1,2021-10-14,daily_new_confirmed_cases,35,cases,reported,
1.0,jhu_csse_confirmed_global_csv,e6234a59eec4359d2577358b5220e1a7e3da74c162913cdb7d882db1413f98c2,,2020-01-22/2023-03-09,derived,derived_from_2021-10-15_and_2021-10-14,jhu_first_difference_v1,2021-10-15,daily_new_confirmed_cases,27,cases,reported,
1.0,jhu_csse_confirmed_global_csv,e6234a59eec4359d2577358b5220e1a7e3da74c162913cdb7d882db1413f98c2,,2020-01-22/2023-03-09,derived,derived_from_2021-10-16_and_2021-10-15,jhu_first_difference_v1,2021-10-16,daily_new_confirmed_cases,35,cases,reported,
1.0,jhu_csse_confirmed_global_csv,e6234a59eec4359d2577358b5220e1a7e3da74c162913cdb7d882db1413f98c2,,2020-01-22/2023-03-09,derived,derived_from_2021-10-17_and_2021-10-16,jhu_first_difference_v1,2021-10-17,daily_new_confirmed_cases,35,cases,reported,
1.0,jhu_csse_confirmed_global_csv,e6234a59eec4359d2577358b5220e1a7e3da74c162913cdb7d882db1413f98c2,,2020-01-22/2023-03-09,derived,derived_from_2021-10-18_and_2021-10-17,jhu_first_difference_v1,2021-10-18,daily_new_confirmed_cases,28,cases,reported,
1.0,jhu_csse_confirmed_global_csv,e6234a59eec4359d2577358b5220e1a7e3da74c162913cdb7d882db1413f98c2,,2020-01-22/2023-03-09,derived,derived_from_2021-10-19_and_2021-10-18,jhu_first_difference_v1,2021-10-19,daily_new_confirmed_cases,29,cases,reported,
1.0,jhu_csse_confirmed_global_csv,e6234a59eec4359d2577358b5220e1a7e3da74c162913cdb7d882db1413f98c2,,2020-01-22/2023-03-09,derived,derived_from_2021-10-20_and_2021-10-19,jhu_first_difference_v1,2021-10-20,daily_new_confirmed_cases,41,cases,reported,
1.0,jhu_csse_confirmed_global_csv,e6234a59eec4359d2577358b5220e1a7e3da74c162913cdb7d882db1413f98c2,,2020-01-22/2023-03-09,derived,derived_from_2021-10-21_and_2021-10-20,jhu_first_difference_v1,2021-10-21,daily_new_confirmed_cases,28,cases,reported,
1.0,jhu_csse_confirmed_global_csv,e6234a59eec4359d2577358b5220e1a7e3da74c162913cdb7d882db1413f98c2,,2020-01-22/2023-03-09,derived,derived_from_2021-10-22_and_2021-10-21,jhu_first_difference_v1,2021-10-22,daily_new_confirmed_cases,41,cases,reported,
1.0,jhu_csse_confirmed_global_csv,e6234a59eec4359d2577358b5220e1a7e3da74c162913cdb7d882db1413f98c2,,2020-01-22/2023-03-09,derived,derived_from_2021-10-23_and_2021-10-22,jhu_first_difference_v1,2021-10-23,daily_new_confirmed_cases,38,cases,reported,
1.0,jhu_csse_confirmed_global_csv,e6234a59eec4359d2577358b5220e1a7e3da74c162913cdb7d882db1413f98c2,,2020-01-22/2023-03-09,derived,derived_from_2021-10-24_and_2021-10-23,jhu_first_difference_v1,2021-10-24,daily_new_confirmed_cases,33,cases,reported,
1.0,jhu_csse_confirmed_global_csv,e6234a59eec4359d2577358b5220e1a7e3da74c162913cdb7d882db1413f98c2,,2020-01-22/2023-03-09,derived,derived_from_2021-10-25_and_2021-10-24,jhu_first_difference_v1,2021-10-25,daily_new_confirmed_cases,41,cases,reported,
1.0,jhu_csse_confirmed_global_csv,e6234a59eec4359d2577358b5220e1a7e3da74c162913cdb7d882db1413f98c2,,2020-01-22/2023-03-09,derived,derived_from_2021-10-26_and_2021-10-25,jhu_first_difference_v1,2021-10-26,daily_new_confirmed_cases,64,cases,reported,
1.0,jhu_csse_confirmed_global_csv,e6234a59eec4359d2577358b5220e1a7e3da74c162913cdb7d882db1413f98c2,,2020-01-22/2023-03-09,derived,derived_from_2021-10-27_and_2021-10-26,jhu_first_difference_v1,2021-10-27,daily_new_confirmed_cases,42,cases,reported,
1.0,jhu_csse_confirmed_global_csv,e6234a59eec4359d2577358b5220e1a7e3da74c162913cdb7d882db1413f98c2,,2020-01-22/2023-03-09,derived,derived_from_2021-10-28_and_2021-10-27,jhu_first_difference_v1,2021-10-28,daily_new_confirmed_cases,49,cases,reported,
1.0,jhu_csse_confirmed_global_csv,e6234a59eec4359d2577358b5220e1a7e3da74c162913cdb7d882db1413f98c2,,2020-01-22/2023-03-09,derived,derived_from_2021-10-29_and_2021-10-28,jhu_first_difference_v1,2021-10-29,daily_new_confirmed_cases,53,cases,reported,
1.0,jhu_csse_confirmed_global_csv,e6234a59eec4359d2577358b5220e1a7e3da74c162913cdb7d882db1413f98c2,,2020-01-22/2023-03-09,derived,derived_from_2021-10-30_and_2021-10-29,jhu_first_difference_v1,2021-10-30,daily_new_confirmed_cases,62,cases,reported,
1.0,jhu_csse_confirmed_global_csv,e6234a59eec4359d2577358b5220e1a7e3da74c162913cdb7d882db1413f98c2,,2020-01-22/2023-03-09,derived,derived_from_2021-10-31_and_2021-10-30,jhu_first_difference_v1,2021-10-31,daily_new_confirmed_cases,69,cases,reported,
1.0,jhu_csse_confirmed_global_csv,e6234a59eec4359d2577358b5220e1a7e3da74c162913cdb7d882db1413f98c2,,2020-01-22/2023-03-09,derived,derived_from_2021-11-01_and_2021-10-31,jhu_first_difference_v1,2021-11-01,daily_new_confirmed_cases,54,cases,reported,
1.0,jhu_csse_confirmed_global_csv,e6234a59eec4359d2577358b5220e1a7e3da74c162913cdb7d882db1413f98c2,,2020-01-22/2023-03-09,derived,derived_from_2021-11-02_and_2021-11-01,jhu_first_difference_v1,2021-11-02,daily_new_confirmed_cases,77,cases,reported,
1.0,jhu_csse_confirmed_global_csv,e6234a59eec4359d2577358b5220e1a7e3da74c162913cdb7d882db1413f98c2,,2020-01-22/2023-03-09,derived,derived_from_2021-11-03_and_2021-11-02,jhu_first_difference_v1,2021-11-03,daily_new_confirmed_cases,57,cases,reported,
1.0,jhu_csse_confirmed_global_csv,e6234a59eec4359d2577358b5220e1a7e3da74c162913cdb7d882db1413f98c2,,2020-01-22/2023-03-09,derived,derived_from_2021-11-04_and_2021-11-03,jhu_first_difference_v1,2021-11-04,daily_new_confirmed_cases,40,cases,reported,
1.0,jhu_csse_confirmed_global_csv,e6234a59eec4359d2577358b5220e1a7e3da74c162913cdb7d882db1413f98c2,,2020-01-22/2023-03-09,derived,derived_from_2021-11-05_and_2021-11-04,jhu_first_difference_v1,2021-11-05,daily_new_confirmed_cases,69,cases,reported,
1.0,jhu_csse_confirmed_global_csv,e6234a59eec4359d2577358b5220e1a7e3da74c162913cdb7d882db1413f98c2,,2020-01-22/2023-03-09,derived,derived_from_2021-11-06_and_2021-11-05,jhu_first_difference_v1,2021-11-06,daily_new_confirmed_cases,57,cases,reported,
1.0,jhu_csse_confirmed_global_csv,e6234a59eec4359d2577358b5220e1a7e3da74c162913cdb7d882db1413f98c2,,2020-01-22/2023-03-09,derived,derived_from_2021-11-07_and_2021-11-06,jhu_first_difference_v1,2021-11-07,daily_new_confirmed_cases,67,cases,reported,
1.0,jhu_csse_confirmed_global_csv,e6234a59eec4359d2577358b5220e1a7e3da74c162913cdb7d882db1413f98c2,,2020-01-22/2023-03-09,derived,derived_from_2021-11-08_and_2021-11-07,jhu_first_difference_v1,2021-11-08,daily_new_confirmed_cases,56,cases,reported,
1.0,jhu_csse_confirmed_global_csv,e6234a59eec4359d2577358b5220e1a7e3da74c162913cdb7d882db1413f98c2,,2020-01-22/2023-03-09,derived,derived_from_2021-11-09_and_2021-11-08,jhu_first_difference_v1,2021-11-09,daily_new_confirmed_cases,56,cases,reported,
1.0,jhu_csse_confirmed_global_csv,e6234a59eec4359d2577358b5220e1a7e3da74c162913cdb7d882db1413f98c2,,2020-01-22/2023-03-09,derived,derived_from_2021-11-10_and_2021-11-09,jhu_first_difference_v1,2021-11-10,daily_new_confirmed_cases,100,cases,reported,
1.0,jhu_csse_confirmed_global_csv,e6234a59eec4359d2577358b5220e1a7e3da74c162913cdb7d882db1413f98c2,,2020-01-22/2023-03-09,derived,derived_from_2021-11-11_and_2021-11-10,jhu_first_difference_v1,2021-11-11,daily_new_confirmed_cases,85,cases,reported,
1.0,jhu_csse_confirmed_global_csv,e6234a59eec4359d2577358b5220e1a7e3da74c162913cdb7d882db1413f98c2,,2020-01-22/2023-03-09,derived,derived_from_2021-11-12_and_2021-11-11,jhu_first_difference_v1,2021-11-12,daily_new_confirmed_cases,80,cases,reported,
1.0,jhu_csse_confirmed_global_csv,e6234a59eec4359d2577358b5220e1a7e3da74c162913cdb7d882db1413f98c2,,2020-01-22/2023-03-09,derived,derived_from_2021-11-13_and_2021-11-12,jhu_first_difference_v1,2021-11-13,daily_new_confirmed_cases,143,cases,reported,
1.0,jhu_csse_confirmed_global_csv,e6234a59eec4359d2577358b5220e1a7e3da74c162913cdb7d882db1413f98c2,,2020-01-22/2023-03-09,derived,derived_from_2021-11-14_and_2021-11-13,jhu_first_difference_v1,2021-11-14,daily_new_confirmed_cases,135,cases,reported,
1.0,jhu_csse_confirmed_global_csv,e6234a59eec4359d2577358b5220e1a7e3da74c162913cdb7d882db1413f98c2,,2020-01-22/2023-03-09,derived,derived_from_2021-11-15_and_2021-11-14,jhu_first_difference_v1,2021-11-15,daily_new_confirmed_cases,82,cases,reported,
1.0,jhu_csse_confirmed_global_csv,e6234a59eec4359d2577358b5220e1a7e3da74c162913cdb7d882db1413f98c2,,2020-01-22/2023-03-09,derived,derived_from_2021-11-16_and_2021-11-15,jhu_first_difference_v1,2021-11-16,daily_new_confirmed_cases,87,cases,reported,
1.0,jhu_csse_confirmed_global_csv,e6234a59eec4359d2577358b5220e1a7e3da74c162913cdb7d882db1413f98c2,,2020-01-22/2023-03-09,derived,derived_from_2021-11-17_and_2021-11-16,jhu_first_difference_v1,2021-11-17,daily_new_confirmed_cases,118,cases,reported,
1.0,jhu_csse_confirmed_global_csv,e6234a59eec4359d2577358b5220e1a7e3da74c162913cdb7d882db1413f98c2,,2020-01-22/2023-03-09,derived,derived_from_2021-11-18_and_2021-11-17,jhu_first_difference_v1,2021-11-18,daily_new_confirmed_cases,108,cases,reported,
1.0,jhu_csse_confirmed_global_csv,e6234a59eec4359d2577358b5220e1a7e3da74c162913cdb7d882db1413f98c2,,2020-01-22/2023-03-09,derived,derived_from_2021-11-19_and_2021-11-18,jhu_first_difference_v1,2021-11-19,daily_new_confirmed_cases,69,cases,reported,
1.0,jhu_csse_confirmed_global_csv,e6234a59eec4359d2577358b5220e1a7e3da74c162913cdb7d882db1413f98c2,,2020-01-22/2023-03-09,derived,derived_from_2021-11-20_and_2021-11-19,jhu_first_difference_v1,2021-11-20,daily_new_confirmed_cases,125,cases,reported,
1.0,jhu_csse_confirmed_global_csv,e6234a59eec4359d2577358b5220e1a7e3da74c162913cdb7d882db1413f98c2,,2020-01-22/2023-03-09,derived,derived_from_2021-11-21_and_2021-11-20,jhu_first_difference_v1,2021-11-21,daily_new_confirmed_cases,141,cases,reported,
1.0,jhu_csse_confirmed_global_csv,e6234a59eec4359d2577358b5220e1a7e3da74c162913cdb7d882db1413f98c2,,2020-01-22/2023-03-09,derived,derived_from_2021-11-22_and_2021-11-21,jhu_first_difference_v1,2021-11-22,daily_new_confirmed_cases,120,cases,reported,
1.0,jhu_csse_confirmed_global_csv,e6234a59eec4359d2577358b5220e1a7e3da74c162913cdb7d882db1413f98c2,,2020-01-22/2023-03-09,derived,derived_from_2021-11-23_and_2021-11-22,jhu_first_difference_v1,2021-11-23,daily_new_confirmed_cases,87,cases,reported,
1.0,jhu_csse_confirmed_global_csv,e6234a59eec4359d2577358b5220e1a7e3da74c162913cdb7d882db1413f98c2,,2020-01-22/2023-03-09,derived,derived_from_2021-11-24_and_2021-11-23,jhu_first_difference_v1,2021-11-24,daily_new_confirmed_cases,191,cases,reported,
1.0,jhu_csse_confirmed_global_csv,e6234a59eec4359d2577358b5220e1a7e3da74c162913cdb7d882db1413f98c2,,2020-01-22/2023-03-09,derived,derived_from_2021-11-25_and_2021-11-24,jhu_first_difference_v1,2021-11-25,daily_new_confirmed_cases,146,cases,reported,
1.0,jhu_csse_confirmed_global_csv,e6234a59eec4359d2577358b5220e1a7e3da74c162913cdb7d882db1413f98c2,,2020-01-22/2023-03-09,derived,derived_from_2021-11-26_and_2021-11-25,jhu_first_difference_v1,2021-11-26,daily_new_confirmed_cases,142,cases,reported,
1.0,jhu_csse_confirmed_global_csv,e6234a59eec4359d2577358b5220e1a7e3da74c162913cdb7d882db1413f98c2,,2020-01-22/2023-03-09,derived,derived_from_2021-11-27_and_2021-11-26,jhu_first_difference_v1,2021-11-27,daily_new_confirmed_cases,135,cases,reported,
1.0,jhu_csse_confirmed_global_csv,e6234a59eec4359d2577358b5220e1a7e3da74c162913cdb7d882db1413f98c2,,2020-01-22/2023-03-09,derived,derived_from_2021-11-28_and_2021-11-27,jhu_first_difference_v1,2021-11-28,daily_new_confirmed_cases,92,cases,reported,
1.0,jhu_csse_confirmed_global_csv,e6234a59eec4359d2577358b5220e1a7e3da74c162913cdb7d882db1413f98c2,,2020-01-22/2023-03-09,derived,derived_from_2021-11-29_and_2021-11-28,jhu_first_difference_v1,2021-11-29,daily_new_confirmed_cases,108,cases,reported,
1.0,jhu_csse_confirmed_global_csv,e6234a59eec4359d2577358b5220e1a7e3da74c162913cdb7d882db1413f98c2,,2020-01-22/2023-03-09,derived,derived_from_2021-11-30_and_2021-11-29,jhu_first_difference_v1,2021-11-30,daily_new_confirmed_cases,94,cases,reported,
1.0,jhu_csse_confirmed_global_csv,e6234a59eec4359d2577358b5220e1a7e3da74c162913cdb7d882db1413f98c2,,2020-01-22/2023-03-09,derived,derived_from_2021-12-01_and_2021-11-30,jhu_first_difference_v1,2021-12-01,daily_new_confirmed_cases,154,cases,reported,
1.0,jhu_csse_confirmed_global_csv,e6234a59eec4359d2577358b5220e1a7e3da74c162913cdb7d882db1413f98c2,,2020-01-22/2023-03-09,derived,derived_from_2021-12-02_and_2021-12-01,jhu_first_difference_v1,2021-12-02,daily_new_confirmed_cases,135,cases,reported,
1.0,jhu_csse_confirmed_global_csv,e6234a59eec4359d2577358b5220e1a7e3da74c162913cdb7d882db1413f98c2,,2020-01-22/2023-03-09,derived,derived_from_2021-12-03_and_2021-12-02,jhu_first_difference_v1,2021-12-03,daily_new_confirmed_cases,130,cases,reported,
1.0,jhu_csse_confirmed_global_csv,e6234a59eec4359d2577358b5220e1a7e3da74c162913cdb7d882db1413f98c2,,2020-01-22/2023-03-09,derived,derived_from_2021-12-04_and_2021-12-03,jhu_first_difference_v1,2021-12-04,daily_new_confirmed_cases,149,cases,reported,
1.0,jhu_csse_confirmed_global_csv,e6234a59eec4359d2577358b5220e1a7e3da74c162913cdb7d882db1413f98c2,,2020-01-22/2023-03-09,derived,derived_from_2021-12-05_and_2021-12-04,jhu_first_difference_v1,2021-12-05,daily_new_confirmed_cases,131,cases,reported,
1.0,jhu_csse_confirmed_global_csv,e6234a59eec4359d2577358b5220e1a7e3da74c162913cdb7d882db1413f98c2,,2020-01-22/2023-03-09,derived,derived_from_2021-12-06_and_2021-12-05,jhu_first_difference_v1,2021-12-06,daily_new_confirmed_cases,110,cases,reported,
1.0,jhu_csse_confirmed_global_csv,e6234a59eec4359d2577358b5220e1a7e3da74c162913cdb7d882db1413f98c2,,2020-01-22/2023-03-09,derived,derived_from_2021-12-07_and_2021-12-06,jhu_first_difference_v1,2021-12-07,daily_new_confirmed_cases,84,cases,reported,
1.0,jhu_csse_confirmed_global_csv,e6234a59eec4359d2577358b5220e1a7e3da74c162913cdb7d882db1413f98c2,,2020-01-22/2023-03-09,derived,derived_from_2021-12-08_and_2021-12-07,jhu_first_difference_v1,2021-12-08,daily_new_confirmed_cases,132,cases,reported,
1.0,jhu_csse_confirmed_global_csv,e6234a59eec4359d2577358b5220e1a7e3da74c162913cdb7d882db1413f98c2,,2020-01-22/2023-03-09,derived,derived_from_2021-12-09_and_2021-12-08,jhu_first_difference_v1,2021-12-09,daily_new_confirmed_cases,116,cases,reported,
1.0,jhu_csse_confirmed_global_csv,e6234a59eec4359d2577358b5220e1a7e3da74c162913cdb7d882db1413f98c2,,2020-01-22/2023-03-09,derived,derived_from_2021-12-10_and_2021-12-09,jhu_first_difference_v1,2021-12-10,daily_new_confirmed_cases,134,cases,reported,
1.0,jhu_csse_confirmed_global_csv,e6234a59eec4359d2577358b5220e1a7e3da74c162913cdb7d882db1413f98c2,,2020-01-22/2023-03-09,derived,derived_from_2021-12-11_and_2021-12-10,jhu_first_difference_v1,2021-12-11,daily_new_confirmed_cases,118,cases,reported,
1.0,jhu_csse_confirmed_global_csv,e6234a59eec4359d2577358b5220e1a7e3da74c162913cdb7d882db1413f98c2,,2020-01-22/2023-03-09,derived,derived_from_2021-12-12_and_2021-12-11,jhu_first_difference_v1,2021-12-12,daily_new_confirmed_cases,98,cases,reported,
1.0,jhu_csse_confirmed_global_csv,e6234a59eec4359d2577358b5220e1a7e3da74c162913cdb7d882db1413f98c2,,2020-01-22/2023-03-09,derived,derived_from_2021-12-13_and_2021-12-12,jhu_first_difference_v1,2021-12-13,daily_new_confirmed_cases,94,cases,reported,
1.0,jhu_csse_confirmed_global_csv,e6234a59eec4359d2577358b5220e1a7e3da74c162913cdb7d882db1413f98c2,,2020-01-22/2023-03-09,derived,derived_from_2021-12-14_and_2021-12-13,jhu_first_difference_v1,2021-12-14,daily_new_confirmed_cases,82,cases,reported,
1.0,jhu_csse_confirmed_global_csv,e6234a59eec4359d2577358b5220e1a7e3da74c162913cdb7d882db1413f98c2,,2020-01-22/2023-03-09,derived,derived_from_2021-12-15_and_2021-12-14,jhu_first_difference_v1,2021-12-15,daily_new_confirmed_cases,116,cases,reported,
1.0,jhu_csse_confirmed_global_csv,e6234a59eec4359d2577358b5220e1a7e3da74c162913cdb7d882db1413f98c2,,2020-01-22/2023-03-09,derived,derived_from_2021-12-16_and_2021-12-15,jhu_first_difference_v1,2021-12-16,daily_new_confirmed_cases,118,cases,reported,
1.0,jhu_csse_confirmed_global_csv,e6234a59eec4359d2577358b5220e1a7e3da74c162913cdb7d882db1413f98c2,,2020-01-22/2023-03-09,derived,derived_from_2021-12-17_and_2021-12-16,jhu_first_difference_v1,2021-12-17,daily_new_confirmed_cases,149,cases,reported,
1.0,jhu_csse_confirmed_global_csv,e6234a59eec4359d2577358b5220e1a7e3da74c162913cdb7d882db1413f98c2,,2020-01-22/2023-03-09,derived,derived_from_2021-12-18_and_2021-12-17,jhu_first_difference_v1,2021-12-18,daily_new_confirmed_cases,118,cases,reported,
1.0,jhu_csse_confirmed_global_csv,e6234a59eec4359d2577358b5220e1a7e3da74c162913cdb7d882db1413f98c2,,2020-01-22/2023-03-09,derived,derived_from_2021-12-19_and_2021-12-18,jhu_first_difference_v1,2021-12-19,daily_new_confirmed_cases,110,cases,reported,
1.0,jhu_csse_confirmed_global_csv,e6234a59eec4359d2577358b5220e1a7e3da74c162913cdb7d882db1413f98c2,,2020-01-22/2023-03-09,derived,derived_from_2021-12-20_and_2021-12-19,jhu_first_difference_v1,2021-12-20,daily_new_confirmed_cases,116,cases,reported,
1.0,jhu_csse_confirmed_global_csv,e6234a59eec4359d2577358b5220e1a7e3da74c162913cdb7d882db1413f98c2,,2020-01-22/2023-03-09,derived,derived_from_2021-12-21_and_2021-12-20,jhu_first_difference_v1,2021-12-21,daily_new_confirmed_cases,144,cases,reported,
1.0,jhu_csse_confirmed_global_csv,e6234a59eec4359d2577358b5220e1a7e3da74c162913cdb7d882db1413f98c2,,2020-01-22/2023-03-09,derived,derived_from_2021-12-22_and_2021-12-21,jhu_first_difference_v1,2021-12-22,daily_new_confirmed_cases,145,cases,reported,
1.0,jhu_csse_confirmed_global_csv,e6234a59eec4359d2577358b5220e1a7e3da74c162913cdb7d882db1413f98c2,,2020-01-22/2023-03-09,derived,derived_from_2021-12-23_and_2021-12-22,jhu_first_difference_v1,2021-12-23,daily_new_confirmed_cases,167,cases,reported,
1.0,jhu_csse_confirmed_global_csv,e6234a59eec4359d2577358b5220e1a7e3da74c162913cdb7d882db1413f98c2,,2020-01-22/2023-03-09,derived,derived_from_2021-12-24_and_2021-12-23,jhu_first_difference_v1,2021-12-24,daily_new_confirmed_cases,208,cases,reported,
1.0,jhu_csse_confirmed_global_csv,e6234a59eec4359d2577358b5220e1a7e3da74c162913cdb7d882db1413f98c2,,2020-01-22/2023-03-09,derived,derived_from_2021-12-25_and_2021-12-24,jhu_first_difference_v1,2021-12-25,daily_new_confirmed_cases,216,cases,reported,
1.0,jhu_csse_confirmed_global_csv,e6234a59eec4359d2577358b5220e1a7e3da74c162913cdb7d882db1413f98c2,,2020-01-22/2023-03-09,derived,derived_from_2021-12-26_and_2021-12-25,jhu_first_difference_v1,2021-12-26,daily_new_confirmed_cases,190,cases,reported,
1.0,jhu_csse_confirmed_global_csv,e6234a59eec4359d2577358b5220e1a7e3da74c162913cdb7d882db1413f98c2,,2020-01-22/2023-03-09,derived,derived_from_2021-12-27_and_2021-12-26,jhu_first_difference_v1,2021-12-27,daily_new_confirmed_cases,72,cases,reported,
1.0,jhu_csse_confirmed_global_csv,e6234a59eec4359d2577358b5220e1a7e3da74c162913cdb7d882db1413f98c2,,2020-01-22/2023-03-09,derived,derived_from_2021-12-28_and_2021-12-27,jhu_first_difference_v1,2021-12-28,daily_new_confirmed_cases,121,cases,reported,
1.0,jhu_csse_confirmed_global_csv,e6234a59eec4359d2577358b5220e1a7e3da74c162913cdb7d882db1413f98c2,,2020-01-22/2023-03-09,derived,derived_from_2021-12-29_and_2021-12-28,jhu_first_difference_v1,2021-12-29,daily_new_confirmed_cases,462,cases,reported,
1.0,jhu_csse_confirmed_global_csv,e6234a59eec4359d2577358b5220e1a7e3da74c162913cdb7d882db1413f98c2,,2020-01-22/2023-03-09,derived,derived_from_2021-12-30_and_2021-12-29,jhu_first_difference_v1,2021-12-30,daily_new_confirmed_cases,522,cases,reported,
1.0,jhu_csse_confirmed_global_csv,e6234a59eec4359d2577358b5220e1a7e3da74c162913cdb7d882db1413f98c2,,2020-01-22/2023-03-09,derived,derived_from_2021-12-31_and_2021-12-30,jhu_first_difference_v1,2021-12-31,daily_new_confirmed_cases,413,cases,reported,
1.0,jhu_csse_confirmed_global_csv,e6234a59eec4359d2577358b5220e1a7e3da74c162913cdb7d882db1413f98c2,,2020-01-22/2023-03-09,derived,derived_from_2022-01-01_and_2021-12-31,jhu_first_difference_v1,2022-01-01,daily_new_confirmed_cases,426,cases,reported,
1.0,jhu_csse_confirmed_global_csv,e6234a59eec4359d2577358b5220e1a7e3da74c162913cdb7d882db1413f98c2,,2020-01-22/2023-03-09,derived,derived_from_2022-01-02_and_2022-01-01,jhu_first_difference_v1,2022-01-02,daily_new_confirmed_cases,323,cases,reported,
1.0,jhu_csse_confirmed_global_csv,e6234a59eec4359d2577358b5220e1a7e3da74c162913cdb7d882db1413f98c2,,2020-01-22/2023-03-09,derived,derived_from_2022-01-03_and_2022-01-02,jhu_first_difference_v1,2022-01-03,daily_new_confirmed_cases,503,cases,reported,
1.0,jhu_csse_confirmed_global_csv,e6234a59eec4359d2577358b5220e1a7e3da74c162913cdb7d882db1413f98c2,,2020-01-22/2023-03-09,derived,derived_from_2022-01-04_and_2022-01-03,jhu_first_difference_v1,2022-01-04,daily_new_confirmed_cases,423,cases,reported,
1.0,jhu_csse_confirmed_global_csv,e6234a59eec4359d2577358b5220e1a7e3da74c162913cdb7d882db1413f98c2,,2020-01-22/2023-03-09,derived,derived_from_2022-01-05_and_2022-01-04,jhu_first_difference_v1,2022-01-05,daily_new_confirmed_cases,377,cases,reported,
1.0,jhu_csse_confirmed_global_csv,e6234a59eec4359d2577358b5220e1a7e3da74c162913cdb7d882db1413f98c2,,2020-01-22/2023-03-09,derived,derived_from_2022-01-06_and_2022-01-05,jhu_first_difference_v1,2022-01-06,daily_new_confirmed_cases,504,cases,reported,
1.0,jhu_csse_confirmed_global_csv,e6234a59eec4359d2577358b5220e1a7e3da74c162913cdb7d882db1413f98c2,,2020-01-22/2023-03-09,derived,derived_from_2022-01-07_and_2022-01-06,jhu_first_difference_v1,2022-01-07,daily_new_confirmed_cases,652,cases,reported,
1.0,jhu_csse_confirmed_global_csv,e6234a59eec4359d2577358b5220e1a7e3da74c162913cdb7d882db1413f98c2,,2020-01-22/2023-03-09,derived,derived_from_2022-01-08_and_2022-01-07,jhu_first_difference_v1,2022-01-08,daily_new_confirmed_cases,663,cases,reported,
1.0,jhu_csse_confirmed_global_csv,e6234a59eec4359d2577358b5220e1a7e3da74c162913cdb7d882db1413f98c2,,2020-01-22/2023-03-09,derived,derived_from_2022-01-09_and_2022-01-08,jhu_first_difference_v1,2022-01-09,daily_new_confirmed_cases,465,cases,reported,
1.0,jhu_csse_confirmed_global_csv,e6234a59eec4359d2577358b5220e1a7e3da74c162913cdb7d882db1413f98c2,,2020-01-22/2023-03-09,derived,derived_from_2022-01-10_and_2022-01-09,jhu_first_difference_v1,2022-01-10,daily_new_confirmed_cases,451,cases,reported,
1.0,jhu_csse_confirmed_global_csv,e6234a59eec4359d2577358b5220e1a7e3da74c162913cdb7d882db1413f98c2,,2020-01-22/2023-03-09,derived,derived_from_2022-01-11_and_2022-01-10,jhu_first_difference_v1,2022-01-11,daily_new_confirmed_cases,428,cases,reported,
1.0,jhu_csse_confirmed_global_csv,e6234a59eec4359d2577358b5220e1a7e3da74c162913cdb7d882db1413f98c2,,2020-01-22/2023-03-09,derived,derived_from_2022-01-12_and_2022-01-11,jhu_first_difference_v1,2022-01-12,daily_new_confirmed_cases,449,cases,reported,
1.0,jhu_csse_confirmed_global_csv,e6234a59eec4359d2577358b5220e1a7e3da74c162913cdb7d882db1413f98c2,,2020-01-22/2023-03-09,derived,derived_from_2022-01-13_and_2022-01-12,jhu_first_difference_v1,2022-01-13,daily_new_confirmed_cases,327,cases,reported,
1.0,jhu_csse_confirmed_global_csv,e6234a59eec4359d2577358b5220e1a7e3da74c162913cdb7d882db1413f98c2,,2020-01-22/2023-03-09,derived,derived_from_2022-01-14_and_2022-01-13,jhu_first_difference_v1,2022-01-14,daily_new_confirmed_cases,334,cases,reported,
1.0,jhu_csse_confirmed_global_csv,e6234a59eec4359d2577358b5220e1a7e3da74c162913cdb7d882db1413f98c2,,2020-01-22/2023-03-09,derived,derived_from_2022-01-15_and_2022-01-14,jhu_first_difference_v1,2022-01-15,daily_new_confirmed_cases,291,cases,reported,
1.0,jhu_csse_confirmed_global_csv,e6234a59eec4359d2577358b5220e1a7e3da74c162913cdb7d882db1413f98c2,,2020-01-22/2023-03-09,derived,derived_from_2022-01-16_and_2022-01-15,jhu_first_difference_v1,2022-01-16,daily_new_confirmed_cases,290,cases,reported,
1.0,jhu_csse_confirmed_global_csv,e6234a59eec4359d2577358b5220e1a7e3da74c162913cdb7d882db1413f98c2,,2020-01-22/2023-03-09,derived,derived_from_2022-01-17_and_2022-01-16,jhu_first_difference_v1,2022-01-17,daily_new_confirmed_cases,256,cases,reported,
1.0,jhu_csse_confirmed_global_csv,e6234a59eec4359d2577358b5220e1a7e3da74c162913cdb7d882db1413f98c2,,2020-01-22/2023-03-09,derived,derived_from_2022-01-18_and_2022-01-17,jhu_first_difference_v1,2022-01-18,daily_new_confirmed_cases,242,cases,reported,
1.0,jhu_csse_confirmed_global_csv,e6234a59eec4359d2577358b5220e1a7e3da74c162913cdb7d882db1413f98c2,,2020-01-22/2023-03-09,derived,derived_from_2022-01-19_and_2022-01-18,jhu_first_difference_v1,2022-01-19,daily_new_confirmed_cases,325,cases,reported,
1.0,jhu_csse_confirmed_global_csv,e6234a59eec4359d2577358b5220e1a7e3da74c162913cdb7d882db1413f98c2,,2020-01-22/2023-03-09,derived,derived_from_2022-01-20_and_2022-01-19,jhu_first_difference_v1,2022-01-20,daily_new_confirmed_cases,314,cases,reported,
1.0,jhu_csse_confirmed_global_csv,e6234a59eec4359d2577358b5220e1a7e3da74c162913cdb7d882db1413f98c2,,2020-01-22/2023-03-09,derived,derived_from_2022-01-21_and_2022-01-20,jhu_first_difference_v1,2022-01-21,daily_new_confirmed_cases,299,cases,reported,
1.0,jhu_csse_confirmed_global_csv,e6234a59eec4359d2577358b5220e1a7e3da74c162913cdb7d882db1413f98c2,,2020-01-22/2023-03-09,derived,derived_from_2022-01-22_and_2022-01-21,jhu_first_difference_v1,2022-01-22,daily_new_confirmed_cases,278,cases,reported,
1.0,jhu_csse_confirmed_global_csv,e6234a59eec4359d2577358b5220e1a7e3da74c162913cdb7d882db1413f98c2,,2020-01-22/2023-03-09,derived,derived_from_2022-01-23_and_2022-01-22,jhu_first_difference_v1,2022-01-23,daily_new_confirmed_cases,277,cases,reported,
1.0,jhu_csse_confirmed_global_csv,e6234a59eec4359d2577358b5220e1a7e3da74c162913cdb7d882db1413f98c2,,2020-01-22/2023-03-09,derived,derived_from_2022-01-24_and_2022-01-23,jhu_first_difference_v1,2022-01-24,daily_new_confirmed_cases,210,cases,reported,
1.0,jhu_csse_confirmed_global_csv,e6234a59eec4359d2577358b5220e1a7e3da74c162913cdb7d882db1413f98c2,,2020-01-22/2023-03-09,derived,derived_from_2022-01-25_and_2022-01-24,jhu_first_difference_v1,2022-01-25,daily_new_confirmed_cases,287,cases,reported,
1.0,jhu_csse_confirmed_global_csv,e6234a59eec4359d2577358b5220e1a7e3da74c162913cdb7d882db1413f98c2,,2020-01-22/2023-03-09,derived,derived_from_2022-01-26_and_2022-01-25,jhu_first_difference_v1,2022-01-26,daily_new_confirmed_cases,400,cases,reported,
1.0,jhu_csse_confirmed_global_csv,e6234a59eec4359d2577358b5220e1a7e3da74c162913cdb7d882db1413f98c2,,2020-01-22/2023-03-09,derived,derived_from_2022-01-27_and_2022-01-26,jhu_first_difference_v1,2022-01-27,daily_new_confirmed_cases,391,cases,reported,
1.0,jhu_csse_confirmed_global_csv,e6234a59eec4359d2577358b5220e1a7e3da74c162913cdb7d882db1413f98c2,,2020-01-22/2023-03-09,derived,derived_from_2022-01-28_and_2022-01-27,jhu_first_difference_v1,2022-01-28,daily_new_confirmed_cases,355,cases,reported,
1.0,jhu_csse_confirmed_global_csv,e6234a59eec4359d2577358b5220e1a7e3da74c162913cdb7d882db1413f98c2,,2020-01-22/2023-03-09,derived,derived_from_2022-01-29_and_2022-01-28,jhu_first_difference_v1,2022-01-29,daily_new_confirmed_cases,345,cases,reported,
1.0,jhu_csse_confirmed_global_csv,e6234a59eec4359d2577358b5220e1a7e3da74c162913cdb7d882db1413f98c2,,2020-01-22/2023-03-09,derived,derived_from_2022-01-30_and_2022-01-29,jhu_first_difference_v1,2022-01-30,daily_new_confirmed_cases,348,cases,reported,
1.0,jhu_csse_confirmed_global_csv,e6234a59eec4359d2577358b5220e1a7e3da74c162913cdb7d882db1413f98c2,,2020-01-22/2023-03-09,derived,derived_from_2022-01-31_and_2022-01-30,jhu_first_difference_v1,2022-01-31,daily_new_confirmed_cases,255,cases,reported,
1.0,jhu_csse_confirmed_global_csv,e6234a59eec4359d2577358b5220e1a7e3da74c162913cdb7d882db1413f98c2,,2020-01-22/2023-03-09,derived,derived_from_2022-02-01_and_2022-01-31,jhu_first_difference_v1,2022-02-01,daily_new_confirmed_cases,299,cases,reported,
1.0,jhu_csse_confirmed_global_csv,e6234a59eec4359d2577358b5220e1a7e3da74c162913cdb7d882db1413f98c2,,2020-01-22/2023-03-09,derived,derived_from_2022-02-02_and_2022-02-01,jhu_first_difference_v1,2022-02-02,daily_new_confirmed_cases,413,cases,reported,
1.0,jhu_csse_confirmed_global_csv,e6234a59eec4359d2577358b5220e1a7e3da74c162913cdb7d882db1413f98c2,,2020-01-22/2023-03-09,derived,derived_from_2022-02-03_and_2022-02-02,jhu_first_difference_v1,2022-02-03,daily_new_confirmed_cases,356,cases,reported,
1.0,jhu_csse_confirmed_global_csv,e6234a59eec4359d2577358b5220e1a7e3da74c162913cdb7d882db1413f98c2,,2020-01-22/2023-03-09,derived,derived_from_2022-02-04_and_2022-02-03,jhu_first_difference_v1,2022-02-04,daily_new_confirmed_cases,325,cases,reported,
1.0,jhu_csse_confirmed_global_csv,e6234a59eec4359d2577358b5220e1a7e3da74c162913cdb7d882db1413f98c2,,2020-01-22/2023-03-09,derived,derived_from_2022-02-05_and_2022-02-04,jhu_first_difference_v1,2022-02-05,daily_new_confirmed_cases,265,cases,reported,
1.0,jhu_csse_confirmed_global_csv,e6234a59eec4359d2577358b5220e1a7e3da74c162913cdb7d882db1413f98c2,,2020-01-22/2023-03-09,derived,derived_from_2022-02-06_and_2022-02-05,jhu_first_difference_v1,2022-02-06,daily_new_confirmed_cases,216,cases,reported,
1.0,jhu_csse_confirmed_global_csv,e6234a59eec4359d2577358b5220e1a7e3da74c162913cdb7d882db1413f98c2,,2020-01-22/2023-03-09,derived,derived_from_2022-02-07_and_2022-02-06,jhu_first_difference_v1,2022-02-07,daily_new_confirmed_cases,248,cases,reported,
1.0,jhu_csse_confirmed_global_csv,e6234a59eec4359d2577358b5220e1a7e3da74c162913cdb7d882db1413f98c2,,2020-01-22/2023-03-09,derived,derived_from_2022-02-08_and_2022-02-07,jhu_first_difference_v1,2022-02-08,daily_new_confirmed_cases,240,cases,reported,
1.0,jhu_csse_confirmed_global_csv,e6234a59eec4359d2577358b5220e1a7e3da74c162913cdb7d882db1413f98c2,,2020-01-22/2023-03-09,derived,derived_from_2022-02-09_and_2022-02-08,jhu_first_difference_v1,2022-02-09,daily_new_confirmed_cases,321,cases,reported,
1.0,jhu_csse_confirmed_global_csv,e6234a59eec4359d2577358b5220e1a7e3da74c162913cdb7d882db1413f98c2,,2020-01-22/2023-03-09,derived,derived_from_2022-02-10_and_2022-02-09,jhu_first_difference_v1,2022-02-10,daily_new_confirmed_cases,272,cases,reported,
1.0,jhu_csse_confirmed_global_csv,e6234a59eec4359d2577358b5220e1a7e3da74c162913cdb7d882db1413f98c2,,2020-01-22/2023-03-09,derived,derived_from_2022-02-11_and_2022-02-10,jhu_first_difference_v1,2022-02-11,daily_new_confirmed_cases,281,cases,reported,
1.0,jhu_csse_confirmed_global_csv,e6234a59eec4359d2577358b5220e1a7e3da74c162913cdb7d882db1413f98c2,,2020-01-22/2023-03-09,derived,derived_from_2022-02-12_and_2022-02-11,jhu_first_difference_v1,2022-02-12,daily_new_confirmed_cases,244,cases,reported,
1.0,jhu_csse_confirmed_global_csv,e6234a59eec4359d2577358b5220e1a7e3da74c162913cdb7d882db1413f98c2,,2020-01-22/2023-03-09,derived,derived_from_2022-02-13_and_2022-02-12,jhu_first_difference_v1,2022-02-13,daily_new_confirmed_cases,233,cases,reported,
1.0,jhu_csse_confirmed_global_csv,e6234a59eec4359d2577358b5220e1a7e3da74c162913cdb7d882db1413f98c2,,2020-01-22/2023-03-09,derived,derived_from_2022-02-14_and_2022-02-13,jhu_first_difference_v1,2022-02-14,daily_new_confirmed_cases,164,cases,reported,
1.0,jhu_csse_confirmed_global_csv,e6234a59eec4359d2577358b5220e1a7e3da74c162913cdb7d882db1413f98c2,,2020-01-22/2023-03-09,derived,derived_from_2022-02-15_and_2022-02-14,jhu_first_difference_v1,2022-02-15,daily_new_confirmed_cases,190,cases,reported,
1.0,jhu_csse_confirmed_global_csv,e6234a59eec4359d2577358b5220e1a7e3da74c162913cdb7d882db1413f98c2,,2020-01-22/2023-03-09,derived,derived_from_2022-02-16_and_2022-02-15,jhu_first_difference_v1,2022-02-16,daily_new_confirmed_cases,228,cases,reported,
1.0,jhu_csse_confirmed_global_csv,e6234a59eec4359d2577358b5220e1a7e3da74c162913cdb7d882db1413f98c2,,2020-01-22/2023-03-09,derived,derived_from_2022-02-17_and_2022-02-16,jhu_first_difference_v1,2022-02-17,daily_new_confirmed_cases,287,cases,reported,
1.0,jhu_csse_confirmed_global_csv,e6234a59eec4359d2577358b5220e1a7e3da74c162913cdb7d882db1413f98c2,,2020-01-22/2023-03-09,derived,derived_from_2022-02-18_and_2022-02-17,jhu_first_difference_v1,2022-02-18,daily_new_confirmed_cases,229,cases,reported,
1.0,jhu_csse_confirmed_global_csv,e6234a59eec4359d2577358b5220e1a7e3da74c162913cdb7d882db1413f98c2,,2020-01-22/2023-03-09,derived,derived_from_2022-02-19_and_2022-02-18,jhu_first_difference_v1,2022-02-19,daily_new_confirmed_cases,0,cases,reported,
1.0,jhu_csse_confirmed_global_csv,e6234a59eec4359d2577358b5220e1a7e3da74c162913cdb7d882db1413f98c2,,2020-01-22/2023-03-09,derived,derived_from_2022-02-20_and_2022-02-19,jhu_first_difference_v1,2022-02-20,daily_new_confirmed_cases,0,cases,reported,
1.0,jhu_csse_confirmed_global_csv,e6234a59eec4359d2577358b5220e1a7e3da74c162913cdb7d882db1413f98c2,,2020-01-22/2023-03-09,derived,derived_from_2022-02-21_and_2022-02-20,jhu_first_difference_v1,2022-02-21,daily_new_confirmed_cases,205,cases,reported,
1.0,jhu_csse_confirmed_global_csv,e6234a59eec4359d2577358b5220e1a7e3da74c162913cdb7d882db1413f98c2,,2020-01-22/2023-03-09,derived,derived_from_2022-02-22_and_2022-02-21,jhu_first_difference_v1,2022-02-22,daily_new_confirmed_cases,477,cases,reported,
1.0,jhu_csse_confirmed_global_csv,e6234a59eec4359d2577358b5220e1a7e3da74c162913cdb7d882db1413f98c2,,2020-01-22/2023-03-09,derived,derived_from_2022-02-23_and_2022-02-22,jhu_first_difference_v1,2022-02-23,daily_new_confirmed_cases,250,cases,reported,
1.0,jhu_csse_confirmed_global_csv,e6234a59eec4359d2577358b5220e1a7e3da74c162913cdb7d882db1413f98c2,,2020-01-22/2023-03-09,derived,derived_from_2022-02-24_and_2022-02-23,jhu_first_difference_v1,2022-02-24,daily_new_confirmed_cases,187,cases,reported,
1.0,jhu_csse_confirmed_global_csv,e6234a59eec4359d2577358b5220e1a7e3da74c162913cdb7d882db1413f98c2,,2020-01-22/2023-03-09,derived,derived_from_2022-02-25_and_2022-02-24,jhu_first_difference_v1,2022-02-25,daily_new_confirmed_cases,284,cases,reported,
1.0,jhu_csse_confirmed_global_csv,e6234a59eec4359d2577358b5220e1a7e3da74c162913cdb7d882db1413f98c2,,2020-01-22/2023-03-09,derived,derived_from_2022-02-26_and_2022-02-25,jhu_first_difference_v1,2022-02-26,daily_new_confirmed_cases,0,cases,reported,
1.0,jhu_csse_confirmed_global_csv,e6234a59eec4359d2577358b5220e1a7e3da74c162913cdb7d882db1413f98c2,,2020-01-22/2023-03-09,derived,derived_from_2022-02-27_and_2022-02-26,jhu_first_difference_v1,2022-02-27,daily_new_confirmed_cases,0,cases,reported,
1.0,jhu_csse_confirmed_global_csv,e6234a59eec4359d2577358b5220e1a7e3da74c162913cdb7d882db1413f98c2,,2020-01-22/2023-03-09,derived,derived_from_2022-02-28_and_2022-02-27,jhu_first_difference_v1,2022-02-28,daily_new_confirmed_cases,177,cases,reported,
1.0,jhu_csse_confirmed_global_csv,e6234a59eec4359d2577358b5220e1a7e3da74c162913cdb7d882db1413f98c2,,2020-01-22/2023-03-09,derived,derived_from_2022-03-01_and_2022-02-28,jhu_first_difference_v1,2022-03-01,daily_new_confirmed_cases,618,cases,reported,
1.0,jhu_csse_confirmed_global_csv,e6234a59eec4359d2577358b5220e1a7e3da74c162913cdb7d882db1413f98c2,,2020-01-22/2023-03-09,derived,derived_from_2022-03-02_and_2022-03-01,jhu_first_difference_v1,2022-03-02,daily_new_confirmed_cases,352,cases,reported,
1.0,jhu_csse_confirmed_global_csv,e6234a59eec4359d2577358b5220e1a7e3da74c162913cdb7d882db1413f98c2,,2020-01-22/2023-03-09,derived,derived_from_2022-03-03_and_2022-03-02,jhu_first_difference_v1,2022-03-03,daily_new_confirmed_cases,308,cases,reported,
1.0,jhu_csse_confirmed_global_csv,e6234a59eec4359d2577358b5220e1a7e3da74c162913cdb7d882db1413f98c2,,2020-01-22/2023-03-09,derived,derived_from_2022-03-04_and_2022-03-03,jhu_first_difference_v1,2022-03-04,daily_new_confirmed_cases,321,cases,reported,
1.0,jhu_csse_confirmed_global_csv,e6234a59eec4359d2577358b5220e1a7e3da74c162913cdb7d882db1413f98c2,,2020-01-22/2023-03-09,derived,derived_from_2022-03-05_and_2022-03-04,jhu_first_difference_v1,2022-03-05,daily_new_confirmed_cases,0,cases,reported,
1.0,jhu_csse_confirmed_global_csv,e6234a59eec4359d2577358b5220e1a7e3da74c162913cdb7d882db1413f98c2,,2020-01-22/2023-03-09,derived,derived_from_2022-03-06_and_2022-03-05,jhu_first_difference_v1,2022-03-06,daily_new_confirmed_cases,0,cases,reported,
1.0,jhu_csse_confirmed_global_csv,e6234a59eec4359d2577358b5220e1a7e3da74c162913cdb7d882db1413f98c2,,2020-01-22/2023-03-09,derived,derived_from_2022-03-07_and_2022-03-06,jhu_first_difference_v1,2022-03-07,daily_new_confirmed_cases,316,cases,reported,
1.0,jhu_csse_confirmed_global_csv,e6234a59eec4359d2577358b5220e1a7e3da74c162913cdb7d882db1413f98c2,,2020-01-22/2023-03-09,derived,derived_from_2022-03-08_and_2022-03-07,jhu_first_difference_v1,2022-03-08,daily_new_confirmed_cases,694,cases,reported,
1.0,jhu_csse_confirmed_global_csv,e6234a59eec4359d2577358b5220e1a7e3da74c162913cdb7d882db1413f98c2,,2020-01-22/2023-03-09,derived,derived_from_2022-03-09_and_2022-03-08,jhu_first_difference_v1,2022-03-09,daily_new_confirmed_cases,312,cases,reported,
1.0,jhu_csse_confirmed_global_csv,e6234a59eec4359d2577358b5220e1a7e3da74c162913cdb7d882db1413f98c2,,2020-01-22/2023-03-09,derived,derived_from_2022-03-10_and_2022-03-09,jhu_first_difference_v1,2022-03-10,daily_new_confirmed_cases,309,cases,reported,
1.0,jhu_csse_confirmed_global_csv,e6234a59eec4359d2577358b5220e1a7e3da74c162913cdb7d882db1413f98c2,,2020-01-22/2023-03-09,derived,derived_from_2022-03-11_and_2022-03-10,jhu_first_difference_v1,2022-03-11,daily_new_confirmed_cases,349,cases,reported,
1.0,jhu_csse_confirmed_global_csv,e6234a59eec4359d2577358b5220e1a7e3da74c162913cdb7d882db1413f98c2,,2020-01-22/2023-03-09,derived,derived_from_2022-03-12_and_2022-03-11,jhu_first_difference_v1,2022-03-12,daily_new_confirmed_cases,0,cases,reported,
1.0,jhu_csse_confirmed_global_csv,e6234a59eec4359d2577358b5220e1a7e3da74c162913cdb7d882db1413f98c2,,2020-01-22/2023-03-09,derived,derived_from_2022-03-13_and_2022-03-12,jhu_first_difference_v1,2022-03-13,daily_new_confirmed_cases,0,cases,reported,
1.0,jhu_csse_confirmed_global_csv,e6234a59eec4359d2577358b5220e1a7e3da74c162913cdb7d882db1413f98c2,,2020-01-22/2023-03-09,derived,derived_from_2022-03-14_and_2022-03-13,jhu_first_difference_v1,2022-03-14,daily_new_confirmed_cases,347,cases,reported,
1.0,jhu_csse_confirmed_global_csv,e6234a59eec4359d2577358b5220e1a7e3da74c162913cdb7d882db1413f98c2,,2020-01-22/2023-03-09,derived,derived_from_2022-03-15_and_2022-03-14,jhu_first_difference_v1,2022-03-15,daily_new_confirmed_cases,828,cases,reported,
1.0,jhu_csse_confirmed_global_csv,e6234a59eec4359d2577358b5220e1a7e3da74c162913cdb7d882db1413f98c2,,2020-01-22/2023-03-09,derived,derived_from_2022-03-16_and_2022-03-15,jhu_first_difference_v1,2022-03-16,daily_new_confirmed_cases,383,cases,reported,
1.0,jhu_csse_confirmed_global_csv,e6234a59eec4359d2577358b5220e1a7e3da74c162913cdb7d882db1413f98c2,,2020-01-22/2023-03-09,derived,derived_from_2022-03-17_and_2022-03-16,jhu_first_difference_v1,2022-03-17,daily_new_confirmed_cases,343,cases,reported,
1.0,jhu_csse_confirmed_global_csv,e6234a59eec4359d2577358b5220e1a7e3da74c162913cdb7d882db1413f98c2,,2020-01-22/2023-03-09,derived,derived_from_2022-03-18_and_2022-03-17,jhu_first_difference_v1,2022-03-18,daily_new_confirmed_cases,314,cases,reported,
1.0,jhu_csse_confirmed_global_csv,e6234a59eec4359d2577358b5220e1a7e3da74c162913cdb7d882db1413f98c2,,2020-01-22/2023-03-09,derived,derived_from_2022-03-19_and_2022-03-18,jhu_first_difference_v1,2022-03-19,daily_new_confirmed_cases,0,cases,reported,
1.0,jhu_csse_confirmed_global_csv,e6234a59eec4359d2577358b5220e1a7e3da74c162913cdb7d882db1413f98c2,,2020-01-22/2023-03-09,derived,derived_from_2022-03-20_and_2022-03-19,jhu_first_difference_v1,2022-03-20,daily_new_confirmed_cases,0,cases,reported,
1.0,jhu_csse_confirmed_global_csv,e6234a59eec4359d2577358b5220e1a7e3da74c162913cdb7d882db1413f98c2,,2020-01-22/2023-03-09,derived,derived_from_2022-03-21_and_2022-03-20,jhu_first_difference_v1,2022-03-21,daily_new_confirmed_cases,320,cases,reported,
1.0,jhu_csse_confirmed_global_csv,e6234a59eec4359d2577358b5220e1a7e3da74c162913cdb7d882db1413f98c2,,2020-01-22/2023-03-09,derived,derived_from_2022-03-22_and_2022-03-21,jhu_first_difference_v1,2022-03-22,daily_new_confirmed_cases,801,cases,reported,
1.0,jhu_csse_confirmed_global_csv,e6234a59eec4359d2577358b5220e1a7e3da74c162913cdb7d882db1413f98c2,,2020-01-22/2023-03-09,derived,derived_from_2022-03-23_and_2022-03-22,jhu_first_difference_v1,2022-03-23,daily_new_confirmed_cases,403,cases,reported,
1.0,jhu_csse_confirmed_global_csv,e6234a59eec4359d2577358b5220e1a7e3da74c162913cdb7d882db1413f98c2,,2020-01-22/2023-03-09,derived,derived_from_2022-03-24_and_2022-03-23,jhu_first_difference_v1,2022-03-24,daily_new_confirmed_cases,293,cases,reported,
1.0,jhu_csse_confirmed_global_csv,e6234a59eec4359d2577358b5220e1a7e3da74c162913cdb7d882db1413f98c2,,2020-01-22/2023-03-09,derived,derived_from_2022-03-25_and_2022-03-24,jhu_first_difference_v1,2022-03-25,daily_new_confirmed_cases,367,cases,reported,
1.0,jhu_csse_confirmed_global_csv,e6234a59eec4359d2577358b5220e1a7e3da74c162913cdb7d882db1413f98c2,,2020-01-22/2023-03-09,derived,derived_from_2022-03-26_and_2022-03-25,jhu_first_difference_v1,2022-03-26,daily_new_confirmed_cases,0,cases,reported,
1.0,jhu_csse_confirmed_global_csv,e6234a59eec4359d2577358b5220e1a7e3da74c162913cdb7d882db1413f98c2,,2020-01-22/2023-03-09,derived,derived_from_2022-03-27_and_2022-03-26,jhu_first_difference_v1,2022-03-27,daily_new_confirmed_cases,0,cases,reported,
1.0,jhu_csse_confirmed_global_csv,e6234a59eec4359d2577358b5220e1a7e3da74c162913cdb7d882db1413f98c2,,2020-01-22/2023-03-09,derived,derived_from_2022-03-28_and_2022-03-27,jhu_first_difference_v1,2022-03-28,daily_new_confirmed_cases,287,cases,reported,
1.0,jhu_csse_confirmed_global_csv,e6234a59eec4359d2577358b5220e1a7e3da74c162913cdb7d882db1413f98c2,,2020-01-22/2023-03-09,derived,derived_from_2022-03-29_and_2022-03-28,jhu_first_difference_v1,2022-03-29,daily_new_confirmed_cases,624,cases,reported,
1.0,jhu_csse_confirmed_global_csv,e6234a59eec4359d2577358b5220e1a7e3da74c162913cdb7d882db1413f98c2,,2020-01-22/2023-03-09,derived,derived_from_2022-03-30_and_2022-03-29,jhu_first_difference_v1,2022-03-30,daily_new_confirmed_cases,338,cases,reported,
1.0,jhu_csse_confirmed_global_csv,e6234a59eec4359d2577358b5220e1a7e3da74c162913cdb7d882db1413f98c2,,2020-01-22/2023-03-09,derived,derived_from_2022-03-31_and_2022-03-30,jhu_first_difference_v1,2022-03-31,daily_new_confirmed_cases,248,cases,reported,
1.0,jhu_csse_confirmed_global_csv,e6234a59eec4359d2577358b5220e1a7e3da74c162913cdb7d882db1413f98c2,,2020-01-22/2023-03-09,derived,derived_from_2022-04-01_and_2022-03-31,jhu_first_difference_v1,2022-04-01,daily_new_confirmed_cases,240,cases,reported,
1.0,jhu_csse_confirmed_global_csv,e6234a59eec4359d2577358b5220e1a7e3da74c162913cdb7d882db1413f98c2,,2020-01-22/2023-03-09,derived,derived_from_2022-04-02_and_2022-04-01,jhu_first_difference_v1,2022-04-02,daily_new_confirmed_cases,0,cases,reported,
1.0,jhu_csse_confirmed_global_csv,e6234a59eec4359d2577358b5220e1a7e3da74c162913cdb7d882db1413f98c2,,2020-01-22/2023-03-09,derived,derived_from_2022-04-03_and_2022-04-02,jhu_first_difference_v1,2022-04-03,daily_new_confirmed_cases,0,cases,reported,
1.0,jhu_csse_confirmed_global_csv,e6234a59eec4359d2577358b5220e1a7e3da74c162913cdb7d882db1413f98c2,,2020-01-22/2023-03-09,derived,derived_from_2022-04-04_and_2022-04-03,jhu_first_difference_v1,2022-04-04,daily_new_confirmed_cases,183,cases,reported,
1.0,jhu_csse_confirmed_global_csv,e6234a59eec4359d2577358b5220e1a7e3da74c162913cdb7d882db1413f98c2,,2020-01-22/2023-03-09,derived,derived_from_2022-04-05_and_2022-04-04,jhu_first_difference_v1,2022-04-05,daily_new_confirmed_cases,377,cases,reported,
1.0,jhu_csse_confirmed_global_csv,e6234a59eec4359d2577358b5220e1a7e3da74c162913cdb7d882db1413f98c2,,2020-01-22/2023-03-09,derived,derived_from_2022-04-06_and_2022-04-05,jhu_first_difference_v1,2022-04-06,daily_new_confirmed_cases,211,cases,reported,
1.0,jhu_csse_confirmed_global_csv,e6234a59eec4359d2577358b5220e1a7e3da74c162913cdb7d882db1413f98c2,,2020-01-22/2023-03-09,derived,derived_from_2022-04-07_and_2022-04-06,jhu_first_difference_v1,2022-04-07,daily_new_confirmed_cases,194,cases,reported,
1.0,jhu_csse_confirmed_global_csv,e6234a59eec4359d2577358b5220e1a7e3da74c162913cdb7d882db1413f98c2,,2020-01-22/2023-03-09,derived,derived_from_2022-04-08_and_2022-04-07,jhu_first_difference_v1,2022-04-08,daily_new_confirmed_cases,185,cases,reported,
1.0,jhu_csse_confirmed_global_csv,e6234a59eec4359d2577358b5220e1a7e3da74c162913cdb7d882db1413f98c2,,2020-01-22/2023-03-09,derived,derived_from_2022-04-09_and_2022-04-08,jhu_first_difference_v1,2022-04-09,daily_new_confirmed_cases,0,cases,reported,
1.0,jhu_csse_confirmed_global_csv,e6234a59eec4359d2577358b5220e1a7e3da74c162913cdb7d882db1413f98c2,,2020-01-22/2023-03-09,derived,derived_from_2022-04-10_and_2022-04-09,jhu_first_difference_v1,2022-04-10,daily_new_confirmed_cases,0,cases,reported,
1.0,jhu_csse_confirmed_global_csv,e6234a59eec4359d2577358b5220e1a7e3da74c162913cdb7d882db1413f98c2,,2020-01-22/2023-03-09,derived,derived_from_2022-04-11_and_2022-04-10,jhu_first_difference_v1,2022-04-11,daily_new_confirmed_cases,135,cases,reported,
1.0,jhu_csse_confirmed_global_csv,e6234a59eec4359d2577358b5220e1a7e3da74c162913cdb7d882db1413f98c2,,2020-01-22/2023-03-09,derived,derived_from_2022-04-12_and_2022-04-11,jhu_first_difference_v1,2022-04-12,daily_new_confirmed_cases,281,cases,reported,
1.0,jhu_csse_confirmed_global_csv,e6234a59eec4359d2577358b5220e1a7e3da74c162913cdb7d882db1413f98c2,,2020-01-22/2023-03-09,derived,derived_from_2022-04-13_and_2022-04-12,jhu_first_difference_v1,2022-04-13,daily_new_confirmed_cases,143,cases,reported,
1.0,jhu_csse_confirmed_global_csv,e6234a59eec4359d2577358b5220e1a7e3da74c162913cdb7d882db1413f98c2,,2020-01-22/2023-03-09,derived,derived_from_2022-04-14_and_2022-04-13,jhu_first_difference_v1,2022-04-14,daily_new_confirmed_cases,224,cases,reported,
1.0,jhu_csse_confirmed_global_csv,e6234a59eec4359d2577358b5220e1a7e3da74c162913cdb7d882db1413f98c2,,2020-01-22/2023-03-09,derived,derived_from_2022-04-15_and_2022-04-14,jhu_first_difference_v1,2022-04-15,daily_new_confirmed_cases,0,cases,reported,
1.0,jhu_csse_confirmed_global_csv,e6234a59eec4359d2577358b5220e1a7e3da74c162913cdb7d882db1413f98c2,,2020-01-22/2023-03-09,derived,derived_from_2022-04-16_and_2022-04-15,jhu_first_difference_v1,2022-04-16,daily_new_confirmed_cases,0,cases,reported,
1.0,jhu_csse_confirmed_global_csv,e6234a59eec4359d2577358b5220e1a7e3da74c162913cdb7d882db1413f98c2,,2020-01-22/2023-03-09,derived,derived_from_2022-04-17_and_2022-04-16,jhu_first_difference_v1,2022-04-17,daily_new_confirmed_cases,0,cases,reported,
1.0,jhu_csse_confirmed_global_csv,e6234a59eec4359d2577358b5220e1a7e3da74c162913cdb7d882db1413f98c2,,2020-01-22/2023-03-09,derived,derived_from_2022-04-18_and_2022-04-17,jhu_first_difference_v1,2022-04-18,daily_new_confirmed_cases,0,cases,reported,
1.0,jhu_csse_confirmed_global_csv,e6234a59eec4359d2577358b5220e1a7e3da74c162913cdb7d882db1413f98c2,,2020-01-22/2023-03-09,derived,derived_from_2022-04-19_and_2022-04-18,jhu_first_difference_v1,2022-04-19,daily_new_confirmed_cases,115,cases,reported,
1.0,jhu_csse_confirmed_global_csv,e6234a59eec4359d2577358b5220e1a7e3da74c162913cdb7d882db1413f98c2,,2020-01-22/2023-03-09,derived,derived_from_2022-04-20_and_2022-04-19,jhu_first_difference_v1,2022-04-20,daily_new_confirmed_cases,459,cases,reported,
1.0,jhu_csse_confirmed_global_csv,e6234a59eec4359d2577358b5220e1a7e3da74c162913cdb7d882db1413f98c2,,2020-01-22/2023-03-09,derived,derived_from_2022-04-21_and_2022-04-20,jhu_first_difference_v1,2022-04-21,daily_new_confirmed_cases,125,cases,reported,
1.0,jhu_csse_confirmed_global_csv,e6234a59eec4359d2577358b5220e1a7e3da74c162913cdb7d882db1413f98c2,,2020-01-22/2023-03-09,derived,derived_from_2022-04-22_and_2022-04-21,jhu_first_difference_v1,2022-04-22,daily_new_confirmed_cases,94,cases,reported,
1.0,jhu_csse_confirmed_global_csv,e6234a59eec4359d2577358b5220e1a7e3da74c162913cdb7d882db1413f98c2,,2020-01-22/2023-03-09,derived,derived_from_2022-04-23_and_2022-04-22,jhu_first_difference_v1,2022-04-23,daily_new_confirmed_cases,0,cases,reported,
1.0,jhu_csse_confirmed_global_csv,e6234a59eec4359d2577358b5220e1a7e3da74c162913cdb7d882db1413f98c2,,2020-01-22/2023-03-09,derived,derived_from_2022-04-24_and_2022-04-23,jhu_first_difference_v1,2022-04-24,daily_new_confirmed_cases,0,cases,reported,
1.0,jhu_csse_confirmed_global_csv,e6234a59eec4359d2577358b5220e1a7e3da74c162913cdb7d882db1413f98c2,,2020-01-22/2023-03-09,derived,derived_from_2022-04-25_and_2022-04-24,jhu_first_difference_v1,2022-04-25,daily_new_confirmed_cases,86,cases,reported,
1.0,jhu_csse_confirmed_global_csv,e6234a59eec4359d2577358b5220e1a7e3da74c162913cdb7d882db1413f98c2,,2020-01-22/2023-03-09,derived,derived_from_2022-04-26_and_2022-04-25,jhu_first_difference_v1,2022-04-26,daily_new_confirmed_cases,167,cases,reported,
1.0,jhu_csse_confirmed_global_csv,e6234a59eec4359d2577358b5220e1a7e3da74c162913cdb7d882db1413f98c2,,2020-01-22/2023-03-09,derived,derived_from_2022-04-27_and_2022-04-26,jhu_first_difference_v1,2022-04-27,daily_new_confirmed_cases,81,cases,reported,
1.0,jhu_csse_confirmed_global_csv,e6234a59eec4359d2577358b5220e1a7e3da74c162913cdb7d882db1413f98c2,,2020-01-22/2023-03-09,derived,derived_from_2022-04-28_and_2022-04-27,jhu_first_difference_v1,2022-04-28,daily_new_confirmed_cases,61,cases,reported,
1.0,jhu_csse_confirmed_global_csv,e6234a59eec4359d2577358b5220e1a7e3da74c162913cdb7d882db1413f98c2,,2020-01-22/2023-03-09,derived,derived_from_2022-04-29_and_2022-04-28,jhu_first_difference_v1,2022-04-29,daily_new_confirmed_cases,61,cases,reported,
1.0,jhu_csse_confirmed_global_csv,e6234a59eec4359d2577358b5220e1a7e3da74c162913cdb7d882db1413f98c2,,2020-01-22/2023-03-09,derived,derived_from_2022-04-30_and_2022-04-29,jhu_first_difference_v1,2022-04-30,daily_new_confirmed_cases,0,cases,reported,
1.0,jhu_csse_confirmed_global_csv,e6234a59eec4359d2577358b5220e1a7e3da74c162913cdb7d882db1413f98c2,,2020-01-22/2023-03-09,derived,derived_from_2022-05-01_and_2022-04-30,jhu_first_difference_v1,2022-05-01,daily_new_confirmed_cases,0,cases,reported,
1.0,jhu_csse_confirmed_global_csv,e6234a59eec4359d2577358b5220e1a7e3da74c162913cdb7d882db1413f98c2,,2020-01-22/2023-03-09,derived,derived_from_2022-05-02_and_2022-05-01,jhu_first_difference_v1,2022-05-02,daily_new_confirmed_cases,32,cases,reported,
1.0,jhu_csse_confirmed_global_csv,e6234a59eec4359d2577358b5220e1a7e3da74c162913cdb7d882db1413f98c2,,2020-01-22/2023-03-09,derived,derived_from_2022-05-03_and_2022-05-02,jhu_first_difference_v1,2022-05-03,daily_new_confirmed_cases,0,cases,reported,
1.0,jhu_csse_confirmed_global_csv,e6234a59eec4359d2577358b5220e1a7e3da74c162913cdb7d882db1413f98c2,,2020-01-22/2023-03-09,derived,derived_from_2022-05-04_and_2022-05-03,jhu_first_difference_v1,2022-05-04,daily_new_confirmed_cases,0,cases,reported,
1.0,jhu_csse_confirmed_global_csv,e6234a59eec4359d2577358b5220e1a7e3da74c162913cdb7d882db1413f98c2,,2020-01-22/2023-03-09,derived,derived_from_2022-05-05_and_2022-05-04,jhu_first_difference_v1,2022-05-05,daily_new_confirmed_cases,0,cases,reported,
1.0,jhu_csse_confirmed_global_csv,e6234a59eec4359d2577358b5220e1a7e3da74c162913cdb7d882db1413f98c2,,2020-01-22/2023-03-09,derived,derived_from_2022-05-06_and_2022-05-05,jhu_first_difference_v1,2022-05-06,daily_new_confirmed_cases,223,cases,reported,
1.0,jhu_csse_confirmed_global_csv,e6234a59eec4359d2577358b5220e1a7e3da74c162913cdb7d882db1413f98c2,,2020-01-22/2023-03-09,derived,derived_from_2022-05-07_and_2022-05-06,jhu_first_difference_v1,2022-05-07,daily_new_confirmed_cases,0,cases,reported,
1.0,jhu_csse_confirmed_global_csv,e6234a59eec4359d2577358b5220e1a7e3da74c162913cdb7d882db1413f98c2,,2020-01-22/2023-03-09,derived,derived_from_2022-05-08_and_2022-05-07,jhu_first_difference_v1,2022-05-08,daily_new_confirmed_cases,0,cases,reported,
1.0,jhu_csse_confirmed_global_csv,e6234a59eec4359d2577358b5220e1a7e3da74c162913cdb7d882db1413f98c2,,2020-01-22/2023-03-09,derived,derived_from_2022-05-09_and_2022-05-08,jhu_first_difference_v1,2022-05-09,daily_new_confirmed_cases,0,cases,reported,
1.0,jhu_csse_confirmed_global_csv,e6234a59eec4359d2577358b5220e1a7e3da74c162913cdb7d882db1413f98c2,,2020-01-22/2023-03-09,derived,derived_from_2022-05-10_and_2022-05-09,jhu_first_difference_v1,2022-05-10,daily_new_confirmed_cases,0,cases,reported,
1.0,jhu_csse_confirmed_global_csv,e6234a59eec4359d2577358b5220e1a7e3da74c162913cdb7d882db1413f98c2,,2020-01-22/2023-03-09,derived,derived_from_2022-05-11_and_2022-05-10,jhu_first_difference_v1,2022-05-11,daily_new_confirmed_cases,0,cases,reported,
1.0,jhu_csse_confirmed_global_csv,e6234a59eec4359d2577358b5220e1a7e3da74c162913cdb7d882db1413f98c2,,2020-01-22/2023-03-09,derived,derived_from_2022-05-12_and_2022-05-11,jhu_first_difference_v1,2022-05-12,daily_new_confirmed_cases,0,cases,reported,
1.0,jhu_csse_confirmed_global_csv,e6234a59eec4359d2577358b5220e1a7e3da74c162913cdb7d882db1413f98c2,,2020-01-22/2023-03-09,derived,derived_from_2022-05-13_and_2022-05-12,jhu_first_difference_v1,2022-05-13,daily_new_confirmed_cases,0,cases,reported,
1.0,jhu_csse_confirmed_global_csv,e6234a59eec4359d2577358b5220e1a7e3da74c162913cdb7d882db1413f98c2,,2020-01-22/2023-03-09,derived,derived_from_2022-05-14_and_2022-05-13,jhu_first_difference_v1,2022-05-14,daily_new_confirmed_cases,0,cases,reported,
1.0,jhu_csse_confirmed_global_csv,e6234a59eec4359d2577358b5220e1a7e3da74c162913cdb7d882db1413f98c2,,2020-01-22/2023-03-09,derived,derived_from_2022-05-15_and_2022-05-14,jhu_first_difference_v1,2022-05-15,daily_new_confirmed_cases,0,cases,reported,
1.0,jhu_csse_confirmed_global_csv,e6234a59eec4359d2577358b5220e1a7e3da74c162913cdb7d882db1413f98c2,,2020-01-22/2023-03-09,derived,derived_from_2022-05-16_and_2022-05-15,jhu_first_difference_v1,2022-05-16,daily_new_confirmed_cases,200,cases,reported,
1.0,jhu_csse_confirmed_global_csv,e6234a59eec4359d2577358b5220e1a7e3da74c162913cdb7d882db1413f98c2,,2020-01-22/2023-03-09,derived,derived_from_2022-05-17_and_2022-05-16,jhu_first_difference_v1,2022-05-17,daily_new_confirmed_cases,0,cases,reported,
1.0,jhu_csse_confirmed_global_csv,e6234a59eec4359d2577358b5220e1a7e3da74c162913cdb7d882db1413f98c2,,2020-01-22/2023-03-09,derived,derived_from_2022-05-18_and_2022-05-17,jhu_first_difference_v1,2022-05-18,daily_new_confirmed_cases,0,cases,reported,
1.0,jhu_csse_confirmed_global_csv,e6234a59eec4359d2577358b5220e1a7e3da74c162913cdb7d882db1413f98c2,,2020-01-22/2023-03-09,derived,derived_from_2022-05-19_and_2022-05-18,jhu_first_difference_v1,2022-05-19,daily_new_confirmed_cases,0,cases,reported,
1.0,jhu_csse_confirmed_global_csv,e6234a59eec4359d2577358b5220e1a7e3da74c162913cdb7d882db1413f98c2,,2020-01-22/2023-03-09,derived,derived_from_2022-05-20_and_2022-05-19,jhu_first_difference_v1,2022-05-20,daily_new_confirmed_cases,206,cases,reported,
1.0,jhu_csse_confirmed_global_csv,e6234a59eec4359d2577358b5220e1a7e3da74c162913cdb7d882db1413f98c2,,2020-01-22/2023-03-09,derived,derived_from_2022-05-21_and_2022-05-20,jhu_first_difference_v1,2022-05-21,daily_new_confirmed_cases,0,cases,reported,
1.0,jhu_csse_confirmed_global_csv,e6234a59eec4359d2577358b5220e1a7e3da74c162913cdb7d882db1413f98c2,,2020-01-22/2023-03-09,derived,derived_from_2022-05-22_and_2022-05-21,jhu_first_difference_v1,2022-05-22,daily_new_confirmed_cases,0,cases,reported,
1.0,jhu_csse_confirmed_global_csv,e6234a59eec4359d2577358b5220e1a7e3da74c162913cdb7d882db1413f98c2,,2020-01-22/2023-03-09,derived,derived_from_2022-05-23_and_2022-05-22,jhu_first_difference_v1,2022-05-23,daily_new_confirmed_cases,0,cases,reported,
1.0,jhu_csse_confirmed_global_csv,e6234a59eec4359d2577358b5220e1a7e3da74c162913cdb7d882db1413f98c2,,2020-01-22/2023-03-09,derived,derived_from_2022-05-24_and_2022-05-23,jhu_first_difference_v1,2022-05-24,daily_new_confirmed_cases,0,cases,reported,
1.0,jhu_csse_confirmed_global_csv,e6234a59eec4359d2577358b5220e1a7e3da74c162913cdb7d882db1413f98c2,,2020-01-22/2023-03-09,derived,derived_from_2022-05-25_and_2022-05-24,jhu_first_difference_v1,2022-05-25,daily_new_confirmed_cases,0,cases,reported,
1.0,jhu_csse_confirmed_global_csv,e6234a59eec4359d2577358b5220e1a7e3da74c162913cdb7d882db1413f98c2,,2020-01-22/2023-03-09,derived,derived_from_2022-05-26_and_2022-05-25,jhu_first_difference_v1,2022-05-26,daily_new_confirmed_cases,0,cases,reported,
1.0,jhu_csse_confirmed_global_csv,e6234a59eec4359d2577358b5220e1a7e3da74c162913cdb7d882db1413f98c2,,2020-01-22/2023-03-09,derived,derived_from_2022-05-27_and_2022-05-26,jhu_first_difference_v1,2022-05-27,daily_new_confirmed_cases,172,cases,reported,
1.0,jhu_csse_confirmed_global_csv,e6234a59eec4359d2577358b5220e1a7e3da74c162913cdb7d882db1413f98c2,,2020-01-22/2023-03-09,derived,derived_from_2022-05-28_and_2022-05-27,jhu_first_difference_v1,2022-05-28,daily_new_confirmed_cases,0,cases,reported,
1.0,jhu_csse_confirmed_global_csv,e6234a59eec4359d2577358b5220e1a7e3da74c162913cdb7d882db1413f98c2,,2020-01-22/2023-03-09,derived,derived_from_2022-05-29_and_2022-05-28,jhu_first_difference_v1,2022-05-29,daily_new_confirmed_cases,0,cases,reported,
1.0,jhu_csse_confirmed_global_csv,e6234a59eec4359d2577358b5220e1a7e3da74c162913cdb7d882db1413f98c2,,2020-01-22/2023-03-09,derived,derived_from_2022-05-30_and_2022-05-29,jhu_first_difference_v1,2022-05-30,daily_new_confirmed_cases,0,cases,reported,
1.0,jhu_csse_confirmed_global_csv,e6234a59eec4359d2577358b5220e1a7e3da74c162913cdb7d882db1413f98c2,,2020-01-22/2023-03-09,derived,derived_from_2022-05-31_and_2022-05-30,jhu_first_difference_v1,2022-05-31,daily_new_confirmed_cases,0,cases,reported,
1.0,jhu_csse_confirmed_global_csv,e6234a59eec4359d2577358b5220e1a7e3da74c162913cdb7d882db1413f98c2,,2020-01-22/2023-03-09,derived,derived_from_2022-06-01_and_2022-05-31,jhu_first_difference_v1,2022-06-01,daily_new_confirmed_cases,0,cases,reported,
1.0,jhu_csse_confirmed_global_csv,e6234a59eec4359d2577358b5220e1a7e3da74c162913cdb7d882db1413f98c2,,2020-01-22/2023-03-09,derived,derived_from_2022-06-02_and_2022-06-01,jhu_first_difference_v1,2022-06-02,daily_new_confirmed_cases,129,cases,reported,
1.0,jhu_csse_confirmed_global_csv,e6234a59eec4359d2577358b5220e1a7e3da74c162913cdb7d882db1413f98c2,,2020-01-22/2023-03-09,derived,derived_from_2022-06-03_and_2022-06-02,jhu_first_difference_v1,2022-06-03,daily_new_confirmed_cases,0,cases,reported,
1.0,jhu_csse_confirmed_global_csv,e6234a59eec4359d2577358b5220e1a7e3da74c162913cdb7d882db1413f98c2,,2020-01-22/2023-03-09,derived,derived_from_2022-06-04_and_2022-06-03,jhu_first_difference_v1,2022-06-04,daily_new_confirmed_cases,0,cases,reported,
1.0,jhu_csse_confirmed_global_csv,e6234a59eec4359d2577358b5220e1a7e3da74c162913cdb7d882db1413f98c2,,2020-01-22/2023-03-09,derived,derived_from_2022-06-05_and_2022-06-04,jhu_first_difference_v1,2022-06-05,daily_new_confirmed_cases,0,cases,reported,
1.0,jhu_csse_confirmed_global_csv,e6234a59eec4359d2577358b5220e1a7e3da74c162913cdb7d882db1413f98c2,,2020-01-22/2023-03-09,derived,derived_from_2022-06-06_and_2022-06-05,jhu_first_difference_v1,2022-06-06,daily_new_confirmed_cases,0,cases,reported,
1.0,jhu_csse_confirmed_global_csv,e6234a59eec4359d2577358b5220e1a7e3da74c162913cdb7d882db1413f98c2,,2020-01-22/2023-03-09,derived,derived_from_2022-06-07_and_2022-06-06,jhu_first_difference_v1,2022-06-07,daily_new_confirmed_cases,0,cases,reported,
1.0,jhu_csse_confirmed_global_csv,e6234a59eec4359d2577358b5220e1a7e3da74c162913cdb7d882db1413f98c2,,2020-01-22/2023-03-09,derived,derived_from_2022-06-08_and_2022-06-07,jhu_first_difference_v1,2022-06-08,daily_new_confirmed_cases,0,cases,reported,
1.0,jhu_csse_confirmed_global_csv,e6234a59eec4359d2577358b5220e1a7e3da74c162913cdb7d882db1413f98c2,,2020-01-22/2023-03-09,derived,derived_from_2022-06-09_and_2022-06-08,jhu_first_difference_v1,2022-06-09,daily_new_confirmed_cases,0,cases,reported,
1.0,jhu_csse_confirmed_global_csv,e6234a59eec4359d2577358b5220e1a7e3da74c162913cdb7d882db1413f98c2,,2020-01-22/2023-03-09,derived,derived_from_2022-06-10_and_2022-06-09,jhu_first_difference_v1,2022-06-10,daily_new_confirmed_cases,392,cases,reported,
1.0,jhu_csse_confirmed_global_csv,e6234a59eec4359d2577358b5220e1a7e3da74c162913cdb7d882db1413f98c2,,2020-01-22/2023-03-09,derived,derived_from_2022-06-11_and_2022-06-10,jhu_first_difference_v1,2022-06-11,daily_new_confirmed_cases,0,cases,reported,
1.0,jhu_csse_confirmed_global_csv,e6234a59eec4359d2577358b5220e1a7e3da74c162913cdb7d882db1413f98c2,,2020-01-22/2023-03-09,derived,derived_from_2022-06-12_and_2022-06-11,jhu_first_difference_v1,2022-06-12,daily_new_confirmed_cases,0,cases,reported,
1.0,jhu_csse_confirmed_global_csv,e6234a59eec4359d2577358b5220e1a7e3da74c162913cdb7d882db1413f98c2,,2020-01-22/2023-03-09,derived,derived_from_2022-06-13_and_2022-06-12,jhu_first_difference_v1,2022-06-13,daily_new_confirmed_cases,0,cases,reported,
1.0,jhu_csse_confirmed_global_csv,e6234a59eec4359d2577358b5220e1a7e3da74c162913cdb7d882db1413f98c2,,2020-01-22/2023-03-09,derived,derived_from_2022-06-14_and_2022-06-13,jhu_first_difference_v1,2022-06-14,daily_new_confirmed_cases,0,cases,reported,
1.0,jhu_csse_confirmed_global_csv,e6234a59eec4359d2577358b5220e1a7e3da74c162913cdb7d882db1413f98c2,,2020-01-22/2023-03-09,derived,derived_from_2022-06-15_and_2022-06-14,jhu_first_difference_v1,2022-06-15,daily_new_confirmed_cases,0,cases,reported,
1.0,jhu_csse_confirmed_global_csv,e6234a59eec4359d2577358b5220e1a7e3da74c162913cdb7d882db1413f98c2,,2020-01-22/2023-03-09,derived,derived_from_2022-06-16_and_2022-06-15,jhu_first_difference_v1,2022-06-16,daily_new_confirmed_cases,0,cases,reported,
1.0,jhu_csse_confirmed_global_csv,e6234a59eec4359d2577358b5220e1a7e3da74c162913cdb7d882db1413f98c2,,2020-01-22/2023-03-09,derived,derived_from_2022-06-17_and_2022-06-16,jhu_first_difference_v1,2022-06-17,daily_new_confirmed_cases,0,cases,reported,
1.0,jhu_csse_confirmed_global_csv,e6234a59eec4359d2577358b5220e1a7e3da74c162913cdb7d882db1413f98c2,,2020-01-22/2023-03-09,derived,derived_from_2022-06-18_and_2022-06-17,jhu_first_difference_v1,2022-06-18,daily_new_confirmed_cases,0,cases,reported,
1.0,jhu_csse_confirmed_global_csv,e6234a59eec4359d2577358b5220e1a7e3da74c162913cdb7d882db1413f98c2,,2020-01-22/2023-03-09,derived,derived_from_2022-06-19_and_2022-06-18,jhu_first_difference_v1,2022-06-19,daily_new_confirmed_cases,0,cases,reported,
1.0,jhu_csse_confirmed_global_csv,e6234a59eec4359d2577358b5220e1a7e3da74c162913cdb7d882db1413f98c2,,2020-01-22/2023-03-09,derived,derived_from_2022-06-20_and_2022-06-19,jhu_first_difference_v1,2022-06-20,daily_new_confirmed_cases,660,cases,reported,
1.0,jhu_csse_confirmed_global_csv,e6234a59eec4359d2577358b5220e1a7e3da74c162913cdb7d882db1413f98c2,,2020-01-22/2023-03-09,derived,derived_from_2022-06-21_and_2022-06-20,jhu_first_difference_v1,2022-06-21,daily_new_confirmed_cases,0,cases,reported,
1.0,jhu_csse_confirmed_global_csv,e6234a59eec4359d2577358b5220e1a7e3da74c162913cdb7d882db1413f98c2,,2020-01-22/2023-03-09,derived,derived_from_2022-06-22_and_2022-06-21,jhu_first_difference_v1,2022-06-22,daily_new_confirmed_cases,0,cases,reported,
1.0,jhu_csse_confirmed_global_csv,e6234a59eec4359d2577358b5220e1a7e3da74c162913cdb7d882db1413f98c2,,2020-01-22/2023-03-09,derived,derived_from_2022-06-23_and_2022-06-22,jhu_first_difference_v1,2022-06-23,daily_new_confirmed_cases,0,cases,reported,
1.0,jhu_csse_confirmed_global_csv,e6234a59eec4359d2577358b5220e1a7e3da74c162913cdb7d882db1413f98c2,,2020-01-22/2023-03-09,derived,derived_from_2022-06-24_and_2022-06-23,jhu_first_difference_v1,2022-06-24,daily_new_confirmed_cases,0,cases,reported,
1.0,jhu_csse_confirmed_global_csv,e6234a59eec4359d2577358b5220e1a7e3da74c162913cdb7d882db1413f98c2,,2020-01-22/2023-03-09,derived,derived_from_2022-06-25_and_2022-06-24,jhu_first_difference_v1,2022-06-25,daily_new_confirmed_cases,0,cases,reported,
1.0,jhu_csse_confirmed_global_csv,e6234a59eec4359d2577358b5220e1a7e3da74c162913cdb7d882db1413f98c2,,2020-01-22/2023-03-09,derived,derived_from_2022-06-26_and_2022-06-25,jhu_first_difference_v1,2022-06-26,daily_new_confirmed_cases,0,cases,reported,
1.0,jhu_csse_confirmed_global_csv,e6234a59eec4359d2577358b5220e1a7e3da74c162913cdb7d882db1413f98c2,,2020-01-22/2023-03-09,derived,derived_from_2022-06-27_and_2022-06-26,jhu_first_difference_v1,2022-06-27,daily_new_confirmed_cases,0,cases,reported,
1.0,jhu_csse_confirmed_global_csv,e6234a59eec4359d2577358b5220e1a7e3da74c162913cdb7d882db1413f98c2,,2020-01-22/2023-03-09,derived,derived_from_2022-06-28_and_2022-06-27,jhu_first_difference_v1,2022-06-28,daily_new_confirmed_cases,0,cases,reported,
1.0,jhu_csse_confirmed_global_csv,e6234a59eec4359d2577358b5220e1a7e3da74c162913cdb7d882db1413f98c2,,2020-01-22/2023-03-09,derived,derived_from_2022-06-29_and_2022-06-28,jhu_first_difference_v1,2022-06-29,daily_new_confirmed_cases,784,cases,reported,
1.0,jhu_csse_confirmed_global_csv,e6234a59eec4359d2577358b5220e1a7e3da74c162913cdb7d882db1413f98c2,,2020-01-22/2023-03-09,derived,derived_from_2022-06-30_and_2022-06-29,jhu_first_difference_v1,2022-06-30,daily_new_confirmed_cases,0,cases,reported,
1.0,jhu_csse_confirmed_global_csv,e6234a59eec4359d2577358b5220e1a7e3da74c162913cdb7d882db1413f98c2,,2020-01-22/2023-03-09,derived,derived_from_2022-07-01_and_2022-06-30,jhu_first_difference_v1,2022-07-01,daily_new_confirmed_cases,1313,cases,reported,
1.0,jhu_csse_confirmed_global_csv,e6234a59eec4359d2577358b5220e1a7e3da74c162913cdb7d882db1413f98c2,,2020-01-22/2023-03-09,derived,derived_from_2022-07-02_and_2022-07-01,jhu_first_difference_v1,2022-07-02,daily_new_confirmed_cases,0,cases,reported,
1.0,jhu_csse_confirmed_global_csv,e6234a59eec4359d2577358b5220e1a7e3da74c162913cdb7d882db1413f98c2,,2020-01-22/2023-03-09,derived,derived_from_2022-07-03_and_2022-07-02,jhu_first_difference_v1,2022-07-03,daily_new_confirmed_cases,0,cases,reported,
1.0,jhu_csse_confirmed_global_csv,e6234a59eec4359d2577358b5220e1a7e3da74c162913cdb7d882db1413f98c2,,2020-01-22/2023-03-09,derived,derived_from_2022-07-04_and_2022-07-03,jhu_first_difference_v1,2022-07-04,daily_new_confirmed_cases,0,cases,reported,
1.0,jhu_csse_confirmed_global_csv,e6234a59eec4359d2577358b5220e1a7e3da74c162913cdb7d882db1413f98c2,,2020-01-22/2023-03-09,derived,derived_from_2022-07-05_and_2022-07-04,jhu_first_difference_v1,2022-07-05,daily_new_confirmed_cases,0,cases,reported,
1.0,jhu_csse_confirmed_global_csv,e6234a59eec4359d2577358b5220e1a7e3da74c162913cdb7d882db1413f98c2,,2020-01-22/2023-03-09,derived,derived_from_2022-07-06_and_2022-07-05,jhu_first_difference_v1,2022-07-06,daily_new_confirmed_cases,0,cases,reported,
1.0,jhu_csse_confirmed_global_csv,e6234a59eec4359d2577358b5220e1a7e3da74c162913cdb7d882db1413f98c2,,2020-01-22/2023-03-09,derived,derived_from_2022-07-07_and_2022-07-06,jhu_first_difference_v1,2022-07-07,daily_new_confirmed_cases,0,cases,reported,
1.0,jhu_csse_confirmed_global_csv,e6234a59eec4359d2577358b5220e1a7e3da74c162913cdb7d882db1413f98c2,,2020-01-22/2023-03-09,derived,derived_from_2022-07-08_and_2022-07-07,jhu_first_difference_v1,2022-07-08,daily_new_confirmed_cases,1584,cases,reported,
1.0,jhu_csse_confirmed_global_csv,e6234a59eec4359d2577358b5220e1a7e3da74c162913cdb7d882db1413f98c2,,2020-01-22/2023-03-09,derived,derived_from_2022-07-09_and_2022-07-08,jhu_first_difference_v1,2022-07-09,daily_new_confirmed_cases,0,cases,reported,
1.0,jhu_csse_confirmed_global_csv,e6234a59eec4359d2577358b5220e1a7e3da74c162913cdb7d882db1413f98c2,,2020-01-22/2023-03-09,derived,derived_from_2022-07-10_and_2022-07-09,jhu_first_difference_v1,2022-07-10,daily_new_confirmed_cases,0,cases,reported,
1.0,jhu_csse_confirmed_global_csv,e6234a59eec4359d2577358b5220e1a7e3da74c162913cdb7d882db1413f98c2,,2020-01-22/2023-03-09,derived,derived_from_2022-07-11_and_2022-07-10,jhu_first_difference_v1,2022-07-11,daily_new_confirmed_cases,0,cases,reported,
1.0,jhu_csse_confirmed_global_csv,e6234a59eec4359d2577358b5220e1a7e3da74c162913cdb7d882db1413f98c2,,2020-01-22/2023-03-09,derived,derived_from_2022-07-12_and_2022-07-11,jhu_first_difference_v1,2022-07-12,daily_new_confirmed_cases,0,cases,reported,
1.0,jhu_csse_confirmed_global_csv,e6234a59eec4359d2577358b5220e1a7e3da74c162913cdb7d882db1413f98c2,,2020-01-22/2023-03-09,derived,derived_from_2022-07-13_and_2022-07-12,jhu_first_difference_v1,2022-07-13,daily_new_confirmed_cases,0,cases,reported,
1.0,jhu_csse_confirmed_global_csv,e6234a59eec4359d2577358b5220e1a7e3da74c162913cdb7d882db1413f98c2,,2020-01-22/2023-03-09,derived,derived_from_2022-07-14_and_2022-07-13,jhu_first_difference_v1,2022-07-14,daily_new_confirmed_cases,0,cases,reported,
1.0,jhu_csse_confirmed_global_csv,e6234a59eec4359d2577358b5220e1a7e3da74c162913cdb7d882db1413f98c2,,2020-01-22/2023-03-09,derived,derived_from_2022-07-15_and_2022-07-14,jhu_first_difference_v1,2022-07-15,daily_new_confirmed_cases,1330,cases,reported,
1.0,jhu_csse_confirmed_global_csv,e6234a59eec4359d2577358b5220e1a7e3da74c162913cdb7d882db1413f98c2,,2020-01-22/2023-03-09,derived,derived_from_2022-07-16_and_2022-07-15,jhu_first_difference_v1,2022-07-16,daily_new_confirmed_cases,0,cases,reported,
1.0,jhu_csse_confirmed_global_csv,e6234a59eec4359d2577358b5220e1a7e3da74c162913cdb7d882db1413f98c2,,2020-01-22/2023-03-09,derived,derived_from_2022-07-17_and_2022-07-16,jhu_first_difference_v1,2022-07-17,daily_new_confirmed_cases,0,cases,reported,
1.0,jhu_csse_confirmed_global_csv,e6234a59eec4359d2577358b5220e1a7e3da74c162913cdb7d882db1413f98c2,,2020-01-22/2023-03-09,derived,derived_from_2022-07-18_and_2022-07-17,jhu_first_difference_v1,2022-07-18,daily_new_confirmed_cases,0,cases,reported,
1.0,jhu_csse_confirmed_global_csv,e6234a59eec4359d2577358b5220e1a7e3da74c162913cdb7d882db1413f98c2,,2020-01-22/2023-03-09,derived,derived_from_2022-07-19_and_2022-07-18,jhu_first_difference_v1,2022-07-19,daily_new_confirmed_cases,0,cases,reported,
1.0,jhu_csse_confirmed_global_csv,e6234a59eec4359d2577358b5220e1a7e3da74c162913cdb7d882db1413f98c2,,2020-01-22/2023-03-09,derived,derived_from_2022-07-20_and_2022-07-19,jhu_first_difference_v1,2022-07-20,daily_new_confirmed_cases,0,cases,reported,
1.0,jhu_csse_confirmed_global_csv,e6234a59eec4359d2577358b5220e1a7e3da74c162913cdb7d882db1413f98c2,,2020-01-22/2023-03-09,derived,derived_from_2022-07-21_and_2022-07-20,jhu_first_difference_v1,2022-07-21,daily_new_confirmed_cases,0,cases,reported,
1.0,jhu_csse_confirmed_global_csv,e6234a59eec4359d2577358b5220e1a7e3da74c162913cdb7d882db1413f98c2,,2020-01-22/2023-03-09,derived,derived_from_2022-07-22_and_2022-07-21,jhu_first_difference_v1,2022-07-22,daily_new_confirmed_cases,738,cases,reported,
1.0,jhu_csse_confirmed_global_csv,e6234a59eec4359d2577358b5220e1a7e3da74c162913cdb7d882db1413f98c2,,2020-01-22/2023-03-09,derived,derived_from_2022-07-23_and_2022-07-22,jhu_first_difference_v1,2022-07-23,daily_new_confirmed_cases,0,cases,reported,
1.0,jhu_csse_confirmed_global_csv,e6234a59eec4359d2577358b5220e1a7e3da74c162913cdb7d882db1413f98c2,,2020-01-22/2023-03-09,derived,derived_from_2022-07-24_and_2022-07-23,jhu_first_difference_v1,2022-07-24,daily_new_confirmed_cases,0,cases,reported,
1.0,jhu_csse_confirmed_global_csv,e6234a59eec4359d2577358b5220e1a7e3da74c162913cdb7d882db1413f98c2,,2020-01-22/2023-03-09,derived,derived_from_2022-07-25_and_2022-07-24,jhu_first_difference_v1,2022-07-25,daily_new_confirmed_cases,0,cases,reported,
1.0,jhu_csse_confirmed_global_csv,e6234a59eec4359d2577358b5220e1a7e3da74c162913cdb7d882db1413f98c2,,2020-01-22/2023-03-09,derived,derived_from_2022-07-26_and_2022-07-25,jhu_first_difference_v1,2022-07-26,daily_new_confirmed_cases,0,cases,reported,
1.0,jhu_csse_confirmed_global_csv,e6234a59eec4359d2577358b5220e1a7e3da74c162913cdb7d882db1413f98c2,,2020-01-22/2023-03-09,derived,derived_from_2022-07-27_and_2022-07-26,jhu_first_difference_v1,2022-07-27,daily_new_confirmed_cases,0,cases,reported,
1.0,jhu_csse_confirmed_global_csv,e6234a59eec4359d2577358b5220e1a7e3da74c162913cdb7d882db1413f98c2,,2020-01-22/2023-03-09,derived,derived_from_2022-07-28_and_2022-07-27,jhu_first_difference_v1,2022-07-28,daily_new_confirmed_cases,0,cases,reported,
1.0,jhu_csse_confirmed_global_csv,e6234a59eec4359d2577358b5220e1a7e3da74c162913cdb7d882db1413f98c2,,2020-01-22/2023-03-09,derived,derived_from_2022-07-29_and_2022-07-28,jhu_first_difference_v1,2022-07-29,daily_new_confirmed_cases,462,cases,reported,
1.0,jhu_csse_confirmed_global_csv,e6234a59eec4359d2577358b5220e1a7e3da74c162913cdb7d882db1413f98c2,,2020-01-22/2023-03-09,derived,derived_from_2022-07-30_and_2022-07-29,jhu_first_difference_v1,2022-07-30,daily_new_confirmed_cases,0,cases,reported,
1.0,jhu_csse_confirmed_global_csv,e6234a59eec4359d2577358b5220e1a7e3da74c162913cdb7d882db1413f98c2,,2020-01-22/2023-03-09,derived,derived_from_2022-07-31_and_2022-07-30,jhu_first_difference_v1,2022-07-31,daily_new_confirmed_cases,0,cases,reported,
1.0,jhu_csse_confirmed_global_csv,e6234a59eec4359d2577358b5220e1a7e3da74c162913cdb7d882db1413f98c2,,2020-01-22/2023-03-09,derived,derived_from_2022-08-01_and_2022-07-31,jhu_first_difference_v1,2022-08-01,daily_new_confirmed_cases,0,cases,reported,
1.0,jhu_csse_confirmed_global_csv,e6234a59eec4359d2577358b5220e1a7e3da74c162913cdb7d882db1413f98c2,,2020-01-22/2023-03-09,derived,derived_from_2022-08-02_and_2022-08-01,jhu_first_difference_v1,2022-08-02,daily_new_confirmed_cases,0,cases,reported,
1.0,jhu_csse_confirmed_global_csv,e6234a59eec4359d2577358b5220e1a7e3da74c162913cdb7d882db1413f98c2,,2020-01-22/2023-03-09,derived,derived_from_2022-08-03_and_2022-08-02,jhu_first_difference_v1,2022-08-03,daily_new_confirmed_cases,0,cases,reported,
1.0,jhu_csse_confirmed_global_csv,e6234a59eec4359d2577358b5220e1a7e3da74c162913cdb7d882db1413f98c2,,2020-01-22/2023-03-09,derived,derived_from_2022-08-04_and_2022-08-03,jhu_first_difference_v1,2022-08-04,daily_new_confirmed_cases,0,cases,reported,
1.0,jhu_csse_confirmed_global_csv,e6234a59eec4359d2577358b5220e1a7e3da74c162913cdb7d882db1413f98c2,,2020-01-22/2023-03-09,derived,derived_from_2022-08-05_and_2022-08-04,jhu_first_difference_v1,2022-08-05,daily_new_confirmed_cases,328,cases,reported,
1.0,jhu_csse_confirmed_global_csv,e6234a59eec4359d2577358b5220e1a7e3da74c162913cdb7d882db1413f98c2,,2020-01-22/2023-03-09,derived,derived_from_2022-08-06_and_2022-08-05,jhu_first_difference_v1,2022-08-06,daily_new_confirmed_cases,0,cases,reported,
1.0,jhu_csse_confirmed_global_csv,e6234a59eec4359d2577358b5220e1a7e3da74c162913cdb7d882db1413f98c2,,2020-01-22/2023-03-09,derived,derived_from_2022-08-07_and_2022-08-06,jhu_first_difference_v1,2022-08-07,daily_new_confirmed_cases,0,cases,reported,
1.0,jhu_csse_confirmed_global_csv,e6234a59eec4359d2577358b5220e1a7e3da74c162913cdb7d882db1413f98c2,,2020-01-22/2023-03-09,derived,derived_from_2022-08-08_and_2022-08-07,jhu_first_difference_v1,2022-08-08,daily_new_confirmed_cases,0,cases,reported,
1.0,jhu_csse_confirmed_global_csv,e6234a59eec4359d2577358b5220e1a7e3da74c162913cdb7d882db1413f98c2,,2020-01-22/2023-03-09,derived,derived_from_2022-08-09_and_2022-08-08,jhu_first_difference_v1,2022-08-09,daily_new_confirmed_cases,0,cases,reported,
1.0,jhu_csse_confirmed_global_csv,e6234a59eec4359d2577358b5220e1a7e3da74c162913cdb7d882db1413f98c2,,2020-01-22/2023-03-09,derived,derived_from_2022-08-10_and_2022-08-09,jhu_first_difference_v1,2022-08-10,daily_new_confirmed_cases,0,cases,reported,
1.0,jhu_csse_confirmed_global_csv,e6234a59eec4359d2577358b5220e1a7e3da74c162913cdb7d882db1413f98c2,,2020-01-22/2023-03-09,derived,derived_from_2022-08-11_and_2022-08-10,jhu_first_difference_v1,2022-08-11,daily_new_confirmed_cases,0,cases,reported,
1.0,jhu_csse_confirmed_global_csv,e6234a59eec4359d2577358b5220e1a7e3da74c162913cdb7d882db1413f98c2,,2020-01-22/2023-03-09,derived,derived_from_2022-08-12_and_2022-08-11,jhu_first_difference_v1,2022-08-12,daily_new_confirmed_cases,205,cases,reported,
1.0,jhu_csse_confirmed_global_csv,e6234a59eec4359d2577358b5220e1a7e3da74c162913cdb7d882db1413f98c2,,2020-01-22/2023-03-09,derived,derived_from_2022-08-13_and_2022-08-12,jhu_first_difference_v1,2022-08-13,daily_new_confirmed_cases,0,cases,reported,
1.0,jhu_csse_confirmed_global_csv,e6234a59eec4359d2577358b5220e1a7e3da74c162913cdb7d882db1413f98c2,,2020-01-22/2023-03-09,derived,derived_from_2022-08-14_and_2022-08-13,jhu_first_difference_v1,2022-08-14,daily_new_confirmed_cases,0,cases,reported,
1.0,jhu_csse_confirmed_global_csv,e6234a59eec4359d2577358b5220e1a7e3da74c162913cdb7d882db1413f98c2,,2020-01-22/2023-03-09,derived,derived_from_2022-08-15_and_2022-08-14,jhu_first_difference_v1,2022-08-15,daily_new_confirmed_cases,0,cases,reported,
1.0,jhu_csse_confirmed_global_csv,e6234a59eec4359d2577358b5220e1a7e3da74c162913cdb7d882db1413f98c2,,2020-01-22/2023-03-09,derived,derived_from_2022-08-16_and_2022-08-15,jhu_first_difference_v1,2022-08-16,daily_new_confirmed_cases,0,cases,reported,
1.0,jhu_csse_confirmed_global_csv,e6234a59eec4359d2577358b5220e1a7e3da74c162913cdb7d882db1413f98c2,,2020-01-22/2023-03-09,derived,derived_from_2022-08-17_and_2022-08-16,jhu_first_difference_v1,2022-08-17,daily_new_confirmed_cases,0,cases,reported,
1.0,jhu_csse_confirmed_global_csv,e6234a59eec4359d2577358b5220e1a7e3da74c162913cdb7d882db1413f98c2,,2020-01-22/2023-03-09,derived,derived_from_2022-08-18_and_2022-08-17,jhu_first_difference_v1,2022-08-18,daily_new_confirmed_cases,0,cases,reported,
1.0,jhu_csse_confirmed_global_csv,e6234a59eec4359d2577358b5220e1a7e3da74c162913cdb7d882db1413f98c2,,2020-01-22/2023-03-09,derived,derived_from_2022-08-19_and_2022-08-18,jhu_first_difference_v1,2022-08-19,daily_new_confirmed_cases,0,cases,reported,
1.0,jhu_csse_confirmed_global_csv,e6234a59eec4359d2577358b5220e1a7e3da74c162913cdb7d882db1413f98c2,,2020-01-22/2023-03-09,derived,derived_from_2022-08-20_and_2022-08-19,jhu_first_difference_v1,2022-08-20,daily_new_confirmed_cases,0,cases,reported,
1.0,jhu_csse_confirmed_global_csv,e6234a59eec4359d2577358b5220e1a7e3da74c162913cdb7d882db1413f98c2,,2020-01-22/2023-03-09,derived,derived_from_2022-08-21_and_2022-08-20,jhu_first_difference_v1,2022-08-21,daily_new_confirmed_cases,0,cases,reported,
1.0,jhu_csse_confirmed_global_csv,e6234a59eec4359d2577358b5220e1a7e3da74c162913cdb7d882db1413f98c2,,2020-01-22/2023-03-09,derived,derived_from_2022-08-22_and_2022-08-21,jhu_first_difference_v1,2022-08-22,daily_new_confirmed_cases,197,cases,reported,
1.0,jhu_csse_confirmed_global_csv,e6234a59eec4359d2577358b5220e1a7e3da74c162913cdb7d882db1413f98c2,,2020-01-22/2023-03-09,derived,derived_from_2022-08-23_and_2022-08-22,jhu_first_difference_v1,2022-08-23,daily_new_confirmed_cases,0,cases,reported,
1.0,jhu_csse_confirmed_global_csv,e6234a59eec4359d2577358b5220e1a7e3da74c162913cdb7d882db1413f98c2,,2020-01-22/2023-03-09,derived,derived_from_2022-08-24_and_2022-08-23,jhu_first_difference_v1,2022-08-24,daily_new_confirmed_cases,0,cases,reported,
1.0,jhu_csse_confirmed_global_csv,e6234a59eec4359d2577358b5220e1a7e3da74c162913cdb7d882db1413f98c2,,2020-01-22/2023-03-09,derived,derived_from_2022-08-25_and_2022-08-24,jhu_first_difference_v1,2022-08-25,daily_new_confirmed_cases,0,cases,reported,
1.0,jhu_csse_confirmed_global_csv,e6234a59eec4359d2577358b5220e1a7e3da74c162913cdb7d882db1413f98c2,,2020-01-22/2023-03-09,derived,derived_from_2022-08-26_and_2022-08-25,jhu_first_difference_v1,2022-08-26,daily_new_confirmed_cases,157,cases,reported,
1.0,jhu_csse_confirmed_global_csv,e6234a59eec4359d2577358b5220e1a7e3da74c162913cdb7d882db1413f98c2,,2020-01-22/2023-03-09,derived,derived_from_2022-08-27_and_2022-08-26,jhu_first_difference_v1,2022-08-27,daily_new_confirmed_cases,0,cases,reported,
1.0,jhu_csse_confirmed_global_csv,e6234a59eec4359d2577358b5220e1a7e3da74c162913cdb7d882db1413f98c2,,2020-01-22/2023-03-09,derived,derived_from_2022-08-28_and_2022-08-27,jhu_first_difference_v1,2022-08-28,daily_new_confirmed_cases,0,cases,reported,
1.0,jhu_csse_confirmed_global_csv,e6234a59eec4359d2577358b5220e1a7e3da74c162913cdb7d882db1413f98c2,,2020-01-22/2023-03-09,derived,derived_from_2022-08-29_and_2022-08-28,jhu_first_difference_v1,2022-08-29,daily_new_confirmed_cases,0,cases,reported,
1.0,jhu_csse_confirmed_global_csv,e6234a59eec4359d2577358b5220e1a7e3da74c162913cdb7d882db1413f98c2,,2020-01-22/2023-03-09,derived,derived_from_2022-08-30_and_2022-08-29,jhu_first_difference_v1,2022-08-30,daily_new_confirmed_cases,0,cases,reported,
1.0,jhu_csse_confirmed_global_csv,e6234a59eec4359d2577358b5220e1a7e3da74c162913cdb7d882db1413f98c2,,2020-01-22/2023-03-09,derived,derived_from_2022-08-31_and_2022-08-30,jhu_first_difference_v1,2022-08-31,daily_new_confirmed_cases,0,cases,reported,
1.0,jhu_csse_confirmed_global_csv,e6234a59eec4359d2577358b5220e1a7e3da74c162913cdb7d882db1413f98c2,,2020-01-22/2023-03-09,derived,derived_from_2022-09-01_and_2022-08-31,jhu_first_difference_v1,2022-09-01,daily_new_confirmed_cases,0,cases,reported,
1.0,jhu_csse_confirmed_global_csv,e6234a59eec4359d2577358b5220e1a7e3da74c162913cdb7d882db1413f98c2,,2020-01-22/2023-03-09,derived,derived_from_2022-09-02_and_2022-09-01,jhu_first_difference_v1,2022-09-02,daily_new_confirmed_cases,0,cases,reported,
1.0,jhu_csse_confirmed_global_csv,e6234a59eec4359d2577358b5220e1a7e3da74c162913cdb7d882db1413f98c2,,2020-01-22/2023-03-09,derived,derived_from_2022-09-03_and_2022-09-02,jhu_first_difference_v1,2022-09-03,daily_new_confirmed_cases,0,cases,reported,
1.0,jhu_csse_confirmed_global_csv,e6234a59eec4359d2577358b5220e1a7e3da74c162913cdb7d882db1413f98c2,,2020-01-22/2023-03-09,derived,derived_from_2022-09-04_and_2022-09-03,jhu_first_difference_v1,2022-09-04,daily_new_confirmed_cases,0,cases,reported,
1.0,jhu_csse_confirmed_global_csv,e6234a59eec4359d2577358b5220e1a7e3da74c162913cdb7d882db1413f98c2,,2020-01-22/2023-03-09,derived,derived_from_2022-09-05_and_2022-09-04,jhu_first_difference_v1,2022-09-05,daily_new_confirmed_cases,0,cases,reported,
1.0,jhu_csse_confirmed_global_csv,e6234a59eec4359d2577358b5220e1a7e3da74c162913cdb7d882db1413f98c2,,2020-01-22/2023-03-09,derived,derived_from_2022-09-06_and_2022-09-05,jhu_first_difference_v1,2022-09-06,daily_new_confirmed_cases,0,cases,reported,
1.0,jhu_csse_confirmed_global_csv,e6234a59eec4359d2577358b5220e1a7e3da74c162913cdb7d882db1413f98c2,,2020-01-22/2023-03-09,derived,derived_from_2022-09-07_and_2022-09-06,jhu_first_difference_v1,2022-09-07,daily_new_confirmed_cases,273,cases,reported,
1.0,jhu_csse_confirmed_global_csv,e6234a59eec4359d2577358b5220e1a7e3da74c162913cdb7d882db1413f98c2,,2020-01-22/2023-03-09,derived,derived_from_2022-09-08_and_2022-09-07,jhu_first_difference_v1,2022-09-08,daily_new_confirmed_cases,0,cases,reported,
1.0,jhu_csse_confirmed_global_csv,e6234a59eec4359d2577358b5220e1a7e3da74c162913cdb7d882db1413f98c2,,2020-01-22/2023-03-09,derived,derived_from_2022-09-09_and_2022-09-08,jhu_first_difference_v1,2022-09-09,daily_new_confirmed_cases,0,cases,reported,
1.0,jhu_csse_confirmed_global_csv,e6234a59eec4359d2577358b5220e1a7e3da74c162913cdb7d882db1413f98c2,,2020-01-22/2023-03-09,derived,derived_from_2022-09-10_and_2022-09-09,jhu_first_difference_v1,2022-09-10,daily_new_confirmed_cases,0,cases,reported,
1.0,jhu_csse_confirmed_global_csv,e6234a59eec4359d2577358b5220e1a7e3da74c162913cdb7d882db1413f98c2,,2020-01-22/2023-03-09,derived,derived_from_2022-09-11_and_2022-09-10,jhu_first_difference_v1,2022-09-11,daily_new_confirmed_cases,0,cases,reported,
1.0,jhu_csse_confirmed_global_csv,e6234a59eec4359d2577358b5220e1a7e3da74c162913cdb7d882db1413f98c2,,2020-01-22/2023-03-09,derived,derived_from_2022-09-12_and_2022-09-11,jhu_first_difference_v1,2022-09-12,daily_new_confirmed_cases,107,cases,reported,
1.0,jhu_csse_confirmed_global_csv,e6234a59eec4359d2577358b5220e1a7e3da74c162913cdb7d882db1413f98c2,,2020-01-22/2023-03-09,derived,derived_from_2022-09-13_and_2022-09-12,jhu_first_difference_v1,2022-09-13,daily_new_confirmed_cases,0,cases,reported,
1.0,jhu_csse_confirmed_global_csv,e6234a59eec4359d2577358b5220e1a7e3da74c162913cdb7d882db1413f98c2,,2020-01-22/2023-03-09,derived,derived_from_2022-09-14_and_2022-09-13,jhu_first_difference_v1,2022-09-14,daily_new_confirmed_cases,0,cases,reported,
1.0,jhu_csse_confirmed_global_csv,e6234a59eec4359d2577358b5220e1a7e3da74c162913cdb7d882db1413f98c2,,2020-01-22/2023-03-09,derived,derived_from_2022-09-15_and_2022-09-14,jhu_first_difference_v1,2022-09-15,daily_new_confirmed_cases,0,cases,reported,
1.0,jhu_csse_confirmed_global_csv,e6234a59eec4359d2577358b5220e1a7e3da74c162913cdb7d882db1413f98c2,,2020-01-22/2023-03-09,derived,derived_from_2022-09-16_and_2022-09-15,jhu_first_difference_v1,2022-09-16,daily_new_confirmed_cases,285,cases,reported,
1.0,jhu_csse_confirmed_global_csv,e6234a59eec4359d2577358b5220e1a7e3da74c162913cdb7d882db1413f98c2,,2020-01-22/2023-03-09,derived,derived_from_2022-09-17_and_2022-09-16,jhu_first_difference_v1,2022-09-17,daily_new_confirmed_cases,0,cases,reported,
1.0,jhu_csse_confirmed_global_csv,e6234a59eec4359d2577358b5220e1a7e3da74c162913cdb7d882db1413f98c2,,2020-01-22/2023-03-09,derived,derived_from_2022-09-18_and_2022-09-17,jhu_first_difference_v1,2022-09-18,daily_new_confirmed_cases,0,cases,reported,
1.0,jhu_csse_confirmed_global_csv,e6234a59eec4359d2577358b5220e1a7e3da74c162913cdb7d882db1413f98c2,,2020-01-22/2023-03-09,derived,derived_from_2022-09-19_and_2022-09-18,jhu_first_difference_v1,2022-09-19,daily_new_confirmed_cases,0,cases,reported,
1.0,jhu_csse_confirmed_global_csv,e6234a59eec4359d2577358b5220e1a7e3da74c162913cdb7d882db1413f98c2,,2020-01-22/2023-03-09,derived,derived_from_2022-09-20_and_2022-09-19,jhu_first_difference_v1,2022-09-20,daily_new_confirmed_cases,0,cases,reported,
1.0,jhu_csse_confirmed_global_csv,e6234a59eec4359d2577358b5220e1a7e3da74c162913cdb7d882db1413f98c2,,2020-01-22/2023-03-09,derived,derived_from_2022-09-21_and_2022-09-20,jhu_first_difference_v1,2022-09-21,daily_new_confirmed_cases,0,cases,reported,
1.0,jhu_csse_confirmed_global_csv,e6234a59eec4359d2577358b5220e1a7e3da74c162913cdb7d882db1413f98c2,,2020-01-22/2023-03-09,derived,derived_from_2022-09-22_and_2022-09-21,jhu_first_difference_v1,2022-09-22,daily_new_confirmed_cases,0,cases,reported,
1.0,jhu_csse_confirmed_global_csv,e6234a59eec4359d2577358b5220e1a7e3da74c162913cdb7d882db1413f98c2,,2020-01-22/2023-03-09,derived,derived_from_2022-09-23_and_2022-09-22,jhu_first_difference_v1,2022-09-23,daily_new_confirmed_cases,319,cases,reported,
1.0,jhu_csse_confirmed_global_csv,e6234a59eec4359d2577358b5220e1a7e3da74c162913cdb7d882db1413f98c2,,2020-01-22/2023-03-09,derived,derived_from_2022-09-24_and_2022-09-23,jhu_first_difference_v1,2022-09-24,daily_new_confirmed_cases,0,cases,reported,
1.0,jhu_csse_confirmed_global_csv,e6234a59eec4359d2577358b5220e1a7e3da74c162913cdb7d882db1413f98c2,,2020-01-22/2023-03-09,derived,derived_from_2022-09-25_and_2022-09-24,jhu_first_difference_v1,2022-09-25,daily_new_confirmed_cases,0,cases,reported,
1.0,jhu_csse_confirmed_global_csv,e6234a59eec4359d2577358b5220e1a7e3da74c162913cdb7d882db1413f98c2,,2020-01-22/2023-03-09,derived,derived_from_2022-09-26_and_2022-09-25,jhu_first_difference_v1,2022-09-26,daily_new_confirmed_cases,0,cases,reported,
1.0,jhu_csse_confirmed_global_csv,e6234a59eec4359d2577358b5220e1a7e3da74c162913cdb7d882db1413f98c2,,2020-01-22/2023-03-09,derived,derived_from_2022-09-27_and_2022-09-26,jhu_first_difference_v1,2022-09-27,daily_new_confirmed_cases,0,cases,reported,
1.0,jhu_csse_confirmed_global_csv,e6234a59eec4359d2577358b5220e1a7e3da74c162913cdb7d882db1413f98c2,,2020-01-22/2023-03-09,derived,derived_from_2022-09-28_and_2022-09-27,jhu_first_difference_v1,2022-09-28,daily_new_confirmed_cases,0,cases,reported,
1.0,jhu_csse_confirmed_global_csv,e6234a59eec4359d2577358b5220e1a7e3da74c162913cdb7d882db1413f98c2,,2020-01-22/2023-03-09,derived,derived_from_2022-09-29_and_2022-09-28,jhu_first_difference_v1,2022-09-29,daily_new_confirmed_cases,0,cases,reported,
1.0,jhu_csse_confirmed_global_csv,e6234a59eec4359d2577358b5220e1a7e3da74c162913cdb7d882db1413f98c2,,2020-01-22/2023-03-09,derived,derived_from_2022-09-30_and_2022-09-29,jhu_first_difference_v1,2022-09-30,daily_new_confirmed_cases,0,cases,reported,
1.0,jhu_csse_confirmed_global_csv,e6234a59eec4359d2577358b5220e1a7e3da74c162913cdb7d882db1413f98c2,,2020-01-22/2023-03-09,derived,derived_from_2022-10-01_and_2022-09-30,jhu_first_difference_v1,2022-10-01,daily_new_confirmed_cases,0,cases,reported,
1.0,jhu_csse_confirmed_global_csv,e6234a59eec4359d2577358b5220e1a7e3da74c162913cdb7d882db1413f98c2,,2020-01-22/2023-03-09,derived,derived_from_2022-10-02_and_2022-10-01,jhu_first_difference_v1,2022-10-02,daily_new_confirmed_cases,0,cases,reported,
1.0,jhu_csse_confirmed_global_csv,e6234a59eec4359d2577358b5220e1a7e3da74c162913cdb7d882db1413f98c2,,2020-01-22/2023-03-09,derived,derived_from_2022-10-03_and_2022-10-02,jhu_first_difference_v1,2022-10-03,daily_new_confirmed_cases,0,cases,reported,
1.0,jhu_csse_confirmed_global_csv,e6234a59eec4359d2577358b5220e1a7e3da74c162913cdb7d882db1413f98c2,,2020-01-22/2023-03-09,derived,derived_from_2022-10-04_and_2022-10-03,jhu_first_difference_v1,2022-10-04,daily_new_confirmed_cases,0,cases,reported,
1.0,jhu_csse_confirmed_global_csv,e6234a59eec4359d2577358b5220e1a7e3da74c162913cdb7d882db1413f98c2,,2020-01-22/2023-03-09,derived,derived_from_2022-10-05_and_2022-10-04,jhu_first_difference_v1,2022-10-05,daily_new_confirmed_cases,378,cases,reported,
1.0,jhu_csse_confirmed_global_csv,e6234a59eec4359d2577358b5220e1a7e3da74c162913cdb7d882db1413f98c2,,2020-01-22/2023-03-09,derived,derived_from_2022-10-06_and_2022-10-05,jhu_first_difference_v1,2022-10-06,daily_new_confirmed_cases,0,cases,reported,
1.0,jhu_csse_confirmed_global_csv,e6234a59eec4359d2577358b5220e1a7e3da74c162913cdb7d882db1413f98c2,,2020-01-22/2023-03-09,derived,derived_from_2022-10-07_and_2022-10-06,jhu_first_difference_v1,2022-10-07,daily_new_confirmed_cases,394,cases,reported,
1.0,jhu_csse_confirmed_global_csv,e6234a59eec4359d2577358b5220e1a7e3da74c162913cdb7d882db1413f98c2,,2020-01-22/2023-03-09,derived,derived_from_2022-10-08_and_2022-10-07,jhu_first_difference_v1,2022-10-08,daily_new_confirmed_cases,0,cases,reported,
1.0,jhu_csse_confirmed_global_csv,e6234a59eec4359d2577358b5220e1a7e3da74c162913cdb7d882db1413f98c2,,2020-01-22/2023-03-09,derived,derived_from_2022-10-09_and_2022-10-08,jhu_first_difference_v1,2022-10-09,daily_new_confirmed_cases,0,cases,reported,
1.0,jhu_csse_confirmed_global_csv,e6234a59eec4359d2577358b5220e1a7e3da74c162913cdb7d882db1413f98c2,,2020-01-22/2023-03-09,derived,derived_from_2022-10-10_and_2022-10-09,jhu_first_difference_v1,2022-10-10,daily_new_confirmed_cases,0,cases,reported,
1.0,jhu_csse_confirmed_global_csv,e6234a59eec4359d2577358b5220e1a7e3da74c162913cdb7d882db1413f98c2,,2020-01-22/2023-03-09,derived,derived_from_2022-10-11_and_2022-10-10,jhu_first_difference_v1,2022-10-11,daily_new_confirmed_cases,0,cases,reported,
1.0,jhu_csse_confirmed_global_csv,e6234a59eec4359d2577358b5220e1a7e3da74c162913cdb7d882db1413f98c2,,2020-01-22/2023-03-09,derived,derived_from_2022-10-12_and_2022-10-11,jhu_first_difference_v1,2022-10-12,daily_new_confirmed_cases,0,cases,reported,
1.0,jhu_csse_confirmed_global_csv,e6234a59eec4359d2577358b5220e1a7e3da74c162913cdb7d882db1413f98c2,,2020-01-22/2023-03-09,derived,derived_from_2022-10-13_and_2022-10-12,jhu_first_difference_v1,2022-10-13,daily_new_confirmed_cases,0,cases,reported,
1.0,jhu_csse_confirmed_global_csv,e6234a59eec4359d2577358b5220e1a7e3da74c162913cdb7d882db1413f98c2,,2020-01-22/2023-03-09,derived,derived_from_2022-10-14_and_2022-10-13,jhu_first_difference_v1,2022-10-14,daily_new_confirmed_cases,402,cases,reported,
1.0,jhu_csse_confirmed_global_csv,e6234a59eec4359d2577358b5220e1a7e3da74c162913cdb7d882db1413f98c2,,2020-01-22/2023-03-09,derived,derived_from_2022-10-15_and_2022-10-14,jhu_first_difference_v1,2022-10-15,daily_new_confirmed_cases,0,cases,reported,
1.0,jhu_csse_confirmed_global_csv,e6234a59eec4359d2577358b5220e1a7e3da74c162913cdb7d882db1413f98c2,,2020-01-22/2023-03-09,derived,derived_from_2022-10-16_and_2022-10-15,jhu_first_difference_v1,2022-10-16,daily_new_confirmed_cases,0,cases,reported,
1.0,jhu_csse_confirmed_global_csv,e6234a59eec4359d2577358b5220e1a7e3da74c162913cdb7d882db1413f98c2,,2020-01-22/2023-03-09,derived,derived_from_2022-10-17_and_2022-10-16,jhu_first_difference_v1,2022-10-17,daily_new_confirmed_cases,0,cases,reported,
1.0,jhu_csse_confirmed_global_csv,e6234a59eec4359d2577358b5220e1a7e3da74c162913cdb7d882db1413f98c2,,2020-01-22/2023-03-09,derived,derived_from_2022-10-18_and_2022-10-17,jhu_first_difference_v1,2022-10-18,daily_new_confirmed_cases,0,cases,reported,
1.0,jhu_csse_confirmed_global_csv,e6234a59eec4359d2577358b5220e1a7e3da74c162913cdb7d882db1413f98c2,,2020-01-22/2023-03-09,derived,derived_from_2022-10-19_and_2022-10-18,jhu_first_difference_v1,2022-10-19,daily_new_confirmed_cases,0,cases,reported,
1.0,jhu_csse_confirmed_global_csv,e6234a59eec4359d2577358b5220e1a7e3da74c162913cdb7d882db1413f98c2,,2020-01-22/2023-03-09,derived,derived_from_2022-10-20_and_2022-10-19,jhu_first_difference_v1,2022-10-20,daily_new_confirmed_cases,0,cases,reported,
1.0,jhu_csse_confirmed_global_csv,e6234a59eec4359d2577358b5220e1a7e3da74c162913cdb7d882db1413f98c2,,2020-01-22/2023-03-09,derived,derived_from_2022-10-21_and_2022-10-20,jhu_first_difference_v1,2022-10-21,daily_new_confirmed_cases,341,cases,reported,
1.0,jhu_csse_confirmed_global_csv,e6234a59eec4359d2577358b5220e1a7e3da74c162913cdb7d882db1413f98c2,,2020-01-22/2023-03-09,derived,derived_from_2022-10-22_and_2022-10-21,jhu_first_difference_v1,2022-10-22,daily_new_confirmed_cases,0,cases,reported,
1.0,jhu_csse_confirmed_global_csv,e6234a59eec4359d2577358b5220e1a7e3da74c162913cdb7d882db1413f98c2,,2020-01-22/2023-03-09,derived,derived_from_2022-10-23_and_2022-10-22,jhu_first_difference_v1,2022-10-23,daily_new_confirmed_cases,0,cases,reported,
1.0,jhu_csse_confirmed_global_csv,e6234a59eec4359d2577358b5220e1a7e3da74c162913cdb7d882db1413f98c2,,2020-01-22/2023-03-09,derived,derived_from_2022-10-24_and_2022-10-23,jhu_first_difference_v1,2022-10-24,daily_new_confirmed_cases,0,cases,reported,
1.0,jhu_csse_confirmed_global_csv,e6234a59eec4359d2577358b5220e1a7e3da74c162913cdb7d882db1413f98c2,,2020-01-22/2023-03-09,derived,derived_from_2022-10-25_and_2022-10-24,jhu_first_difference_v1,2022-10-25,daily_new_confirmed_cases,0,cases,reported,
1.0,jhu_csse_confirmed_global_csv,e6234a59eec4359d2577358b5220e1a7e3da74c162913cdb7d882db1413f98c2,,2020-01-22/2023-03-09,derived,derived_from_2022-10-26_and_2022-10-25,jhu_first_difference_v1,2022-10-26,daily_new_confirmed_cases,0,cases,reported,
1.0,jhu_csse_confirmed_global_csv,e6234a59eec4359d2577358b5220e1a7e3da74c162913cdb7d882db1413f98c2,,2020-01-22/2023-03-09,derived,derived_from_2022-10-27_and_2022-10-26,jhu_first_difference_v1,2022-10-27,daily_new_confirmed_cases,0,cases,reported,
1.0,jhu_csse_confirmed_global_csv,e6234a59eec4359d2577358b5220e1a7e3da74c162913cdb7d882db1413f98c2,,2020-01-22/2023-03-09,derived,derived_from_2022-10-28_and_2022-10-27,jhu_first_difference_v1,2022-10-28,daily_new_confirmed_cases,267,cases,reported,
1.0,jhu_csse_confirmed_global_csv,e6234a59eec4359d2577358b5220e1a7e3da74c162913cdb7d882db1413f98c2,,2020-01-22/2023-03-09,derived,derived_from_2022-10-29_and_2022-10-28,jhu_first_difference_v1,2022-10-29,daily_new_confirmed_cases,0,cases,reported,
1.0,jhu_csse_confirmed_global_csv,e6234a59eec4359d2577358b5220e1a7e3da74c162913cdb7d882db1413f98c2,,2020-01-22/2023-03-09,derived,derived_from_2022-10-30_and_2022-10-29,jhu_first_difference_v1,2022-10-30,daily_new_confirmed_cases,0,cases,reported,
1.0,jhu_csse_confirmed_global_csv,e6234a59eec4359d2577358b5220e1a7e3da74c162913cdb7d882db1413f98c2,,2020-01-22/2023-03-09,derived,derived_from_2022-10-31_and_2022-10-30,jhu_first_difference_v1,2022-10-31,daily_new_confirmed_cases,0,cases,reported,
1.0,jhu_csse_confirmed_global_csv,e6234a59eec4359d2577358b5220e1a7e3da74c162913cdb7d882db1413f98c2,,2020-01-22/2023-03-09,derived,derived_from_2022-11-01_and_2022-10-31,jhu_first_difference_v1,2022-11-01,daily_new_confirmed_cases,0,cases,reported,
1.0,jhu_csse_confirmed_global_csv,e6234a59eec4359d2577358b5220e1a7e3da74c162913cdb7d882db1413f98c2,,2020-01-22/2023-03-09,derived,derived_from_2022-11-02_and_2022-11-01,jhu_first_difference_v1,2022-11-02,daily_new_confirmed_cases,0,cases,reported,
1.0,jhu_csse_confirmed_global_csv,e6234a59eec4359d2577358b5220e1a7e3da74c162913cdb7d882db1413f98c2,,2020-01-22/2023-03-09,derived,derived_from_2022-11-03_and_2022-11-02,jhu_first_difference_v1,2022-11-03,daily_new_confirmed_cases,0,cases,reported,
1.0,jhu_csse_confirmed_global_csv,e6234a59eec4359d2577358b5220e1a7e3da74c162913cdb7d882db1413f98c2,,2020-01-22/2023-03-09,derived,derived_from_2022-11-04_and_2022-11-03,jhu_first_difference_v1,2022-11-04,daily_new_confirmed_cases,358,cases,reported,
1.0,jhu_csse_confirmed_global_csv,e6234a59eec4359d2577358b5220e1a7e3da74c162913cdb7d882db1413f98c2,,2020-01-22/2023-03-09,derived,derived_from_2022-11-05_and_2022-11-04,jhu_first_difference_v1,2022-11-05,daily_new_confirmed_cases,0,cases,reported,
1.0,jhu_csse_confirmed_global_csv,e6234a59eec4359d2577358b5220e1a7e3da74c162913cdb7d882db1413f98c2,,2020-01-22/2023-03-09,derived,derived_from_2022-11-06_and_2022-11-05,jhu_first_difference_v1,2022-11-06,daily_new_confirmed_cases,0,cases,reported,
1.0,jhu_csse_confirmed_global_csv,e6234a59eec4359d2577358b5220e1a7e3da74c162913cdb7d882db1413f98c2,,2020-01-22/2023-03-09,derived,derived_from_2022-11-07_and_2022-11-06,jhu_first_difference_v1,2022-11-07,daily_new_confirmed_cases,0,cases,reported,
1.0,jhu_csse_confirmed_global_csv,e6234a59eec4359d2577358b5220e1a7e3da74c162913cdb7d882db1413f98c2,,2020-01-22/2023-03-09,derived,derived_from_2022-11-08_and_2022-11-07,jhu_first_difference_v1,2022-11-08,daily_new_confirmed_cases,0,cases,reported,
1.0,jhu_csse_confirmed_global_csv,e6234a59eec4359d2577358b5220e1a7e3da74c162913cdb7d882db1413f98c2,,2020-01-22/2023-03-09,derived,derived_from_2022-11-09_and_2022-11-08,jhu_first_difference_v1,2022-11-09,daily_new_confirmed_cases,0,cases,reported,
1.0,jhu_csse_confirmed_global_csv,e6234a59eec4359d2577358b5220e1a7e3da74c162913cdb7d882db1413f98c2,,2020-01-22/2023-03-09,derived,derived_from_2022-11-10_and_2022-11-09,jhu_first_difference_v1,2022-11-10,daily_new_confirmed_cases,0,cases,reported,
1.0,jhu_csse_confirmed_global_csv,e6234a59eec4359d2577358b5220e1a7e3da74c162913cdb7d882db1413f98c2,,2020-01-22/2023-03-09,derived,derived_from_2022-11-11_and_2022-11-10,jhu_first_difference_v1,2022-11-11,daily_new_confirmed_cases,0,cases,reported,
1.0,jhu_csse_confirmed_global_csv,e6234a59eec4359d2577358b5220e1a7e3da74c162913cdb7d882db1413f98c2,,2020-01-22/2023-03-09,derived,derived_from_2022-11-12_and_2022-11-11,jhu_first_difference_v1,2022-11-12,daily_new_confirmed_cases,0,cases,reported,
1.0,jhu_csse_confirmed_global_csv,e6234a59eec4359d2577358b5220e1a7e3da74c162913cdb7d882db1413f98c2,,2020-01-22/2023-03-09,derived,derived_from_2022-11-13_and_2022-11-12,jhu_first_difference_v1,2022-11-13,daily_new_confirmed_cases,0,cases,reported,
1.0,jhu_csse_confirmed_global_csv,e6234a59eec4359d2577358b5220e1a7e3da74c162913cdb7d882db1413f98c2,,2020-01-22/2023-03-09,derived,derived_from_2022-11-14_and_2022-11-13,jhu_first_difference_v1,2022-11-14,daily_new_confirmed_cases,303,cases,reported,
1.0,jhu_csse_confirmed_global_csv,e6234a59eec4359d2577358b5220e1a7e3da74c162913cdb7d882db1413f98c2,,2020-01-22/2023-03-09,derived,derived_from_2022-11-15_and_2022-11-14,jhu_first_difference_v1,2022-11-15,daily_new_confirmed_cases,0,cases,reported,
1.0,jhu_csse_confirmed_global_csv,e6234a59eec4359d2577358b5220e1a7e3da74c162913cdb7d882db1413f98c2,,2020-01-22/2023-03-09,derived,derived_from_2022-11-16_and_2022-11-15,jhu_first_difference_v1,2022-11-16,daily_new_confirmed_cases,0,cases,reported,
1.0,jhu_csse_confirmed_global_csv,e6234a59eec4359d2577358b5220e1a7e3da74c162913cdb7d882db1413f98c2,,2020-01-22/2023-03-09,derived,derived_from_2022-11-17_and_2022-11-16,jhu_first_difference_v1,2022-11-17,daily_new_confirmed_cases,0,cases,reported,
1.0,jhu_csse_confirmed_global_csv,e6234a59eec4359d2577358b5220e1a7e3da74c162913cdb7d882db1413f98c2,,2020-01-22/2023-03-09,derived,derived_from_2022-11-18_and_2022-11-17,jhu_first_difference_v1,2022-11-18,daily_new_confirmed_cases,272,cases,reported,
1.0,jhu_csse_confirmed_global_csv,e6234a59eec4359d2577358b5220e1a7e3da74c162913cdb7d882db1413f98c2,,2020-01-22/2023-03-09,derived,derived_from_2022-11-19_and_2022-11-18,jhu_first_difference_v1,2022-11-19,daily_new_confirmed_cases,0,cases,reported,
1.0,jhu_csse_confirmed_global_csv,e6234a59eec4359d2577358b5220e1a7e3da74c162913cdb7d882db1413f98c2,,2020-01-22/2023-03-09,derived,derived_from_2022-11-20_and_2022-11-19,jhu_first_difference_v1,2022-11-20,daily_new_confirmed_cases,0,cases,reported,
1.0,jhu_csse_confirmed_global_csv,e6234a59eec4359d2577358b5220e1a7e3da74c162913cdb7d882db1413f98c2,,2020-01-22/2023-03-09,derived,derived_from_2022-11-21_and_2022-11-20,jhu_first_difference_v1,2022-11-21,daily_new_confirmed_cases,0,cases,reported,
1.0,jhu_csse_confirmed_global_csv,e6234a59eec4359d2577358b5220e1a7e3da74c162913cdb7d882db1413f98c2,,2020-01-22/2023-03-09,derived,derived_from_2022-11-22_and_2022-11-21,jhu_first_difference_v1,2022-11-22,daily_new_confirmed_cases,0,cases,reported,
1.0,jhu_csse_confirmed_global_csv,e6234a59eec4359d2577358b5220e1a7e3da74c162913cdb7d882db1413f98c2,,2020-01-22/2023-03-09,derived,derived_from_2022-11-23_and_2022-11-22,jhu_first_difference_v1,2022-11-23,daily_new_confirmed_cases,0,cases,reported,
1.0,jhu_csse_confirmed_global_csv,e6234a59eec4359d2577358b5220e1a7e3da74c162913cdb7d882db1413f98c2,,2020-01-22/2023-03-09,derived,derived_from_2022-11-24_and_2022-11-23,jhu_first_difference_v1,2022-11-24,daily_new_confirmed_cases,0,cases,reported,
1.0,jhu_csse_confirmed_global_csv,e6234a59eec4359d2577358b5220e1a7e3da74c162913cdb7d882db1413f98c2,,2020-01-22/2023-03-09,derived,derived_from_2022-11-25_and_2022-11-24,jhu_first_difference_v1,2022-11-25,daily_new_confirmed_cases,237,cases,reported,
1.0,jhu_csse_confirmed_global_csv,e6234a59eec4359d2577358b5220e1a7e3da74c162913cdb7d882db1413f98c2,,2020-01-22/2023-03-09,derived,derived_from_2022-11-26_and_2022-11-25,jhu_first_difference_v1,2022-11-26,daily_new_confirmed_cases,0,cases,reported,
1.0,jhu_csse_confirmed_global_csv,e6234a59eec4359d2577358b5220e1a7e3da74c162913cdb7d882db1413f98c2,,2020-01-22/2023-03-09,derived,derived_from_2022-11-27_and_2022-11-26,jhu_first_difference_v1,2022-11-27,daily_new_confirmed_cases,0,cases,reported,
1.0,jhu_csse_confirmed_global_csv,e6234a59eec4359d2577358b5220e1a7e3da74c162913cdb7d882db1413f98c2,,2020-01-22/2023-03-09,derived,derived_from_2022-11-28_and_2022-11-27,jhu_first_difference_v1,2022-11-28,daily_new_confirmed_cases,0,cases,reported,
1.0,jhu_csse_confirmed_global_csv,e6234a59eec4359d2577358b5220e1a7e3da74c162913cdb7d882db1413f98c2,,2020-01-22/2023-03-09,derived,derived_from_2022-11-29_and_2022-11-28,jhu_first_difference_v1,2022-11-29,daily_new_confirmed_cases,0,cases,reported,
1.0,jhu_csse_confirmed_global_csv,e6234a59eec4359d2577358b5220e1a7e3da74c162913cdb7d882db1413f98c2,,2020-01-22/2023-03-09,derived,derived_from_2022-11-30_and_2022-11-29,jhu_first_difference_v1,2022-11-30,daily_new_confirmed_cases,0,cases,reported,
1.0,jhu_csse_confirmed_global_csv,e6234a59eec4359d2577358b5220e1a7e3da74c162913cdb7d882db1413f98c2,,2020-01-22/2023-03-09,derived,derived_from_2022-12-01_and_2022-11-30,jhu_first_difference_v1,2022-12-01,daily_new_confirmed_cases,0,cases,reported,
1.0,jhu_csse_confirmed_global_csv,e6234a59eec4359d2577358b5220e1a7e3da74c162913cdb7d882db1413f98c2,,2020-01-22/2023-03-09,derived,derived_from_2022-12-02_and_2022-12-01,jhu_first_difference_v1,2022-12-02,daily_new_confirmed_cases,302,cases,reported,
1.0,jhu_csse_confirmed_global_csv,e6234a59eec4359d2577358b5220e1a7e3da74c162913cdb7d882db1413f98c2,,2020-01-22/2023-03-09,derived,derived_from_2022-12-03_and_2022-12-02,jhu_first_difference_v1,2022-12-03,daily_new_confirmed_cases,0,cases,reported,
1.0,jhu_csse_confirmed_global_csv,e6234a59eec4359d2577358b5220e1a7e3da74c162913cdb7d882db1413f98c2,,2020-01-22/2023-03-09,derived,derived_from_2022-12-04_and_2022-12-03,jhu_first_difference_v1,2022-12-04,daily_new_confirmed_cases,0,cases,reported,
1.0,jhu_csse_confirmed_global_csv,e6234a59eec4359d2577358b5220e1a7e3da74c162913cdb7d882db1413f98c2,,2020-01-22/2023-03-09,derived,derived_from_2022-12-05_and_2022-12-04,jhu_first_difference_v1,2022-12-05,daily_new_confirmed_cases,0,cases,reported,
1.0,jhu_csse_confirmed_global_csv,e6234a59eec4359d2577358b5220e1a7e3da74c162913cdb7d882db1413f98c2,,2020-01-22/2023-03-09,derived,derived_from_2022-12-06_and_2022-12-05,jhu_first_difference_v1,2022-12-06,daily_new_confirmed_cases,0,cases,reported,
1.0,jhu_csse_confirmed_global_csv,e6234a59eec4359d2577358b5220e1a7e3da74c162913cdb7d882db1413f98c2,,2020-01-22/2023-03-09,derived,derived_from_2022-12-07_and_2022-12-06,jhu_first_difference_v1,2022-12-07,daily_new_confirmed_cases,0,cases,reported,
1.0,jhu_csse_confirmed_global_csv,e6234a59eec4359d2577358b5220e1a7e3da74c162913cdb7d882db1413f98c2,,2020-01-22/2023-03-09,derived,derived_from_2022-12-08_and_2022-12-07,jhu_first_difference_v1,2022-12-08,daily_new_confirmed_cases,0,cases,reported,
1.0,jhu_csse_confirmed_global_csv,e6234a59eec4359d2577358b5220e1a7e3da74c162913cdb7d882db1413f98c2,,2020-01-22/2023-03-09,derived,derived_from_2022-12-09_and_2022-12-08,jhu_first_difference_v1,2022-12-09,daily_new_confirmed_cases,467,cases,reported,
1.0,jhu_csse_confirmed_global_csv,e6234a59eec4359d2577358b5220e1a7e3da74c162913cdb7d882db1413f98c2,,2020-01-22/2023-03-09,derived,derived_from_2022-12-10_and_2022-12-09,jhu_first_difference_v1,2022-12-10,daily_new_confirmed_cases,0,cases,reported,
1.0,jhu_csse_confirmed_global_csv,e6234a59eec4359d2577358b5220e1a7e3da74c162913cdb7d882db1413f98c2,,2020-01-22/2023-03-09,derived,derived_from_2022-12-11_and_2022-12-10,jhu_first_difference_v1,2022-12-11,daily_new_confirmed_cases,0,cases,reported,
1.0,jhu_csse_confirmed_global_csv,e6234a59eec4359d2577358b5220e1a7e3da74c162913cdb7d882db1413f98c2,,2020-01-22/2023-03-09,derived,derived_from_2022-12-12_and_2022-12-11,jhu_first_difference_v1,2022-12-12,daily_new_confirmed_cases,0,cases,reported,
1.0,jhu_csse_confirmed_global_csv,e6234a59eec4359d2577358b5220e1a7e3da74c162913cdb7d882db1413f98c2,,2020-01-22/2023-03-09,derived,derived_from_2022-12-13_and_2022-12-12,jhu_first_difference_v1,2022-12-13,daily_new_confirmed_cases,0,cases,reported,
1.0,jhu_csse_confirmed_global_csv,e6234a59eec4359d2577358b5220e1a7e3da74c162913cdb7d882db1413f98c2,,2020-01-22/2023-03-09,derived,derived_from_2022-12-14_and_2022-12-13,jhu_first_difference_v1,2022-12-14,daily_new_confirmed_cases,0,cases,reported,
1.0,jhu_csse_confirmed_global_csv,e6234a59eec4359d2577358b5220e1a7e3da74c162913cdb7d882db1413f98c2,,2020-01-22/2023-03-09,derived,derived_from_2022-12-15_and_2022-12-14,jhu_first_difference_v1,2022-12-15,daily_new_confirmed_cases,0,cases,reported,
1.0,jhu_csse_confirmed_global_csv,e6234a59eec4359d2577358b5220e1a7e3da74c162913cdb7d882db1413f98c2,,2020-01-22/2023-03-09,derived,derived_from_2022-12-16_and_2022-12-15,jhu_first_difference_v1,2022-12-16,daily_new_confirmed_cases,721,cases,reported,
1.0,jhu_csse_confirmed_global_csv,e6234a59eec4359d2577358b5220e1a7e3da74c162913cdb7d882db1413f98c2,,2020-01-22/2023-03-09,derived,derived_from_2022-12-17_and_2022-12-16,jhu_first_difference_v1,2022-12-17,daily_new_confirmed_cases,0,cases,reported,
1.0,jhu_csse_confirmed_global_csv,e6234a59eec4359d2577358b5220e1a7e3da74c162913cdb7d882db1413f98c2,,2020-01-22/2023-03-09,derived,derived_from_2022-12-18_and_2022-12-17,jhu_first_difference_v1,2022-12-18,daily_new_confirmed_cases,0,cases,reported,
1.0,jhu_csse_confirmed_global_csv,e6234a59eec4359d2577358b5220e1a7e3da74c162913cdb7d882db1413f98c2,,2020-01-22/2023-03-09,derived,derived_from_2022-12-19_and_2022-12-18,jhu_first_difference_v1,2022-12-19,daily_new_confirmed_cases,0,cases,reported,
1.0,jhu_csse_confirmed_global_csv,e6234a59eec4359d2577358b5220e1a7e3da74c162913cdb7d882db1413f98c2,,2020-01-22/2023-03-09,derived,derived_from_2022-12-20_and_2022-12-19,jhu_first_difference_v1,2022-12-20,daily_new_confirmed_cases,0,cases,reported,
1.0,jhu_csse_confirmed_global_csv,e6234a59eec4359d2577358b5220e1a7e3da74c162913cdb7d882db1413f98c2,,2020-01-22/2023-03-09,derived,derived_from_2022-12-21_and_2022-12-20,jhu_first_difference_v1,2022-12-21,daily_new_confirmed_cases,0,cases,reported,
1.0,jhu_csse_confirmed_global_csv,e6234a59eec4359d2577358b5220e1a7e3da74c162913cdb7d882db1413f98c2,,2020-01-22/2023-03-09,derived,derived_from_2022-12-22_and_2022-12-21,jhu_first_difference_v1,2022-12-22,daily_new_confirmed_cases,0,cases,reported,
1.0,jhu_csse_confirmed_global_csv,e6234a59eec4359d2577358b5220e1a7e3da74c162913cdb7d882db1413f98c2,,2020-01-22/2023-03-09,derived,derived_from_2022-12-23_and_2022-12-22,jhu_first_difference_v1,2022-12-23,daily_new_confirmed_cases,814,cases,reported,
1.0,jhu_csse_confirmed_global_csv,e6234a59eec4359d2577358b5220e1a7e3da74c162913cdb7d882db1413f98c2,,2020-01-22/2023-03-09,derived,derived_from_2022-12-24_and_2022-12-23,jhu_first_difference_v1,2022-12-24,daily_new_confirmed_cases,0,cases,reported,
1.0,jhu_csse_confirmed_global_csv,e6234a59eec4359d2577358b5220e1a7e3da74c162913cdb7d882db1413f98c2,,2020-01-22/2023-03-09,derived,derived_from_2022-12-25_and_2022-12-24,jhu_first_difference_v1,2022-12-25,daily_new_confirmed_cases,0,cases,reported,
1.0,jhu_csse_confirmed_global_csv,e6234a59eec4359d2577358b5220e1a7e3da74c162913cdb7d882db1413f98c2,,2020-01-22/2023-03-09,derived,derived_from_2022-12-26_and_2022-12-25,jhu_first_difference_v1,2022-12-26,daily_new_confirmed_cases,0,cases,reported,
1.0,jhu_csse_confirmed_global_csv,e6234a59eec4359d2577358b5220e1a7e3da74c162913cdb7d882db1413f98c2,,2020-01-22/2023-03-09,derived,derived_from_2022-12-27_and_2022-12-26,jhu_first_difference_v1,2022-12-27,daily_new_confirmed_cases,0,cases,reported,
1.0,jhu_csse_confirmed_global_csv,e6234a59eec4359d2577358b5220e1a7e3da74c162913cdb7d882db1413f98c2,,2020-01-22/2023-03-09,derived,derived_from_2022-12-28_and_2022-12-27,jhu_first_difference_v1,2022-12-28,daily_new_confirmed_cases,0,cases,reported,
1.0,jhu_csse_confirmed_global_csv,e6234a59eec4359d2577358b5220e1a7e3da74c162913cdb7d882db1413f98c2,,2020-01-22/2023-03-09,derived,derived_from_2022-12-29_and_2022-12-28,jhu_first_difference_v1,2022-12-29,daily_new_confirmed_cases,0,cases,reported,
1.0,jhu_csse_confirmed_global_csv,e6234a59eec4359d2577358b5220e1a7e3da74c162913cdb7d882db1413f98c2,,2020-01-22/2023-03-09,derived,derived_from_2022-12-30_and_2022-12-29,jhu_first_difference_v1,2022-12-30,daily_new_confirmed_cases,0,cases,reported,
1.0,jhu_csse_confirmed_global_csv,e6234a59eec4359d2577358b5220e1a7e3da74c162913cdb7d882db1413f98c2,,2020-01-22/2023-03-09,derived,derived_from_2022-12-31_and_2022-12-30,jhu_first_difference_v1,2022-12-31,daily_new_confirmed_cases,0,cases,reported,
1.0,jhu_csse_confirmed_global_csv,e6234a59eec4359d2577358b5220e1a7e3da74c162913cdb7d882db1413f98c2,,2020-01-22/2023-03-09,derived,derived_from_2023-01-01_and_2022-12-31,jhu_first_difference_v1,2023-01-01,daily_new_confirmed_cases,0,cases,reported,
1.0,jhu_csse_confirmed_global_csv,e6234a59eec4359d2577358b5220e1a7e3da74c162913cdb7d882db1413f98c2,,2020-01-22/2023-03-09,derived,derived_from_2023-01-02_and_2023-01-01,jhu_first_difference_v1,2023-01-02,daily_new_confirmed_cases,0,cases,reported,
1.0,jhu_csse_confirmed_global_csv,e6234a59eec4359d2577358b5220e1a7e3da74c162913cdb7d882db1413f98c2,,2020-01-22/2023-03-09,derived,derived_from_2023-01-03_and_2023-01-02,jhu_first_difference_v1,2023-01-03,daily_new_confirmed_cases,509,cases,reported,
1.0,jhu_csse_confirmed_global_csv,e6234a59eec4359d2577358b5220e1a7e3da74c162913cdb7d882db1413f98c2,,2020-01-22/2023-03-09,derived,derived_from_2023-01-04_and_2023-01-03,jhu_first_difference_v1,2023-01-04,daily_new_confirmed_cases,0,cases,reported,
1.0,jhu_csse_confirmed_global_csv,e6234a59eec4359d2577358b5220e1a7e3da74c162913cdb7d882db1413f98c2,,2020-01-22/2023-03-09,derived,derived_from_2023-01-05_and_2023-01-04,jhu_first_difference_v1,2023-01-05,daily_new_confirmed_cases,0,cases,reported,
1.0,jhu_csse_confirmed_global_csv,e6234a59eec4359d2577358b5220e1a7e3da74c162913cdb7d882db1413f98c2,,2020-01-22/2023-03-09,derived,derived_from_2023-01-06_and_2023-01-05,jhu_first_difference_v1,2023-01-06,daily_new_confirmed_cases,337,cases,reported,
1.0,jhu_csse_confirmed_global_csv,e6234a59eec4359d2577358b5220e1a7e3da74c162913cdb7d882db1413f98c2,,2020-01-22/2023-03-09,derived,derived_from_2023-01-07_and_2023-01-06,jhu_first_difference_v1,2023-01-07,daily_new_confirmed_cases,0,cases,reported,
1.0,jhu_csse_confirmed_global_csv,e6234a59eec4359d2577358b5220e1a7e3da74c162913cdb7d882db1413f98c2,,2020-01-22/2023-03-09,derived,derived_from_2023-01-08_and_2023-01-07,jhu_first_difference_v1,2023-01-08,daily_new_confirmed_cases,0,cases,reported,
1.0,jhu_csse_confirmed_global_csv,e6234a59eec4359d2577358b5220e1a7e3da74c162913cdb7d882db1413f98c2,,2020-01-22/2023-03-09,derived,derived_from_2023-01-09_and_2023-01-08,jhu_first_difference_v1,2023-01-09,daily_new_confirmed_cases,0,cases,reported,
1.0,jhu_csse_confirmed_global_csv,e6234a59eec4359d2577358b5220e1a7e3da74c162913cdb7d882db1413f98c2,,2020-01-22/2023-03-09,derived,derived_from_2023-01-10_and_2023-01-09,jhu_first_difference_v1,2023-01-10,daily_new_confirmed_cases,0,cases,reported,
1.0,jhu_csse_confirmed_global_csv,e6234a59eec4359d2577358b5220e1a7e3da74c162913cdb7d882db1413f98c2,,2020-01-22/2023-03-09,derived,derived_from_2023-01-11_and_2023-01-10,jhu_first_difference_v1,2023-01-11,daily_new_confirmed_cases,0,cases,reported,
1.0,jhu_csse_confirmed_global_csv,e6234a59eec4359d2577358b5220e1a7e3da74c162913cdb7d882db1413f98c2,,2020-01-22/2023-03-09,derived,derived_from_2023-01-12_and_2023-01-11,jhu_first_difference_v1,2023-01-12,daily_new_confirmed_cases,0,cases,reported,
1.0,jhu_csse_confirmed_global_csv,e6234a59eec4359d2577358b5220e1a7e3da74c162913cdb7d882db1413f98c2,,2020-01-22/2023-03-09,derived,derived_from_2023-01-13_and_2023-01-12,jhu_first_difference_v1,2023-01-13,daily_new_confirmed_cases,198,cases,reported,
1.0,jhu_csse_confirmed_global_csv,e6234a59eec4359d2577358b5220e1a7e3da74c162913cdb7d882db1413f98c2,,2020-01-22/2023-03-09,derived,derived_from_2023-01-14_and_2023-01-13,jhu_first_difference_v1,2023-01-14,daily_new_confirmed_cases,0,cases,reported,
1.0,jhu_csse_confirmed_global_csv,e6234a59eec4359d2577358b5220e1a7e3da74c162913cdb7d882db1413f98c2,,2020-01-22/2023-03-09,derived,derived_from_2023-01-15_and_2023-01-14,jhu_first_difference_v1,2023-01-15,daily_new_confirmed_cases,0,cases,reported,
1.0,jhu_csse_confirmed_global_csv,e6234a59eec4359d2577358b5220e1a7e3da74c162913cdb7d882db1413f98c2,,2020-01-22/2023-03-09,derived,derived_from_2023-01-16_and_2023-01-15,jhu_first_difference_v1,2023-01-16,daily_new_confirmed_cases,0,cases,reported,
1.0,jhu_csse_confirmed_global_csv,e6234a59eec4359d2577358b5220e1a7e3da74c162913cdb7d882db1413f98c2,,2020-01-22/2023-03-09,derived,derived_from_2023-01-17_and_2023-01-16,jhu_first_difference_v1,2023-01-17,daily_new_confirmed_cases,0,cases,reported,
1.0,jhu_csse_confirmed_global_csv,e6234a59eec4359d2577358b5220e1a7e3da74c162913cdb7d882db1413f98c2,,2020-01-22/2023-03-09,derived,derived_from_2023-01-18_and_2023-01-17,jhu_first_difference_v1,2023-01-18,daily_new_confirmed_cases,0,cases,reported,
1.0,jhu_csse_confirmed_global_csv,e6234a59eec4359d2577358b5220e1a7e3da74c162913cdb7d882db1413f98c2,,2020-01-22/2023-03-09,derived,derived_from_2023-01-19_and_2023-01-18,jhu_first_difference_v1,2023-01-19,daily_new_confirmed_cases,0,cases,reported,
1.0,jhu_csse_confirmed_global_csv,e6234a59eec4359d2577358b5220e1a7e3da74c162913cdb7d882db1413f98c2,,2020-01-22/2023-03-09,derived,derived_from_2023-01-20_and_2023-01-19,jhu_first_difference_v1,2023-01-20,daily_new_confirmed_cases,85,cases,reported,
1.0,jhu_csse_confirmed_global_csv,e6234a59eec4359d2577358b5220e1a7e3da74c162913cdb7d882db1413f98c2,,2020-01-22/2023-03-09,derived,derived_from_2023-01-21_and_2023-01-20,jhu_first_difference_v1,2023-01-21,daily_new_confirmed_cases,0,cases,reported,
1.0,jhu_csse_confirmed_global_csv,e6234a59eec4359d2577358b5220e1a7e3da74c162913cdb7d882db1413f98c2,,2020-01-22/2023-03-09,derived,derived_from_2023-01-22_and_2023-01-21,jhu_first_difference_v1,2023-01-22,daily_new_confirmed_cases,0,cases,reported,
1.0,jhu_csse_confirmed_global_csv,e6234a59eec4359d2577358b5220e1a7e3da74c162913cdb7d882db1413f98c2,,2020-01-22/2023-03-09,derived,derived_from_2023-01-23_and_2023-01-22,jhu_first_difference_v1,2023-01-23,daily_new_confirmed_cases,0,cases,reported,
1.0,jhu_csse_confirmed_global_csv,e6234a59eec4359d2577358b5220e1a7e3da74c162913cdb7d882db1413f98c2,,2020-01-22/2023-03-09,derived,derived_from_2023-01-24_and_2023-01-23,jhu_first_difference_v1,2023-01-24,daily_new_confirmed_cases,0,cases,reported,
1.0,jhu_csse_confirmed_global_csv,e6234a59eec4359d2577358b5220e1a7e3da74c162913cdb7d882db1413f98c2,,2020-01-22/2023-03-09,derived,derived_from_2023-01-25_and_2023-01-24,jhu_first_difference_v1,2023-01-25,daily_new_confirmed_cases,0,cases,reported,
1.0,jhu_csse_confirmed_global_csv,e6234a59eec4359d2577358b5220e1a7e3da74c162913cdb7d882db1413f98c2,,2020-01-22/2023-03-09,derived,derived_from_2023-01-26_and_2023-01-25,jhu_first_difference_v1,2023-01-26,daily_new_confirmed_cases,0,cases,reported,
1.0,jhu_csse_confirmed_global_csv,e6234a59eec4359d2577358b5220e1a7e3da74c162913cdb7d882db1413f98c2,,2020-01-22/2023-03-09,derived,derived_from_2023-01-27_and_2023-01-26,jhu_first_difference_v1,2023-01-27,daily_new_confirmed_cases,0,cases,reported,
1.0,jhu_csse_confirmed_global_csv,e6234a59eec4359d2577358b5220e1a7e3da74c162913cdb7d882db1413f98c2,,2020-01-22/2023-03-09,derived,derived_from_2023-01-28_and_2023-01-27,jhu_first_difference_v1,2023-01-28,daily_new_confirmed_cases,88,cases,reported,
1.0,jhu_csse_confirmed_global_csv,e6234a59eec4359d2577358b5220e1a7e3da74c162913cdb7d882db1413f98c2,,2020-01-22/2023-03-09,derived,derived_from_2023-01-29_and_2023-01-28,jhu_first_difference_v1,2023-01-29,daily_new_confirmed_cases,0,cases,reported,
1.0,jhu_csse_confirmed_global_csv,e6234a59eec4359d2577358b5220e1a7e3da74c162913cdb7d882db1413f98c2,,2020-01-22/2023-03-09,derived,derived_from_2023-01-30_and_2023-01-29,jhu_first_difference_v1,2023-01-30,daily_new_confirmed_cases,0,cases,reported,
1.0,jhu_csse_confirmed_global_csv,e6234a59eec4359d2577358b5220e1a7e3da74c162913cdb7d882db1413f98c2,,2020-01-22/2023-03-09,derived,derived_from_2023-01-31_and_2023-01-30,jhu_first_difference_v1,2023-01-31,daily_new_confirmed_cases,0,cases,reported,
1.0,jhu_csse_confirmed_global_csv,e6234a59eec4359d2577358b5220e1a7e3da74c162913cdb7d882db1413f98c2,,2020-01-22/2023-03-09,derived,derived_from_2023-02-01_and_2023-01-31,jhu_first_difference_v1,2023-02-01,daily_new_confirmed_cases,0,cases,reported,
1.0,jhu_csse_confirmed_global_csv,e6234a59eec4359d2577358b5220e1a7e3da74c162913cdb7d882db1413f98c2,,2020-01-22/2023-03-09,derived,derived_from_2023-02-02_and_2023-02-01,jhu_first_difference_v1,2023-02-02,daily_new_confirmed_cases,44,cases,reported,
1.0,jhu_csse_confirmed_global_csv,e6234a59eec4359d2577358b5220e1a7e3da74c162913cdb7d882db1413f98c2,,2020-01-22/2023-03-09,derived,derived_from_2023-02-03_and_2023-02-02,jhu_first_difference_v1,2023-02-03,daily_new_confirmed_cases,0,cases,reported,
1.0,jhu_csse_confirmed_global_csv,e6234a59eec4359d2577358b5220e1a7e3da74c162913cdb7d882db1413f98c2,,2020-01-22/2023-03-09,derived,derived_from_2023-02-04_and_2023-02-03,jhu_first_difference_v1,2023-02-04,daily_new_confirmed_cases,0,cases,reported,
1.0,jhu_csse_confirmed_global_csv,e6234a59eec4359d2577358b5220e1a7e3da74c162913cdb7d882db1413f98c2,,2020-01-22/2023-03-09,derived,derived_from_2023-02-05_and_2023-02-04,jhu_first_difference_v1,2023-02-05,daily_new_confirmed_cases,0,cases,reported,
1.0,jhu_csse_confirmed_global_csv,e6234a59eec4359d2577358b5220e1a7e3da74c162913cdb7d882db1413f98c2,,2020-01-22/2023-03-09,derived,derived_from_2023-02-06_and_2023-02-05,jhu_first_difference_v1,2023-02-06,daily_new_confirmed_cases,0,cases,reported,
1.0,jhu_csse_confirmed_global_csv,e6234a59eec4359d2577358b5220e1a7e3da74c162913cdb7d882db1413f98c2,,2020-01-22/2023-03-09,derived,derived_from_2023-02-07_and_2023-02-06,jhu_first_difference_v1,2023-02-07,daily_new_confirmed_cases,0,cases,reported,
1.0,jhu_csse_confirmed_global_csv,e6234a59eec4359d2577358b5220e1a7e3da74c162913cdb7d882db1413f98c2,,2020-01-22/2023-03-09,derived,derived_from_2023-02-08_and_2023-02-07,jhu_first_difference_v1,2023-02-08,daily_new_confirmed_cases,0,cases,reported,
1.0,jhu_csse_confirmed_global_csv,e6234a59eec4359d2577358b5220e1a7e3da74c162913cdb7d882db1413f98c2,,2020-01-22/2023-03-09,derived,derived_from_2023-02-09_and_2023-02-08,jhu_first_difference_v1,2023-02-09,daily_new_confirmed_cases,0,cases,reported,
1.0,jhu_csse_confirmed_global_csv,e6234a59eec4359d2577358b5220e1a7e3da74c162913cdb7d882db1413f98c2,,2020-01-22/2023-03-09,derived,derived_from_2023-02-10_and_2023-02-09,jhu_first_difference_v1,2023-02-10,daily_new_confirmed_cases,0,cases,reported,
1.0,jhu_csse_confirmed_global_csv,e6234a59eec4359d2577358b5220e1a7e3da74c162913cdb7d882db1413f98c2,,2020-01-22/2023-03-09,derived,derived_from_2023-02-11_and_2023-02-10,jhu_first_difference_v1,2023-02-11,daily_new_confirmed_cases,0,cases,reported,
1.0,jhu_csse_confirmed_global_csv,e6234a59eec4359d2577358b5220e1a7e3da74c162913cdb7d882db1413f98c2,,2020-01-22/2023-03-09,derived,derived_from_2023-02-12_and_2023-02-11,jhu_first_difference_v1,2023-02-12,daily_new_confirmed_cases,0,cases,reported,
1.0,jhu_csse_confirmed_global_csv,e6234a59eec4359d2577358b5220e1a7e3da74c162913cdb7d882db1413f98c2,,2020-01-22/2023-03-09,derived,derived_from_2023-02-13_and_2023-02-12,jhu_first_difference_v1,2023-02-13,daily_new_confirmed_cases,0,cases,reported,
1.0,jhu_csse_confirmed_global_csv,e6234a59eec4359d2577358b5220e1a7e3da74c162913cdb7d882db1413f98c2,,2020-01-22/2023-03-09,derived,derived_from_2023-02-14_and_2023-02-13,jhu_first_difference_v1,2023-02-14,daily_new_confirmed_cases,0,cases,reported,
1.0,jhu_csse_confirmed_global_csv,e6234a59eec4359d2577358b5220e1a7e3da74c162913cdb7d882db1413f98c2,,2020-01-22/2023-03-09,derived,derived_from_2023-02-15_and_2023-02-14,jhu_first_difference_v1,2023-02-15,daily_new_confirmed_cases,0,cases,reported,
1.0,jhu_csse_confirmed_global_csv,e6234a59eec4359d2577358b5220e1a7e3da74c162913cdb7d882db1413f98c2,,2020-01-22/2023-03-09,derived,derived_from_2023-02-16_and_2023-02-15,jhu_first_difference_v1,2023-02-16,daily_new_confirmed_cases,0,cases,reported,
1.0,jhu_csse_confirmed_global_csv,e6234a59eec4359d2577358b5220e1a7e3da74c162913cdb7d882db1413f98c2,,2020-01-22/2023-03-09,derived,derived_from_2023-02-17_and_2023-02-16,jhu_first_difference_v1,2023-02-17,daily_new_confirmed_cases,0,cases,reported,
1.0,jhu_csse_confirmed_global_csv,e6234a59eec4359d2577358b5220e1a7e3da74c162913cdb7d882db1413f98c2,,2020-01-22/2023-03-09,derived,derived_from_2023-02-18_and_2023-02-17,jhu_first_difference_v1,2023-02-18,daily_new_confirmed_cases,0,cases,reported,
1.0,jhu_csse_confirmed_global_csv,e6234a59eec4359d2577358b5220e1a7e3da74c162913cdb7d882db1413f98c2,,2020-01-22/2023-03-09,derived,derived_from_2023-02-19_and_2023-02-18,jhu_first_difference_v1,2023-02-19,daily_new_confirmed_cases,0,cases,reported,
1.0,jhu_csse_confirmed_global_csv,e6234a59eec4359d2577358b5220e1a7e3da74c162913cdb7d882db1413f98c2,,2020-01-22/2023-03-09,derived,derived_from_2023-02-20_and_2023-02-19,jhu_first_difference_v1,2023-02-20,daily_new_confirmed_cases,0,cases,reported,
1.0,jhu_csse_confirmed_global_csv,e6234a59eec4359d2577358b5220e1a7e3da74c162913cdb7d882db1413f98c2,,2020-01-22/2023-03-09,derived,derived_from_2023-02-21_and_2023-02-20,jhu_first_difference_v1,2023-02-21,daily_new_confirmed_cases,0,cases,reported,
1.0,jhu_csse_confirmed_global_csv,e6234a59eec4359d2577358b5220e1a7e3da74c162913cdb7d882db1413f98c2,,2020-01-22/2023-03-09,derived,derived_from_2023-02-22_and_2023-02-21,jhu_first_difference_v1,2023-02-22,daily_new_confirmed_cases,0,cases,reported,
1.0,jhu_csse_confirmed_global_csv,e6234a59eec4359d2577358b5220e1a7e3da74c162913cdb7d882db1413f98c2,,2020-01-22/2023-03-09,derived,derived_from_2023-02-23_and_2023-02-22,jhu_first_difference_v1,2023-02-23,daily_new_confirmed_cases,0,cases,reported,
1.0,jhu_csse_confirmed_global_csv,e6234a59eec4359d2577358b5220e1a7e3da74c162913cdb7d882db1413f98c2,,2020-01-22/2023-03-09,derived,derived_from_2023-02-24_and_2023-02-23,jhu_first_difference_v1,2023-02-24,daily_new_confirmed_cases,0,cases,reported,
1.0,jhu_csse_confirmed_global_csv,e6234a59eec4359d2577358b5220e1a7e3da74c162913cdb7d882db1413f98c2,,2020-01-22/2023-03-09,derived,derived_from_2023-02-25_and_2023-02-24,jhu_first_difference_v1,2023-02-25,daily_new_confirmed_cases,0,cases,reported,
1.0,jhu_csse_confirmed_global_csv,e6234a59eec4359d2577358b5220e1a7e3da74c162913cdb7d882db1413f98c2,,2020-01-22/2023-03-09,derived,derived_from_2023-02-26_and_2023-02-25,jhu_first_difference_v1,2023-02-26,daily_new_confirmed_cases,0,cases,reported,
1.0,jhu_csse_confirmed_global_csv,e6234a59eec4359d2577358b5220e1a7e3da74c162913cdb7d882db1413f98c2,,2020-01-22/2023-03-09,derived,derived_from_2023-02-27_and_2023-02-26,jhu_first_difference_v1,2023-02-27,daily_new_confirmed_cases,0,cases,reported,
1.0,jhu_csse_confirmed_global_csv,e6234a59eec4359d2577358b5220e1a7e3da74c162913cdb7d882db1413f98c2,,2020-01-22/2023-03-09,derived,derived_from_2023-02-28_and_2023-02-27,jhu_first_difference_v1,2023-02-28,daily_new_confirmed_cases,0,cases,reported,
1.0,jhu_csse_confirmed_global_csv,e6234a59eec4359d2577358b5220e1a7e3da74c162913cdb7d882db1413f98c2,,2020-01-22/2023-03-09,derived,derived_from_2023-03-01_and_2023-02-28,jhu_first_difference_v1,2023-03-01,daily_new_confirmed_cases,0,cases,reported,
1.0,jhu_csse_confirmed_global_csv,e6234a59eec4359d2577358b5220e1a7e3da74c162913cdb7d882db1413f98c2,,2020-01-22/2023-03-09,derived,derived_from_2023-03-02_and_2023-03-01,jhu_first_difference_v1,2023-03-02,daily_new_confirmed_cases,0,cases,reported,
1.0,jhu_csse_confirmed_global_csv,e6234a59eec4359d2577358b5220e1a7e3da74c162913cdb7d882db1413f98c2,,2020-01-22/2023-03-09,derived,derived_from_2023-03-03_and_2023-03-02,jhu_first_difference_v1,2023-03-03,daily_new_confirmed_cases,0,cases,reported,
1.0,jhu_csse_confirmed_global_csv,e6234a59eec4359d2577358b5220e1a7e3da74c162913cdb7d882db1413f98c2,,2020-01-22/2023-03-09,derived,derived_from_2023-03-04_and_2023-03-03,jhu_first_difference_v1,2023-03-04,daily_new_confirmed_cases,0,cases,reported,
1.0,jhu_csse_confirmed_global_csv,e6234a59eec4359d2577358b5220e1a7e3da74c162913cdb7d882db1413f98c2,,2020-01-22/2023-03-09,derived,derived_from_2023-03-05_and_2023-03-04,jhu_first_difference_v1,2023-03-05,daily_new_confirmed_cases,0,cases,reported,
1.0,jhu_csse_confirmed_global_csv,e6234a59eec4359d2577358b5220e1a7e3da74c162913cdb7d882db1413f98c2,,2020-01-22/2023-03-09,derived,derived_from_2023-03-06_and_2023-03-05,jhu_first_difference_v1,2023-03-06,daily_new_confirmed_cases,0,cases,reported,
1.0,jhu_csse_confirmed_global_csv,e6234a59eec4359d2577358b5220e1a7e3da74c162913cdb7d882db1413f98c2,,2020-01-22/2023-03-09,derived,derived_from_2023-03-07_and_2023-03-06,jhu_first_difference_v1,2023-03-07,daily_new_confirmed_cases,0,cases,reported,
1.0,jhu_csse_confirmed_global_csv,e6234a59eec4359d2577358b5220e1a7e3da74c162913cdb7d882db1413f98c2,,2020-01-22/2023-03-09,derived,derived_from_2023-03-08_and_2023-03-07,jhu_first_difference_v1,2023-03-08,daily_new_confirmed_cases,0,cases,reported,
1.0,jhu_csse_confirmed_global_csv,e6234a59eec4359d2577358b5220e1a7e3da74c162913cdb7d882db1413f98c2,,2020-01-22/2023-03-09,derived,derived_from_2023-03-09_and_2023-03-08,jhu_first_difference_v1,2023-03-09,daily_new_confirmed_cases,0,cases,reported,
