schema_version,source_id,source_sha256,evidence_source_id,reference_period,observation_status,source_locator,transformation_id,parish,age_band,sex,count
1.0,census_2021_parish_age_sex_csv,532eb6d7a9a76b682ab056ba45f09f129bd768b71d45f7f7b0d587af95d8ff39,,2021-03-21,observed,csv_grouville_female,csv_parish_age_sex_long_v1,Grouville,<5,female,126
1.0,census_2021_parish_age_sex_csv,532eb6d7a9a76b682ab056ba45f09f129bd768b71d45f7f7b0d587af95d8ff39,,2021-03-21,observed,csv_grouville_female,csv_parish_age_sex_long_v1,Grouville,5-9,female,164
1.0,census_2021_parish_age_sex_csv,532eb6d7a9a76b682ab056ba45f09f129bd768b71d45f7f7b0d587af95d8ff39,,2021-03-21,observed,csv_grouville_female,csv_parish_age_sex_long_v1,Grouville,10-14,female,154
1.0,census_2021_parish_age_sex_csv,532eb6d7a9a76b682ab056ba45f09f129bd768b71d45f7f7b0d587af95d8ff39,,2021-03-21,observed,csv_grouville_female,csv_parish_age_sex_long_v1,Grouville,15-19,female,165
1.0,census_2021_parish_age_sex_csv,532eb6d7a9a76b682ab056ba45f09f129bd768b71d45f7f7b0d587af95d8ff39,,2021-03-21,observed,csv_grouville_female,csv_parish_age_sex_long_v1,Grouville,20-24,female,124
1.0,census_2021_parish_age_sex_csv,532eb6d7a9a76b682ab056ba45f09f129bd768b71d45f7f7b0d587af95d8ff39,,2021-03-21,observed,csv_grouville_female,csv_parish_age_sex_long_v1,Grouville,25-29,female,96
1.0,census_2021_parish_age_sex_csv,532eb6d7a9a76b682ab056ba45f09f129bd768b71d45f7f7b0d587af95d8ff39,,2021-03-21,observed,csv_grouville_female,csv_parish_age_sex_long_v1,Grouville,30-34,female,116
1.0,census_2021_parish_age_sex_csv,532eb6d7a9a76b682ab056ba45f09f129bd768b71d45f7f7b0d587af95d8ff39,,2021-03-21,observed,csv_grouville_female,csv_parish_age_sex_long_v1,Grouville,35-39,female,172
1.0,census_2021_parish_age_sex_csv,532eb6d7a9a76b682ab056ba45f09f129bd768b71d45f7f7b0d587af95d8ff39,,2021-03-21,observed,csv_grouville_female,csv_parish_age_sex_long_v1,Grouville,40-44,female,177
1.0,census_2021_parish_age_sex_csv,532eb6d7a9a76b682ab056ba45f09f129bd768b71d45f7f7b0d587af95d8ff39,,2021-03-21,observed,csv_grouville_female,csv_parish_age_sex_long_v1,Grouville,45-49,female,227
1.0,census_2021_parish_age_sex_csv,532eb6d7a9a76b682ab056ba45f09f129bd768b71d45f7f7b0d587af95d8ff39,,2021-03-21,observed,csv_grouville_female,csv_parish_age_sex_long_v1,Grouville,50-54,female,223
1.0,census_2021_parish_age_sex_csv,532eb6d7a9a76b682ab056ba45f09f129bd768b71d45f7f7b0d587af95d8ff39,,2021-03-21,observed,csv_grouville_female,csv_parish_age_sex_long_v1,Grouville,55-59,female,210
1.0,census_2021_parish_age_sex_csv,532eb6d7a9a76b682ab056ba45f09f129bd768b71d45f7f7b0d587af95d8ff39,,2021-03-21,observed,csv_grouville_female,csv_parish_age_sex_long_v1,Grouville,60-64,female,191
1.0,census_2021_parish_age_sex_csv,532eb6d7a9a76b682ab056ba45f09f129bd768b71d45f7f7b0d587af95d8ff39,,2021-03-21,observed,csv_grouville_female,csv_parish_age_sex_long_v1,Grouville,65-69,female,190
1.0,census_2021_parish_age_sex_csv,532eb6d7a9a76b682ab056ba45f09f129bd768b71d45f7f7b0d587af95d8ff39,,2021-03-21,observed,csv_grouville_female,csv_parish_age_sex_long_v1,Grouville,70-74,female,174
1.0,census_2021_parish_age_sex_csv,532eb6d7a9a76b682ab056ba45f09f129bd768b71d45f7f7b0d587af95d8ff39,,2021-03-21,observed,csv_grouville_female,csv_parish_age_sex_long_v1,Grouville,75-79,female,129
1.0,census_2021_parish_age_sex_csv,532eb6d7a9a76b682ab056ba45f09f129bd768b71d45f7f7b0d587af95d8ff39,,2021-03-21,observed,csv_grouville_female,csv_parish_age_sex_long_v1,Grouville,80+,female,214
1.0,census_2021_parish_age_sex_csv,532eb6d7a9a76b682ab056ba45f09f129bd768b71d45f7f7b0d587af95d8ff39,,2021-03-21,observed,csv_grouville_female,csv_parish_age_sex_long_v1,Grouville,All,female,2852
1.0,census_2021_parish_age_sex_csv,532eb6d7a9a76b682ab056ba45f09f129bd768b71d45f7f7b0d587af95d8ff39,,2021-03-21,observed,csv_grouville_male,csv_parish_age_sex_long_v1,Grouville,<5,male,127
1.0,census_2021_parish_age_sex_csv,532eb6d7a9a76b682ab056ba45f09f129bd768b71d45f7f7b0d587af95d8ff39,,2021-03-21,observed,csv_grouville_male,csv_parish_age_sex_long_v1,Grouville,5-9,male,145
1.0,census_2021_parish_age_sex_csv,532eb6d7a9a76b682ab056ba45f09f129bd768b71d45f7f7b0d587af95d8ff39,,2021-03-21,observed,csv_grouville_male,csv_parish_age_sex_long_v1,Grouville,10-14,male,131
1.0,census_2021_parish_age_sex_csv,532eb6d7a9a76b682ab056ba45f09f129bd768b71d45f7f7b0d587af95d8ff39,,2021-03-21,observed,csv_grouville_male,csv_parish_age_sex_long_v1,Grouville,15-19,male,135
1.0,census_2021_parish_age_sex_csv,532eb6d7a9a76b682ab056ba45f09f129bd768b71d45f7f7b0d587af95d8ff39,,2021-03-21,observed,csv_grouville_male,csv_parish_age_sex_long_v1,Grouville,20-24,male,147
1.0,census_2021_parish_age_sex_csv,532eb6d7a9a76b682ab056ba45f09f129bd768b71d45f7f7b0d587af95d8ff39,,2021-03-21,observed,csv_grouville_male,csv_parish_age_sex_long_v1,Grouville,25-29,male,88
1.0,census_2021_parish_age_sex_csv,532eb6d7a9a76b682ab056ba45f09f129bd768b71d45f7f7b0d587af95d8ff39,,2021-03-21,observed,csv_grouville_male,csv_parish_age_sex_long_v1,Grouville,30-34,male,97
1.0,census_2021_parish_age_sex_csv,532eb6d7a9a76b682ab056ba45f09f129bd768b71d45f7f7b0d587af95d8ff39,,2021-03-21,observed,csv_grouville_male,csv_parish_age_sex_long_v1,Grouville,35-39,male,154
1.0,census_2021_parish_age_sex_csv,532eb6d7a9a76b682ab056ba45f09f129bd768b71d45f7f7b0d587af95d8ff39,,2021-03-21,observed,csv_grouville_male,csv_parish_age_sex_long_v1,Grouville,40-44,male,178
1.0,census_2021_parish_age_sex_csv,532eb6d7a9a76b682ab056ba45f09f129bd768b71d45f7f7b0d587af95d8ff39,,2021-03-21,observed,csv_grouville_male,csv_parish_age_sex_long_v1,Grouville,45-49,male,182
1.0,census_2021_parish_age_sex_csv,532eb6d7a9a76b682ab056ba45f09f129bd768b71d45f7f7b0d587af95d8ff39,,2021-03-21,observed,csv_grouville_male,csv_parish_age_sex_long_v1,Grouville,50-54,male,238
1.0,census_2021_parish_age_sex_csv,532eb6d7a9a76b682ab056ba45f09f129bd768b71d45f7f7b0d587af95d8ff39,,2021-03-21,observed,csv_grouville_male,csv_parish_age_sex_long_v1,Grouville,55-59,male,198
1.0,census_2021_parish_age_sex_csv,532eb6d7a9a76b682ab056ba45f09f129bd768b71d45f7f7b0d587af95d8ff39,,2021-03-21,observed,csv_grouville_male,csv_parish_age_sex_long_v1,Grouville,60-64,male,181
1.0,census_2021_parish_age_sex_csv,532eb6d7a9a76b682ab056ba45f09f129bd768b71d45f7f7b0d587af95d8ff39,,2021-03-21,observed,csv_grouville_male,csv_parish_age_sex_long_v1,Grouville,65-69,male,149
1.0,census_2021_parish_age_sex_csv,532eb6d7a9a76b682ab056ba45f09f129bd768b71d45f7f7b0d587af95d8ff39,,2021-03-21,observed,csv_grouville_male,csv_parish_age_sex_long_v1,Grouville,70-74,male,134
1.0,census_2021_parish_age_sex_csv,532eb6d7a9a76b682ab056ba45f09f129bd768b71d45f7f7b0d587af95d8ff39,,2021-03-21,observed,csv_grouville_male,csv_parish_age_sex_long_v1,Grouville,75-79,male,105
1.0,census_2021_parish_age_sex_csv,532eb6d7a9a76b682ab056ba45f09f129bd768b71d45f7f7b0d587af95d8ff39,,2021-03-21,observed,csv_grouville_male,csv_parish_age_sex_long_v1,Grouville,80+,male,160
1.0,census_2021_parish_age_sex_csv,532eb6d7a9a76b682ab056ba45f09f129bd768b71d45f7f7b0d587af95d8ff39,,2021-03-21,observed,csv_grouville_male,csv_parish_age_sex_long_v1,Grouville,All,male,2549
1.0,census_2021_parish_age_sex_csv,532eb6d7a9a76b682ab056ba45f09f129bd768b71d45f7f7b0d587af95d8ff39,,2021-03-21,observed,csv_grouville_all,csv_parish_age_sex_long_v1,Grouville,<5,all,253
1.0,census_2021_parish_age_sex_csv,532eb6d7a9a76b682ab056ba45f09f129bd768b71d45f7f7b0d587af95d8ff39,,2021-03-21,observed,csv_grouville_all,csv_parish_age_sex_long_v1,Grouville,5-9,all,309
1.0,census_2021_parish_age_sex_csv,532eb6d7a9a76b682ab056ba45f09f129bd768b71d45f7f7b0d587af95d8ff39,,2021-03-21,observed,csv_grouville_all,csv_parish_age_sex_long_v1,Grouville,10-14,all,285
1.0,census_2021_parish_age_sex_csv,532eb6d7a9a76b682ab056ba45f09f129bd768b71d45f7f7b0d587af95d8ff39,,2021-03-21,observed,csv_grouville_all,csv_parish_age_sex_long_v1,Grouville,15-19,all,300
1.0,census_2021_parish_age_sex_csv,532eb6d7a9a76b682ab056ba45f09f129bd768b71d45f7f7b0d587af95d8ff39,,2021-03-21,observed,csv_grouville_all,csv_parish_age_sex_long_v1,Grouville,20-24,all,271
1.0,census_2021_parish_age_sex_csv,532eb6d7a9a76b682ab056ba45f09f129bd768b71d45f7f7b0d587af95d8ff39,,2021-03-21,observed,csv_grouville_all,csv_parish_age_sex_long_v1,Grouville,25-29,all,184
1.0,census_2021_parish_age_sex_csv,532eb6d7a9a76b682ab056ba45f09f129bd768b71d45f7f7b0d587af95d8ff39,,2021-03-21,observed,csv_grouville_all,csv_parish_age_sex_long_v1,Grouville,30-34,all,213
1.0,census_2021_parish_age_sex_csv,532eb6d7a9a76b682ab056ba45f09f129bd768b71d45f7f7b0d587af95d8ff39,,2021-03-21,observed,csv_grouville_all,csv_parish_age_sex_long_v1,Grouville,35-39,all,326
1.0,census_2021_parish_age_sex_csv,532eb6d7a9a76b682ab056ba45f09f129bd768b71d45f7f7b0d587af95d8ff39,,2021-03-21,observed,csv_grouville_all,csv_parish_age_sex_long_v1,Grouville,40-44,all,355
1.0,census_2021_parish_age_sex_csv,532eb6d7a9a76b682ab056ba45f09f129bd768b71d45f7f7b0d587af95d8ff39,,2021-03-21,observed,csv_grouville_all,csv_parish_age_sex_long_v1,Grouville,45-49,all,409
1.0,census_2021_parish_age_sex_csv,532eb6d7a9a76b682ab056ba45f09f129bd768b71d45f7f7b0d587af95d8ff39,,2021-03-21,observed,csv_grouville_all,csv_parish_age_sex_long_v1,Grouville,50-54,all,461
1.0,census_2021_parish_age_sex_csv,532eb6d7a9a76b682ab056ba45f09f129bd768b71d45f7f7b0d587af95d8ff39,,2021-03-21,observed,csv_grouville_all,csv_parish_age_sex_long_v1,Grouville,55-59,all,408
1.0,census_2021_parish_age_sex_csv,532eb6d7a9a76b682ab056ba45f09f129bd768b71d45f7f7b0d587af95d8ff39,,2021-03-21,observed,csv_grouville_all,csv_parish_age_sex_long_v1,Grouville,60-64,all,372
1.0,census_2021_parish_age_sex_csv,532eb6d7a9a76b682ab056ba45f09f129bd768b71d45f7f7b0d587af95d8ff39,,2021-03-21,observed,csv_grouville_all,csv_parish_age_sex_long_v1,Grouville,65-69,all,339
1.0,census_2021_parish_age_sex_csv,532eb6d7a9a76b682ab056ba45f09f129bd768b71d45f7f7b0d587af95d8ff39,,2021-03-21,observed,csv_grouville_all,csv_parish_age_sex_long_v1,Grouville,70-74,all,308
1.0,census_2021_parish_age_sex_csv,532eb6d7a9a76b682ab056ba45f09f129bd768b71d45f7f7b0d587af95d8ff39,,2021-03-21,observed,csv_grouville_all,csv_parish_age_sex_long_v1,Grouville,75-79,all,234
1.0,census_2021_parish_age_sex_csv,532eb6d7a9a76b682ab056ba45f09f129bd768b71d45f7f7b0d587af95d8ff39,,2021-03-21,observed,csv_grouville_all,csv_parish_age_sex_long_v1,Grouville,80+,all,374
1.0,census_2021_parish_age_sex_csv,532eb6d7a9a76b682ab056ba45f09f129bd768b71d45f7f7b0d587af95d8ff39,,2021-03-21,observed,csv_grouville_all,csv_parish_age_sex_long_v1,Grouville,All,all,5401
1.0,census_2021_parish_age_sex_csv,532eb6d7a9a76b682ab056ba45f09f129bd768b71d45f7f7b0d587af95d8ff39,,2021-03-21,observed,csv_st_brelade_female,csv_parish_age_sex_long_v1,St Brelade,<5,female,209
1.0,census_2021_parish_age_sex_csv,532eb6d7a9a76b682ab056ba45f09f129bd768b71d45f7f7b0d587af95d8ff39,,2021-03-21,observed,csv_st_brelade_female,csv_parish_age_sex_long_v1,St Brelade,5-9,female,268
1.0,census_2021_parish_age_sex_csv,532eb6d7a9a76b682ab056ba45f09f129bd768b71d45f7f7b0d587af95d8ff39,,2021-03-21,observed,csv_st_brelade_female,csv_parish_age_sex_long_v1,St Brelade,10-14,female,286
1.0,census_2021_parish_age_sex_csv,532eb6d7a9a76b682ab056ba45f09f129bd768b71d45f7f7b0d587af95d8ff39,,2021-03-21,observed,csv_st_brelade_female,csv_parish_age_sex_long_v1,St Brelade,15-19,female,246
1.0,census_2021_parish_age_sex_csv,532eb6d7a9a76b682ab056ba45f09f129bd768b71d45f7f7b0d587af95d8ff39,,2021-03-21,observed,csv_st_brelade_female,csv_parish_age_sex_long_v1,St Brelade,20-24,female,252
1.0,census_2021_parish_age_sex_csv,532eb6d7a9a76b682ab056ba45f09f129bd768b71d45f7f7b0d587af95d8ff39,,2021-03-21,observed,csv_st_brelade_female,csv_parish_age_sex_long_v1,St Brelade,25-29,female,216
1.0,census_2021_parish_age_sex_csv,532eb6d7a9a76b682ab056ba45f09f129bd768b71d45f7f7b0d587af95d8ff39,,2021-03-21,observed,csv_st_brelade_female,csv_parish_age_sex_long_v1,St Brelade,30-34,female,238
1.0,census_2021_parish_age_sex_csv,532eb6d7a9a76b682ab056ba45f09f129bd768b71d45f7f7b0d587af95d8ff39,,2021-03-21,observed,csv_st_brelade_female,csv_parish_age_sex_long_v1,St Brelade,35-39,female,350
1.0,census_2021_parish_age_sex_csv,532eb6d7a9a76b682ab056ba45f09f129bd768b71d45f7f7b0d587af95d8ff39,,2021-03-21,observed,csv_st_brelade_female,csv_parish_age_sex_long_v1,St Brelade,40-44,female,346
1.0,census_2021_parish_age_sex_csv,532eb6d7a9a76b682ab056ba45f09f129bd768b71d45f7f7b0d587af95d8ff39,,2021-03-21,observed,csv_st_brelade_female,csv_parish_age_sex_long_v1,St Brelade,45-49,female,369
1.0,census_2021_parish_age_sex_csv,532eb6d7a9a76b682ab056ba45f09f129bd768b71d45f7f7b0d587af95d8ff39,,2021-03-21,observed,csv_st_brelade_female,csv_parish_age_sex_long_v1,St Brelade,50-54,female,468
1.0,census_2021_parish_age_sex_csv,532eb6d7a9a76b682ab056ba45f09f129bd768b71d45f7f7b0d587af95d8ff39,,2021-03-21,observed,csv_st_brelade_female,csv_parish_age_sex_long_v1,St Brelade,55-59,female,472
1.0,census_2021_parish_age_sex_csv,532eb6d7a9a76b682ab056ba45f09f129bd768b71d45f7f7b0d587af95d8ff39,,2021-03-21,observed,csv_st_brelade_female,csv_parish_age_sex_long_v1,St Brelade,60-64,female,407
1.0,census_2021_parish_age_sex_csv,532eb6d7a9a76b682ab056ba45f09f129bd768b71d45f7f7b0d587af95d8ff39,,2021-03-21,observed,csv_st_brelade_female,csv_parish_age_sex_long_v1,St Brelade,65-69,female,326
1.0,census_2021_parish_age_sex_csv,532eb6d7a9a76b682ab056ba45f09f129bd768b71d45f7f7b0d587af95d8ff39,,2021-03-21,observed,csv_st_brelade_female,csv_parish_age_sex_long_v1,St Brelade,70-74,female,334
1.0,census_2021_parish_age_sex_csv,532eb6d7a9a76b682ab056ba45f09f129bd768b71d45f7f7b0d587af95d8ff39,,2021-03-21,observed,csv_st_brelade_female,csv_parish_age_sex_long_v1,St Brelade,75-79,female,248
1.0,census_2021_parish_age_sex_csv,532eb6d7a9a76b682ab056ba45f09f129bd768b71d45f7f7b0d587af95d8ff39,,2021-03-21,observed,csv_st_brelade_female,csv_parish_age_sex_long_v1,St Brelade,80+,female,521
1.0,census_2021_parish_age_sex_csv,532eb6d7a9a76b682ab056ba45f09f129bd768b71d45f7f7b0d587af95d8ff39,,2021-03-21,observed,csv_st_brelade_female,csv_parish_age_sex_long_v1,St Brelade,All,female,5556
1.0,census_2021_parish_age_sex_csv,532eb6d7a9a76b682ab056ba45f09f129bd768b71d45f7f7b0d587af95d8ff39,,2021-03-21,observed,csv_st_brelade_male,csv_parish_age_sex_long_v1,St Brelade,<5,male,207
1.0,census_2021_parish_age_sex_csv,532eb6d7a9a76b682ab056ba45f09f129bd768b71d45f7f7b0d587af95d8ff39,,2021-03-21,observed,csv_st_brelade_male,csv_parish_age_sex_long_v1,St Brelade,5-9,male,289
1.0,census_2021_parish_age_sex_csv,532eb6d7a9a76b682ab056ba45f09f129bd768b71d45f7f7b0d587af95d8ff39,,2021-03-21,observed,csv_st_brelade_male,csv_parish_age_sex_long_v1,St Brelade,10-14,male,293
1.0,census_2021_parish_age_sex_csv,532eb6d7a9a76b682ab056ba45f09f129bd768b71d45f7f7b0d587af95d8ff39,,2021-03-21,observed,csv_st_brelade_male,csv_parish_age_sex_long_v1,St Brelade,15-19,male,294
1.0,census_2021_parish_age_sex_csv,532eb6d7a9a76b682ab056ba45f09f129bd768b71d45f7f7b0d587af95d8ff39,,2021-03-21,observed,csv_st_brelade_male,csv_parish_age_sex_long_v1,St Brelade,20-24,male,321
1.0,census_2021_parish_age_sex_csv,532eb6d7a9a76b682ab056ba45f09f129bd768b71d45f7f7b0d587af95d8ff39,,2021-03-21,observed,csv_st_brelade_male,csv_parish_age_sex_long_v1,St Brelade,25-29,male,236
1.0,census_2021_parish_age_sex_csv,532eb6d7a9a76b682ab056ba45f09f129bd768b71d45f7f7b0d587af95d8ff39,,2021-03-21,observed,csv_st_brelade_male,csv_parish_age_sex_long_v1,St Brelade,30-34,male,275
1.0,census_2021_parish_age_sex_csv,532eb6d7a9a76b682ab056ba45f09f129bd768b71d45f7f7b0d587af95d8ff39,,2021-03-21,observed,csv_st_brelade_male,csv_parish_age_sex_long_v1,St Brelade,35-39,male,346
1.0,census_2021_parish_age_sex_csv,532eb6d7a9a76b682ab056ba45f09f129bd768b71d45f7f7b0d587af95d8ff39,,2021-03-21,observed,csv_st_brelade_male,csv_parish_age_sex_long_v1,St Brelade,40-44,male,344
1.0,census_2021_parish_age_sex_csv,532eb6d7a9a76b682ab056ba45f09f129bd768b71d45f7f7b0d587af95d8ff39,,2021-03-21,observed,csv_st_brelade_male,csv_parish_age_sex_long_v1,St Brelade,45-49,male,353
1.0,census_2021_parish_age_sex_csv,532eb6d7a9a76b682ab056ba45f09f129bd768b71d45f7f7b0d587af95d8ff39,,2021-03-21,observed,csv_st_brelade_male,csv_parish_age_sex_long_v1,St Brelade,50-54,male,476
1.0,census_2021_parish_age_sex_csv,532eb6d7a9a76b682ab056ba45f09f129bd768b71d45f7f7b0d587af95d8ff39,,2021-03-21,observed,csv_st_brelade_male,csv_parish_age_sex_long_v1,St Brelade,55-59,male,438
1.0,census_2021_parish_age_sex_csv,532eb6d7a9a76b682ab056ba45f09f129bd768b71d45f7f7b0d587af95d8ff39,,2021-03-21,observed,csv_st_brelade_male,csv_parish_age_sex_long_v1,St Brelade,60-64,male,395
1.0,census_2021_parish_age_sex_csv,532eb6d7a9a76b682ab056ba45f09f129bd768b71d45f7f7b0d587af95d8ff39,,2021-03-21,observed,csv_st_brelade_male,csv_parish_age_sex_long_v1,St Brelade,65-69,male,336
1.0,census_2021_parish_age_sex_csv,532eb6d7a9a76b682ab056ba45f09f129bd768b71d45f7f7b0d587af95d8ff39,,2021-03-21,observed,csv_st_brelade_male,csv_parish_age_sex_long_v1,St Brelade,70-74,male,291
1.0,census_2021_parish_age_sex_csv,532eb6d7a9a76b682ab056ba45f09f129bd768b71d45f7f7b0d587af95d8ff39,,2021-03-21,observed,csv_st_brelade_male,csv_parish_age_sex_long_v1,St Brelade,75-79,male,211
1.0,census_2021_parish_age_sex_csv,532eb6d7a9a76b682ab056ba45f09f129bd768b71d45f7f7b0d587af95d8ff39,,2021-03-21,observed,csv_st_brelade_male,csv_parish_age_sex_long_v1,St Brelade,80+,male,351
1.0,census_2021_parish_age_sex_csv,532eb6d7a9a76b682ab056ba45f09f129bd768b71d45f7f7b0d587af95d8ff39,,2021-03-21,observed,csv_st_brelade_male,csv_parish_age_sex_long_v1,St Brelade,All,male,5456
1.0,census_2021_parish_age_sex_csv,532eb6d7a9a76b682ab056ba45f09f129bd768b71d45f7f7b0d587af95d8ff39,,2021-03-21,observed,csv_st_brelade_all,csv_parish_age_sex_long_v1,St Brelade,<5,all,416
1.0,census_2021_parish_age_sex_csv,532eb6d7a9a76b682ab056ba45f09f129bd768b71d45f7f7b0d587af95d8ff39,,2021-03-21,observed,csv_st_brelade_all,csv_parish_age_sex_long_v1,St Brelade,5-9,all,557
1.0,census_2021_parish_age_sex_csv,532eb6d7a9a76b682ab056ba45f09f129bd768b71d45f7f7b0d587af95d8ff39,,2021-03-21,observed,csv_st_brelade_all,csv_parish_age_sex_long_v1,St Brelade,10-14,all,579
1.0,census_2021_parish_age_sex_csv,532eb6d7a9a76b682ab056ba45f09f129bd768b71d45f7f7b0d587af95d8ff39,,2021-03-21,observed,csv_st_brelade_all,csv_parish_age_sex_long_v1,St Brelade,15-19,all,540
1.0,census_2021_parish_age_sex_csv,532eb6d7a9a76b682ab056ba45f09f129bd768b71d45f7f7b0d587af95d8ff39,,2021-03-21,observed,csv_st_brelade_all,csv_parish_age_sex_long_v1,St Brelade,20-24,all,573
1.0,census_2021_parish_age_sex_csv,532eb6d7a9a76b682ab056ba45f09f129bd768b71d45f7f7b0d587af95d8ff39,,2021-03-21,observed,csv_st_brelade_all,csv_parish_age_sex_long_v1,St Brelade,25-29,all,452
1.0,census_2021_parish_age_sex_csv,532eb6d7a9a76b682ab056ba45f09f129bd768b71d45f7f7b0d587af95d8ff39,,2021-03-21,observed,csv_st_brelade_all,csv_parish_age_sex_long_v1,St Brelade,30-34,all,513
1.0,census_2021_parish_age_sex_csv,532eb6d7a9a76b682ab056ba45f09f129bd768b71d45f7f7b0d587af95d8ff39,,2021-03-21,observed,csv_st_brelade_all,csv_parish_age_sex_long_v1,St Brelade,35-39,all,696
1.0,census_2021_parish_age_sex_csv,532eb6d7a9a76b682ab056ba45f09f129bd768b71d45f7f7b0d587af95d8ff39,,2021-03-21,observed,csv_st_brelade_all,csv_parish_age_sex_long_v1,St Brelade,40-44,all,690
1.0,census_2021_parish_age_sex_csv,532eb6d7a9a76b682ab056ba45f09f129bd768b71d45f7f7b0d587af95d8ff39,,2021-03-21,observed,csv_st_brelade_all,csv_parish_age_sex_long_v1,St Brelade,45-49,all,722
1.0,census_2021_parish_age_sex_csv,532eb6d7a9a76b682ab056ba45f09f129bd768b71d45f7f7b0d587af95d8ff39,,2021-03-21,observed,csv_st_brelade_all,csv_parish_age_sex_long_v1,St Brelade,50-54,all,944
1.0,census_2021_parish_age_sex_csv,532eb6d7a9a76b682ab056ba45f09f129bd768b71d45f7f7b0d587af95d8ff39,,2021-03-21,observed,csv_st_brelade_all,csv_parish_age_sex_long_v1,St Brelade,55-59,all,910
1.0,census_2021_parish_age_sex_csv,532eb6d7a9a76b682ab056ba45f09f129bd768b71d45f7f7b0d587af95d8ff39,,2021-03-21,observed,csv_st_brelade_all,csv_parish_age_sex_long_v1,St Brelade,60-64,all,802
1.0,census_2021_parish_age_sex_csv,532eb6d7a9a76b682ab056ba45f09f129bd768b71d45f7f7b0d587af95d8ff39,,2021-03-21,observed,csv_st_brelade_all,csv_parish_age_sex_long_v1,St Brelade,65-69,all,662
1.0,census_2021_parish_age_sex_csv,532eb6d7a9a76b682ab056ba45f09f129bd768b71d45f7f7b0d587af95d8ff39,,2021-03-21,observed,csv_st_brelade_all,csv_parish_age_sex_long_v1,St Brelade,70-74,all,625
1.0,census_2021_parish_age_sex_csv,532eb6d7a9a76b682ab056ba45f09f129bd768b71d45f7f7b0d587af95d8ff39,,2021-03-21,observed,csv_st_brelade_all,csv_parish_age_sex_long_v1,St Brelade,75-79,all,459
1.0,census_2021_parish_age_sex_csv,532eb6d7a9a76b682ab056ba45f09f129bd768b71d45f7f7b0d587af95d8ff39,,2021-03-21,observed,csv_st_brelade_all,csv_parish_age_sex_long_v1,St Brelade,80+,all,872
1.0,census_2021_parish_age_sex_csv,532eb6d7a9a76b682ab056ba45f09f129bd768b71d45f7f7b0d587af95d8ff39,,2021-03-21,observed,csv_st_brelade_all,csv_parish_age_sex_long_v1,St Brelade,All,all,11012
1.0,census_2021_parish_age_sex_csv,532eb6d7a9a76b682ab056ba45f09f129bd768b71d45f7f7b0d587af95d8ff39,,2021-03-21,observed,csv_st_clement_female,csv_parish_age_sex_long_v1,St Clement,<5,female,255
1.0,census_2021_parish_age_sex_csv,532eb6d7a9a76b682ab056ba45f09f129bd768b71d45f7f7b0d587af95d8ff39,,2021-03-21,observed,csv_st_clement_female,csv_parish_age_sex_long_v1,St Clement,5-9,female,286
1.0,census_2021_parish_age_sex_csv,532eb6d7a9a76b682ab056ba45f09f129bd768b71d45f7f7b0d587af95d8ff39,,2021-03-21,observed,csv_st_clement_female,csv_parish_age_sex_long_v1,St Clement,10-14,female,291
1.0,census_2021_parish_age_sex_csv,532eb6d7a9a76b682ab056ba45f09f129bd768b71d45f7f7b0d587af95d8ff39,,2021-03-21,observed,csv_st_clement_female,csv_parish_age_sex_long_v1,St Clement,15-19,female,311
1.0,census_2021_parish_age_sex_csv,532eb6d7a9a76b682ab056ba45f09f129bd768b71d45f7f7b0d587af95d8ff39,,2021-03-21,observed,csv_st_clement_female,csv_parish_age_sex_long_v1,St Clement,20-24,female,246
1.0,census_2021_parish_age_sex_csv,532eb6d7a9a76b682ab056ba45f09f129bd768b71d45f7f7b0d587af95d8ff39,,2021-03-21,observed,csv_st_clement_female,csv_parish_age_sex_long_v1,St Clement,25-29,female,254
1.0,census_2021_parish_age_sex_csv,532eb6d7a9a76b682ab056ba45f09f129bd768b71d45f7f7b0d587af95d8ff39,,2021-03-21,observed,csv_st_clement_female,csv_parish_age_sex_long_v1,St Clement,30-34,female,270
1.0,census_2021_parish_age_sex_csv,532eb6d7a9a76b682ab056ba45f09f129bd768b71d45f7f7b0d587af95d8ff39,,2021-03-21,observed,csv_st_clement_female,csv_parish_age_sex_long_v1,St Clement,35-39,female,356
1.0,census_2021_parish_age_sex_csv,532eb6d7a9a76b682ab056ba45f09f129bd768b71d45f7f7b0d587af95d8ff39,,2021-03-21,observed,csv_st_clement_female,csv_parish_age_sex_long_v1,St Clement,40-44,female,368
1.0,census_2021_parish_age_sex_csv,532eb6d7a9a76b682ab056ba45f09f129bd768b71d45f7f7b0d587af95d8ff39,,2021-03-21,observed,csv_st_clement_female,csv_parish_age_sex_long_v1,St Clement,45-49,female,364
1.0,census_2021_parish_age_sex_csv,532eb6d7a9a76b682ab056ba45f09f129bd768b71d45f7f7b0d587af95d8ff39,,2021-03-21,observed,csv_st_clement_female,csv_parish_age_sex_long_v1,St Clement,50-54,female,381
1.0,census_2021_parish_age_sex_csv,532eb6d7a9a76b682ab056ba45f09f129bd768b71d45f7f7b0d587af95d8ff39,,2021-03-21,observed,csv_st_clement_female,csv_parish_age_sex_long_v1,St Clement,55-59,female,432
1.0,census_2021_parish_age_sex_csv,532eb6d7a9a76b682ab056ba45f09f129bd768b71d45f7f7b0d587af95d8ff39,,2021-03-21,observed,csv_st_clement_female,csv_parish_age_sex_long_v1,St Clement,60-64,female,345
1.0,census_2021_parish_age_sex_csv,532eb6d7a9a76b682ab056ba45f09f129bd768b71d45f7f7b0d587af95d8ff39,,2021-03-21,observed,csv_st_clement_female,csv_parish_age_sex_long_v1,St Clement,65-69,female,267
1.0,census_2021_parish_age_sex_csv,532eb6d7a9a76b682ab056ba45f09f129bd768b71d45f7f7b0d587af95d8ff39,,2021-03-21,observed,csv_st_clement_female,csv_parish_age_sex_long_v1,St Clement,70-74,female,247
1.0,census_2021_parish_age_sex_csv,532eb6d7a9a76b682ab056ba45f09f129bd768b71d45f7f7b0d587af95d8ff39,,2021-03-21,observed,csv_st_clement_female,csv_parish_age_sex_long_v1,St Clement,75-79,female,200
1.0,census_2021_parish_age_sex_csv,532eb6d7a9a76b682ab056ba45f09f129bd768b71d45f7f7b0d587af95d8ff39,,2021-03-21,observed,csv_st_clement_female,csv_parish_age_sex_long_v1,St Clement,80+,female,300
1.0,census_2021_parish_age_sex_csv,532eb6d7a9a76b682ab056ba45f09f129bd768b71d45f7f7b0d587af95d8ff39,,2021-03-21,observed,csv_st_clement_female,csv_parish_age_sex_long_v1,St Clement,All,female,5173
1.0,census_2021_parish_age_sex_csv,532eb6d7a9a76b682ab056ba45f09f129bd768b71d45f7f7b0d587af95d8ff39,,2021-03-21,observed,csv_st_clement_male,csv_parish_age_sex_long_v1,St Clement,<5,male,272
1.0,census_2021_parish_age_sex_csv,532eb6d7a9a76b682ab056ba45f09f129bd768b71d45f7f7b0d587af95d8ff39,,2021-03-21,observed,csv_st_clement_male,csv_parish_age_sex_long_v1,St Clement,5-9,male,288
1.0,census_2021_parish_age_sex_csv,532eb6d7a9a76b682ab056ba45f09f129bd768b71d45f7f7b0d587af95d8ff39,,2021-03-21,observed,csv_st_clement_male,csv_parish_age_sex_long_v1,St Clement,10-14,male,287
1.0,census_2021_parish_age_sex_csv,532eb6d7a9a76b682ab056ba45f09f129bd768b71d45f7f7b0d587af95d8ff39,,2021-03-21,observed,csv_st_clement_male,csv_parish_age_sex_long_v1,St Clement,15-19,male,308
1.0,census_2021_parish_age_sex_csv,532eb6d7a9a76b682ab056ba45f09f129bd768b71d45f7f7b0d587af95d8ff39,,2021-03-21,observed,csv_st_clement_male,csv_parish_age_sex_long_v1,St Clement,20-24,male,282
1.0,census_2021_parish_age_sex_csv,532eb6d7a9a76b682ab056ba45f09f129bd768b71d45f7f7b0d587af95d8ff39,,2021-03-21,observed,csv_st_clement_male,csv_parish_age_sex_long_v1,St Clement,25-29,male,221
1.0,census_2021_parish_age_sex_csv,532eb6d7a9a76b682ab056ba45f09f129bd768b71d45f7f7b0d587af95d8ff39,,2021-03-21,observed,csv_st_clement_male,csv_parish_age_sex_long_v1,St Clement,30-34,male,265
1.0,census_2021_parish_age_sex_csv,532eb6d7a9a76b682ab056ba45f09f129bd768b71d45f7f7b0d587af95d8ff39,,2021-03-21,observed,csv_st_clement_male,csv_parish_age_sex_long_v1,St Clement,35-39,male,277
1.0,census_2021_parish_age_sex_csv,532eb6d7a9a76b682ab056ba45f09f129bd768b71d45f7f7b0d587af95d8ff39,,2021-03-21,observed,csv_st_clement_male,csv_parish_age_sex_long_v1,St Clement,40-44,male,332
1.0,census_2021_parish_age_sex_csv,532eb6d7a9a76b682ab056ba45f09f129bd768b71d45f7f7b0d587af95d8ff39,,2021-03-21,observed,csv_st_clement_male,csv_parish_age_sex_long_v1,St Clement,45-49,male,335
1.0,census_2021_parish_age_sex_csv,532eb6d7a9a76b682ab056ba45f09f129bd768b71d45f7f7b0d587af95d8ff39,,2021-03-21,observed,csv_st_clement_male,csv_parish_age_sex_long_v1,St Clement,50-54,male,362
1.0,census_2021_parish_age_sex_csv,532eb6d7a9a76b682ab056ba45f09f129bd768b71d45f7f7b0d587af95d8ff39,,2021-03-21,observed,csv_st_clement_male,csv_parish_age_sex_long_v1,St Clement,55-59,male,390
1.0,census_2021_parish_age_sex_csv,532eb6d7a9a76b682ab056ba45f09f129bd768b71d45f7f7b0d587af95d8ff39,,2021-03-21,observed,csv_st_clement_male,csv_parish_age_sex_long_v1,St Clement,60-64,male,304
1.0,census_2021_parish_age_sex_csv,532eb6d7a9a76b682ab056ba45f09f129bd768b71d45f7f7b0d587af95d8ff39,,2021-03-21,observed,csv_st_clement_male,csv_parish_age_sex_long_v1,St Clement,65-69,male,223
1.0,census_2021_parish_age_sex_csv,532eb6d7a9a76b682ab056ba45f09f129bd768b71d45f7f7b0d587af95d8ff39,,2021-03-21,observed,csv_st_clement_male,csv_parish_age_sex_long_v1,St Clement,70-74,male,241
1.0,census_2021_parish_age_sex_csv,532eb6d7a9a76b682ab056ba45f09f129bd768b71d45f7f7b0d587af95d8ff39,,2021-03-21,observed,csv_st_clement_male,csv_parish_age_sex_long_v1,St Clement,75-79,male,140
1.0,census_2021_parish_age_sex_csv,532eb6d7a9a76b682ab056ba45f09f129bd768b71d45f7f7b0d587af95d8ff39,,2021-03-21,observed,csv_st_clement_male,csv_parish_age_sex_long_v1,St Clement,80+,male,225
1.0,census_2021_parish_age_sex_csv,532eb6d7a9a76b682ab056ba45f09f129bd768b71d45f7f7b0d587af95d8ff39,,2021-03-21,observed,csv_st_clement_male,csv_parish_age_sex_long_v1,St Clement,All,male,4752
1.0,census_2021_parish_age_sex_csv,532eb6d7a9a76b682ab056ba45f09f129bd768b71d45f7f7b0d587af95d8ff39,,2021-03-21,observed,csv_st_clement_all,csv_parish_age_sex_long_v1,St Clement,<5,all,527
1.0,census_2021_parish_age_sex_csv,532eb6d7a9a76b682ab056ba45f09f129bd768b71d45f7f7b0d587af95d8ff39,,2021-03-21,observed,csv_st_clement_all,csv_parish_age_sex_long_v1,St Clement,5-9,all,574
1.0,census_2021_parish_age_sex_csv,532eb6d7a9a76b682ab056ba45f09f129bd768b71d45f7f7b0d587af95d8ff39,,2021-03-21,observed,csv_st_clement_all,csv_parish_age_sex_long_v1,St Clement,10-14,all,578
1.0,census_2021_parish_age_sex_csv,532eb6d7a9a76b682ab056ba45f09f129bd768b71d45f7f7b0d587af95d8ff39,,2021-03-21,observed,csv_st_clement_all,csv_parish_age_sex_long_v1,St Clement,15-19,all,619
1.0,census_2021_parish_age_sex_csv,532eb6d7a9a76b682ab056ba45f09f129bd768b71d45f7f7b0d587af95d8ff39,,2021-03-21,observed,csv_st_clement_all,csv_parish_age_sex_long_v1,St Clement,20-24,all,528
1.0,census_2021_parish_age_sex_csv,532eb6d7a9a76b682ab056ba45f09f129bd768b71d45f7f7b0d587af95d8ff39,,2021-03-21,observed,csv_st_clement_all,csv_parish_age_sex_long_v1,St Clement,25-29,all,475
1.0,census_2021_parish_age_sex_csv,532eb6d7a9a76b682ab056ba45f09f129bd768b71d45f7f7b0d587af95d8ff39,,2021-03-21,observed,csv_st_clement_all,csv_parish_age_sex_long_v1,St Clement,30-34,all,535
1.0,census_2021_parish_age_sex_csv,532eb6d7a9a76b682ab056ba45f09f129bd768b71d45f7f7b0d587af95d8ff39,,2021-03-21,observed,csv_st_clement_all,csv_parish_age_sex_long_v1,St Clement,35-39,all,633
1.0,census_2021_parish_age_sex_csv,532eb6d7a9a76b682ab056ba45f09f129bd768b71d45f7f7b0d587af95d8ff39,,2021-03-21,observed,csv_st_clement_all,csv_parish_age_sex_long_v1,St Clement,40-44,all,700
1.0,census_2021_parish_age_sex_csv,532eb6d7a9a76b682ab056ba45f09f129bd768b71d45f7f7b0d587af95d8ff39,,2021-03-21,observed,csv_st_clement_all,csv_parish_age_sex_long_v1,St Clement,45-49,all,699
1.0,census_2021_parish_age_sex_csv,532eb6d7a9a76b682ab056ba45f09f129bd768b71d45f7f7b0d587af95d8ff39,,2021-03-21,observed,csv_st_clement_all,csv_parish_age_sex_long_v1,St Clement,50-54,all,743
1.0,census_2021_parish_age_sex_csv,532eb6d7a9a76b682ab056ba45f09f129bd768b71d45f7f7b0d587af95d8ff39,,2021-03-21,observed,csv_st_clement_all,csv_parish_age_sex_long_v1,St Clement,55-59,all,822
1.0,census_2021_parish_age_sex_csv,532eb6d7a9a76b682ab056ba45f09f129bd768b71d45f7f7b0d587af95d8ff39,,2021-03-21,observed,csv_st_clement_all,csv_parish_age_sex_long_v1,St Clement,60-64,all,649
1.0,census_2021_parish_age_sex_csv,532eb6d7a9a76b682ab056ba45f09f129bd768b71d45f7f7b0d587af95d8ff39,,2021-03-21,observed,csv_st_clement_all,csv_parish_age_sex_long_v1,St Clement,65-69,all,490
1.0,census_2021_parish_age_sex_csv,532eb6d7a9a76b682ab056ba45f09f129bd768b71d45f7f7b0d587af95d8ff39,,2021-03-21,observed,csv_st_clement_all,csv_parish_age_sex_long_v1,St Clement,70-74,all,488
1.0,census_2021_parish_age_sex_csv,532eb6d7a9a76b682ab056ba45f09f129bd768b71d45f7f7b0d587af95d8ff39,,2021-03-21,observed,csv_st_clement_all,csv_parish_age_sex_long_v1,St Clement,75-79,all,340
1.0,census_2021_parish_age_sex_csv,532eb6d7a9a76b682ab056ba45f09f129bd768b71d45f7f7b0d587af95d8ff39,,2021-03-21,observed,csv_st_clement_all,csv_parish_age_sex_long_v1,St Clement,80+,all,525
1.0,census_2021_parish_age_sex_csv,532eb6d7a9a76b682ab056ba45f09f129bd768b71d45f7f7b0d587af95d8ff39,,2021-03-21,observed,csv_st_clement_all,csv_parish_age_sex_long_v1,St Clement,All,all,9925
1.0,census_2021_parish_age_sex_csv,532eb6d7a9a76b682ab056ba45f09f129bd768b71d45f7f7b0d587af95d8ff39,,2021-03-21,observed,csv_st_helier_female,csv_parish_age_sex_long_v1,St Helier,<5,female,759
1.0,census_2021_parish_age_sex_csv,532eb6d7a9a76b682ab056ba45f09f129bd768b71d45f7f7b0d587af95d8ff39,,2021-03-21,observed,csv_st_helier_female,csv_parish_age_sex_long_v1,St Helier,5-9,female,847
1.0,census_2021_parish_age_sex_csv,532eb6d7a9a76b682ab056ba45f09f129bd768b71d45f7f7b0d587af95d8ff39,,2021-03-21,observed,csv_st_helier_female,csv_parish_age_sex_long_v1,St Helier,10-14,female,746
1.0,census_2021_parish_age_sex_csv,532eb6d7a9a76b682ab056ba45f09f129bd768b71d45f7f7b0d587af95d8ff39,,2021-03-21,observed,csv_st_helier_female,csv_parish_age_sex_long_v1,St Helier,15-19,female,727
1.0,census_2021_parish_age_sex_csv,532eb6d7a9a76b682ab056ba45f09f129bd768b71d45f7f7b0d587af95d8ff39,,2021-03-21,observed,csv_st_helier_female,csv_parish_age_sex_long_v1,St Helier,20-24,female,1066
1.0,census_2021_parish_age_sex_csv,532eb6d7a9a76b682ab056ba45f09f129bd768b71d45f7f7b0d587af95d8ff39,,2021-03-21,observed,csv_st_helier_female,csv_parish_age_sex_long_v1,St Helier,25-29,female,1438
1.0,census_2021_parish_age_sex_csv,532eb6d7a9a76b682ab056ba45f09f129bd768b71d45f7f7b0d587af95d8ff39,,2021-03-21,observed,csv_st_helier_female,csv_parish_age_sex_long_v1,St Helier,30-34,female,1589
1.0,census_2021_parish_age_sex_csv,532eb6d7a9a76b682ab056ba45f09f129bd768b71d45f7f7b0d587af95d8ff39,,2021-03-21,observed,csv_st_helier_female,csv_parish_age_sex_long_v1,St Helier,35-39,female,1466
1.0,census_2021_parish_age_sex_csv,532eb6d7a9a76b682ab056ba45f09f129bd768b71d45f7f7b0d587af95d8ff39,,2021-03-21,observed,csv_st_helier_female,csv_parish_age_sex_long_v1,St Helier,40-44,female,1341
1.0,census_2021_parish_age_sex_csv,532eb6d7a9a76b682ab056ba45f09f129bd768b71d45f7f7b0d587af95d8ff39,,2021-03-21,observed,csv_st_helier_female,csv_parish_age_sex_long_v1,St Helier,45-49,female,1322
1.0,census_2021_parish_age_sex_csv,532eb6d7a9a76b682ab056ba45f09f129bd768b71d45f7f7b0d587af95d8ff39,,2021-03-21,observed,csv_st_helier_female,csv_parish_age_sex_long_v1,St Helier,50-54,female,1419
1.0,census_2021_parish_age_sex_csv,532eb6d7a9a76b682ab056ba45f09f129bd768b71d45f7f7b0d587af95d8ff39,,2021-03-21,observed,csv_st_helier_female,csv_parish_age_sex_long_v1,St Helier,55-59,female,1294
1.0,census_2021_parish_age_sex_csv,532eb6d7a9a76b682ab056ba45f09f129bd768b71d45f7f7b0d587af95d8ff39,,2021-03-21,observed,csv_st_helier_female,csv_parish_age_sex_long_v1,St Helier,60-64,female,1095
1.0,census_2021_parish_age_sex_csv,532eb6d7a9a76b682ab056ba45f09f129bd768b71d45f7f7b0d587af95d8ff39,,2021-03-21,observed,csv_st_helier_female,csv_parish_age_sex_long_v1,St Helier,65-69,female,838
1.0,census_2021_parish_age_sex_csv,532eb6d7a9a76b682ab056ba45f09f129bd768b71d45f7f7b0d587af95d8ff39,,2021-03-21,observed,csv_st_helier_female,csv_parish_age_sex_long_v1,St Helier,70-74,female,618
1.0,census_2021_parish_age_sex_csv,532eb6d7a9a76b682ab056ba45f09f129bd768b71d45f7f7b0d587af95d8ff39,,2021-03-21,observed,csv_st_helier_female,csv_parish_age_sex_long_v1,St Helier,75-79,female,470
1.0,census_2021_parish_age_sex_csv,532eb6d7a9a76b682ab056ba45f09f129bd768b71d45f7f7b0d587af95d8ff39,,2021-03-21,observed,csv_st_helier_female,csv_parish_age_sex_long_v1,St Helier,80+,female,775
1.0,census_2021_parish_age_sex_csv,532eb6d7a9a76b682ab056ba45f09f129bd768b71d45f7f7b0d587af95d8ff39,,2021-03-21,observed,csv_st_helier_female,csv_parish_age_sex_long_v1,St Helier,All,female,17810
1.0,census_2021_parish_age_sex_csv,532eb6d7a9a76b682ab056ba45f09f129bd768b71d45f7f7b0d587af95d8ff39,,2021-03-21,observed,csv_st_helier_male,csv_parish_age_sex_long_v1,St Helier,<5,male,886
1.0,census_2021_parish_age_sex_csv,532eb6d7a9a76b682ab056ba45f09f129bd768b71d45f7f7b0d587af95d8ff39,,2021-03-21,observed,csv_st_helier_male,csv_parish_age_sex_long_v1,St Helier,5-9,male,807
1.0,census_2021_parish_age_sex_csv,532eb6d7a9a76b682ab056ba45f09f129bd768b71d45f7f7b0d587af95d8ff39,,2021-03-21,observed,csv_st_helier_male,csv_parish_age_sex_long_v1,St Helier,10-14,male,751
1.0,census_2021_parish_age_sex_csv,532eb6d7a9a76b682ab056ba45f09f129bd768b71d45f7f7b0d587af95d8ff39,,2021-03-21,observed,csv_st_helier_male,csv_parish_age_sex_long_v1,St Helier,15-19,male,737
1.0,census_2021_parish_age_sex_csv,532eb6d7a9a76b682ab056ba45f09f129bd768b71d45f7f7b0d587af95d8ff39,,2021-03-21,observed,csv_st_helier_male,csv_parish_age_sex_long_v1,St Helier,20-24,male,1057
1.0,census_2021_parish_age_sex_csv,532eb6d7a9a76b682ab056ba45f09f129bd768b71d45f7f7b0d587af95d8ff39,,2021-03-21,observed,csv_st_helier_male,csv_parish_age_sex_long_v1,St Helier,25-29,male,1497
1.0,census_2021_parish_age_sex_csv,532eb6d7a9a76b682ab056ba45f09f129bd768b71d45f7f7b0d587af95d8ff39,,2021-03-21,observed,csv_st_helier_male,csv_parish_age_sex_long_v1,St Helier,30-34,male,1606
1.0,census_2021_parish_age_sex_csv,532eb6d7a9a76b682ab056ba45f09f129bd768b71d45f7f7b0d587af95d8ff39,,2021-03-21,observed,csv_st_helier_male,csv_parish_age_sex_long_v1,St Helier,35-39,male,1604
1.0,census_2021_parish_age_sex_csv,532eb6d7a9a76b682ab056ba45f09f129bd768b71d45f7f7b0d587af95d8ff39,,2021-03-21,observed,csv_st_helier_male,csv_parish_age_sex_long_v1,St Helier,40-44,male,1432
1.0,census_2021_parish_age_sex_csv,532eb6d7a9a76b682ab056ba45f09f129bd768b71d45f7f7b0d587af95d8ff39,,2021-03-21,observed,csv_st_helier_male,csv_parish_age_sex_long_v1,St Helier,45-49,male,1316
1.0,census_2021_parish_age_sex_csv,532eb6d7a9a76b682ab056ba45f09f129bd768b71d45f7f7b0d587af95d8ff39,,2021-03-21,observed,csv_st_helier_male,csv_parish_age_sex_long_v1,St Helier,50-54,male,1488
1.0,census_2021_parish_age_sex_csv,532eb6d7a9a76b682ab056ba45f09f129bd768b71d45f7f7b0d587af95d8ff39,,2021-03-21,observed,csv_st_helier_male,csv_parish_age_sex_long_v1,St Helier,55-59,male,1461
1.0,census_2021_parish_age_sex_csv,532eb6d7a9a76b682ab056ba45f09f129bd768b71d45f7f7b0d587af95d8ff39,,2021-03-21,observed,csv_st_helier_male,csv_parish_age_sex_long_v1,St Helier,60-64,male,1088
1.0,census_2021_parish_age_sex_csv,532eb6d7a9a76b682ab056ba45f09f129bd768b71d45f7f7b0d587af95d8ff39,,2021-03-21,observed,csv_st_helier_male,csv_parish_age_sex_long_v1,St Helier,65-69,male,780
1.0,census_2021_parish_age_sex_csv,532eb6d7a9a76b682ab056ba45f09f129bd768b71d45f7f7b0d587af95d8ff39,,2021-03-21,observed,csv_st_helier_male,csv_parish_age_sex_long_v1,St Helier,70-74,male,610
1.0,census_2021_parish_age_sex_csv,532eb6d7a9a76b682ab056ba45f09f129bd768b71d45f7f7b0d587af95d8ff39,,2021-03-21,observed,csv_st_helier_male,csv_parish_age_sex_long_v1,St Helier,75-79,male,405
1.0,census_2021_parish_age_sex_csv,532eb6d7a9a76b682ab056ba45f09f129bd768b71d45f7f7b0d587af95d8ff39,,2021-03-21,observed,csv_st_helier_male,csv_parish_age_sex_long_v1,St Helier,80+,male,487
1.0,census_2021_parish_age_sex_csv,532eb6d7a9a76b682ab056ba45f09f129bd768b71d45f7f7b0d587af95d8ff39,,2021-03-21,observed,csv_st_helier_male,csv_parish_age_sex_long_v1,St Helier,All,male,18012
1.0,census_2021_parish_age_sex_csv,532eb6d7a9a76b682ab056ba45f09f129bd768b71d45f7f7b0d587af95d8ff39,,2021-03-21,observed,csv_st_helier_all,csv_parish_age_sex_long_v1,St Helier,<5,all,1645
1.0,census_2021_parish_age_sex_csv,532eb6d7a9a76b682ab056ba45f09f129bd768b71d45f7f7b0d587af95d8ff39,,2021-03-21,observed,csv_st_helier_all,csv_parish_age_sex_long_v1,St Helier,5-9,all,1654
1.0,census_2021_parish_age_sex_csv,532eb6d7a9a76b682ab056ba45f09f129bd768b71d45f7f7b0d587af95d8ff39,,2021-03-21,observed,csv_st_helier_all,csv_parish_age_sex_long_v1,St Helier,10-14,all,1497
1.0,census_2021_parish_age_sex_csv,532eb6d7a9a76b682ab056ba45f09f129bd768b71d45f7f7b0d587af95d8ff39,,2021-03-21,observed,csv_st_helier_all,csv_parish_age_sex_long_v1,St Helier,15-19,all,1464
1.0,census_2021_parish_age_sex_csv,532eb6d7a9a76b682ab056ba45f09f129bd768b71d45f7f7b0d587af95d8ff39,,2021-03-21,observed,csv_st_helier_all,csv_parish_age_sex_long_v1,St Helier,20-24,all,2123
1.0,census_2021_parish_age_sex_csv,532eb6d7a9a76b682ab056ba45f09f129bd768b71d45f7f7b0d587af95d8ff39,,2021-03-21,observed,csv_st_helier_all,csv_parish_age_sex_long_v1,St Helier,25-29,all,2935
1.0,census_2021_parish_age_sex_csv,532eb6d7a9a76b682ab056ba45f09f129bd768b71d45f7f7b0d587af95d8ff39,,2021-03-21,observed,csv_st_helier_all,csv_parish_age_sex_long_v1,St Helier,30-34,all,3195
1.0,census_2021_parish_age_sex_csv,532eb6d7a9a76b682ab056ba45f09f129bd768b71d45f7f7b0d587af95d8ff39,,2021-03-21,observed,csv_st_helier_all,csv_parish_age_sex_long_v1,St Helier,35-39,all,3070
1.0,census_2021_parish_age_sex_csv,532eb6d7a9a76b682ab056ba45f09f129bd768b71d45f7f7b0d587af95d8ff39,,2021-03-21,observed,csv_st_helier_all,csv_parish_age_sex_long_v1,St Helier,40-44,all,2773
1.0,census_2021_parish_age_sex_csv,532eb6d7a9a76b682ab056ba45f09f129bd768b71d45f7f7b0d587af95d8ff39,,2021-03-21,observed,csv_st_helier_all,csv_parish_age_sex_long_v1,St Helier,45-49,all,2638
1.0,census_2021_parish_age_sex_csv,532eb6d7a9a76b682ab056ba45f09f129bd768b71d45f7f7b0d587af95d8ff39,,2021-03-21,observed,csv_st_helier_all,csv_parish_age_sex_long_v1,St Helier,50-54,all,2907
1.0,census_2021_parish_age_sex_csv,532eb6d7a9a76b682ab056ba45f09f129bd768b71d45f7f7b0d587af95d8ff39,,2021-03-21,observed,csv_st_helier_all,csv_parish_age_sex_long_v1,St Helier,55-59,all,2755
1.0,census_2021_parish_age_sex_csv,532eb6d7a9a76b682ab056ba45f09f129bd768b71d45f7f7b0d587af95d8ff39,,2021-03-21,observed,csv_st_helier_all,csv_parish_age_sex_long_v1,St Helier,60-64,all,2183
1.0,census_2021_parish_age_sex_csv,532eb6d7a9a76b682ab056ba45f09f129bd768b71d45f7f7b0d587af95d8ff39,,2021-03-21,observed,csv_st_helier_all,csv_parish_age_sex_long_v1,St Helier,65-69,all,1618
1.0,census_2021_parish_age_sex_csv,532eb6d7a9a76b682ab056ba45f09f129bd768b71d45f7f7b0d587af95d8ff39,,2021-03-21,observed,csv_st_helier_all,csv_parish_age_sex_long_v1,St Helier,70-74,all,1228
1.0,census_2021_parish_age_sex_csv,532eb6d7a9a76b682ab056ba45f09f129bd768b71d45f7f7b0d587af95d8ff39,,2021-03-21,observed,csv_st_helier_all,csv_parish_age_sex_long_v1,St Helier,75-79,all,875
1.0,census_2021_parish_age_sex_csv,532eb6d7a9a76b682ab056ba45f09f129bd768b71d45f7f7b0d587af95d8ff39,,2021-03-21,observed,csv_st_helier_all,csv_parish_age_sex_long_v1,St Helier,80+,all,1262
1.0,census_2021_parish_age_sex_csv,532eb6d7a9a76b682ab056ba45f09f129bd768b71d45f7f7b0d587af95d8ff39,,2021-03-21,observed,csv_st_helier_all,csv_parish_age_sex_long_v1,St Helier,All,all,35822
1.0,census_2021_parish_age_sex_csv,532eb6d7a9a76b682ab056ba45f09f129bd768b71d45f7f7b0d587af95d8ff39,,2021-03-21,observed,csv_st_john_female,csv_parish_age_sex_long_v1,St John,<5,female,57
1.0,census_2021_parish_age_sex_csv,532eb6d7a9a76b682ab056ba45f09f129bd768b71d45f7f7b0d587af95d8ff39,,2021-03-21,observed,csv_st_john_female,csv_parish_age_sex_long_v1,St John,5-9,female,73
1.0,census_2021_parish_age_sex_csv,532eb6d7a9a76b682ab056ba45f09f129bd768b71d45f7f7b0d587af95d8ff39,,2021-03-21,observed,csv_st_john_female,csv_parish_age_sex_long_v1,St John,10-14,female,91
1.0,census_2021_parish_age_sex_csv,532eb6d7a9a76b682ab056ba45f09f129bd768b71d45f7f7b0d587af95d8ff39,,2021-03-21,observed,csv_st_john_female,csv_parish_age_sex_long_v1,St John,15-19,female,81
1.0,census_2021_parish_age_sex_csv,532eb6d7a9a76b682ab056ba45f09f129bd768b71d45f7f7b0d587af95d8ff39,,2021-03-21,observed,csv_st_john_female,csv_parish_age_sex_long_v1,St John,20-24,female,74
1.0,census_2021_parish_age_sex_csv,532eb6d7a9a76b682ab056ba45f09f129bd768b71d45f7f7b0d587af95d8ff39,,2021-03-21,observed,csv_st_john_female,csv_parish_age_sex_long_v1,St John,25-29,female,67
1.0,census_2021_parish_age_sex_csv,532eb6d7a9a76b682ab056ba45f09f129bd768b71d45f7f7b0d587af95d8ff39,,2021-03-21,observed,csv_st_john_female,csv_parish_age_sex_long_v1,St John,30-34,female,60
1.0,census_2021_parish_age_sex_csv,532eb6d7a9a76b682ab056ba45f09f129bd768b71d45f7f7b0d587af95d8ff39,,2021-03-21,observed,csv_st_john_female,csv_parish_age_sex_long_v1,St John,35-39,female,80
1.0,census_2021_parish_age_sex_csv,532eb6d7a9a76b682ab056ba45f09f129bd768b71d45f7f7b0d587af95d8ff39,,2021-03-21,observed,csv_st_john_female,csv_parish_age_sex_long_v1,St John,40-44,female,120
1.0,census_2021_parish_age_sex_csv,532eb6d7a9a76b682ab056ba45f09f129bd768b71d45f7f7b0d587af95d8ff39,,2021-03-21,observed,csv_st_john_female,csv_parish_age_sex_long_v1,St John,45-49,female,99
1.0,census_2021_parish_age_sex_csv,532eb6d7a9a76b682ab056ba45f09f129bd768b71d45f7f7b0d587af95d8ff39,,2021-03-21,observed,csv_st_john_female,csv_parish_age_sex_long_v1,St John,50-54,female,145
1.0,census_2021_parish_age_sex_csv,532eb6d7a9a76b682ab056ba45f09f129bd768b71d45f7f7b0d587af95d8ff39,,2021-03-21,observed,csv_st_john_female,csv_parish_age_sex_long_v1,St John,55-59,female,133
1.0,census_2021_parish_age_sex_csv,532eb6d7a9a76b682ab056ba45f09f129bd768b71d45f7f7b0d587af95d8ff39,,2021-03-21,observed,csv_st_john_female,csv_parish_age_sex_long_v1,St John,60-64,female,94
1.0,census_2021_parish_age_sex_csv,532eb6d7a9a76b682ab056ba45f09f129bd768b71d45f7f7b0d587af95d8ff39,,2021-03-21,observed,csv_st_john_female,csv_parish_age_sex_long_v1,St John,65-69,female,73
1.0,census_2021_parish_age_sex_csv,532eb6d7a9a76b682ab056ba45f09f129bd768b71d45f7f7b0d587af95d8ff39,,2021-03-21,observed,csv_st_john_female,csv_parish_age_sex_long_v1,St John,70-74,female,89
1.0,census_2021_parish_age_sex_csv,532eb6d7a9a76b682ab056ba45f09f129bd768b71d45f7f7b0d587af95d8ff39,,2021-03-21,observed,csv_st_john_female,csv_parish_age_sex_long_v1,St John,75-79,female,81
1.0,census_2021_parish_age_sex_csv,532eb6d7a9a76b682ab056ba45f09f129bd768b71d45f7f7b0d587af95d8ff39,,2021-03-21,observed,csv_st_john_female,csv_parish_age_sex_long_v1,St John,80+,female,102
1.0,census_2021_parish_age_sex_csv,532eb6d7a9a76b682ab056ba45f09f129bd768b71d45f7f7b0d587af95d8ff39,,2021-03-21,observed,csv_st_john_female,csv_parish_age_sex_long_v1,St John,All,female,1519
1.0,census_2021_parish_age_sex_csv,532eb6d7a9a76b682ab056ba45f09f129bd768b71d45f7f7b0d587af95d8ff39,,2021-03-21,observed,csv_st_john_male,csv_parish_age_sex_long_v1,St John,<5,male,77
1.0,census_2021_parish_age_sex_csv,532eb6d7a9a76b682ab056ba45f09f129bd768b71d45f7f7b0d587af95d8ff39,,2021-03-21,observed,csv_st_john_male,csv_parish_age_sex_long_v1,St John,5-9,male,94
1.0,census_2021_parish_age_sex_csv,532eb6d7a9a76b682ab056ba45f09f129bd768b71d45f7f7b0d587af95d8ff39,,2021-03-21,observed,csv_st_john_male,csv_parish_age_sex_long_v1,St John,10-14,male,80
1.0,census_2021_parish_age_sex_csv,532eb6d7a9a76b682ab056ba45f09f129bd768b71d45f7f7b0d587af95d8ff39,,2021-03-21,observed,csv_st_john_male,csv_parish_age_sex_long_v1,St John,15-19,male,94
1.0,census_2021_parish_age_sex_csv,532eb6d7a9a76b682ab056ba45f09f129bd768b71d45f7f7b0d587af95d8ff39,,2021-03-21,observed,csv_st_john_male,csv_parish_age_sex_long_v1,St John,20-24,male,100
1.0,census_2021_parish_age_sex_csv,532eb6d7a9a76b682ab056ba45f09f129bd768b71d45f7f7b0d587af95d8ff39,,2021-03-21,observed,csv_st_john_male,csv_parish_age_sex_long_v1,St John,25-29,male,80
1.0,census_2021_parish_age_sex_csv,532eb6d7a9a76b682ab056ba45f09f129bd768b71d45f7f7b0d587af95d8ff39,,2021-03-21,observed,csv_st_john_male,csv_parish_age_sex_long_v1,St John,30-34,male,60
1.0,census_2021_parish_age_sex_csv,532eb6d7a9a76b682ab056ba45f09f129bd768b71d45f7f7b0d587af95d8ff39,,2021-03-21,observed,csv_st_john_male,csv_parish_age_sex_long_v1,St John,35-39,male,86
1.0,census_2021_parish_age_sex_csv,532eb6d7a9a76b682ab056ba45f09f129bd768b71d45f7f7b0d587af95d8ff39,,2021-03-21,observed,csv_st_john_male,csv_parish_age_sex_long_v1,St John,40-44,male,93
1.0,census_2021_parish_age_sex_csv,532eb6d7a9a76b682ab056ba45f09f129bd768b71d45f7f7b0d587af95d8ff39,,2021-03-21,observed,csv_st_john_male,csv_parish_age_sex_long_v1,St John,45-49,male,122
1.0,census_2021_parish_age_sex_csv,532eb6d7a9a76b682ab056ba45f09f129bd768b71d45f7f7b0d587af95d8ff39,,2021-03-21,observed,csv_st_john_male,csv_parish_age_sex_long_v1,St John,50-54,male,117
1.0,census_2021_parish_age_sex_csv,532eb6d7a9a76b682ab056ba45f09f129bd768b71d45f7f7b0d587af95d8ff39,,2021-03-21,observed,csv_st_john_male,csv_parish_age_sex_long_v1,St John,55-59,male,141
1.0,census_2021_parish_age_sex_csv,532eb6d7a9a76b682ab056ba45f09f129bd768b71d45f7f7b0d587af95d8ff39,,2021-03-21,observed,csv_st_john_male,csv_parish_age_sex_long_v1,St John,60-64,male,111
1.0,census_2021_parish_age_sex_csv,532eb6d7a9a76b682ab056ba45f09f129bd768b71d45f7f7b0d587af95d8ff39,,2021-03-21,observed,csv_st_john_male,csv_parish_age_sex_long_v1,St John,65-69,male,73
1.0,census_2021_parish_age_sex_csv,532eb6d7a9a76b682ab056ba45f09f129bd768b71d45f7f7b0d587af95d8ff39,,2021-03-21,observed,csv_st_john_male,csv_parish_age_sex_long_v1,St John,70-74,male,73
1.0,census_2021_parish_age_sex_csv,532eb6d7a9a76b682ab056ba45f09f129bd768b71d45f7f7b0d587af95d8ff39,,2021-03-21,observed,csv_st_john_male,csv_parish_age_sex_long_v1,St John,75-79,male,54
1.0,census_2021_parish_age_sex_csv,532eb6d7a9a76b682ab056ba45f09f129bd768b71d45f7f7b0d587af95d8ff39,,2021-03-21,observed,csv_st_john_male,csv_parish_age_sex_long_v1,St John,80+,male,77
1.0,census_2021_parish_age_sex_csv,532eb6d7a9a76b682ab056ba45f09f129bd768b71d45f7f7b0d587af95d8ff39,,2021-03-21,observed,csv_st_john_male,csv_parish_age_sex_long_v1,St John,All,male,1532
1.0,census_2021_parish_age_sex_csv,532eb6d7a9a76b682ab056ba45f09f129bd768b71d45f7f7b0d587af95d8ff39,,2021-03-21,observed,csv_st_john_all,csv_parish_age_sex_long_v1,St John,<5,all,134
1.0,census_2021_parish_age_sex_csv,532eb6d7a9a76b682ab056ba45f09f129bd768b71d45f7f7b0d587af95d8ff39,,2021-03-21,observed,csv_st_john_all,csv_parish_age_sex_long_v1,St John,5-9,all,167
1.0,census_2021_parish_age_sex_csv,532eb6d7a9a76b682ab056ba45f09f129bd768b71d45f7f7b0d587af95d8ff39,,2021-03-21,observed,csv_st_john_all,csv_parish_age_sex_long_v1,St John,10-14,all,171
1.0,census_2021_parish_age_sex_csv,532eb6d7a9a76b682ab056ba45f09f129bd768b71d45f7f7b0d587af95d8ff39,,2021-03-21,observed,csv_st_john_all,csv_parish_age_sex_long_v1,St John,15-19,all,175
1.0,census_2021_parish_age_sex_csv,532eb6d7a9a76b682ab056ba45f09f129bd768b71d45f7f7b0d587af95d8ff39,,2021-03-21,observed,csv_st_john_all,csv_parish_age_sex_long_v1,St John,20-24,all,174
1.0,census_2021_parish_age_sex_csv,532eb6d7a9a76b682ab056ba45f09f129bd768b71d45f7f7b0d587af95d8ff39,,2021-03-21,observed,csv_st_john_all,csv_parish_age_sex_long_v1,St John,25-29,all,147
1.0,census_2021_parish_age_sex_csv,532eb6d7a9a76b682ab056ba45f09f129bd768b71d45f7f7b0d587af95d8ff39,,2021-03-21,observed,csv_st_john_all,csv_parish_age_sex_long_v1,St John,30-34,all,120
1.0,census_2021_parish_age_sex_csv,532eb6d7a9a76b682ab056ba45f09f129bd768b71d45f7f7b0d587af95d8ff39,,2021-03-21,observed,csv_st_john_all,csv_parish_age_sex_long_v1,St John,35-39,all,166
1.0,census_2021_parish_age_sex_csv,532eb6d7a9a76b682ab056ba45f09f129bd768b71d45f7f7b0d587af95d8ff39,,2021-03-21,observed,csv_st_john_all,csv_parish_age_sex_long_v1,St John,40-44,all,213
1.0,census_2021_parish_age_sex_csv,532eb6d7a9a76b682ab056ba45f09f129bd768b71d45f7f7b0d587af95d8ff39,,2021-03-21,observed,csv_st_john_all,csv_parish_age_sex_long_v1,St John,45-49,all,221
1.0,census_2021_parish_age_sex_csv,532eb6d7a9a76b682ab056ba45f09f129bd768b71d45f7f7b0d587af95d8ff39,,2021-03-21,observed,csv_st_john_all,csv_parish_age_sex_long_v1,St John,50-54,all,262
1.0,census_2021_parish_age_sex_csv,532eb6d7a9a76b682ab056ba45f09f129bd768b71d45f7f7b0d587af95d8ff39,,2021-03-21,observed,csv_st_john_all,csv_parish_age_sex_long_v1,St John,55-59,all,274
1.0,census_2021_parish_age_sex_csv,532eb6d7a9a76b682ab056ba45f09f129bd768b71d45f7f7b0d587af95d8ff39,,2021-03-21,observed,csv_st_john_all,csv_parish_age_sex_long_v1,St John,60-64,all,205
1.0,census_2021_parish_age_sex_csv,532eb6d7a9a76b682ab056ba45f09f129bd768b71d45f7f7b0d587af95d8ff39,,2021-03-21,observed,csv_st_john_all,csv_parish_age_sex_long_v1,St John,65-69,all,146
1.0,census_2021_parish_age_sex_csv,532eb6d7a9a76b682ab056ba45f09f129bd768b71d45f7f7b0d587af95d8ff39,,2021-03-21,observed,csv_st_john_all,csv_parish_age_sex_long_v1,St John,70-74,all,162
1.0,census_2021_parish_age_sex_csv,532eb6d7a9a76b682ab056ba45f09f129bd768b71d45f7f7b0d587af95d8ff39,,2021-03-21,observed,csv_st_john_all,csv_parish_age_sex_long_v1,St John,75-79,all,135
1.0,census_2021_parish_age_sex_csv,532eb6d7a9a76b682ab056ba45f09f129bd768b71d45f7f7b0d587af95d8ff39,,2021-03-21,observed,csv_st_john_all,csv_parish_age_sex_long_v1,St John,80+,all,179
1.0,census_2021_parish_age_sex_csv,532eb6d7a9a76b682ab056ba45f09f129bd768b71d45f7f7b0d587af95d8ff39,,2021-03-21,observed,csv_st_john_all,csv_parish_age_sex_long_v1,St John,All,all,3051
1.0,census_2021_parish_age_sex_csv,532eb6d7a9a76b682ab056ba45f09f129bd768b71d45f7f7b0d587af95d8ff39,,2021-03-21,observed,csv_st_lawrence_female,csv_parish_age_sex_long_v1,St Lawrence,<5,female,127
1.0,census_2021_parish_age_sex_csv,532eb6d7a9a76b682ab056ba45f09f129bd768b71d45f7f7b0d587af95d8ff39,,2021-03-21,observed,csv_st_lawrence_female,csv_parish_age_sex_long_v1,St Lawrence,5-9,female,132
1.0,census_2021_parish_age_sex_csv,532eb6d7a9a76b682ab056ba45f09f129bd768b71d45f7f7b0d587af95d8ff39,,2021-03-21,observed,csv_st_lawrence_female,csv_parish_age_sex_long_v1,St Lawrence,10-14,female,176
1.0,census_2021_parish_age_sex_csv,532eb6d7a9a76b682ab056ba45f09f129bd768b71d45f7f7b0d587af95d8ff39,,2021-03-21,observed,csv_st_lawrence_female,csv_parish_age_sex_long_v1,St Lawrence,15-19,female,151
1.0,census_2021_parish_age_sex_csv,532eb6d7a9a76b682ab056ba45f09f129bd768b71d45f7f7b0d587af95d8ff39,,2021-03-21,observed,csv_st_lawrence_female,csv_parish_age_sex_long_v1,St Lawrence,20-24,female,123
1.0,census_2021_parish_age_sex_csv,532eb6d7a9a76b682ab056ba45f09f129bd768b71d45f7f7b0d587af95d8ff39,,2021-03-21,observed,csv_st_lawrence_female,csv_parish_age_sex_long_v1,St Lawrence,25-29,female,125
1.0,census_2021_parish_age_sex_csv,532eb6d7a9a76b682ab056ba45f09f129bd768b71d45f7f7b0d587af95d8ff39,,2021-03-21,observed,csv_st_lawrence_female,csv_parish_age_sex_long_v1,St Lawrence,30-34,female,143
1.0,census_2021_parish_age_sex_csv,532eb6d7a9a76b682ab056ba45f09f129bd768b71d45f7f7b0d587af95d8ff39,,2021-03-21,observed,csv_st_lawrence_female,csv_parish_age_sex_long_v1,St Lawrence,35-39,female,190
1.0,census_2021_parish_age_sex_csv,532eb6d7a9a76b682ab056ba45f09f129bd768b71d45f7f7b0d587af95d8ff39,,2021-03-21,observed,csv_st_lawrence_female,csv_parish_age_sex_long_v1,St Lawrence,40-44,female,194
1.0,census_2021_parish_age_sex_csv,532eb6d7a9a76b682ab056ba45f09f129bd768b71d45f7f7b0d587af95d8ff39,,2021-03-21,observed,csv_st_lawrence_female,csv_parish_age_sex_long_v1,St Lawrence,45-49,female,230
1.0,census_2021_parish_age_sex_csv,532eb6d7a9a76b682ab056ba45f09f129bd768b71d45f7f7b0d587af95d8ff39,,2021-03-21,observed,csv_st_lawrence_female,csv_parish_age_sex_long_v1,St Lawrence,50-54,female,233
1.0,census_2021_parish_age_sex_csv,532eb6d7a9a76b682ab056ba45f09f129bd768b71d45f7f7b0d587af95d8ff39,,2021-03-21,observed,csv_st_lawrence_female,csv_parish_age_sex_long_v1,St Lawrence,55-59,female,221
1.0,census_2021_parish_age_sex_csv,532eb6d7a9a76b682ab056ba45f09f129bd768b71d45f7f7b0d587af95d8ff39,,2021-03-21,observed,csv_st_lawrence_female,csv_parish_age_sex_long_v1,St Lawrence,60-64,female,214
1.0,census_2021_parish_age_sex_csv,532eb6d7a9a76b682ab056ba45f09f129bd768b71d45f7f7b0d587af95d8ff39,,2021-03-21,observed,csv_st_lawrence_female,csv_parish_age_sex_long_v1,St Lawrence,65-69,female,161
1.0,census_2021_parish_age_sex_csv,532eb6d7a9a76b682ab056ba45f09f129bd768b71d45f7f7b0d587af95d8ff39,,2021-03-21,observed,csv_st_lawrence_female,csv_parish_age_sex_long_v1,St Lawrence,70-74,female,171
1.0,census_2021_parish_age_sex_csv,532eb6d7a9a76b682ab056ba45f09f129bd768b71d45f7f7b0d587af95d8ff39,,2021-03-21,observed,csv_st_lawrence_female,csv_parish_age_sex_long_v1,St Lawrence,75-79,female,88
1.0,census_2021_parish_age_sex_csv,532eb6d7a9a76b682ab056ba45f09f129bd768b71d45f7f7b0d587af95d8ff39,,2021-03-21,observed,csv_st_lawrence_female,csv_parish_age_sex_long_v1,St Lawrence,80+,female,189
1.0,census_2021_parish_age_sex_csv,532eb6d7a9a76b682ab056ba45f09f129bd768b71d45f7f7b0d587af95d8ff39,,2021-03-21,observed,csv_st_lawrence_female,csv_parish_age_sex_long_v1,St Lawrence,All,female,2868
1.0,census_2021_parish_age_sex_csv,532eb6d7a9a76b682ab056ba45f09f129bd768b71d45f7f7b0d587af95d8ff39,,2021-03-21,observed,csv_st_lawrence_male,csv_parish_age_sex_long_v1,St Lawrence,<5,male,133
1.0,census_2021_parish_age_sex_csv,532eb6d7a9a76b682ab056ba45f09f129bd768b71d45f7f7b0d587af95d8ff39,,2021-03-21,observed,csv_st_lawrence_male,csv_parish_age_sex_long_v1,St Lawrence,5-9,male,144
1.0,census_2021_parish_age_sex_csv,532eb6d7a9a76b682ab056ba45f09f129bd768b71d45f7f7b0d587af95d8ff39,,2021-03-21,observed,csv_st_lawrence_male,csv_parish_age_sex_long_v1,St Lawrence,10-14,male,154
1.0,census_2021_parish_age_sex_csv,532eb6d7a9a76b682ab056ba45f09f129bd768b71d45f7f7b0d587af95d8ff39,,2021-03-21,observed,csv_st_lawrence_male,csv_parish_age_sex_long_v1,St Lawrence,15-19,male,160
1.0,census_2021_parish_age_sex_csv,532eb6d7a9a76b682ab056ba45f09f129bd768b71d45f7f7b0d587af95d8ff39,,2021-03-21,observed,csv_st_lawrence_male,csv_parish_age_sex_long_v1,St Lawrence,20-24,male,142
1.0,census_2021_parish_age_sex_csv,532eb6d7a9a76b682ab056ba45f09f129bd768b71d45f7f7b0d587af95d8ff39,,2021-03-21,observed,csv_st_lawrence_male,csv_parish_age_sex_long_v1,St Lawrence,25-29,male,110
1.0,census_2021_parish_age_sex_csv,532eb6d7a9a76b682ab056ba45f09f129bd768b71d45f7f7b0d587af95d8ff39,,2021-03-21,observed,csv_st_lawrence_male,csv_parish_age_sex_long_v1,St Lawrence,30-34,male,125
1.0,census_2021_parish_age_sex_csv,532eb6d7a9a76b682ab056ba45f09f129bd768b71d45f7f7b0d587af95d8ff39,,2021-03-21,observed,csv_st_lawrence_male,csv_parish_age_sex_long_v1,St Lawrence,35-39,male,170
1.0,census_2021_parish_age_sex_csv,532eb6d7a9a76b682ab056ba45f09f129bd768b71d45f7f7b0d587af95d8ff39,,2021-03-21,observed,csv_st_lawrence_male,csv_parish_age_sex_long_v1,St Lawrence,40-44,male,205
1.0,census_2021_parish_age_sex_csv,532eb6d7a9a76b682ab056ba45f09f129bd768b71d45f7f7b0d587af95d8ff39,,2021-03-21,observed,csv_st_lawrence_male,csv_parish_age_sex_long_v1,St Lawrence,45-49,male,199
1.0,census_2021_parish_age_sex_csv,532eb6d7a9a76b682ab056ba45f09f129bd768b71d45f7f7b0d587af95d8ff39,,2021-03-21,observed,csv_st_lawrence_male,csv_parish_age_sex_long_v1,St Lawrence,50-54,male,227
1.0,census_2021_parish_age_sex_csv,532eb6d7a9a76b682ab056ba45f09f129bd768b71d45f7f7b0d587af95d8ff39,,2021-03-21,observed,csv_st_lawrence_male,csv_parish_age_sex_long_v1,St Lawrence,55-59,male,234
1.0,census_2021_parish_age_sex_csv,532eb6d7a9a76b682ab056ba45f09f129bd768b71d45f7f7b0d587af95d8ff39,,2021-03-21,observed,csv_st_lawrence_male,csv_parish_age_sex_long_v1,St Lawrence,60-64,male,177
1.0,census_2021_parish_age_sex_csv,532eb6d7a9a76b682ab056ba45f09f129bd768b71d45f7f7b0d587af95d8ff39,,2021-03-21,observed,csv_st_lawrence_male,csv_parish_age_sex_long_v1,St Lawrence,65-69,male,155
1.0,census_2021_parish_age_sex_csv,532eb6d7a9a76b682ab056ba45f09f129bd768b71d45f7f7b0d587af95d8ff39,,2021-03-21,observed,csv_st_lawrence_male,csv_parish_age_sex_long_v1,St Lawrence,70-74,male,129
1.0,census_2021_parish_age_sex_csv,532eb6d7a9a76b682ab056ba45f09f129bd768b71d45f7f7b0d587af95d8ff39,,2021-03-21,observed,csv_st_lawrence_male,csv_parish_age_sex_long_v1,St Lawrence,75-79,male,88
1.0,census_2021_parish_age_sex_csv,532eb6d7a9a76b682ab056ba45f09f129bd768b71d45f7f7b0d587af95d8ff39,,2021-03-21,observed,csv_st_lawrence_male,csv_parish_age_sex_long_v1,St Lawrence,80+,male,141
1.0,census_2021_parish_age_sex_csv,532eb6d7a9a76b682ab056ba45f09f129bd768b71d45f7f7b0d587af95d8ff39,,2021-03-21,observed,csv_st_lawrence_male,csv_parish_age_sex_long_v1,St Lawrence,All,male,2693
1.0,census_2021_parish_age_sex_csv,532eb6d7a9a76b682ab056ba45f09f129bd768b71d45f7f7b0d587af95d8ff39,,2021-03-21,observed,csv_st_lawrence_all,csv_parish_age_sex_long_v1,St Lawrence,<5,all,260
1.0,census_2021_parish_age_sex_csv,532eb6d7a9a76b682ab056ba45f09f129bd768b71d45f7f7b0d587af95d8ff39,,2021-03-21,observed,csv_st_lawrence_all,csv_parish_age_sex_long_v1,St Lawrence,5-9,all,276
1.0,census_2021_parish_age_sex_csv,532eb6d7a9a76b682ab056ba45f09f129bd768b71d45f7f7b0d587af95d8ff39,,2021-03-21,observed,csv_st_lawrence_all,csv_parish_age_sex_long_v1,St Lawrence,10-14,all,330
1.0,census_2021_parish_age_sex_csv,532eb6d7a9a76b682ab056ba45f09f129bd768b71d45f7f7b0d587af95d8ff39,,2021-03-21,observed,csv_st_lawrence_all,csv_parish_age_sex_long_v1,St Lawrence,15-19,all,311
1.0,census_2021_parish_age_sex_csv,532eb6d7a9a76b682ab056ba45f09f129bd768b71d45f7f7b0d587af95d8ff39,,2021-03-21,observed,csv_st_lawrence_all,csv_parish_age_sex_long_v1,St Lawrence,20-24,all,265
1.0,census_2021_parish_age_sex_csv,532eb6d7a9a76b682ab056ba45f09f129bd768b71d45f7f7b0d587af95d8ff39,,2021-03-21,observed,csv_st_lawrence_all,csv_parish_age_sex_long_v1,St Lawrence,25-29,all,235
1.0,census_2021_parish_age_sex_csv,532eb6d7a9a76b682ab056ba45f09f129bd768b71d45f7f7b0d587af95d8ff39,,2021-03-21,observed,csv_st_lawrence_all,csv_parish_age_sex_long_v1,St Lawrence,30-34,all,268
1.0,census_2021_parish_age_sex_csv,532eb6d7a9a76b682ab056ba45f09f129bd768b71d45f7f7b0d587af95d8ff39,,2021-03-21,observed,csv_st_lawrence_all,csv_parish_age_sex_long_v1,St Lawrence,35-39,all,360
1.0,census_2021_parish_age_sex_csv,532eb6d7a9a76b682ab056ba45f09f129bd768b71d45f7f7b0d587af95d8ff39,,2021-03-21,observed,csv_st_lawrence_all,csv_parish_age_sex_long_v1,St Lawrence,40-44,all,399
1.0,census_2021_parish_age_sex_csv,532eb6d7a9a76b682ab056ba45f09f129bd768b71d45f7f7b0d587af95d8ff39,,2021-03-21,observed,csv_st_lawrence_all,csv_parish_age_sex_long_v1,St Lawrence,45-49,all,429
1.0,census_2021_parish_age_sex_csv,532eb6d7a9a76b682ab056ba45f09f129bd768b71d45f7f7b0d587af95d8ff39,,2021-03-21,observed,csv_st_lawrence_all,csv_parish_age_sex_long_v1,St Lawrence,50-54,all,460
1.0,census_2021_parish_age_sex_csv,532eb6d7a9a76b682ab056ba45f09f129bd768b71d45f7f7b0d587af95d8ff39,,2021-03-21,observed,csv_st_lawrence_all,csv_parish_age_sex_long_v1,St Lawrence,55-59,all,455
1.0,census_2021_parish_age_sex_csv,532eb6d7a9a76b682ab056ba45f09f129bd768b71d45f7f7b0d587af95d8ff39,,2021-03-21,observed,csv_st_lawrence_all,csv_parish_age_sex_long_v1,St Lawrence,60-64,all,391
1.0,census_2021_parish_age_sex_csv,532eb6d7a9a76b682ab056ba45f09f129bd768b71d45f7f7b0d587af95d8ff39,,2021-03-21,observed,csv_st_lawrence_all,csv_parish_age_sex_long_v1,St Lawrence,65-69,all,316
1.0,census_2021_parish_age_sex_csv,532eb6d7a9a76b682ab056ba45f09f129bd768b71d45f7f7b0d587af95d8ff39,,2021-03-21,observed,csv_st_lawrence_all,csv_parish_age_sex_long_v1,St Lawrence,70-74,all,300
1.0,census_2021_parish_age_sex_csv,532eb6d7a9a76b682ab056ba45f09f129bd768b71d45f7f7b0d587af95d8ff39,,2021-03-21,observed,csv_st_lawrence_all,csv_parish_age_sex_long_v1,St Lawrence,75-79,all,176
1.0,census_2021_parish_age_sex_csv,532eb6d7a9a76b682ab056ba45f09f129bd768b71d45f7f7b0d587af95d8ff39,,2021-03-21,observed,csv_st_lawrence_all,csv_parish_age_sex_long_v1,St Lawrence,80+,all,330
1.0,census_2021_parish_age_sex_csv,532eb6d7a9a76b682ab056ba45f09f129bd768b71d45f7f7b0d587af95d8ff39,,2021-03-21,observed,csv_st_lawrence_all,csv_parish_age_sex_long_v1,St Lawrence,All,all,5561
1.0,census_2021_parish_age_sex_csv,532eb6d7a9a76b682ab056ba45f09f129bd768b71d45f7f7b0d587af95d8ff39,,2021-03-21,observed,csv_st_martin_female,csv_parish_age_sex_long_v1,St Martin,<5,female,63
1.0,census_2021_parish_age_sex_csv,532eb6d7a9a76b682ab056ba45f09f129bd768b71d45f7f7b0d587af95d8ff39,,2021-03-21,observed,csv_st_martin_female,csv_parish_age_sex_long_v1,St Martin,5-9,female,113
1.0,census_2021_parish_age_sex_csv,532eb6d7a9a76b682ab056ba45f09f129bd768b71d45f7f7b0d587af95d8ff39,,2021-03-21,observed,csv_st_martin_female,csv_parish_age_sex_long_v1,St Martin,10-14,female,113
1.0,census_2021_parish_age_sex_csv,532eb6d7a9a76b682ab056ba45f09f129bd768b71d45f7f7b0d587af95d8ff39,,2021-03-21,observed,csv_st_martin_female,csv_parish_age_sex_long_v1,St Martin,15-19,female,114
1.0,census_2021_parish_age_sex_csv,532eb6d7a9a76b682ab056ba45f09f129bd768b71d45f7f7b0d587af95d8ff39,,2021-03-21,observed,csv_st_martin_female,csv_parish_age_sex_long_v1,St Martin,20-24,female,98
1.0,census_2021_parish_age_sex_csv,532eb6d7a9a76b682ab056ba45f09f129bd768b71d45f7f7b0d587af95d8ff39,,2021-03-21,observed,csv_st_martin_female,csv_parish_age_sex_long_v1,St Martin,25-29,female,72
1.0,census_2021_parish_age_sex_csv,532eb6d7a9a76b682ab056ba45f09f129bd768b71d45f7f7b0d587af95d8ff39,,2021-03-21,observed,csv_st_martin_female,csv_parish_age_sex_long_v1,St Martin,30-34,female,95
1.0,census_2021_parish_age_sex_csv,532eb6d7a9a76b682ab056ba45f09f129bd768b71d45f7f7b0d587af95d8ff39,,2021-03-21,observed,csv_st_martin_female,csv_parish_age_sex_long_v1,St Martin,35-39,female,120
1.0,census_2021_parish_age_sex_csv,532eb6d7a9a76b682ab056ba45f09f129bd768b71d45f7f7b0d587af95d8ff39,,2021-03-21,observed,csv_st_martin_female,csv_parish_age_sex_long_v1,St Martin,40-44,female,126
1.0,census_2021_parish_age_sex_csv,532eb6d7a9a76b682ab056ba45f09f129bd768b71d45f7f7b0d587af95d8ff39,,2021-03-21,observed,csv_st_martin_female,csv_parish_age_sex_long_v1,St Martin,45-49,female,163
1.0,census_2021_parish_age_sex_csv,532eb6d7a9a76b682ab056ba45f09f129bd768b71d45f7f7b0d587af95d8ff39,,2021-03-21,observed,csv_st_martin_female,csv_parish_age_sex_long_v1,St Martin,50-54,female,182
1.0,census_2021_parish_age_sex_csv,532eb6d7a9a76b682ab056ba45f09f129bd768b71d45f7f7b0d587af95d8ff39,,2021-03-21,observed,csv_st_martin_female,csv_parish_age_sex_long_v1,St Martin,55-59,female,168
1.0,census_2021_parish_age_sex_csv,532eb6d7a9a76b682ab056ba45f09f129bd768b71d45f7f7b0d587af95d8ff39,,2021-03-21,observed,csv_st_martin_female,csv_parish_age_sex_long_v1,St Martin,60-64,female,135
1.0,census_2021_parish_age_sex_csv,532eb6d7a9a76b682ab056ba45f09f129bd768b71d45f7f7b0d587af95d8ff39,,2021-03-21,observed,csv_st_martin_female,csv_parish_age_sex_long_v1,St Martin,65-69,female,107
1.0,census_2021_parish_age_sex_csv,532eb6d7a9a76b682ab056ba45f09f129bd768b71d45f7f7b0d587af95d8ff39,,2021-03-21,observed,csv_st_martin_female,csv_parish_age_sex_long_v1,St Martin,70-74,female,116
1.0,census_2021_parish_age_sex_csv,532eb6d7a9a76b682ab056ba45f09f129bd768b71d45f7f7b0d587af95d8ff39,,2021-03-21,observed,csv_st_martin_female,csv_parish_age_sex_long_v1,St Martin,75-79,female,86
1.0,census_2021_parish_age_sex_csv,532eb6d7a9a76b682ab056ba45f09f129bd768b71d45f7f7b0d587af95d8ff39,,2021-03-21,observed,csv_st_martin_female,csv_parish_age_sex_long_v1,St Martin,80+,female,118
1.0,census_2021_parish_age_sex_csv,532eb6d7a9a76b682ab056ba45f09f129bd768b71d45f7f7b0d587af95d8ff39,,2021-03-21,observed,csv_st_martin_female,csv_parish_age_sex_long_v1,St Martin,All,female,1989
1.0,census_2021_parish_age_sex_csv,532eb6d7a9a76b682ab056ba45f09f129bd768b71d45f7f7b0d587af95d8ff39,,2021-03-21,observed,csv_st_martin_male,csv_parish_age_sex_long_v1,St Martin,<5,male,76
1.0,census_2021_parish_age_sex_csv,532eb6d7a9a76b682ab056ba45f09f129bd768b71d45f7f7b0d587af95d8ff39,,2021-03-21,observed,csv_st_martin_male,csv_parish_age_sex_long_v1,St Martin,5-9,male,105
1.0,census_2021_parish_age_sex_csv,532eb6d7a9a76b682ab056ba45f09f129bd768b71d45f7f7b0d587af95d8ff39,,2021-03-21,observed,csv_st_martin_male,csv_parish_age_sex_long_v1,St Martin,10-14,male,112
1.0,census_2021_parish_age_sex_csv,532eb6d7a9a76b682ab056ba45f09f129bd768b71d45f7f7b0d587af95d8ff39,,2021-03-21,observed,csv_st_martin_male,csv_parish_age_sex_long_v1,St Martin,15-19,male,113
1.0,census_2021_parish_age_sex_csv,532eb6d7a9a76b682ab056ba45f09f129bd768b71d45f7f7b0d587af95d8ff39,,2021-03-21,observed,csv_st_martin_male,csv_parish_age_sex_long_v1,St Martin,20-24,male,109
1.0,census_2021_parish_age_sex_csv,532eb6d7a9a76b682ab056ba45f09f129bd768b71d45f7f7b0d587af95d8ff39,,2021-03-21,observed,csv_st_martin_male,csv_parish_age_sex_long_v1,St Martin,25-29,male,76
1.0,census_2021_parish_age_sex_csv,532eb6d7a9a76b682ab056ba45f09f129bd768b71d45f7f7b0d587af95d8ff39,,2021-03-21,observed,csv_st_martin_male,csv_parish_age_sex_long_v1,St Martin,30-34,male,92
1.0,census_2021_parish_age_sex_csv,532eb6d7a9a76b682ab056ba45f09f129bd768b71d45f7f7b0d587af95d8ff39,,2021-03-21,observed,csv_st_martin_male,csv_parish_age_sex_long_v1,St Martin,35-39,male,104
1.0,census_2021_parish_age_sex_csv,532eb6d7a9a76b682ab056ba45f09f129bd768b71d45f7f7b0d587af95d8ff39,,2021-03-21,observed,csv_st_martin_male,csv_parish_age_sex_long_v1,St Martin,40-44,male,142
1.0,census_2021_parish_age_sex_csv,532eb6d7a9a76b682ab056ba45f09f129bd768b71d45f7f7b0d587af95d8ff39,,2021-03-21,observed,csv_st_martin_male,csv_parish_age_sex_long_v1,St Martin,45-49,male,152
1.0,census_2021_parish_age_sex_csv,532eb6d7a9a76b682ab056ba45f09f129bd768b71d45f7f7b0d587af95d8ff39,,2021-03-21,observed,csv_st_martin_male,csv_parish_age_sex_long_v1,St Martin,50-54,male,149
1.0,census_2021_parish_age_sex_csv,532eb6d7a9a76b682ab056ba45f09f129bd768b71d45f7f7b0d587af95d8ff39,,2021-03-21,observed,csv_st_martin_male,csv_parish_age_sex_long_v1,St Martin,55-59,male,183
1.0,census_2021_parish_age_sex_csv,532eb6d7a9a76b682ab056ba45f09f129bd768b71d45f7f7b0d587af95d8ff39,,2021-03-21,observed,csv_st_martin_male,csv_parish_age_sex_long_v1,St Martin,60-64,male,152
1.0,census_2021_parish_age_sex_csv,532eb6d7a9a76b682ab056ba45f09f129bd768b71d45f7f7b0d587af95d8ff39,,2021-03-21,observed,csv_st_martin_male,csv_parish_age_sex_long_v1,St Martin,65-69,male,105
1.0,census_2021_parish_age_sex_csv,532eb6d7a9a76b682ab056ba45f09f129bd768b71d45f7f7b0d587af95d8ff39,,2021-03-21,observed,csv_st_martin_male,csv_parish_age_sex_long_v1,St Martin,70-74,male,100
1.0,census_2021_parish_age_sex_csv,532eb6d7a9a76b682ab056ba45f09f129bd768b71d45f7f7b0d587af95d8ff39,,2021-03-21,observed,csv_st_martin_male,csv_parish_age_sex_long_v1,St Martin,75-79,male,81
1.0,census_2021_parish_age_sex_csv,532eb6d7a9a76b682ab056ba45f09f129bd768b71d45f7f7b0d587af95d8ff39,,2021-03-21,observed,csv_st_martin_male,csv_parish_age_sex_long_v1,St Martin,80+,male,108
1.0,census_2021_parish_age_sex_csv,532eb6d7a9a76b682ab056ba45f09f129bd768b71d45f7f7b0d587af95d8ff39,,2021-03-21,observed,csv_st_martin_male,csv_parish_age_sex_long_v1,St Martin,All,male,1959
1.0,census_2021_parish_age_sex_csv,532eb6d7a9a76b682ab056ba45f09f129bd768b71d45f7f7b0d587af95d8ff39,,2021-03-21,observed,csv_st_martin_all,csv_parish_age_sex_long_v1,St Martin,<5,all,139
1.0,census_2021_parish_age_sex_csv,532eb6d7a9a76b682ab056ba45f09f129bd768b71d45f7f7b0d587af95d8ff39,,2021-03-21,observed,csv_st_martin_all,csv_parish_age_sex_long_v1,St Martin,5-9,all,218
1.0,census_2021_parish_age_sex_csv,532eb6d7a9a76b682ab056ba45f09f129bd768b71d45f7f7b0d587af95d8ff39,,2021-03-21,observed,csv_st_martin_all,csv_parish_age_sex_long_v1,St Martin,10-14,all,225
1.0,census_2021_parish_age_sex_csv,532eb6d7a9a76b682ab056ba45f09f129bd768b71d45f7f7b0d587af95d8ff39,,2021-03-21,observed,csv_st_martin_all,csv_parish_age_sex_long_v1,St Martin,15-19,all,227
1.0,census_2021_parish_age_sex_csv,532eb6d7a9a76b682ab056ba45f09f129bd768b71d45f7f7b0d587af95d8ff39,,2021-03-21,observed,csv_st_martin_all,csv_parish_age_sex_long_v1,St Martin,20-24,all,207
1.0,census_2021_parish_age_sex_csv,532eb6d7a9a76b682ab056ba45f09f129bd768b71d45f7f7b0d587af95d8ff39,,2021-03-21,observed,csv_st_martin_all,csv_parish_age_sex_long_v1,St Martin,25-29,all,148
1.0,census_2021_parish_age_sex_csv,532eb6d7a9a76b682ab056ba45f09f129bd768b71d45f7f7b0d587af95d8ff39,,2021-03-21,observed,csv_st_martin_all,csv_parish_age_sex_long_v1,St Martin,30-34,all,187
1.0,census_2021_parish_age_sex_csv,532eb6d7a9a76b682ab056ba45f09f129bd768b71d45f7f7b0d587af95d8ff39,,2021-03-21,observed,csv_st_martin_all,csv_parish_age_sex_long_v1,St Martin,35-39,all,224
1.0,census_2021_parish_age_sex_csv,532eb6d7a9a76b682ab056ba45f09f129bd768b71d45f7f7b0d587af95d8ff39,,2021-03-21,observed,csv_st_martin_all,csv_parish_age_sex_long_v1,St Martin,40-44,all,268
1.0,census_2021_parish_age_sex_csv,532eb6d7a9a76b682ab056ba45f09f129bd768b71d45f7f7b0d587af95d8ff39,,2021-03-21,observed,csv_st_martin_all,csv_parish_age_sex_long_v1,St Martin,45-49,all,315
1.0,census_2021_parish_age_sex_csv,532eb6d7a9a76b682ab056ba45f09f129bd768b71d45f7f7b0d587af95d8ff39,,2021-03-21,observed,csv_st_martin_all,csv_parish_age_sex_long_v1,St Martin,50-54,all,331
1.0,census_2021_parish_age_sex_csv,532eb6d7a9a76b682ab056ba45f09f129bd768b71d45f7f7b0d587af95d8ff39,,2021-03-21,observed,csv_st_martin_all,csv_parish_age_sex_long_v1,St Martin,55-59,all,351
1.0,census_2021_parish_age_sex_csv,532eb6d7a9a76b682ab056ba45f09f129bd768b71d45f7f7b0d587af95d8ff39,,2021-03-21,observed,csv_st_martin_all,csv_parish_age_sex_long_v1,St Martin,60-64,all,287
1.0,census_2021_parish_age_sex_csv,532eb6d7a9a76b682ab056ba45f09f129bd768b71d45f7f7b0d587af95d8ff39,,2021-03-21,observed,csv_st_martin_all,csv_parish_age_sex_long_v1,St Martin,65-69,all,212
1.0,census_2021_parish_age_sex_csv,532eb6d7a9a76b682ab056ba45f09f129bd768b71d45f7f7b0d587af95d8ff39,,2021-03-21,observed,csv_st_martin_all,csv_parish_age_sex_long_v1,St Martin,70-74,all,216
1.0,census_2021_parish_age_sex_csv,532eb6d7a9a76b682ab056ba45f09f129bd768b71d45f7f7b0d587af95d8ff39,,2021-03-21,observed,csv_st_martin_all,csv_parish_age_sex_long_v1,St Martin,75-79,all,167
1.0,census_2021_parish_age_sex_csv,532eb6d7a9a76b682ab056ba45f09f129bd768b71d45f7f7b0d587af95d8ff39,,2021-03-21,observed,csv_st_martin_all,csv_parish_age_sex_long_v1,St Martin,80+,all,226
1.0,census_2021_parish_age_sex_csv,532eb6d7a9a76b682ab056ba45f09f129bd768b71d45f7f7b0d587af95d8ff39,,2021-03-21,observed,csv_st_martin_all,csv_parish_age_sex_long_v1,St Martin,All,all,3948
1.0,census_2021_parish_age_sex_csv,532eb6d7a9a76b682ab056ba45f09f129bd768b71d45f7f7b0d587af95d8ff39,,2021-03-21,observed,csv_st_mary_female,csv_parish_age_sex_long_v1,St Mary,<5,female,47
1.0,census_2021_parish_age_sex_csv,532eb6d7a9a76b682ab056ba45f09f129bd768b71d45f7f7b0d587af95d8ff39,,2021-03-21,observed,csv_st_mary_female,csv_parish_age_sex_long_v1,St Mary,5-9,female,43
1.0,census_2021_parish_age_sex_csv,532eb6d7a9a76b682ab056ba45f09f129bd768b71d45f7f7b0d587af95d8ff39,,2021-03-21,observed,csv_st_mary_female,csv_parish_age_sex_long_v1,St Mary,10-14,female,57
1.0,census_2021_parish_age_sex_csv,532eb6d7a9a76b682ab056ba45f09f129bd768b71d45f7f7b0d587af95d8ff39,,2021-03-21,observed,csv_st_mary_female,csv_parish_age_sex_long_v1,St Mary,15-19,female,58
1.0,census_2021_parish_age_sex_csv,532eb6d7a9a76b682ab056ba45f09f129bd768b71d45f7f7b0d587af95d8ff39,,2021-03-21,observed,csv_st_mary_female,csv_parish_age_sex_long_v1,St Mary,20-24,female,44
1.0,census_2021_parish_age_sex_csv,532eb6d7a9a76b682ab056ba45f09f129bd768b71d45f7f7b0d587af95d8ff39,,2021-03-21,observed,csv_st_mary_female,csv_parish_age_sex_long_v1,St Mary,25-29,female,35
1.0,census_2021_parish_age_sex_csv,532eb6d7a9a76b682ab056ba45f09f129bd768b71d45f7f7b0d587af95d8ff39,,2021-03-21,observed,csv_st_mary_female,csv_parish_age_sex_long_v1,St Mary,30-34,female,48
1.0,census_2021_parish_age_sex_csv,532eb6d7a9a76b682ab056ba45f09f129bd768b71d45f7f7b0d587af95d8ff39,,2021-03-21,observed,csv_st_mary_female,csv_parish_age_sex_long_v1,St Mary,35-39,female,49
1.0,census_2021_parish_age_sex_csv,532eb6d7a9a76b682ab056ba45f09f129bd768b71d45f7f7b0d587af95d8ff39,,2021-03-21,observed,csv_st_mary_female,csv_parish_age_sex_long_v1,St Mary,40-44,female,72
1.0,census_2021_parish_age_sex_csv,532eb6d7a9a76b682ab056ba45f09f129bd768b71d45f7f7b0d587af95d8ff39,,2021-03-21,observed,csv_st_mary_female,csv_parish_age_sex_long_v1,St Mary,45-49,female,65
1.0,census_2021_parish_age_sex_csv,532eb6d7a9a76b682ab056ba45f09f129bd768b71d45f7f7b0d587af95d8ff39,,2021-03-21,observed,csv_st_mary_female,csv_parish_age_sex_long_v1,St Mary,50-54,female,86
1.0,census_2021_parish_age_sex_csv,532eb6d7a9a76b682ab056ba45f09f129bd768b71d45f7f7b0d587af95d8ff39,,2021-03-21,observed,csv_st_mary_female,csv_parish_age_sex_long_v1,St Mary,55-59,female,64
1.0,census_2021_parish_age_sex_csv,532eb6d7a9a76b682ab056ba45f09f129bd768b71d45f7f7b0d587af95d8ff39,,2021-03-21,observed,csv_st_mary_female,csv_parish_age_sex_long_v1,St Mary,60-64,female,62
1.0,census_2021_parish_age_sex_csv,532eb6d7a9a76b682ab056ba45f09f129bd768b71d45f7f7b0d587af95d8ff39,,2021-03-21,observed,csv_st_mary_female,csv_parish_age_sex_long_v1,St Mary,65-69,female,50
1.0,census_2021_parish_age_sex_csv,532eb6d7a9a76b682ab056ba45f09f129bd768b71d45f7f7b0d587af95d8ff39,,2021-03-21,observed,csv_st_mary_female,csv_parish_age_sex_long_v1,St Mary,70-74,female,51
1.0,census_2021_parish_age_sex_csv,532eb6d7a9a76b682ab056ba45f09f129bd768b71d45f7f7b0d587af95d8ff39,,2021-03-21,observed,csv_st_mary_female,csv_parish_age_sex_long_v1,St Mary,75-79,female,34
1.0,census_2021_parish_age_sex_csv,532eb6d7a9a76b682ab056ba45f09f129bd768b71d45f7f7b0d587af95d8ff39,,2021-03-21,observed,csv_st_mary_female,csv_parish_age_sex_long_v1,St Mary,80+,female,51
1.0,census_2021_parish_age_sex_csv,532eb6d7a9a76b682ab056ba45f09f129bd768b71d45f7f7b0d587af95d8ff39,,2021-03-21,observed,csv_st_mary_female,csv_parish_age_sex_long_v1,St Mary,All,female,916
1.0,census_2021_parish_age_sex_csv,532eb6d7a9a76b682ab056ba45f09f129bd768b71d45f7f7b0d587af95d8ff39,,2021-03-21,observed,csv_st_mary_male,csv_parish_age_sex_long_v1,St Mary,<5,male,36
1.0,census_2021_parish_age_sex_csv,532eb6d7a9a76b682ab056ba45f09f129bd768b71d45f7f7b0d587af95d8ff39,,2021-03-21,observed,csv_st_mary_male,csv_parish_age_sex_long_v1,St Mary,5-9,male,66
1.0,census_2021_parish_age_sex_csv,532eb6d7a9a76b682ab056ba45f09f129bd768b71d45f7f7b0d587af95d8ff39,,2021-03-21,observed,csv_st_mary_male,csv_parish_age_sex_long_v1,St Mary,10-14,male,44
1.0,census_2021_parish_age_sex_csv,532eb6d7a9a76b682ab056ba45f09f129bd768b71d45f7f7b0d587af95d8ff39,,2021-03-21,observed,csv_st_mary_male,csv_parish_age_sex_long_v1,St Mary,15-19,male,43
1.0,census_2021_parish_age_sex_csv,532eb6d7a9a76b682ab056ba45f09f129bd768b71d45f7f7b0d587af95d8ff39,,2021-03-21,observed,csv_st_mary_male,csv_parish_age_sex_long_v1,St Mary,20-24,male,52
1.0,census_2021_parish_age_sex_csv,532eb6d7a9a76b682ab056ba45f09f129bd768b71d45f7f7b0d587af95d8ff39,,2021-03-21,observed,csv_st_mary_male,csv_parish_age_sex_long_v1,St Mary,25-29,male,34
1.0,census_2021_parish_age_sex_csv,532eb6d7a9a76b682ab056ba45f09f129bd768b71d45f7f7b0d587af95d8ff39,,2021-03-21,observed,csv_st_mary_male,csv_parish_age_sex_long_v1,St Mary,30-34,male,49
1.0,census_2021_parish_age_sex_csv,532eb6d7a9a76b682ab056ba45f09f129bd768b71d45f7f7b0d587af95d8ff39,,2021-03-21,observed,csv_st_mary_male,csv_parish_age_sex_long_v1,St Mary,35-39,male,45
1.0,census_2021_parish_age_sex_csv,532eb6d7a9a76b682ab056ba45f09f129bd768b71d45f7f7b0d587af95d8ff39,,2021-03-21,observed,csv_st_mary_male,csv_parish_age_sex_long_v1,St Mary,40-44,male,71
1.0,census_2021_parish_age_sex_csv,532eb6d7a9a76b682ab056ba45f09f129bd768b71d45f7f7b0d587af95d8ff39,,2021-03-21,observed,csv_st_mary_male,csv_parish_age_sex_long_v1,St Mary,45-49,male,74
1.0,census_2021_parish_age_sex_csv,532eb6d7a9a76b682ab056ba45f09f129bd768b71d45f7f7b0d587af95d8ff39,,2021-03-21,observed,csv_st_mary_male,csv_parish_age_sex_long_v1,St Mary,50-54,male,83
1.0,census_2021_parish_age_sex_csv,532eb6d7a9a76b682ab056ba45f09f129bd768b71d45f7f7b0d587af95d8ff39,,2021-03-21,observed,csv_st_mary_male,csv_parish_age_sex_long_v1,St Mary,55-59,male,77
1.0,census_2021_parish_age_sex_csv,532eb6d7a9a76b682ab056ba45f09f129bd768b71d45f7f7b0d587af95d8ff39,,2021-03-21,observed,csv_st_mary_male,csv_parish_age_sex_long_v1,St Mary,60-64,male,55
1.0,census_2021_parish_age_sex_csv,532eb6d7a9a76b682ab056ba45f09f129bd768b71d45f7f7b0d587af95d8ff39,,2021-03-21,observed,csv_st_mary_male,csv_parish_age_sex_long_v1,St Mary,65-69,male,56
1.0,census_2021_parish_age_sex_csv,532eb6d7a9a76b682ab056ba45f09f129bd768b71d45f7f7b0d587af95d8ff39,,2021-03-21,observed,csv_st_mary_male,csv_parish_age_sex_long_v1,St Mary,70-74,male,53
1.0,census_2021_parish_age_sex_csv,532eb6d7a9a76b682ab056ba45f09f129bd768b71d45f7f7b0d587af95d8ff39,,2021-03-21,observed,csv_st_mary_male,csv_parish_age_sex_long_v1,St Mary,75-79,male,27
1.0,census_2021_parish_age_sex_csv,532eb6d7a9a76b682ab056ba45f09f129bd768b71d45f7f7b0d587af95d8ff39,,2021-03-21,observed,csv_st_mary_male,csv_parish_age_sex_long_v1,St Mary,80+,male,37
1.0,census_2021_parish_age_sex_csv,532eb6d7a9a76b682ab056ba45f09f129bd768b71d45f7f7b0d587af95d8ff39,,2021-03-21,observed,csv_st_mary_male,csv_parish_age_sex_long_v1,St Mary,All,male,902
1.0,census_2021_parish_age_sex_csv,532eb6d7a9a76b682ab056ba45f09f129bd768b71d45f7f7b0d587af95d8ff39,,2021-03-21,observed,csv_st_mary_all,csv_parish_age_sex_long_v1,St Mary,<5,all,83
1.0,census_2021_parish_age_sex_csv,532eb6d7a9a76b682ab056ba45f09f129bd768b71d45f7f7b0d587af95d8ff39,,2021-03-21,observed,csv_st_mary_all,csv_parish_age_sex_long_v1,St Mary,5-9,all,109
1.0,census_2021_parish_age_sex_csv,532eb6d7a9a76b682ab056ba45f09f129bd768b71d45f7f7b0d587af95d8ff39,,2021-03-21,observed,csv_st_mary_all,csv_parish_age_sex_long_v1,St Mary,10-14,all,101
1.0,census_2021_parish_age_sex_csv,532eb6d7a9a76b682ab056ba45f09f129bd768b71d45f7f7b0d587af95d8ff39,,2021-03-21,observed,csv_st_mary_all,csv_parish_age_sex_long_v1,St Mary,15-19,all,101
1.0,census_2021_parish_age_sex_csv,532eb6d7a9a76b682ab056ba45f09f129bd768b71d45f7f7b0d587af95d8ff39,,2021-03-21,observed,csv_st_mary_all,csv_parish_age_sex_long_v1,St Mary,20-24,all,96
1.0,census_2021_parish_age_sex_csv,532eb6d7a9a76b682ab056ba45f09f129bd768b71d45f7f7b0d587af95d8ff39,,2021-03-21,observed,csv_st_mary_all,csv_parish_age_sex_long_v1,St Mary,25-29,all,69
1.0,census_2021_parish_age_sex_csv,532eb6d7a9a76b682ab056ba45f09f129bd768b71d45f7f7b0d587af95d8ff39,,2021-03-21,observed,csv_st_mary_all,csv_parish_age_sex_long_v1,St Mary,30-34,all,97
1.0,census_2021_parish_age_sex_csv,532eb6d7a9a76b682ab056ba45f09f129bd768b71d45f7f7b0d587af95d8ff39,,2021-03-21,observed,csv_st_mary_all,csv_parish_age_sex_long_v1,St Mary,35-39,all,94
1.0,census_2021_parish_age_sex_csv,532eb6d7a9a76b682ab056ba45f09f129bd768b71d45f7f7b0d587af95d8ff39,,2021-03-21,observed,csv_st_mary_all,csv_parish_age_sex_long_v1,St Mary,40-44,all,143
1.0,census_2021_parish_age_sex_csv,532eb6d7a9a76b682ab056ba45f09f129bd768b71d45f7f7b0d587af95d8ff39,,2021-03-21,observed,csv_st_mary_all,csv_parish_age_sex_long_v1,St Mary,45-49,all,139
1.0,census_2021_parish_age_sex_csv,532eb6d7a9a76b682ab056ba45f09f129bd768b71d45f7f7b0d587af95d8ff39,,2021-03-21,observed,csv_st_mary_all,csv_parish_age_sex_long_v1,St Mary,50-54,all,169
1.0,census_2021_parish_age_sex_csv,532eb6d7a9a76b682ab056ba45f09f129bd768b71d45f7f7b0d587af95d8ff39,,2021-03-21,observed,csv_st_mary_all,csv_parish_age_sex_long_v1,St Mary,55-59,all,141
1.0,census_2021_parish_age_sex_csv,532eb6d7a9a76b682ab056ba45f09f129bd768b71d45f7f7b0d587af95d8ff39,,2021-03-21,observed,csv_st_mary_all,csv_parish_age_sex_long_v1,St Mary,60-64,all,117
1.0,census_2021_parish_age_sex_csv,532eb6d7a9a76b682ab056ba45f09f129bd768b71d45f7f7b0d587af95d8ff39,,2021-03-21,observed,csv_st_mary_all,csv_parish_age_sex_long_v1,St Mary,65-69,all,106
1.0,census_2021_parish_age_sex_csv,532eb6d7a9a76b682ab056ba45f09f129bd768b71d45f7f7b0d587af95d8ff39,,2021-03-21,observed,csv_st_mary_all,csv_parish_age_sex_long_v1,St Mary,70-74,all,104
1.0,census_2021_parish_age_sex_csv,532eb6d7a9a76b682ab056ba45f09f129bd768b71d45f7f7b0d587af95d8ff39,,2021-03-21,observed,csv_st_mary_all,csv_parish_age_sex_long_v1,St Mary,75-79,all,61
1.0,census_2021_parish_age_sex_csv,532eb6d7a9a76b682ab056ba45f09f129bd768b71d45f7f7b0d587af95d8ff39,,2021-03-21,observed,csv_st_mary_all,csv_parish_age_sex_long_v1,St Mary,80+,all,88
1.0,census_2021_parish_age_sex_csv,532eb6d7a9a76b682ab056ba45f09f129bd768b71d45f7f7b0d587af95d8ff39,,2021-03-21,observed,csv_st_mary_all,csv_parish_age_sex_long_v1,St Mary,All,all,1818
1.0,census_2021_parish_age_sex_csv,532eb6d7a9a76b682ab056ba45f09f129bd768b71d45f7f7b0d587af95d8ff39,,2021-03-21,observed,csv_st_ouen_female,csv_parish_age_sex_long_v1,St Ouen,<5,female,90
1.0,census_2021_parish_age_sex_csv,532eb6d7a9a76b682ab056ba45f09f129bd768b71d45f7f7b0d587af95d8ff39,,2021-03-21,observed,csv_st_ouen_female,csv_parish_age_sex_long_v1,St Ouen,5-9,female,135
1.0,census_2021_parish_age_sex_csv,532eb6d7a9a76b682ab056ba45f09f129bd768b71d45f7f7b0d587af95d8ff39,,2021-03-21,observed,csv_st_ouen_female,csv_parish_age_sex_long_v1,St Ouen,10-14,female,119
1.0,census_2021_parish_age_sex_csv,532eb6d7a9a76b682ab056ba45f09f129bd768b71d45f7f7b0d587af95d8ff39,,2021-03-21,observed,csv_st_ouen_female,csv_parish_age_sex_long_v1,St Ouen,15-19,female,100
1.0,census_2021_parish_age_sex_csv,532eb6d7a9a76b682ab056ba45f09f129bd768b71d45f7f7b0d587af95d8ff39,,2021-03-21,observed,csv_st_ouen_female,csv_parish_age_sex_long_v1,St Ouen,20-24,female,100
1.0,census_2021_parish_age_sex_csv,532eb6d7a9a76b682ab056ba45f09f129bd768b71d45f7f7b0d587af95d8ff39,,2021-03-21,observed,csv_st_ouen_female,csv_parish_age_sex_long_v1,St Ouen,25-29,female,87
1.0,census_2021_parish_age_sex_csv,532eb6d7a9a76b682ab056ba45f09f129bd768b71d45f7f7b0d587af95d8ff39,,2021-03-21,observed,csv_st_ouen_female,csv_parish_age_sex_long_v1,St Ouen,30-34,female,89
1.0,census_2021_parish_age_sex_csv,532eb6d7a9a76b682ab056ba45f09f129bd768b71d45f7f7b0d587af95d8ff39,,2021-03-21,observed,csv_st_ouen_female,csv_parish_age_sex_long_v1,St Ouen,35-39,female,116
1.0,census_2021_parish_age_sex_csv,532eb6d7a9a76b682ab056ba45f09f129bd768b71d45f7f7b0d587af95d8ff39,,2021-03-21,observed,csv_st_ouen_female,csv_parish_age_sex_long_v1,St Ouen,40-44,female,159
1.0,census_2021_parish_age_sex_csv,532eb6d7a9a76b682ab056ba45f09f129bd768b71d45f7f7b0d587af95d8ff39,,2021-03-21,observed,csv_st_ouen_female,csv_parish_age_sex_long_v1,St Ouen,45-49,female,171
1.0,census_2021_parish_age_sex_csv,532eb6d7a9a76b682ab056ba45f09f129bd768b71d45f7f7b0d587af95d8ff39,,2021-03-21,observed,csv_st_ouen_female,csv_parish_age_sex_long_v1,St Ouen,50-54,female,185
1.0,census_2021_parish_age_sex_csv,532eb6d7a9a76b682ab056ba45f09f129bd768b71d45f7f7b0d587af95d8ff39,,2021-03-21,observed,csv_st_ouen_female,csv_parish_age_sex_long_v1,St Ouen,55-59,female,183
1.0,census_2021_parish_age_sex_csv,532eb6d7a9a76b682ab056ba45f09f129bd768b71d45f7f7b0d587af95d8ff39,,2021-03-21,observed,csv_st_ouen_female,csv_parish_age_sex_long_v1,St Ouen,60-64,female,145
1.0,census_2021_parish_age_sex_csv,532eb6d7a9a76b682ab056ba45f09f129bd768b71d45f7f7b0d587af95d8ff39,,2021-03-21,observed,csv_st_ouen_female,csv_parish_age_sex_long_v1,St Ouen,65-69,female,112
1.0,census_2021_parish_age_sex_csv,532eb6d7a9a76b682ab056ba45f09f129bd768b71d45f7f7b0d587af95d8ff39,,2021-03-21,observed,csv_st_ouen_female,csv_parish_age_sex_long_v1,St Ouen,70-74,female,134
1.0,census_2021_parish_age_sex_csv,532eb6d7a9a76b682ab056ba45f09f129bd768b71d45f7f7b0d587af95d8ff39,,2021-03-21,observed,csv_st_ouen_female,csv_parish_age_sex_long_v1,St Ouen,75-79,female,81
1.0,census_2021_parish_age_sex_csv,532eb6d7a9a76b682ab056ba45f09f129bd768b71d45f7f7b0d587af95d8ff39,,2021-03-21,observed,csv_st_ouen_female,csv_parish_age_sex_long_v1,St Ouen,80+,female,108
1.0,census_2021_parish_age_sex_csv,532eb6d7a9a76b682ab056ba45f09f129bd768b71d45f7f7b0d587af95d8ff39,,2021-03-21,observed,csv_st_ouen_female,csv_parish_age_sex_long_v1,St Ouen,All,female,2114
1.0,census_2021_parish_age_sex_csv,532eb6d7a9a76b682ab056ba45f09f129bd768b71d45f7f7b0d587af95d8ff39,,2021-03-21,observed,csv_st_ouen_male,csv_parish_age_sex_long_v1,St Ouen,<5,male,84
1.0,census_2021_parish_age_sex_csv,532eb6d7a9a76b682ab056ba45f09f129bd768b71d45f7f7b0d587af95d8ff39,,2021-03-21,observed,csv_st_ouen_male,csv_parish_age_sex_long_v1,St Ouen,5-9,male,123
1.0,census_2021_parish_age_sex_csv,532eb6d7a9a76b682ab056ba45f09f129bd768b71d45f7f7b0d587af95d8ff39,,2021-03-21,observed,csv_st_ouen_male,csv_parish_age_sex_long_v1,St Ouen,10-14,male,130
1.0,census_2021_parish_age_sex_csv,532eb6d7a9a76b682ab056ba45f09f129bd768b71d45f7f7b0d587af95d8ff39,,2021-03-21,observed,csv_st_ouen_male,csv_parish_age_sex_long_v1,St Ouen,15-19,male,107
1.0,census_2021_parish_age_sex_csv,532eb6d7a9a76b682ab056ba45f09f129bd768b71d45f7f7b0d587af95d8ff39,,2021-03-21,observed,csv_st_ouen_male,csv_parish_age_sex_long_v1,St Ouen,20-24,male,102
1.0,census_2021_parish_age_sex_csv,532eb6d7a9a76b682ab056ba45f09f129bd768b71d45f7f7b0d587af95d8ff39,,2021-03-21,observed,csv_st_ouen_male,csv_parish_age_sex_long_v1,St Ouen,25-29,male,83
1.0,census_2021_parish_age_sex_csv,532eb6d7a9a76b682ab056ba45f09f129bd768b71d45f7f7b0d587af95d8ff39,,2021-03-21,observed,csv_st_ouen_male,csv_parish_age_sex_long_v1,St Ouen,30-34,male,101
1.0,census_2021_parish_age_sex_csv,532eb6d7a9a76b682ab056ba45f09f129bd768b71d45f7f7b0d587af95d8ff39,,2021-03-21,observed,csv_st_ouen_male,csv_parish_age_sex_long_v1,St Ouen,35-39,male,131
1.0,census_2021_parish_age_sex_csv,532eb6d7a9a76b682ab056ba45f09f129bd768b71d45f7f7b0d587af95d8ff39,,2021-03-21,observed,csv_st_ouen_male,csv_parish_age_sex_long_v1,St Ouen,40-44,male,143
1.0,census_2021_parish_age_sex_csv,532eb6d7a9a76b682ab056ba45f09f129bd768b71d45f7f7b0d587af95d8ff39,,2021-03-21,observed,csv_st_ouen_male,csv_parish_age_sex_long_v1,St Ouen,45-49,male,156
1.0,census_2021_parish_age_sex_csv,532eb6d7a9a76b682ab056ba45f09f129bd768b71d45f7f7b0d587af95d8ff39,,2021-03-21,observed,csv_st_ouen_male,csv_parish_age_sex_long_v1,St Ouen,50-54,male,198
1.0,census_2021_parish_age_sex_csv,532eb6d7a9a76b682ab056ba45f09f129bd768b71d45f7f7b0d587af95d8ff39,,2021-03-21,observed,csv_st_ouen_male,csv_parish_age_sex_long_v1,St Ouen,55-59,male,170
1.0,census_2021_parish_age_sex_csv,532eb6d7a9a76b682ab056ba45f09f129bd768b71d45f7f7b0d587af95d8ff39,,2021-03-21,observed,csv_st_ouen_male,csv_parish_age_sex_long_v1,St Ouen,60-64,male,152
1.0,census_2021_parish_age_sex_csv,532eb6d7a9a76b682ab056ba45f09f129bd768b71d45f7f7b0d587af95d8ff39,,2021-03-21,observed,csv_st_ouen_male,csv_parish_age_sex_long_v1,St Ouen,65-69,male,115
1.0,census_2021_parish_age_sex_csv,532eb6d7a9a76b682ab056ba45f09f129bd768b71d45f7f7b0d587af95d8ff39,,2021-03-21,observed,csv_st_ouen_male,csv_parish_age_sex_long_v1,St Ouen,70-74,male,126
1.0,census_2021_parish_age_sex_csv,532eb6d7a9a76b682ab056ba45f09f129bd768b71d45f7f7b0d587af95d8ff39,,2021-03-21,observed,csv_st_ouen_male,csv_parish_age_sex_long_v1,St Ouen,75-79,male,79
1.0,census_2021_parish_age_sex_csv,532eb6d7a9a76b682ab056ba45f09f129bd768b71d45f7f7b0d587af95d8ff39,,2021-03-21,observed,csv_st_ouen_male,csv_parish_age_sex_long_v1,St Ouen,80+,male,92
1.0,census_2021_parish_age_sex_csv,532eb6d7a9a76b682ab056ba45f09f129bd768b71d45f7f7b0d587af95d8ff39,,2021-03-21,observed,csv_st_ouen_male,csv_parish_age_sex_long_v1,St Ouen,All,male,2092
1.0,census_2021_parish_age_sex_csv,532eb6d7a9a76b682ab056ba45f09f129bd768b71d45f7f7b0d587af95d8ff39,,2021-03-21,observed,csv_st_ouen_all,csv_parish_age_sex_long_v1,St Ouen,<5,all,174
1.0,census_2021_parish_age_sex_csv,532eb6d7a9a76b682ab056ba45f09f129bd768b71d45f7f7b0d587af95d8ff39,,2021-03-21,observed,csv_st_ouen_all,csv_parish_age_sex_long_v1,St Ouen,5-9,all,258
1.0,census_2021_parish_age_sex_csv,532eb6d7a9a76b682ab056ba45f09f129bd768b71d45f7f7b0d587af95d8ff39,,2021-03-21,observed,csv_st_ouen_all,csv_parish_age_sex_long_v1,St Ouen,10-14,all,249
1.0,census_2021_parish_age_sex_csv,532eb6d7a9a76b682ab056ba45f09f129bd768b71d45f7f7b0d587af95d8ff39,,2021-03-21,observed,csv_st_ouen_all,csv_parish_age_sex_long_v1,St Ouen,15-19,all,207
1.0,census_2021_parish_age_sex_csv,532eb6d7a9a76b682ab056ba45f09f129bd768b71d45f7f7b0d587af95d8ff39,,2021-03-21,observed,csv_st_ouen_all,csv_parish_age_sex_long_v1,St Ouen,20-24,all,202
1.0,census_2021_parish_age_sex_csv,532eb6d7a9a76b682ab056ba45f09f129bd768b71d45f7f7b0d587af95d8ff39,,2021-03-21,observed,csv_st_ouen_all,csv_parish_age_sex_long_v1,St Ouen,25-29,all,170
1.0,census_2021_parish_age_sex_csv,532eb6d7a9a76b682ab056ba45f09f129bd768b71d45f7f7b0d587af95d8ff39,,2021-03-21,observed,csv_st_ouen_all,csv_parish_age_sex_long_v1,St Ouen,30-34,all,190
1.0,census_2021_parish_age_sex_csv,532eb6d7a9a76b682ab056ba45f09f129bd768b71d45f7f7b0d587af95d8ff39,,2021-03-21,observed,csv_st_ouen_all,csv_parish_age_sex_long_v1,St Ouen,35-39,all,247
1.0,census_2021_parish_age_sex_csv,532eb6d7a9a76b682ab056ba45f09f129bd768b71d45f7f7b0d587af95d8ff39,,2021-03-21,observed,csv_st_ouen_all,csv_parish_age_sex_long_v1,St Ouen,40-44,all,302
1.0,census_2021_parish_age_sex_csv,532eb6d7a9a76b682ab056ba45f09f129bd768b71d45f7f7b0d587af95d8ff39,,2021-03-21,observed,csv_st_ouen_all,csv_parish_age_sex_long_v1,St Ouen,45-49,all,327
1.0,census_2021_parish_age_sex_csv,532eb6d7a9a76b682ab056ba45f09f129bd768b71d45f7f7b0d587af95d8ff39,,2021-03-21,observed,csv_st_ouen_all,csv_parish_age_sex_long_v1,St Ouen,50-54,all,383
1.0,census_2021_parish_age_sex_csv,532eb6d7a9a76b682ab056ba45f09f129bd768b71d45f7f7b0d587af95d8ff39,,2021-03-21,observed,csv_st_ouen_all,csv_parish_age_sex_long_v1,St Ouen,55-59,all,353
1.0,census_2021_parish_age_sex_csv,532eb6d7a9a76b682ab056ba45f09f129bd768b71d45f7f7b0d587af95d8ff39,,2021-03-21,observed,csv_st_ouen_all,csv_parish_age_sex_long_v1,St Ouen,60-64,all,297
1.0,census_2021_parish_age_sex_csv,532eb6d7a9a76b682ab056ba45f09f129bd768b71d45f7f7b0d587af95d8ff39,,2021-03-21,observed,csv_st_ouen_all,csv_parish_age_sex_long_v1,St Ouen,65-69,all,227
1.0,census_2021_parish_age_sex_csv,532eb6d7a9a76b682ab056ba45f09f129bd768b71d45f7f7b0d587af95d8ff39,,2021-03-21,observed,csv_st_ouen_all,csv_parish_age_sex_long_v1,St Ouen,70-74,all,260
1.0,census_2021_parish_age_sex_csv,532eb6d7a9a76b682ab056ba45f09f129bd768b71d45f7f7b0d587af95d8ff39,,2021-03-21,observed,csv_st_ouen_all,csv_parish_age_sex_long_v1,St Ouen,75-79,all,160
1.0,census_2021_parish_age_sex_csv,532eb6d7a9a76b682ab056ba45f09f129bd768b71d45f7f7b0d587af95d8ff39,,2021-03-21,observed,csv_st_ouen_all,csv_parish_age_sex_long_v1,St Ouen,80+,all,200
1.0,census_2021_parish_age_sex_csv,532eb6d7a9a76b682ab056ba45f09f129bd768b71d45f7f7b0d587af95d8ff39,,2021-03-21,observed,csv_st_ouen_all,csv_parish_age_sex_long_v1,St Ouen,All,all,4206
1.0,census_2021_parish_age_sex_csv,532eb6d7a9a76b682ab056ba45f09f129bd768b71d45f7f7b0d587af95d8ff39,,2021-03-21,observed,csv_st_peter_female,csv_parish_age_sex_long_v1,St Peter,<5,female,110
1.0,census_2021_parish_age_sex_csv,532eb6d7a9a76b682ab056ba45f09f129bd768b71d45f7f7b0d587af95d8ff39,,2021-03-21,observed,csv_st_peter_female,csv_parish_age_sex_long_v1,St Peter,5-9,female,111
1.0,census_2021_parish_age_sex_csv,532eb6d7a9a76b682ab056ba45f09f129bd768b71d45f7f7b0d587af95d8ff39,,2021-03-21,observed,csv_st_peter_female,csv_parish_age_sex_long_v1,St Peter,10-14,female,130
1.0,census_2021_parish_age_sex_csv,532eb6d7a9a76b682ab056ba45f09f129bd768b71d45f7f7b0d587af95d8ff39,,2021-03-21,observed,csv_st_peter_female,csv_parish_age_sex_long_v1,St Peter,15-19,female,120
1.0,census_2021_parish_age_sex_csv,532eb6d7a9a76b682ab056ba45f09f129bd768b71d45f7f7b0d587af95d8ff39,,2021-03-21,observed,csv_st_peter_female,csv_parish_age_sex_long_v1,St Peter,20-24,female,137
1.0,census_2021_parish_age_sex_csv,532eb6d7a9a76b682ab056ba45f09f129bd768b71d45f7f7b0d587af95d8ff39,,2021-03-21,observed,csv_st_peter_female,csv_parish_age_sex_long_v1,St Peter,25-29,female,101
1.0,census_2021_parish_age_sex_csv,532eb6d7a9a76b682ab056ba45f09f129bd768b71d45f7f7b0d587af95d8ff39,,2021-03-21,observed,csv_st_peter_female,csv_parish_age_sex_long_v1,St Peter,30-34,female,140
1.0,census_2021_parish_age_sex_csv,532eb6d7a9a76b682ab056ba45f09f129bd768b71d45f7f7b0d587af95d8ff39,,2021-03-21,observed,csv_st_peter_female,csv_parish_age_sex_long_v1,St Peter,35-39,female,146
1.0,census_2021_parish_age_sex_csv,532eb6d7a9a76b682ab056ba45f09f129bd768b71d45f7f7b0d587af95d8ff39,,2021-03-21,observed,csv_st_peter_female,csv_parish_age_sex_long_v1,St Peter,40-44,female,186
1.0,census_2021_parish_age_sex_csv,532eb6d7a9a76b682ab056ba45f09f129bd768b71d45f7f7b0d587af95d8ff39,,2021-03-21,observed,csv_st_peter_female,csv_parish_age_sex_long_v1,St Peter,45-49,female,173
1.0,census_2021_parish_age_sex_csv,532eb6d7a9a76b682ab056ba45f09f129bd768b71d45f7f7b0d587af95d8ff39,,2021-03-21,observed,csv_st_peter_female,csv_parish_age_sex_long_v1,St Peter,50-54,female,182
1.0,census_2021_parish_age_sex_csv,532eb6d7a9a76b682ab056ba45f09f129bd768b71d45f7f7b0d587af95d8ff39,,2021-03-21,observed,csv_st_peter_female,csv_parish_age_sex_long_v1,St Peter,55-59,female,233
1.0,census_2021_parish_age_sex_csv,532eb6d7a9a76b682ab056ba45f09f129bd768b71d45f7f7b0d587af95d8ff39,,2021-03-21,observed,csv_st_peter_female,csv_parish_age_sex_long_v1,St Peter,60-64,female,183
1.0,census_2021_parish_age_sex_csv,532eb6d7a9a76b682ab056ba45f09f129bd768b71d45f7f7b0d587af95d8ff39,,2021-03-21,observed,csv_st_peter_female,csv_parish_age_sex_long_v1,St Peter,65-69,female,165
1.0,census_2021_parish_age_sex_csv,532eb6d7a9a76b682ab056ba45f09f129bd768b71d45f7f7b0d587af95d8ff39,,2021-03-21,observed,csv_st_peter_female,csv_parish_age_sex_long_v1,St Peter,70-74,female,166
1.0,census_2021_parish_age_sex_csv,532eb6d7a9a76b682ab056ba45f09f129bd768b71d45f7f7b0d587af95d8ff39,,2021-03-21,observed,csv_st_peter_female,csv_parish_age_sex_long_v1,St Peter,75-79,female,144
1.0,census_2021_parish_age_sex_csv,532eb6d7a9a76b682ab056ba45f09f129bd768b71d45f7f7b0d587af95d8ff39,,2021-03-21,observed,csv_st_peter_female,csv_parish_age_sex_long_v1,St Peter,80+,female,276
1.0,census_2021_parish_age_sex_csv,532eb6d7a9a76b682ab056ba45f09f129bd768b71d45f7f7b0d587af95d8ff39,,2021-03-21,observed,csv_st_peter_female,csv_parish_age_sex_long_v1,St Peter,All,female,2703
1.0,census_2021_parish_age_sex_csv,532eb6d7a9a76b682ab056ba45f09f129bd768b71d45f7f7b0d587af95d8ff39,,2021-03-21,observed,csv_st_peter_male,csv_parish_age_sex_long_v1,St Peter,<5,male,106
1.0,census_2021_parish_age_sex_csv,532eb6d7a9a76b682ab056ba45f09f129bd768b71d45f7f7b0d587af95d8ff39,,2021-03-21,observed,csv_st_peter_male,csv_parish_age_sex_long_v1,St Peter,5-9,male,148
1.0,census_2021_parish_age_sex_csv,532eb6d7a9a76b682ab056ba45f09f129bd768b71d45f7f7b0d587af95d8ff39,,2021-03-21,observed,csv_st_peter_male,csv_parish_age_sex_long_v1,St Peter,10-14,male,125
1.0,census_2021_parish_age_sex_csv,532eb6d7a9a76b682ab056ba45f09f129bd768b71d45f7f7b0d587af95d8ff39,,2021-03-21,observed,csv_st_peter_male,csv_parish_age_sex_long_v1,St Peter,15-19,male,120
1.0,census_2021_parish_age_sex_csv,532eb6d7a9a76b682ab056ba45f09f129bd768b71d45f7f7b0d587af95d8ff39,,2021-03-21,observed,csv_st_peter_male,csv_parish_age_sex_long_v1,St Peter,20-24,male,121
1.0,census_2021_parish_age_sex_csv,532eb6d7a9a76b682ab056ba45f09f129bd768b71d45f7f7b0d587af95d8ff39,,2021-03-21,observed,csv_st_peter_male,csv_parish_age_sex_long_v1,St Peter,25-29,male,125
1.0,census_2021_parish_age_sex_csv,532eb6d7a9a76b682ab056ba45f09f129bd768b71d45f7f7b0d587af95d8ff39,,2021-03-21,observed,csv_st_peter_male,csv_parish_age_sex_long_v1,St Peter,30-34,male,148
1.0,census_2021_parish_age_sex_csv,532eb6d7a9a76b682ab056ba45f09f129bd768b71d45f7f7b0d587af95d8ff39,,2021-03-21,observed,csv_st_peter_male,csv_parish_age_sex_long_v1,St Peter,35-39,male,149
1.0,census_2021_parish_age_sex_csv,532eb6d7a9a76b682ab056ba45f09f129bd768b71d45f7f7b0d587af95d8ff39,,2021-03-21,observed,csv_st_peter_male,csv_parish_age_sex_long_v1,St Peter,40-44,male,162
1.0,census_2021_parish_age_sex_csv,532eb6d7a9a76b682ab056ba45f09f129bd768b71d45f7f7b0d587af95d8ff39,,2021-03-21,observed,csv_st_peter_male,csv_parish_age_sex_long_v1,St Peter,45-49,male,182
1.0,census_2021_parish_age_sex_csv,532eb6d7a9a76b682ab056ba45f09f129bd768b71d45f7f7b0d587af95d8ff39,,2021-03-21,observed,csv_st_peter_male,csv_parish_age_sex_long_v1,St Peter,50-54,male,205
1.0,census_2021_parish_age_sex_csv,532eb6d7a9a76b682ab056ba45f09f129bd768b71d45f7f7b0d587af95d8ff39,,2021-03-21,observed,csv_st_peter_male,csv_parish_age_sex_long_v1,St Peter,55-59,male,195
1.0,census_2021_parish_age_sex_csv,532eb6d7a9a76b682ab056ba45f09f129bd768b71d45f7f7b0d587af95d8ff39,,2021-03-21,observed,csv_st_peter_male,csv_parish_age_sex_long_v1,St Peter,60-64,male,176
1.0,census_2021_parish_age_sex_csv,532eb6d7a9a76b682ab056ba45f09f129bd768b71d45f7f7b0d587af95d8ff39,,2021-03-21,observed,csv_st_peter_male,csv_parish_age_sex_long_v1,St Peter,65-69,male,142
1.0,census_2021_parish_age_sex_csv,532eb6d7a9a76b682ab056ba45f09f129bd768b71d45f7f7b0d587af95d8ff39,,2021-03-21,observed,csv_st_peter_male,csv_parish_age_sex_long_v1,St Peter,70-74,male,158
1.0,census_2021_parish_age_sex_csv,532eb6d7a9a76b682ab056ba45f09f129bd768b71d45f7f7b0d587af95d8ff39,,2021-03-21,observed,csv_st_peter_male,csv_parish_age_sex_long_v1,St Peter,75-79,male,112
1.0,census_2021_parish_age_sex_csv,532eb6d7a9a76b682ab056ba45f09f129bd768b71d45f7f7b0d587af95d8ff39,,2021-03-21,observed,csv_st_peter_male,csv_parish_age_sex_long_v1,St Peter,80+,male,187
1.0,census_2021_parish_age_sex_csv,532eb6d7a9a76b682ab056ba45f09f129bd768b71d45f7f7b0d587af95d8ff39,,2021-03-21,observed,csv_st_peter_male,csv_parish_age_sex_long_v1,St Peter,All,male,2561
1.0,census_2021_parish_age_sex_csv,532eb6d7a9a76b682ab056ba45f09f129bd768b71d45f7f7b0d587af95d8ff39,,2021-03-21,observed,csv_st_peter_all,csv_parish_age_sex_long_v1,St Peter,<5,all,216
1.0,census_2021_parish_age_sex_csv,532eb6d7a9a76b682ab056ba45f09f129bd768b71d45f7f7b0d587af95d8ff39,,2021-03-21,observed,csv_st_peter_all,csv_parish_age_sex_long_v1,St Peter,5-9,all,259
1.0,census_2021_parish_age_sex_csv,532eb6d7a9a76b682ab056ba45f09f129bd768b71d45f7f7b0d587af95d8ff39,,2021-03-21,observed,csv_st_peter_all,csv_parish_age_sex_long_v1,St Peter,10-14,all,255
1.0,census_2021_parish_age_sex_csv,532eb6d7a9a76b682ab056ba45f09f129bd768b71d45f7f7b0d587af95d8ff39,,2021-03-21,observed,csv_st_peter_all,csv_parish_age_sex_long_v1,St Peter,15-19,all,240
1.0,census_2021_parish_age_sex_csv,532eb6d7a9a76b682ab056ba45f09f129bd768b71d45f7f7b0d587af95d8ff39,,2021-03-21,observed,csv_st_peter_all,csv_parish_age_sex_long_v1,St Peter,20-24,all,258
1.0,census_2021_parish_age_sex_csv,532eb6d7a9a76b682ab056ba45f09f129bd768b71d45f7f7b0d587af95d8ff39,,2021-03-21,observed,csv_st_peter_all,csv_parish_age_sex_long_v1,St Peter,25-29,all,226
1.0,census_2021_parish_age_sex_csv,532eb6d7a9a76b682ab056ba45f09f129bd768b71d45f7f7b0d587af95d8ff39,,2021-03-21,observed,csv_st_peter_all,csv_parish_age_sex_long_v1,St Peter,30-34,all,288
1.0,census_2021_parish_age_sex_csv,532eb6d7a9a76b682ab056ba45f09f129bd768b71d45f7f7b0d587af95d8ff39,,2021-03-21,observed,csv_st_peter_all,csv_parish_age_sex_long_v1,St Peter,35-39,all,295
1.0,census_2021_parish_age_sex_csv,532eb6d7a9a76b682ab056ba45f09f129bd768b71d45f7f7b0d587af95d8ff39,,2021-03-21,observed,csv_st_peter_all,csv_parish_age_sex_long_v1,St Peter,40-44,all,348
1.0,census_2021_parish_age_sex_csv,532eb6d7a9a76b682ab056ba45f09f129bd768b71d45f7f7b0d587af95d8ff39,,2021-03-21,observed,csv_st_peter_all,csv_parish_age_sex_long_v1,St Peter,45-49,all,355
1.0,census_2021_parish_age_sex_csv,532eb6d7a9a76b682ab056ba45f09f129bd768b71d45f7f7b0d587af95d8ff39,,2021-03-21,observed,csv_st_peter_all,csv_parish_age_sex_long_v1,St Peter,50-54,all,387
1.0,census_2021_parish_age_sex_csv,532eb6d7a9a76b682ab056ba45f09f129bd768b71d45f7f7b0d587af95d8ff39,,2021-03-21,observed,csv_st_peter_all,csv_parish_age_sex_long_v1,St Peter,55-59,all,428
1.0,census_2021_parish_age_sex_csv,532eb6d7a9a76b682ab056ba45f09f129bd768b71d45f7f7b0d587af95d8ff39,,2021-03-21,observed,csv_st_peter_all,csv_parish_age_sex_long_v1,St Peter,60-64,all,359
1.0,census_2021_parish_age_sex_csv,532eb6d7a9a76b682ab056ba45f09f129bd768b71d45f7f7b0d587af95d8ff39,,2021-03-21,observed,csv_st_peter_all,csv_parish_age_sex_long_v1,St Peter,65-69,all,307
1.0,census_2021_parish_age_sex_csv,532eb6d7a9a76b682ab056ba45f09f129bd768b71d45f7f7b0d587af95d8ff39,,2021-03-21,observed,csv_st_peter_all,csv_parish_age_sex_long_v1,St Peter,70-74,all,324
1.0,census_2021_parish_age_sex_csv,532eb6d7a9a76b682ab056ba45f09f129bd768b71d45f7f7b0d587af95d8ff39,,2021-03-21,observed,csv_st_peter_all,csv_parish_age_sex_long_v1,St Peter,75-79,all,256
1.0,census_2021_parish_age_sex_csv,532eb6d7a9a76b682ab056ba45f09f129bd768b71d45f7f7b0d587af95d8ff39,,2021-03-21,observed,csv_st_peter_all,csv_parish_age_sex_long_v1,St Peter,80+,all,463
1.0,census_2021_parish_age_sex_csv,532eb6d7a9a76b682ab056ba45f09f129bd768b71d45f7f7b0d587af95d8ff39,,2021-03-21,observed,csv_st_peter_all,csv_parish_age_sex_long_v1,St Peter,All,all,5264
1.0,census_2021_parish_age_sex_csv,532eb6d7a9a76b682ab056ba45f09f129bd768b71d45f7f7b0d587af95d8ff39,,2021-03-21,observed,csv_st_saviour_female,csv_parish_age_sex_long_v1,St Saviour,<5,female,320
1.0,census_2021_parish_age_sex_csv,532eb6d7a9a76b682ab056ba45f09f129bd768b71d45f7f7b0d587af95d8ff39,,2021-03-21,observed,csv_st_saviour_female,csv_parish_age_sex_long_v1,St Saviour,5-9,female,410
1.0,census_2021_parish_age_sex_csv,532eb6d7a9a76b682ab056ba45f09f129bd768b71d45f7f7b0d587af95d8ff39,,2021-03-21,observed,csv_st_saviour_female,csv_parish_age_sex_long_v1,St Saviour,10-14,female,432
1.0,census_2021_parish_age_sex_csv,532eb6d7a9a76b682ab056ba45f09f129bd768b71d45f7f7b0d587af95d8ff39,,2021-03-21,observed,csv_st_saviour_female,csv_parish_age_sex_long_v1,St Saviour,15-19,female,365
1.0,census_2021_parish_age_sex_csv,532eb6d7a9a76b682ab056ba45f09f129bd768b71d45f7f7b0d587af95d8ff39,,2021-03-21,observed,csv_st_saviour_female,csv_parish_age_sex_long_v1,St Saviour,20-24,female,368
1.0,census_2021_parish_age_sex_csv,532eb6d7a9a76b682ab056ba45f09f129bd768b71d45f7f7b0d587af95d8ff39,,2021-03-21,observed,csv_st_saviour_female,csv_parish_age_sex_long_v1,St Saviour,25-29,female,321
1.0,census_2021_parish_age_sex_csv,532eb6d7a9a76b682ab056ba45f09f129bd768b71d45f7f7b0d587af95d8ff39,,2021-03-21,observed,csv_st_saviour_female,csv_parish_age_sex_long_v1,St Saviour,30-34,female,432
1.0,census_2021_parish_age_sex_csv,532eb6d7a9a76b682ab056ba45f09f129bd768b71d45f7f7b0d587af95d8ff39,,2021-03-21,observed,csv_st_saviour_female,csv_parish_age_sex_long_v1,St Saviour,35-39,female,521
1.0,census_2021_parish_age_sex_csv,532eb6d7a9a76b682ab056ba45f09f129bd768b71d45f7f7b0d587af95d8ff39,,2021-03-21,observed,csv_st_saviour_female,csv_parish_age_sex_long_v1,St Saviour,40-44,female,565
1.0,census_2021_parish_age_sex_csv,532eb6d7a9a76b682ab056ba45f09f129bd768b71d45f7f7b0d587af95d8ff39,,2021-03-21,observed,csv_st_saviour_female,csv_parish_age_sex_long_v1,St Saviour,45-49,female,507
1.0,census_2021_parish_age_sex_csv,532eb6d7a9a76b682ab056ba45f09f129bd768b71d45f7f7b0d587af95d8ff39,,2021-03-21,observed,csv_st_saviour_female,csv_parish_age_sex_long_v1,St Saviour,50-54,female,567
1.0,census_2021_parish_age_sex_csv,532eb6d7a9a76b682ab056ba45f09f129bd768b71d45f7f7b0d587af95d8ff39,,2021-03-21,observed,csv_st_saviour_female,csv_parish_age_sex_long_v1,St Saviour,55-59,female,547
1.0,census_2021_parish_age_sex_csv,532eb6d7a9a76b682ab056ba45f09f129bd768b71d45f7f7b0d587af95d8ff39,,2021-03-21,observed,csv_st_saviour_female,csv_parish_age_sex_long_v1,St Saviour,60-64,female,443
1.0,census_2021_parish_age_sex_csv,532eb6d7a9a76b682ab056ba45f09f129bd768b71d45f7f7b0d587af95d8ff39,,2021-03-21,observed,csv_st_saviour_female,csv_parish_age_sex_long_v1,St Saviour,65-69,female,369
1.0,census_2021_parish_age_sex_csv,532eb6d7a9a76b682ab056ba45f09f129bd768b71d45f7f7b0d587af95d8ff39,,2021-03-21,observed,csv_st_saviour_female,csv_parish_age_sex_long_v1,St Saviour,70-74,female,325
1.0,census_2021_parish_age_sex_csv,532eb6d7a9a76b682ab056ba45f09f129bd768b71d45f7f7b0d587af95d8ff39,,2021-03-21,observed,csv_st_saviour_female,csv_parish_age_sex_long_v1,St Saviour,75-79,female,198
1.0,census_2021_parish_age_sex_csv,532eb6d7a9a76b682ab056ba45f09f129bd768b71d45f7f7b0d587af95d8ff39,,2021-03-21,observed,csv_st_saviour_female,csv_parish_age_sex_long_v1,St Saviour,80+,female,379
1.0,census_2021_parish_age_sex_csv,532eb6d7a9a76b682ab056ba45f09f129bd768b71d45f7f7b0d587af95d8ff39,,2021-03-21,observed,csv_st_saviour_female,csv_parish_age_sex_long_v1,St Saviour,All,female,7069
1.0,census_2021_parish_age_sex_csv,532eb6d7a9a76b682ab056ba45f09f129bd768b71d45f7f7b0d587af95d8ff39,,2021-03-21,observed,csv_st_saviour_male,csv_parish_age_sex_long_v1,St Saviour,<5,male,345
1.0,census_2021_parish_age_sex_csv,532eb6d7a9a76b682ab056ba45f09f129bd768b71d45f7f7b0d587af95d8ff39,,2021-03-21,observed,csv_st_saviour_male,csv_parish_age_sex_long_v1,St Saviour,5-9,male,422
1.0,census_2021_parish_age_sex_csv,532eb6d7a9a76b682ab056ba45f09f129bd768b71d45f7f7b0d587af95d8ff39,,2021-03-21,observed,csv_st_saviour_male,csv_parish_age_sex_long_v1,St Saviour,10-14,male,429
1.0,census_2021_parish_age_sex_csv,532eb6d7a9a76b682ab056ba45f09f129bd768b71d45f7f7b0d587af95d8ff39,,2021-03-21,observed,csv_st_saviour_male,csv_parish_age_sex_long_v1,St Saviour,15-19,male,454
1.0,census_2021_parish_age_sex_csv,532eb6d7a9a76b682ab056ba45f09f129bd768b71d45f7f7b0d587af95d8ff39,,2021-03-21,observed,csv_st_saviour_male,csv_parish_age_sex_long_v1,St Saviour,20-24,male,406
1.0,census_2021_parish_age_sex_csv,532eb6d7a9a76b682ab056ba45f09f129bd768b71d45f7f7b0d587af95d8ff39,,2021-03-21,observed,csv_st_saviour_male,csv_parish_age_sex_long_v1,St Saviour,25-29,male,368
1.0,census_2021_parish_age_sex_csv,532eb6d7a9a76b682ab056ba45f09f129bd768b71d45f7f7b0d587af95d8ff39,,2021-03-21,observed,csv_st_saviour_male,csv_parish_age_sex_long_v1,St Saviour,30-34,male,397
1.0,census_2021_parish_age_sex_csv,532eb6d7a9a76b682ab056ba45f09f129bd768b71d45f7f7b0d587af95d8ff39,,2021-03-21,observed,csv_st_saviour_male,csv_parish_age_sex_long_v1,St Saviour,35-39,male,474
1.0,census_2021_parish_age_sex_csv,532eb6d7a9a76b682ab056ba45f09f129bd768b71d45f7f7b0d587af95d8ff39,,2021-03-21,observed,csv_st_saviour_male,csv_parish_age_sex_long_v1,St Saviour,40-44,male,532
1.0,census_2021_parish_age_sex_csv,532eb6d7a9a76b682ab056ba45f09f129bd768b71d45f7f7b0d587af95d8ff39,,2021-03-21,observed,csv_st_saviour_male,csv_parish_age_sex_long_v1,St Saviour,45-49,male,550
1.0,census_2021_parish_age_sex_csv,532eb6d7a9a76b682ab056ba45f09f129bd768b71d45f7f7b0d587af95d8ff39,,2021-03-21,observed,csv_st_saviour_male,csv_parish_age_sex_long_v1,St Saviour,50-54,male,550
1.0,census_2021_parish_age_sex_csv,532eb6d7a9a76b682ab056ba45f09f129bd768b71d45f7f7b0d587af95d8ff39,,2021-03-21,observed,csv_st_saviour_male,csv_parish_age_sex_long_v1,St Saviour,55-59,male,483
1.0,census_2021_parish_age_sex_csv,532eb6d7a9a76b682ab056ba45f09f129bd768b71d45f7f7b0d587af95d8ff39,,2021-03-21,observed,csv_st_saviour_male,csv_parish_age_sex_long_v1,St Saviour,60-64,male,387
1.0,census_2021_parish_age_sex_csv,532eb6d7a9a76b682ab056ba45f09f129bd768b71d45f7f7b0d587af95d8ff39,,2021-03-21,observed,csv_st_saviour_male,csv_parish_age_sex_long_v1,St Saviour,65-69,male,337
1.0,census_2021_parish_age_sex_csv,532eb6d7a9a76b682ab056ba45f09f129bd768b71d45f7f7b0d587af95d8ff39,,2021-03-21,observed,csv_st_saviour_male,csv_parish_age_sex_long_v1,St Saviour,70-74,male,285
1.0,census_2021_parish_age_sex_csv,532eb6d7a9a76b682ab056ba45f09f129bd768b71d45f7f7b0d587af95d8ff39,,2021-03-21,observed,csv_st_saviour_male,csv_parish_age_sex_long_v1,St Saviour,75-79,male,179
1.0,census_2021_parish_age_sex_csv,532eb6d7a9a76b682ab056ba45f09f129bd768b71d45f7f7b0d587af95d8ff39,,2021-03-21,observed,csv_st_saviour_male,csv_parish_age_sex_long_v1,St Saviour,80+,male,237
1.0,census_2021_parish_age_sex_csv,532eb6d7a9a76b682ab056ba45f09f129bd768b71d45f7f7b0d587af95d8ff39,,2021-03-21,observed,csv_st_saviour_male,csv_parish_age_sex_long_v1,St Saviour,All,male,6835
1.0,census_2021_parish_age_sex_csv,532eb6d7a9a76b682ab056ba45f09f129bd768b71d45f7f7b0d587af95d8ff39,,2021-03-21,observed,csv_st_saviour_all,csv_parish_age_sex_long_v1,St Saviour,<5,all,665
1.0,census_2021_parish_age_sex_csv,532eb6d7a9a76b682ab056ba45f09f129bd768b71d45f7f7b0d587af95d8ff39,,2021-03-21,observed,csv_st_saviour_all,csv_parish_age_sex_long_v1,St Saviour,5-9,all,832
1.0,census_2021_parish_age_sex_csv,532eb6d7a9a76b682ab056ba45f09f129bd768b71d45f7f7b0d587af95d8ff39,,2021-03-21,observed,csv_st_saviour_all,csv_parish_age_sex_long_v1,St Saviour,10-14,all,861
1.0,census_2021_parish_age_sex_csv,532eb6d7a9a76b682ab056ba45f09f129bd768b71d45f7f7b0d587af95d8ff39,,2021-03-21,observed,csv_st_saviour_all,csv_parish_age_sex_long_v1,St Saviour,15-19,all,819
1.0,census_2021_parish_age_sex_csv,532eb6d7a9a76b682ab056ba45f09f129bd768b71d45f7f7b0d587af95d8ff39,,2021-03-21,observed,csv_st_saviour_all,csv_parish_age_sex_long_v1,St Saviour,20-24,all,774
1.0,census_2021_parish_age_sex_csv,532eb6d7a9a76b682ab056ba45f09f129bd768b71d45f7f7b0d587af95d8ff39,,2021-03-21,observed,csv_st_saviour_all,csv_parish_age_sex_long_v1,St Saviour,25-29,all,689
1.0,census_2021_parish_age_sex_csv,532eb6d7a9a76b682ab056ba45f09f129bd768b71d45f7f7b0d587af95d8ff39,,2021-03-21,observed,csv_st_saviour_all,csv_parish_age_sex_long_v1,St Saviour,30-34,all,829
1.0,census_2021_parish_age_sex_csv,532eb6d7a9a76b682ab056ba45f09f129bd768b71d45f7f7b0d587af95d8ff39,,2021-03-21,observed,csv_st_saviour_all,csv_parish_age_sex_long_v1,St Saviour,35-39,all,995
1.0,census_2021_parish_age_sex_csv,532eb6d7a9a76b682ab056ba45f09f129bd768b71d45f7f7b0d587af95d8ff39,,2021-03-21,observed,csv_st_saviour_all,csv_parish_age_sex_long_v1,St Saviour,40-44,all,1097
1.0,census_2021_parish_age_sex_csv,532eb6d7a9a76b682ab056ba45f09f129bd768b71d45f7f7b0d587af95d8ff39,,2021-03-21,observed,csv_st_saviour_all,csv_parish_age_sex_long_v1,St Saviour,45-49,all,1057
1.0,census_2021_parish_age_sex_csv,532eb6d7a9a76b682ab056ba45f09f129bd768b71d45f7f7b0d587af95d8ff39,,2021-03-21,observed,csv_st_saviour_all,csv_parish_age_sex_long_v1,St Saviour,50-54,all,1117
1.0,census_2021_parish_age_sex_csv,532eb6d7a9a76b682ab056ba45f09f129bd768b71d45f7f7b0d587af95d8ff39,,2021-03-21,observed,csv_st_saviour_all,csv_parish_age_sex_long_v1,St Saviour,55-59,all,1030
1.0,census_2021_parish_age_sex_csv,532eb6d7a9a76b682ab056ba45f09f129bd768b71d45f7f7b0d587af95d8ff39,,2021-03-21,observed,csv_st_saviour_all,csv_parish_age_sex_long_v1,St Saviour,60-64,all,830
1.0,census_2021_parish_age_sex_csv,532eb6d7a9a76b682ab056ba45f09f129bd768b71d45f7f7b0d587af95d8ff39,,2021-03-21,observed,csv_st_saviour_all,csv_parish_age_sex_long_v1,St Saviour,65-69,all,706
1.0,census_2021_parish_age_sex_csv,532eb6d7a9a76b682ab056ba45f09f129bd768b71d45f7f7b0d587af95d8ff39,,2021-03-21,observed,csv_st_saviour_all,csv_parish_age_sex_long_v1,St Saviour,70-74,all,610
1.0,census_2021_parish_age_sex_csv,532eb6d7a9a76b682ab056ba45f09f129bd768b71d45f7f7b0d587af95d8ff39,,2021-03-21,observed,csv_st_saviour_all,csv_parish_age_sex_long_v1,St Saviour,75-79,all,377
1.0,census_2021_parish_age_sex_csv,532eb6d7a9a76b682ab056ba45f09f129bd768b71d45f7f7b0d587af95d8ff39,,2021-03-21,observed,csv_st_saviour_all,csv_parish_age_sex_long_v1,St Saviour,80+,all,616
1.0,census_2021_parish_age_sex_csv,532eb6d7a9a76b682ab056ba45f09f129bd768b71d45f7f7b0d587af95d8ff39,,2021-03-21,observed,csv_st_saviour_all,csv_parish_age_sex_long_v1,St Saviour,All,all,13904
1.0,census_2021_parish_age_sex_csv,532eb6d7a9a76b682ab056ba45f09f129bd768b71d45f7f7b0d587af95d8ff39,,2021-03-21,observed,csv_trinity_female,csv_parish_age_sex_long_v1,Trinity,<5,female,74
1.0,census_2021_parish_age_sex_csv,532eb6d7a9a76b682ab056ba45f09f129bd768b71d45f7f7b0d587af95d8ff39,,2021-03-21,observed,csv_trinity_female,csv_parish_age_sex_long_v1,Trinity,5-9,female,100
1.0,census_2021_parish_age_sex_csv,532eb6d7a9a76b682ab056ba45f09f129bd768b71d45f7f7b0d587af95d8ff39,,2021-03-21,observed,csv_trinity_female,csv_parish_age_sex_long_v1,Trinity,10-14,female,124
1.0,census_2021_parish_age_sex_csv,532eb6d7a9a76b682ab056ba45f09f129bd768b71d45f7f7b0d587af95d8ff39,,2021-03-21,observed,csv_trinity_female,csv_parish_age_sex_long_v1,Trinity,15-19,female,83
1.0,census_2021_parish_age_sex_csv,532eb6d7a9a76b682ab056ba45f09f129bd768b71d45f7f7b0d587af95d8ff39,,2021-03-21,observed,csv_trinity_female,csv_parish_age_sex_long_v1,Trinity,20-24,female,91
1.0,census_2021_parish_age_sex_csv,532eb6d7a9a76b682ab056ba45f09f129bd768b71d45f7f7b0d587af95d8ff39,,2021-03-21,observed,csv_trinity_female,csv_parish_age_sex_long_v1,Trinity,25-29,female,73
1.0,census_2021_parish_age_sex_csv,532eb6d7a9a76b682ab056ba45f09f129bd768b71d45f7f7b0d587af95d8ff39,,2021-03-21,observed,csv_trinity_female,csv_parish_age_sex_long_v1,Trinity,30-34,female,75
1.0,census_2021_parish_age_sex_csv,532eb6d7a9a76b682ab056ba45f09f129bd768b71d45f7f7b0d587af95d8ff39,,2021-03-21,observed,csv_trinity_female,csv_parish_age_sex_long_v1,Trinity,35-39,female,120
1.0,census_2021_parish_age_sex_csv,532eb6d7a9a76b682ab056ba45f09f129bd768b71d45f7f7b0d587af95d8ff39,,2021-03-21,observed,csv_trinity_female,csv_parish_age_sex_long_v1,Trinity,40-44,female,120
1.0,census_2021_parish_age_sex_csv,532eb6d7a9a76b682ab056ba45f09f129bd768b71d45f7f7b0d587af95d8ff39,,2021-03-21,observed,csv_trinity_female,csv_parish_age_sex_long_v1,Trinity,45-49,female,132
1.0,census_2021_parish_age_sex_csv,532eb6d7a9a76b682ab056ba45f09f129bd768b71d45f7f7b0d587af95d8ff39,,2021-03-21,observed,csv_trinity_female,csv_parish_age_sex_long_v1,Trinity,50-54,female,140
1.0,census_2021_parish_age_sex_csv,532eb6d7a9a76b682ab056ba45f09f129bd768b71d45f7f7b0d587af95d8ff39,,2021-03-21,observed,csv_trinity_female,csv_parish_age_sex_long_v1,Trinity,55-59,female,134
1.0,census_2021_parish_age_sex_csv,532eb6d7a9a76b682ab056ba45f09f129bd768b71d45f7f7b0d587af95d8ff39,,2021-03-21,observed,csv_trinity_female,csv_parish_age_sex_long_v1,Trinity,60-64,female,99
1.0,census_2021_parish_age_sex_csv,532eb6d7a9a76b682ab056ba45f09f129bd768b71d45f7f7b0d587af95d8ff39,,2021-03-21,observed,csv_trinity_female,csv_parish_age_sex_long_v1,Trinity,65-69,female,89
1.0,census_2021_parish_age_sex_csv,532eb6d7a9a76b682ab056ba45f09f129bd768b71d45f7f7b0d587af95d8ff39,,2021-03-21,observed,csv_trinity_female,csv_parish_age_sex_long_v1,Trinity,70-74,female,86
1.0,census_2021_parish_age_sex_csv,532eb6d7a9a76b682ab056ba45f09f129bd768b71d45f7f7b0d587af95d8ff39,,2021-03-21,observed,csv_trinity_female,csv_parish_age_sex_long_v1,Trinity,75-79,female,50
1.0,census_2021_parish_age_sex_csv,532eb6d7a9a76b682ab056ba45f09f129bd768b71d45f7f7b0d587af95d8ff39,,2021-03-21,observed,csv_trinity_female,csv_parish_age_sex_long_v1,Trinity,80+,female,105
1.0,census_2021_parish_age_sex_csv,532eb6d7a9a76b682ab056ba45f09f129bd768b71d45f7f7b0d587af95d8ff39,,2021-03-21,observed,csv_trinity_female,csv_parish_age_sex_long_v1,Trinity,All,female,1695
1.0,census_2021_parish_age_sex_csv,532eb6d7a9a76b682ab056ba45f09f129bd768b71d45f7f7b0d587af95d8ff39,,2021-03-21,observed,csv_trinity_male,csv_parish_age_sex_long_v1,Trinity,<5,male,76
1.0,census_2021_parish_age_sex_csv,532eb6d7a9a76b682ab056ba45f09f129bd768b71d45f7f7b0d587af95d8ff39,,2021-03-21,observed,csv_trinity_male,csv_parish_age_sex_long_v1,Trinity,5-9,male,101
1.0,census_2021_parish_age_sex_csv,532eb6d7a9a76b682ab056ba45f09f129bd768b71d45f7f7b0d587af95d8ff39,,2021-03-21,observed,csv_trinity_male,csv_parish_age_sex_long_v1,Trinity,10-14,male,102
1.0,census_2021_parish_age_sex_csv,532eb6d7a9a76b682ab056ba45f09f129bd768b71d45f7f7b0d587af95d8ff39,,2021-03-21,observed,csv_trinity_male,csv_parish_age_sex_long_v1,Trinity,15-19,male,89
1.0,census_2021_parish_age_sex_csv,532eb6d7a9a76b682ab056ba45f09f129bd768b71d45f7f7b0d587af95d8ff39,,2021-03-21,observed,csv_trinity_male,csv_parish_age_sex_long_v1,Trinity,20-24,male,89
1.0,census_2021_parish_age_sex_csv,532eb6d7a9a76b682ab056ba45f09f129bd768b71d45f7f7b0d587af95d8ff39,,2021-03-21,observed,csv_trinity_male,csv_parish_age_sex_long_v1,Trinity,25-29,male,67
1.0,census_2021_parish_age_sex_csv,532eb6d7a9a76b682ab056ba45f09f129bd768b71d45f7f7b0d587af95d8ff39,,2021-03-21,observed,csv_trinity_male,csv_parish_age_sex_long_v1,Trinity,30-34,male,78
1.0,census_2021_parish_age_sex_csv,532eb6d7a9a76b682ab056ba45f09f129bd768b71d45f7f7b0d587af95d8ff39,,2021-03-21,observed,csv_trinity_male,csv_parish_age_sex_long_v1,Trinity,35-39,male,120
1.0,census_2021_parish_age_sex_csv,532eb6d7a9a76b682ab056ba45f09f129bd768b71d45f7f7b0d587af95d8ff39,,2021-03-21,observed,csv_trinity_male,csv_parish_age_sex_long_v1,Trinity,40-44,male,121
1.0,census_2021_parish_age_sex_csv,532eb6d7a9a76b682ab056ba45f09f129bd768b71d45f7f7b0d587af95d8ff39,,2021-03-21,observed,csv_trinity_male,csv_parish_age_sex_long_v1,Trinity,45-49,male,152
1.0,census_2021_parish_age_sex_csv,532eb6d7a9a76b682ab056ba45f09f129bd768b71d45f7f7b0d587af95d8ff39,,2021-03-21,observed,csv_trinity_male,csv_parish_age_sex_long_v1,Trinity,50-54,male,141
1.0,census_2021_parish_age_sex_csv,532eb6d7a9a76b682ab056ba45f09f129bd768b71d45f7f7b0d587af95d8ff39,,2021-03-21,observed,csv_trinity_male,csv_parish_age_sex_long_v1,Trinity,55-59,male,131
1.0,census_2021_parish_age_sex_csv,532eb6d7a9a76b682ab056ba45f09f129bd768b71d45f7f7b0d587af95d8ff39,,2021-03-21,observed,csv_trinity_male,csv_parish_age_sex_long_v1,Trinity,60-64,male,116
1.0,census_2021_parish_age_sex_csv,532eb6d7a9a76b682ab056ba45f09f129bd768b71d45f7f7b0d587af95d8ff39,,2021-03-21,observed,csv_trinity_male,csv_parish_age_sex_long_v1,Trinity,65-69,male,76
1.0,census_2021_parish_age_sex_csv,532eb6d7a9a76b682ab056ba45f09f129bd768b71d45f7f7b0d587af95d8ff39,,2021-03-21,observed,csv_trinity_male,csv_parish_age_sex_long_v1,Trinity,70-74,male,79
1.0,census_2021_parish_age_sex_csv,532eb6d7a9a76b682ab056ba45f09f129bd768b71d45f7f7b0d587af95d8ff39,,2021-03-21,observed,csv_trinity_male,csv_parish_age_sex_long_v1,Trinity,75-79,male,43
1.0,census_2021_parish_age_sex_csv,532eb6d7a9a76b682ab056ba45f09f129bd768b71d45f7f7b0d587af95d8ff39,,2021-03-21,observed,csv_trinity_male,csv_parish_age_sex_long_v1,Trinity,80+,male,79
1.0,census_2021_parish_age_sex_csv,532eb6d7a9a76b682ab056ba45f09f129bd768b71d45f7f7b0d587af95d8ff39,,2021-03-21,observed,csv_trinity_male,csv_parish_age_sex_long_v1,Trinity,All,male,1660
1.0,census_2021_parish_age_sex_csv,532eb6d7a9a76b682ab056ba45f09f129bd768b71d45f7f7b0d587af95d8ff39,,2021-03-21,observed,csv_trinity_all,csv_parish_age_sex_long_v1,Trinity,<5,all,150
1.0,census_2021_parish_age_sex_csv,532eb6d7a9a76b682ab056ba45f09f129bd768b71d45f7f7b0d587af95d8ff39,,2021-03-21,observed,csv_trinity_all,csv_parish_age_sex_long_v1,Trinity,5-9,all,201
1.0,census_2021_parish_age_sex_csv,532eb6d7a9a76b682ab056ba45f09f129bd768b71d45f7f7b0d587af95d8ff39,,2021-03-21,observed,csv_trinity_all,csv_parish_age_sex_long_v1,Trinity,10-14,all,226
1.0,census_2021_parish_age_sex_csv,532eb6d7a9a76b682ab056ba45f09f129bd768b71d45f7f7b0d587af95d8ff39,,2021-03-21,observed,csv_trinity_all,csv_parish_age_sex_long_v1,Trinity,15-19,all,172
1.0,census_2021_parish_age_sex_csv,532eb6d7a9a76b682ab056ba45f09f129bd768b71d45f7f7b0d587af95d8ff39,,2021-03-21,observed,csv_trinity_all,csv_parish_age_sex_long_v1,Trinity,20-24,all,180
1.0,census_2021_parish_age_sex_csv,532eb6d7a9a76b682ab056ba45f09f129bd768b71d45f7f7b0d587af95d8ff39,,2021-03-21,observed,csv_trinity_all,csv_parish_age_sex_long_v1,Trinity,25-29,all,140
1.0,census_2021_parish_age_sex_csv,532eb6d7a9a76b682ab056ba45f09f129bd768b71d45f7f7b0d587af95d8ff39,,2021-03-21,observed,csv_trinity_all,csv_parish_age_sex_long_v1,Trinity,30-34,all,153
1.0,census_2021_parish_age_sex_csv,532eb6d7a9a76b682ab056ba45f09f129bd768b71d45f7f7b0d587af95d8ff39,,2021-03-21,observed,csv_trinity_all,csv_parish_age_sex_long_v1,Trinity,35-39,all,240
1.0,census_2021_parish_age_sex_csv,532eb6d7a9a76b682ab056ba45f09f129bd768b71d45f7f7b0d587af95d8ff39,,2021-03-21,observed,csv_trinity_all,csv_parish_age_sex_long_v1,Trinity,40-44,all,241
1.0,census_2021_parish_age_sex_csv,532eb6d7a9a76b682ab056ba45f09f129bd768b71d45f7f7b0d587af95d8ff39,,2021-03-21,observed,csv_trinity_all,csv_parish_age_sex_long_v1,Trinity,45-49,all,284
1.0,census_2021_parish_age_sex_csv,532eb6d7a9a76b682ab056ba45f09f129bd768b71d45f7f7b0d587af95d8ff39,,2021-03-21,observed,csv_trinity_all,csv_parish_age_sex_long_v1,Trinity,50-54,all,281
1.0,census_2021_parish_age_sex_csv,532eb6d7a9a76b682ab056ba45f09f129bd768b71d45f7f7b0d587af95d8ff39,,2021-03-21,observed,csv_trinity_all,csv_parish_age_sex_long_v1,Trinity,55-59,all,265
1.0,census_2021_parish_age_sex_csv,532eb6d7a9a76b682ab056ba45f09f129bd768b71d45f7f7b0d587af95d8ff39,,2021-03-21,observed,csv_trinity_all,csv_parish_age_sex_long_v1,Trinity,60-64,all,215
1.0,census_2021_parish_age_sex_csv,532eb6d7a9a76b682ab056ba45f09f129bd768b71d45f7f7b0d587af95d8ff39,,2021-03-21,observed,csv_trinity_all,csv_parish_age_sex_long_v1,Trinity,65-69,all,165
1.0,census_2021_parish_age_sex_csv,532eb6d7a9a76b682ab056ba45f09f129bd768b71d45f7f7b0d587af95d8ff39,,2021-03-21,observed,csv_trinity_all,csv_parish_age_sex_long_v1,Trinity,70-74,all,165
1.0,census_2021_parish_age_sex_csv,532eb6d7a9a76b682ab056ba45f09f129bd768b71d45f7f7b0d587af95d8ff39,,2021-03-21,observed,csv_trinity_all,csv_parish_age_sex_long_v1,Trinity,75-79,all,93
1.0,census_2021_parish_age_sex_csv,532eb6d7a9a76b682ab056ba45f09f129bd768b71d45f7f7b0d587af95d8ff39,,2021-03-21,observed,csv_trinity_all,csv_parish_age_sex_long_v1,Trinity,80+,all,184
1.0,census_2021_parish_age_sex_csv,532eb6d7a9a76b682ab056ba45f09f129bd768b71d45f7f7b0d587af95d8ff39,,2021-03-21,observed,csv_trinity_all,csv_parish_age_sex_long_v1,Trinity,All,all,3355
1.0,census_2021_parish_age_sex_csv,532eb6d7a9a76b682ab056ba45f09f129bd768b71d45f7f7b0d587af95d8ff39,,2021-03-21,observed,csv_all_female,csv_parish_age_sex_long_v1,All,<5,female,2237
1.0,census_2021_parish_age_sex_csv,532eb6d7a9a76b682ab056ba45f09f129bd768b71d45f7f7b0d587af95d8ff39,,2021-03-21,observed,csv_all_female,csv_parish_age_sex_long_v1,All,5-9,female,2682
1.0,census_2021_parish_age_sex_csv,532eb6d7a9a76b682ab056ba45f09f129bd768b71d45f7f7b0d587af95d8ff39,,2021-03-21,observed,csv_all_female,csv_parish_age_sex_long_v1,All,10-14,female,2719
1.0,census_2021_parish_age_sex_csv,532eb6d7a9a76b682ab056ba45f09f129bd768b71d45f7f7b0d587af95d8ff39,,2021-03-21,observed,csv_all_female,csv_parish_age_sex_long_v1,All,15-19,female,2521
1.0,census_2021_parish_age_sex_csv,532eb6d7a9a76b682ab056ba45f09f129bd768b71d45f7f7b0d587af95d8ff39,,2021-03-21,observed,csv_all_female,csv_parish_age_sex_long_v1,All,20-24,female,2723
1.0,census_2021_parish_age_sex_csv,532eb6d7a9a76b682ab056ba45f09f129bd768b71d45f7f7b0d587af95d8ff39,,2021-03-21,observed,csv_all_female,csv_parish_age_sex_long_v1,All,25-29,female,2885
1.0,census_2021_parish_age_sex_csv,532eb6d7a9a76b682ab056ba45f09f129bd768b71d45f7f7b0d587af95d8ff39,,2021-03-21,observed,csv_all_female,csv_parish_age_sex_long_v1,All,30-34,female,3295
1.0,census_2021_parish_age_sex_csv,532eb6d7a9a76b682ab056ba45f09f129bd768b71d45f7f7b0d587af95d8ff39,,2021-03-21,observed,csv_all_female,csv_parish_age_sex_long_v1,All,35-39,female,3686
1.0,census_2021_parish_age_sex_csv,532eb6d7a9a76b682ab056ba45f09f129bd768b71d45f7f7b0d587af95d8ff39,,2021-03-21,observed,csv_all_female,csv_parish_age_sex_long_v1,All,40-44,female,3774
1.0,census_2021_parish_age_sex_csv,532eb6d7a9a76b682ab056ba45f09f129bd768b71d45f7f7b0d587af95d8ff39,,2021-03-21,observed,csv_all_female,csv_parish_age_sex_long_v1,All,45-49,female,3822
1.0,census_2021_parish_age_sex_csv,532eb6d7a9a76b682ab056ba45f09f129bd768b71d45f7f7b0d587af95d8ff39,,2021-03-21,observed,csv_all_female,csv_parish_age_sex_long_v1,All,50-54,female,4211
1.0,census_2021_parish_age_sex_csv,532eb6d7a9a76b682ab056ba45f09f129bd768b71d45f7f7b0d587af95d8ff39,,2021-03-21,observed,csv_all_female,csv_parish_age_sex_long_v1,All,55-59,female,4091
1.0,census_2021_parish_age_sex_csv,532eb6d7a9a76b682ab056ba45f09f129bd768b71d45f7f7b0d587af95d8ff39,,2021-03-21,observed,csv_all_female,csv_parish_age_sex_long_v1,All,60-64,female,3413
1.0,census_2021_parish_age_sex_csv,532eb6d7a9a76b682ab056ba45f09f129bd768b71d45f7f7b0d587af95d8ff39,,2021-03-21,observed,csv_all_female,csv_parish_age_sex_long_v1,All,65-69,female,2747
1.0,census_2021_parish_age_sex_csv,532eb6d7a9a76b682ab056ba45f09f129bd768b71d45f7f7b0d587af95d8ff39,,2021-03-21,observed,csv_all_female,csv_parish_age_sex_long_v1,All,70-74,female,2511
1.0,census_2021_parish_age_sex_csv,532eb6d7a9a76b682ab056ba45f09f129bd768b71d45f7f7b0d587af95d8ff39,,2021-03-21,observed,csv_all_female,csv_parish_age_sex_long_v1,All,75-79,female,1809
1.0,census_2021_parish_age_sex_csv,532eb6d7a9a76b682ab056ba45f09f129bd768b71d45f7f7b0d587af95d8ff39,,2021-03-21,observed,csv_all_female,csv_parish_age_sex_long_v1,All,80+,female,3138
1.0,census_2021_parish_age_sex_csv,532eb6d7a9a76b682ab056ba45f09f129bd768b71d45f7f7b0d587af95d8ff39,,2021-03-21,observed,csv_all_female,csv_parish_age_sex_long_v1,All,All,female,52264
1.0,census_2021_parish_age_sex_csv,532eb6d7a9a76b682ab056ba45f09f129bd768b71d45f7f7b0d587af95d8ff39,,2021-03-21,observed,csv_all_male,csv_parish_age_sex_long_v1,All,<5,male,2425
1.0,census_2021_parish_age_sex_csv,532eb6d7a9a76b682ab056ba45f09f129bd768b71d45f7f7b0d587af95d8ff39,,2021-03-21,observed,csv_all_male,csv_parish_age_sex_long_v1,All,5-9,male,2732
1.0,census_2021_parish_age_sex_csv,532eb6d7a9a76b682ab056ba45f09f129bd768b71d45f7f7b0d587af95d8ff39,,2021-03-21,observed,csv_all_male,csv_parish_age_sex_long_v1,All,10-14,male,2638
1.0,census_2021_parish_age_sex_csv,532eb6d7a9a76b682ab056ba45f09f129bd768b71d45f7f7b0d587af95d8ff39,,2021-03-21,observed,csv_all_male,csv_parish_age_sex_long_v1,All,15-19,male,2654
1.0,census_2021_parish_age_sex_csv,532eb6d7a9a76b682ab056ba45f09f129bd768b71d45f7f7b0d587af95d8ff39,,2021-03-21,observed,csv_all_male,csv_parish_age_sex_long_v1,All,20-24,male,2928
1.0,census_2021_parish_age_sex_csv,532eb6d7a9a76b682ab056ba45f09f129bd768b71d45f7f7b0d587af95d8ff39,,2021-03-21,observed,csv_all_male,csv_parish_age_sex_long_v1,All,25-29,male,2985
1.0,census_2021_parish_age_sex_csv,532eb6d7a9a76b682ab056ba45f09f129bd768b71d45f7f7b0d587af95d8ff39,,2021-03-21,observed,csv_all_male,csv_parish_age_sex_long_v1,All,30-34,male,3293
1.0,census_2021_parish_age_sex_csv,532eb6d7a9a76b682ab056ba45f09f129bd768b71d45f7f7b0d587af95d8ff39,,2021-03-21,observed,csv_all_male,csv_parish_age_sex_long_v1,All,35-39,male,3660
1.0,census_2021_parish_age_sex_csv,532eb6d7a9a76b682ab056ba45f09f129bd768b71d45f7f7b0d587af95d8ff39,,2021-03-21,observed,csv_all_male,csv_parish_age_sex_long_v1,All,40-44,male,3755
1.0,census_2021_parish_age_sex_csv,532eb6d7a9a76b682ab056ba45f09f129bd768b71d45f7f7b0d587af95d8ff39,,2021-03-21,observed,csv_all_male,csv_parish_age_sex_long_v1,All,45-49,male,3773
1.0,census_2021_parish_age_sex_csv,532eb6d7a9a76b682ab056ba45f09f129bd768b71d45f7f7b0d587af95d8ff39,,2021-03-21,observed,csv_all_male,csv_parish_age_sex_long_v1,All,50-54,male,4234
1.0,census_2021_parish_age_sex_csv,532eb6d7a9a76b682ab056ba45f09f129bd768b71d45f7f7b0d587af95d8ff39,,2021-03-21,observed,csv_all_male,csv_parish_age_sex_long_v1,All,55-59,male,4101
1.0,census_2021_parish_age_sex_csv,532eb6d7a9a76b682ab056ba45f09f129bd768b71d45f7f7b0d587af95d8ff39,,2021-03-21,observed,csv_all_male,csv_parish_age_sex_long_v1,All,60-64,male,3294
1.0,census_2021_parish_age_sex_csv,532eb6d7a9a76b682ab056ba45f09f129bd768b71d45f7f7b0d587af95d8ff39,,2021-03-21,observed,csv_all_male,csv_parish_age_sex_long_v1,All,65-69,male,2547
1.0,census_2021_parish_age_sex_csv,532eb6d7a9a76b682ab056ba45f09f129bd768b71d45f7f7b0d587af95d8ff39,,2021-03-21,observed,csv_all_male,csv_parish_age_sex_long_v1,All,70-74,male,2279
1.0,census_2021_parish_age_sex_csv,532eb6d7a9a76b682ab056ba45f09f129bd768b71d45f7f7b0d587af95d8ff39,,2021-03-21,observed,csv_all_male,csv_parish_age_sex_long_v1,All,75-79,male,1524
1.0,census_2021_parish_age_sex_csv,532eb6d7a9a76b682ab056ba45f09f129bd768b71d45f7f7b0d587af95d8ff39,,2021-03-21,observed,csv_all_male,csv_parish_age_sex_long_v1,All,80+,male,2181
1.0,census_2021_parish_age_sex_csv,532eb6d7a9a76b682ab056ba45f09f129bd768b71d45f7f7b0d587af95d8ff39,,2021-03-21,observed,csv_all_male,csv_parish_age_sex_long_v1,All,All,male,51003
1.0,census_2021_parish_age_sex_csv,532eb6d7a9a76b682ab056ba45f09f129bd768b71d45f7f7b0d587af95d8ff39,,2021-03-21,observed,csv_all_all,csv_parish_age_sex_long_v1,All,<5,all,4662
1.0,census_2021_parish_age_sex_csv,532eb6d7a9a76b682ab056ba45f09f129bd768b71d45f7f7b0d587af95d8ff39,,2021-03-21,observed,csv_all_all,csv_parish_age_sex_long_v1,All,5-9,all,5414
1.0,census_2021_parish_age_sex_csv,532eb6d7a9a76b682ab056ba45f09f129bd768b71d45f7f7b0d587af95d8ff39,,2021-03-21,observed,csv_all_all,csv_parish_age_sex_long_v1,All,10-14,all,5357
1.0,census_2021_parish_age_sex_csv,532eb6d7a9a76b682ab056ba45f09f129bd768b71d45f7f7b0d587af95d8ff39,,2021-03-21,observed,csv_all_all,csv_parish_age_sex_long_v1,All,15-19,all,5175
1.0,census_2021_parish_age_sex_csv,532eb6d7a9a76b682ab056ba45f09f129bd768b71d45f7f7b0d587af95d8ff39,,2021-03-21,observed,csv_all_all,csv_parish_age_sex_long_v1,All,20-24,all,5651
1.0,census_2021_parish_age_sex_csv,532eb6d7a9a76b682ab056ba45f09f129bd768b71d45f7f7b0d587af95d8ff39,,2021-03-21,observed,csv_all_all,csv_parish_age_sex_long_v1,All,25-29,all,5870
1.0,census_2021_parish_age_sex_csv,532eb6d7a9a76b682ab056ba45f09f129bd768b71d45f7f7b0d587af95d8ff39,,2021-03-21,observed,csv_all_all,csv_parish_age_sex_long_v1,All,30-34,all,6588
1.0,census_2021_parish_age_sex_csv,532eb6d7a9a76b682ab056ba45f09f129bd768b71d45f7f7b0d587af95d8ff39,,2021-03-21,observed,csv_all_all,csv_parish_age_sex_long_v1,All,35-39,all,7346
1.0,census_2021_parish_age_sex_csv,532eb6d7a9a76b682ab056ba45f09f129bd768b71d45f7f7b0d587af95d8ff39,,2021-03-21,observed,csv_all_all,csv_parish_age_sex_long_v1,All,40-44,all,7529
1.0,census_2021_parish_age_sex_csv,532eb6d7a9a76b682ab056ba45f09f129bd768b71d45f7f7b0d587af95d8ff39,,2021-03-21,observed,csv_all_all,csv_parish_age_sex_long_v1,All,45-49,all,7595
1.0,census_2021_parish_age_sex_csv,532eb6d7a9a76b682ab056ba45f09f129bd768b71d45f7f7b0d587af95d8ff39,,2021-03-21,observed,csv_all_all,csv_parish_age_sex_long_v1,All,50-54,all,8445
1.0,census_2021_parish_age_sex_csv,532eb6d7a9a76b682ab056ba45f09f129bd768b71d45f7f7b0d587af95d8ff39,,2021-03-21,observed,csv_all_all,csv_parish_age_sex_long_v1,All,55-59,all,8192
1.0,census_2021_parish_age_sex_csv,532eb6d7a9a76b682ab056ba45f09f129bd768b71d45f7f7b0d587af95d8ff39,,2021-03-21,observed,csv_all_all,csv_parish_age_sex_long_v1,All,60-64,all,6707
1.0,census_2021_parish_age_sex_csv,532eb6d7a9a76b682ab056ba45f09f129bd768b71d45f7f7b0d587af95d8ff39,,2021-03-21,observed,csv_all_all,csv_parish_age_sex_long_v1,All,65-69,all,5294
1.0,census_2021_parish_age_sex_csv,532eb6d7a9a76b682ab056ba45f09f129bd768b71d45f7f7b0d587af95d8ff39,,2021-03-21,observed,csv_all_all,csv_parish_age_sex_long_v1,All,70-74,all,4790
1.0,census_2021_parish_age_sex_csv,532eb6d7a9a76b682ab056ba45f09f129bd768b71d45f7f7b0d587af95d8ff39,,2021-03-21,observed,csv_all_all,csv_parish_age_sex_long_v1,All,75-79,all,3333
1.0,census_2021_parish_age_sex_csv,532eb6d7a9a76b682ab056ba45f09f129bd768b71d45f7f7b0d587af95d8ff39,,2021-03-21,observed,csv_all_all,csv_parish_age_sex_long_v1,All,80+,all,5319
1.0,census_2021_parish_age_sex_csv,532eb6d7a9a76b682ab056ba45f09f129bd768b71d45f7f7b0d587af95d8ff39,,2021-03-21,observed,csv_all_all,csv_parish_age_sex_long_v1,All,All,all,103267
