schema_version,source_id,source_sha256,evidence_source_id,reference_period,observation_status,source_locator,transformation_id,year,age_band,sex,count,reporting_status,upper_bound
1.0,annual_population_estimates_by_age_sex_csv,1b7b14fa75cab035860dd865eedd72527a92dac1a9ca0fcf76bbb5a2b731e368,,2011/2024,derived,derived_from_year_2011_ages_5_11,annual_estimates_age_band_sum_v1,2011,5_to_11,male,3440,reported,
1.0,annual_population_estimates_by_age_sex_csv,1b7b14fa75cab035860dd865eedd72527a92dac1a9ca0fcf76bbb5a2b731e368,,2011/2024,derived,derived_from_year_2011_ages_5_11,annual_estimates_age_band_sum_v1,2011,5_to_11,female,3400,reported,
1.0,annual_population_estimates_by_age_sex_csv,1b7b14fa75cab035860dd865eedd72527a92dac1a9ca0fcf76bbb5a2b731e368,,2011/2024,derived,derived_from_year_2011_ages_5_11,annual_estimates_age_band_sum_v1,2011,5_to_11,all,6840,reported,
1.0,annual_population_estimates_by_age_sex_csv,1b7b14fa75cab035860dd865eedd72527a92dac1a9ca0fcf76bbb5a2b731e368,,2011/2024,derived,derived_from_year_2011_ages_12_15,annual_estimates_age_band_sum_v1,2011,12_to_15,male,2250,reported,
1.0,annual_population_estimates_by_age_sex_csv,1b7b14fa75cab035860dd865eedd72527a92dac1a9ca0fcf76bbb5a2b731e368,,2011/2024,derived,derived_from_year_2011_ages_12_15,annual_estimates_age_band_sum_v1,2011,12_to_15,female,2110,reported,
1.0,annual_population_estimates_by_age_sex_csv,1b7b14fa75cab035860dd865eedd72527a92dac1a9ca0fcf76bbb5a2b731e368,,2011/2024,derived,derived_from_year_2011_ages_12_15,annual_estimates_age_band_sum_v1,2011,12_to_15,all,4360,reported,
1.0,annual_population_estimates_by_age_sex_csv,1b7b14fa75cab035860dd865eedd72527a92dac1a9ca0fcf76bbb5a2b731e368,,2011/2024,derived,derived_from_year_2011_ages_16_17,annual_estimates_age_band_sum_v1,2011,16_to_17,male,1160,reported,
1.0,annual_population_estimates_by_age_sex_csv,1b7b14fa75cab035860dd865eedd72527a92dac1a9ca0fcf76bbb5a2b731e368,,2011/2024,derived,derived_from_year_2011_ages_16_17,annual_estimates_age_band_sum_v1,2011,16_to_17,female,1060,reported,
1.0,annual_population_estimates_by_age_sex_csv,1b7b14fa75cab035860dd865eedd72527a92dac1a9ca0fcf76bbb5a2b731e368,,2011/2024,derived,derived_from_year_2011_ages_16_17,annual_estimates_age_band_sum_v1,2011,16_to_17,all,2220,reported,
1.0,annual_population_estimates_by_age_sex_csv,1b7b14fa75cab035860dd865eedd72527a92dac1a9ca0fcf76bbb5a2b731e368,,2011/2024,derived,derived_from_year_2011_ages_0_17,annual_estimates_age_band_sum_v1,2011,17_and_under,male,9400,reported,
1.0,annual_population_estimates_by_age_sex_csv,1b7b14fa75cab035860dd865eedd72527a92dac1a9ca0fcf76bbb5a2b731e368,,2011/2024,derived,derived_from_year_2011_ages_0_17,annual_estimates_age_band_sum_v1,2011,17_and_under,female,9160,reported,
1.0,annual_population_estimates_by_age_sex_csv,1b7b14fa75cab035860dd865eedd72527a92dac1a9ca0fcf76bbb5a2b731e368,,2011/2024,derived,derived_from_year_2011_ages_0_17,annual_estimates_age_band_sum_v1,2011,17_and_under,all,18560,reported,
1.0,annual_population_estimates_by_age_sex_csv,1b7b14fa75cab035860dd865eedd72527a92dac1a9ca0fcf76bbb5a2b731e368,,2011/2024,derived,derived_from_year_2011_ages_18_29,annual_estimates_age_band_sum_v1,2011,18_to_29,male,7340,reported,
1.0,annual_population_estimates_by_age_sex_csv,1b7b14fa75cab035860dd865eedd72527a92dac1a9ca0fcf76bbb5a2b731e368,,2011/2024,derived,derived_from_year_2011_ages_18_29,annual_estimates_age_band_sum_v1,2011,18_to_29,female,7170,reported,
1.0,annual_population_estimates_by_age_sex_csv,1b7b14fa75cab035860dd865eedd72527a92dac1a9ca0fcf76bbb5a2b731e368,,2011/2024,derived,derived_from_year_2011_ages_18_29,annual_estimates_age_band_sum_v1,2011,18_to_29,all,14510,reported,
1.0,annual_population_estimates_by_age_sex_csv,1b7b14fa75cab035860dd865eedd72527a92dac1a9ca0fcf76bbb5a2b731e368,,2011/2024,derived,derived_from_year_2011_ages_30_39,annual_estimates_age_band_sum_v1,2011,30_to_39,male,7150,reported,
1.0,annual_population_estimates_by_age_sex_csv,1b7b14fa75cab035860dd865eedd72527a92dac1a9ca0fcf76bbb5a2b731e368,,2011/2024,derived,derived_from_year_2011_ages_30_39,annual_estimates_age_band_sum_v1,2011,30_to_39,female,7140,reported,
1.0,annual_population_estimates_by_age_sex_csv,1b7b14fa75cab035860dd865eedd72527a92dac1a9ca0fcf76bbb5a2b731e368,,2011/2024,derived,derived_from_year_2011_ages_30_39,annual_estimates_age_band_sum_v1,2011,30_to_39,all,14290,reported,
1.0,annual_population_estimates_by_age_sex_csv,1b7b14fa75cab035860dd865eedd72527a92dac1a9ca0fcf76bbb5a2b731e368,,2011/2024,derived,derived_from_year_2011_ages_40_49,annual_estimates_age_band_sum_v1,2011,40_to_49,male,8350,reported,
1.0,annual_population_estimates_by_age_sex_csv,1b7b14fa75cab035860dd865eedd72527a92dac1a9ca0fcf76bbb5a2b731e368,,2011/2024,derived,derived_from_year_2011_ages_40_49,annual_estimates_age_band_sum_v1,2011,40_to_49,female,8350,reported,
1.0,annual_population_estimates_by_age_sex_csv,1b7b14fa75cab035860dd865eedd72527a92dac1a9ca0fcf76bbb5a2b731e368,,2011/2024,derived,derived_from_year_2011_ages_40_49,annual_estimates_age_band_sum_v1,2011,40_to_49,all,16700,reported,
1.0,annual_population_estimates_by_age_sex_csv,1b7b14fa75cab035860dd865eedd72527a92dac1a9ca0fcf76bbb5a2b731e368,,2011/2024,derived,derived_from_year_2011_ages_50_54,annual_estimates_age_band_sum_v1,2011,50_to_54,male,3580,reported,
1.0,annual_population_estimates_by_age_sex_csv,1b7b14fa75cab035860dd865eedd72527a92dac1a9ca0fcf76bbb5a2b731e368,,2011/2024,derived,derived_from_year_2011_ages_50_54,annual_estimates_age_band_sum_v1,2011,50_to_54,female,3680,reported,
1.0,annual_population_estimates_by_age_sex_csv,1b7b14fa75cab035860dd865eedd72527a92dac1a9ca0fcf76bbb5a2b731e368,,2011/2024,derived,derived_from_year_2011_ages_50_54,annual_estimates_age_band_sum_v1,2011,50_to_54,all,7260,reported,
1.0,annual_population_estimates_by_age_sex_csv,1b7b14fa75cab035860dd865eedd72527a92dac1a9ca0fcf76bbb5a2b731e368,,2011/2024,derived,derived_from_year_2011_ages_55_59,annual_estimates_age_band_sum_v1,2011,55_to_59,male,2990,reported,
1.0,annual_population_estimates_by_age_sex_csv,1b7b14fa75cab035860dd865eedd72527a92dac1a9ca0fcf76bbb5a2b731e368,,2011/2024,derived,derived_from_year_2011_ages_55_59,annual_estimates_age_band_sum_v1,2011,55_to_59,female,3120,reported,
1.0,annual_population_estimates_by_age_sex_csv,1b7b14fa75cab035860dd865eedd72527a92dac1a9ca0fcf76bbb5a2b731e368,,2011/2024,derived,derived_from_year_2011_ages_55_59,annual_estimates_age_band_sum_v1,2011,55_to_59,all,6110,reported,
1.0,annual_population_estimates_by_age_sex_csv,1b7b14fa75cab035860dd865eedd72527a92dac1a9ca0fcf76bbb5a2b731e368,,2011/2024,derived,derived_from_year_2011_ages_60_64,annual_estimates_age_band_sum_v1,2011,60_to_64,male,2850,reported,
1.0,annual_population_estimates_by_age_sex_csv,1b7b14fa75cab035860dd865eedd72527a92dac1a9ca0fcf76bbb5a2b731e368,,2011/2024,derived,derived_from_year_2011_ages_60_64,annual_estimates_age_band_sum_v1,2011,60_to_64,female,2800,reported,
1.0,annual_population_estimates_by_age_sex_csv,1b7b14fa75cab035860dd865eedd72527a92dac1a9ca0fcf76bbb5a2b731e368,,2011/2024,derived,derived_from_year_2011_ages_60_64,annual_estimates_age_band_sum_v1,2011,60_to_64,all,5650,reported,
1.0,annual_population_estimates_by_age_sex_csv,1b7b14fa75cab035860dd865eedd72527a92dac1a9ca0fcf76bbb5a2b731e368,,2011/2024,derived,derived_from_year_2011_ages_65_69,annual_estimates_age_band_sum_v1,2011,65_to_69,male,2090,reported,
1.0,annual_population_estimates_by_age_sex_csv,1b7b14fa75cab035860dd865eedd72527a92dac1a9ca0fcf76bbb5a2b731e368,,2011/2024,derived,derived_from_year_2011_ages_65_69,annual_estimates_age_band_sum_v1,2011,65_to_69,female,2270,reported,
1.0,annual_population_estimates_by_age_sex_csv,1b7b14fa75cab035860dd865eedd72527a92dac1a9ca0fcf76bbb5a2b731e368,,2011/2024,derived,derived_from_year_2011_ages_65_69,annual_estimates_age_band_sum_v1,2011,65_to_69,all,4360,reported,
1.0,annual_population_estimates_by_age_sex_csv,1b7b14fa75cab035860dd865eedd72527a92dac1a9ca0fcf76bbb5a2b731e368,,2011/2024,derived,derived_from_year_2011_ages_70_74,annual_estimates_age_band_sum_v1,2011,70_to_74,male,1710,reported,
1.0,annual_population_estimates_by_age_sex_csv,1b7b14fa75cab035860dd865eedd72527a92dac1a9ca0fcf76bbb5a2b731e368,,2011/2024,derived,derived_from_year_2011_ages_70_74,annual_estimates_age_band_sum_v1,2011,70_to_74,female,1880,reported,
1.0,annual_population_estimates_by_age_sex_csv,1b7b14fa75cab035860dd865eedd72527a92dac1a9ca0fcf76bbb5a2b731e368,,2011/2024,derived,derived_from_year_2011_ages_70_74,annual_estimates_age_band_sum_v1,2011,70_to_74,all,3590,reported,
1.0,annual_population_estimates_by_age_sex_csv,1b7b14fa75cab035860dd865eedd72527a92dac1a9ca0fcf76bbb5a2b731e368,,2011/2024,derived,derived_from_year_2011_ages_75_79,annual_estimates_age_band_sum_v1,2011,75_to_79,male,1370,reported,
1.0,annual_population_estimates_by_age_sex_csv,1b7b14fa75cab035860dd865eedd72527a92dac1a9ca0fcf76bbb5a2b731e368,,2011/2024,derived,derived_from_year_2011_ages_75_79,annual_estimates_age_band_sum_v1,2011,75_to_79,female,1620,reported,
1.0,annual_population_estimates_by_age_sex_csv,1b7b14fa75cab035860dd865eedd72527a92dac1a9ca0fcf76bbb5a2b731e368,,2011/2024,derived,derived_from_year_2011_ages_75_79,annual_estimates_age_band_sum_v1,2011,75_to_79,all,2990,reported,
1.0,annual_population_estimates_by_age_sex_csv,1b7b14fa75cab035860dd865eedd72527a92dac1a9ca0fcf76bbb5a2b731e368,,2011/2024,derived,derived_from_year_2011_ages_80_max,annual_estimates_age_band_sum_v1,2011,80_plus,male,1510,reported,
1.0,annual_population_estimates_by_age_sex_csv,1b7b14fa75cab035860dd865eedd72527a92dac1a9ca0fcf76bbb5a2b731e368,,2011/2024,derived,derived_from_year_2011_ages_80_max,annual_estimates_age_band_sum_v1,2011,80_plus,female,2500,reported,
1.0,annual_population_estimates_by_age_sex_csv,1b7b14fa75cab035860dd865eedd72527a92dac1a9ca0fcf76bbb5a2b731e368,,2011/2024,derived,derived_from_year_2011_ages_80_max,annual_estimates_age_band_sum_v1,2011,80_plus,all,4010,reported,
1.0,annual_population_estimates_by_age_sex_csv,1b7b14fa75cab035860dd865eedd72527a92dac1a9ca0fcf76bbb5a2b731e368,,2011/2024,derived,derived_from_year_2011_ages_50_max,annual_estimates_age_band_sum_v1,2011,50_plus,male,16100,reported,
1.0,annual_population_estimates_by_age_sex_csv,1b7b14fa75cab035860dd865eedd72527a92dac1a9ca0fcf76bbb5a2b731e368,,2011/2024,derived,derived_from_year_2011_ages_50_max,annual_estimates_age_band_sum_v1,2011,50_plus,female,17870,reported,
1.0,annual_population_estimates_by_age_sex_csv,1b7b14fa75cab035860dd865eedd72527a92dac1a9ca0fcf76bbb5a2b731e368,,2011/2024,derived,derived_from_year_2011_ages_50_max,annual_estimates_age_band_sum_v1,2011,50_plus,all,33970,reported,
1.0,annual_population_estimates_by_age_sex_csv,1b7b14fa75cab035860dd865eedd72527a92dac1a9ca0fcf76bbb5a2b731e368,,2011/2024,derived,derived_from_year_2011_ages_16_max,annual_estimates_age_band_sum_v1,2011,16_plus,male,40100,reported,
1.0,annual_population_estimates_by_age_sex_csv,1b7b14fa75cab035860dd865eedd72527a92dac1a9ca0fcf76bbb5a2b731e368,,2011/2024,derived,derived_from_year_2011_ages_16_max,annual_estimates_age_band_sum_v1,2011,16_plus,female,41590,reported,
1.0,annual_population_estimates_by_age_sex_csv,1b7b14fa75cab035860dd865eedd72527a92dac1a9ca0fcf76bbb5a2b731e368,,2011/2024,derived,derived_from_year_2011_ages_16_max,annual_estimates_age_band_sum_v1,2011,16_plus,all,81690,reported,
1.0,annual_population_estimates_by_age_sex_csv,1b7b14fa75cab035860dd865eedd72527a92dac1a9ca0fcf76bbb5a2b731e368,,2011/2024,derived,derived_from_year_2011_ages_0_max,annual_estimates_age_band_sum_v1,2011,all,male,48340,reported,
1.0,annual_population_estimates_by_age_sex_csv,1b7b14fa75cab035860dd865eedd72527a92dac1a9ca0fcf76bbb5a2b731e368,,2011/2024,derived,derived_from_year_2011_ages_0_max,annual_estimates_age_band_sum_v1,2011,all,female,49690,reported,
1.0,annual_population_estimates_by_age_sex_csv,1b7b14fa75cab035860dd865eedd72527a92dac1a9ca0fcf76bbb5a2b731e368,,2011/2024,derived,derived_from_year_2011_ages_0_max,annual_estimates_age_band_sum_v1,2011,all,all,98030,reported,
1.0,annual_population_estimates_by_age_sex_csv,1b7b14fa75cab035860dd865eedd72527a92dac1a9ca0fcf76bbb5a2b731e368,,2011/2024,derived,derived_from_year_2012_ages_5_11,annual_estimates_age_band_sum_v1,2012,5_to_11,male,3470,reported,
1.0,annual_population_estimates_by_age_sex_csv,1b7b14fa75cab035860dd865eedd72527a92dac1a9ca0fcf76bbb5a2b731e368,,2011/2024,derived,derived_from_year_2012_ages_5_11,annual_estimates_age_band_sum_v1,2012,5_to_11,female,3430,reported,
1.0,annual_population_estimates_by_age_sex_csv,1b7b14fa75cab035860dd865eedd72527a92dac1a9ca0fcf76bbb5a2b731e368,,2011/2024,derived,derived_from_year_2012_ages_5_11,annual_estimates_age_band_sum_v1,2012,5_to_11,all,6900,reported,
1.0,annual_population_estimates_by_age_sex_csv,1b7b14fa75cab035860dd865eedd72527a92dac1a9ca0fcf76bbb5a2b731e368,,2011/2024,derived,derived_from_year_2012_ages_12_15,annual_estimates_age_band_sum_v1,2012,12_to_15,male,2160,reported,
1.0,annual_population_estimates_by_age_sex_csv,1b7b14fa75cab035860dd865eedd72527a92dac1a9ca0fcf76bbb5a2b731e368,,2011/2024,derived,derived_from_year_2012_ages_12_15,annual_estimates_age_band_sum_v1,2012,12_to_15,female,2030,reported,
1.0,annual_population_estimates_by_age_sex_csv,1b7b14fa75cab035860dd865eedd72527a92dac1a9ca0fcf76bbb5a2b731e368,,2011/2024,derived,derived_from_year_2012_ages_12_15,annual_estimates_age_band_sum_v1,2012,12_to_15,all,4190,reported,
1.0,annual_population_estimates_by_age_sex_csv,1b7b14fa75cab035860dd865eedd72527a92dac1a9ca0fcf76bbb5a2b731e368,,2011/2024,derived,derived_from_year_2012_ages_16_17,annual_estimates_age_band_sum_v1,2012,16_to_17,male,1160,reported,
1.0,annual_population_estimates_by_age_sex_csv,1b7b14fa75cab035860dd865eedd72527a92dac1a9ca0fcf76bbb5a2b731e368,,2011/2024,derived,derived_from_year_2012_ages_16_17,annual_estimates_age_band_sum_v1,2012,16_to_17,female,1060,reported,
1.0,annual_population_estimates_by_age_sex_csv,1b7b14fa75cab035860dd865eedd72527a92dac1a9ca0fcf76bbb5a2b731e368,,2011/2024,derived,derived_from_year_2012_ages_16_17,annual_estimates_age_band_sum_v1,2012,16_to_17,all,2220,reported,
1.0,annual_population_estimates_by_age_sex_csv,1b7b14fa75cab035860dd865eedd72527a92dac1a9ca0fcf76bbb5a2b731e368,,2011/2024,derived,derived_from_year_2012_ages_0_17,annual_estimates_age_band_sum_v1,2012,17_and_under,male,9430,reported,
1.0,annual_population_estimates_by_age_sex_csv,1b7b14fa75cab035860dd865eedd72527a92dac1a9ca0fcf76bbb5a2b731e368,,2011/2024,derived,derived_from_year_2012_ages_0_17,annual_estimates_age_band_sum_v1,2012,17_and_under,female,9160,reported,
1.0,annual_population_estimates_by_age_sex_csv,1b7b14fa75cab035860dd865eedd72527a92dac1a9ca0fcf76bbb5a2b731e368,,2011/2024,derived,derived_from_year_2012_ages_0_17,annual_estimates_age_band_sum_v1,2012,17_and_under,all,18590,reported,
1.0,annual_population_estimates_by_age_sex_csv,1b7b14fa75cab035860dd865eedd72527a92dac1a9ca0fcf76bbb5a2b731e368,,2011/2024,derived,derived_from_year_2012_ages_18_29,annual_estimates_age_band_sum_v1,2012,18_to_29,male,7310,reported,
1.0,annual_population_estimates_by_age_sex_csv,1b7b14fa75cab035860dd865eedd72527a92dac1a9ca0fcf76bbb5a2b731e368,,2011/2024,derived,derived_from_year_2012_ages_18_29,annual_estimates_age_band_sum_v1,2012,18_to_29,female,7150,reported,
1.0,annual_population_estimates_by_age_sex_csv,1b7b14fa75cab035860dd865eedd72527a92dac1a9ca0fcf76bbb5a2b731e368,,2011/2024,derived,derived_from_year_2012_ages_18_29,annual_estimates_age_band_sum_v1,2012,18_to_29,all,14460,reported,
1.0,annual_population_estimates_by_age_sex_csv,1b7b14fa75cab035860dd865eedd72527a92dac1a9ca0fcf76bbb5a2b731e368,,2011/2024,derived,derived_from_year_2012_ages_30_39,annual_estimates_age_band_sum_v1,2012,30_to_39,male,7200,reported,
1.0,annual_population_estimates_by_age_sex_csv,1b7b14fa75cab035860dd865eedd72527a92dac1a9ca0fcf76bbb5a2b731e368,,2011/2024,derived,derived_from_year_2012_ages_30_39,annual_estimates_age_band_sum_v1,2012,30_to_39,female,7140,reported,
1.0,annual_population_estimates_by_age_sex_csv,1b7b14fa75cab035860dd865eedd72527a92dac1a9ca0fcf76bbb5a2b731e368,,2011/2024,derived,derived_from_year_2012_ages_30_39,annual_estimates_age_band_sum_v1,2012,30_to_39,all,14340,reported,
1.0,annual_population_estimates_by_age_sex_csv,1b7b14fa75cab035860dd865eedd72527a92dac1a9ca0fcf76bbb5a2b731e368,,2011/2024,derived,derived_from_year_2012_ages_40_49,annual_estimates_age_band_sum_v1,2012,40_to_49,male,8280,reported,
1.0,annual_population_estimates_by_age_sex_csv,1b7b14fa75cab035860dd865eedd72527a92dac1a9ca0fcf76bbb5a2b731e368,,2011/2024,derived,derived_from_year_2012_ages_40_49,annual_estimates_age_band_sum_v1,2012,40_to_49,female,8260,reported,
1.0,annual_population_estimates_by_age_sex_csv,1b7b14fa75cab035860dd865eedd72527a92dac1a9ca0fcf76bbb5a2b731e368,,2011/2024,derived,derived_from_year_2012_ages_40_49,annual_estimates_age_band_sum_v1,2012,40_to_49,all,16540,reported,
1.0,annual_population_estimates_by_age_sex_csv,1b7b14fa75cab035860dd865eedd72527a92dac1a9ca0fcf76bbb5a2b731e368,,2011/2024,derived,derived_from_year_2012_ages_50_54,annual_estimates_age_band_sum_v1,2012,50_to_54,male,3700,reported,
1.0,annual_population_estimates_by_age_sex_csv,1b7b14fa75cab035860dd865eedd72527a92dac1a9ca0fcf76bbb5a2b731e368,,2011/2024,derived,derived_from_year_2012_ages_50_54,annual_estimates_age_band_sum_v1,2012,50_to_54,female,3780,reported,
1.0,annual_population_estimates_by_age_sex_csv,1b7b14fa75cab035860dd865eedd72527a92dac1a9ca0fcf76bbb5a2b731e368,,2011/2024,derived,derived_from_year_2012_ages_50_54,annual_estimates_age_band_sum_v1,2012,50_to_54,all,7480,reported,
1.0,annual_population_estimates_by_age_sex_csv,1b7b14fa75cab035860dd865eedd72527a92dac1a9ca0fcf76bbb5a2b731e368,,2011/2024,derived,derived_from_year_2012_ages_55_59,annual_estimates_age_band_sum_v1,2012,55_to_59,male,3090,reported,
1.0,annual_population_estimates_by_age_sex_csv,1b7b14fa75cab035860dd865eedd72527a92dac1a9ca0fcf76bbb5a2b731e368,,2011/2024,derived,derived_from_year_2012_ages_55_59,annual_estimates_age_band_sum_v1,2012,55_to_59,female,3150,reported,
1.0,annual_population_estimates_by_age_sex_csv,1b7b14fa75cab035860dd865eedd72527a92dac1a9ca0fcf76bbb5a2b731e368,,2011/2024,derived,derived_from_year_2012_ages_55_59,annual_estimates_age_band_sum_v1,2012,55_to_59,all,6240,reported,
1.0,annual_population_estimates_by_age_sex_csv,1b7b14fa75cab035860dd865eedd72527a92dac1a9ca0fcf76bbb5a2b731e368,,2011/2024,derived,derived_from_year_2012_ages_60_64,annual_estimates_age_band_sum_v1,2012,60_to_64,male,2730,reported,
1.0,annual_population_estimates_by_age_sex_csv,1b7b14fa75cab035860dd865eedd72527a92dac1a9ca0fcf76bbb5a2b731e368,,2011/2024,derived,derived_from_year_2012_ages_60_64,annual_estimates_age_band_sum_v1,2012,60_to_64,female,2820,reported,
1.0,annual_population_estimates_by_age_sex_csv,1b7b14fa75cab035860dd865eedd72527a92dac1a9ca0fcf76bbb5a2b731e368,,2011/2024,derived,derived_from_year_2012_ages_60_64,annual_estimates_age_band_sum_v1,2012,60_to_64,all,5550,reported,
1.0,annual_population_estimates_by_age_sex_csv,1b7b14fa75cab035860dd865eedd72527a92dac1a9ca0fcf76bbb5a2b731e368,,2011/2024,derived,derived_from_year_2012_ages_65_69,annual_estimates_age_band_sum_v1,2012,65_to_69,male,2300,reported,
1.0,annual_population_estimates_by_age_sex_csv,1b7b14fa75cab035860dd865eedd72527a92dac1a9ca0fcf76bbb5a2b731e368,,2011/2024,derived,derived_from_year_2012_ages_65_69,annual_estimates_age_band_sum_v1,2012,65_to_69,female,2450,reported,
1.0,annual_population_estimates_by_age_sex_csv,1b7b14fa75cab035860dd865eedd72527a92dac1a9ca0fcf76bbb5a2b731e368,,2011/2024,derived,derived_from_year_2012_ages_65_69,annual_estimates_age_band_sum_v1,2012,65_to_69,all,4750,reported,
1.0,annual_population_estimates_by_age_sex_csv,1b7b14fa75cab035860dd865eedd72527a92dac1a9ca0fcf76bbb5a2b731e368,,2011/2024,derived,derived_from_year_2012_ages_70_74,annual_estimates_age_band_sum_v1,2012,70_to_74,male,1690,reported,
1.0,annual_population_estimates_by_age_sex_csv,1b7b14fa75cab035860dd865eedd72527a92dac1a9ca0fcf76bbb5a2b731e368,,2011/2024,derived,derived_from_year_2012_ages_70_74,annual_estimates_age_band_sum_v1,2012,70_to_74,female,1880,reported,
1.0,annual_population_estimates_by_age_sex_csv,1b7b14fa75cab035860dd865eedd72527a92dac1a9ca0fcf76bbb5a2b731e368,,2011/2024,derived,derived_from_year_2012_ages_70_74,annual_estimates_age_band_sum_v1,2012,70_to_74,all,3570,reported,
1.0,annual_population_estimates_by_age_sex_csv,1b7b14fa75cab035860dd865eedd72527a92dac1a9ca0fcf76bbb5a2b731e368,,2011/2024,derived,derived_from_year_2012_ages_75_79,annual_estimates_age_band_sum_v1,2012,75_to_79,male,1440,reported,
1.0,annual_population_estimates_by_age_sex_csv,1b7b14fa75cab035860dd865eedd72527a92dac1a9ca0fcf76bbb5a2b731e368,,2011/2024,derived,derived_from_year_2012_ages_75_79,annual_estimates_age_band_sum_v1,2012,75_to_79,female,1650,reported,
1.0,annual_population_estimates_by_age_sex_csv,1b7b14fa75cab035860dd865eedd72527a92dac1a9ca0fcf76bbb5a2b731e368,,2011/2024,derived,derived_from_year_2012_ages_75_79,annual_estimates_age_band_sum_v1,2012,75_to_79,all,3090,reported,
1.0,annual_population_estimates_by_age_sex_csv,1b7b14fa75cab035860dd865eedd72527a92dac1a9ca0fcf76bbb5a2b731e368,,2011/2024,derived,derived_from_year_2012_ages_80_max,annual_estimates_age_band_sum_v1,2012,80_plus,male,1500,reported,
1.0,annual_population_estimates_by_age_sex_csv,1b7b14fa75cab035860dd865eedd72527a92dac1a9ca0fcf76bbb5a2b731e368,,2011/2024,derived,derived_from_year_2012_ages_80_max,annual_estimates_age_band_sum_v1,2012,80_plus,female,2540,reported,
1.0,annual_population_estimates_by_age_sex_csv,1b7b14fa75cab035860dd865eedd72527a92dac1a9ca0fcf76bbb5a2b731e368,,2011/2024,derived,derived_from_year_2012_ages_80_max,annual_estimates_age_band_sum_v1,2012,80_plus,all,4040,reported,
1.0,annual_population_estimates_by_age_sex_csv,1b7b14fa75cab035860dd865eedd72527a92dac1a9ca0fcf76bbb5a2b731e368,,2011/2024,derived,derived_from_year_2012_ages_50_max,annual_estimates_age_band_sum_v1,2012,50_plus,male,16450,reported,
1.0,annual_population_estimates_by_age_sex_csv,1b7b14fa75cab035860dd865eedd72527a92dac1a9ca0fcf76bbb5a2b731e368,,2011/2024,derived,derived_from_year_2012_ages_50_max,annual_estimates_age_band_sum_v1,2012,50_plus,female,18270,reported,
1.0,annual_population_estimates_by_age_sex_csv,1b7b14fa75cab035860dd865eedd72527a92dac1a9ca0fcf76bbb5a2b731e368,,2011/2024,derived,derived_from_year_2012_ages_50_max,annual_estimates_age_band_sum_v1,2012,50_plus,all,34720,reported,
1.0,annual_population_estimates_by_age_sex_csv,1b7b14fa75cab035860dd865eedd72527a92dac1a9ca0fcf76bbb5a2b731e368,,2011/2024,derived,derived_from_year_2012_ages_16_max,annual_estimates_age_band_sum_v1,2012,16_plus,male,40400,reported,
1.0,annual_population_estimates_by_age_sex_csv,1b7b14fa75cab035860dd865eedd72527a92dac1a9ca0fcf76bbb5a2b731e368,,2011/2024,derived,derived_from_year_2012_ages_16_max,annual_estimates_age_band_sum_v1,2012,16_plus,female,41880,reported,
1.0,annual_population_estimates_by_age_sex_csv,1b7b14fa75cab035860dd865eedd72527a92dac1a9ca0fcf76bbb5a2b731e368,,2011/2024,derived,derived_from_year_2012_ages_16_max,annual_estimates_age_band_sum_v1,2012,16_plus,all,82280,reported,
1.0,annual_population_estimates_by_age_sex_csv,1b7b14fa75cab035860dd865eedd72527a92dac1a9ca0fcf76bbb5a2b731e368,,2011/2024,derived,derived_from_year_2012_ages_0_max,annual_estimates_age_band_sum_v1,2012,all,male,48670,reported,
1.0,annual_population_estimates_by_age_sex_csv,1b7b14fa75cab035860dd865eedd72527a92dac1a9ca0fcf76bbb5a2b731e368,,2011/2024,derived,derived_from_year_2012_ages_0_max,annual_estimates_age_band_sum_v1,2012,all,female,49980,reported,
1.0,annual_population_estimates_by_age_sex_csv,1b7b14fa75cab035860dd865eedd72527a92dac1a9ca0fcf76bbb5a2b731e368,,2011/2024,derived,derived_from_year_2012_ages_0_max,annual_estimates_age_band_sum_v1,2012,all,all,98650,reported,
1.0,annual_population_estimates_by_age_sex_csv,1b7b14fa75cab035860dd865eedd72527a92dac1a9ca0fcf76bbb5a2b731e368,,2011/2024,derived,derived_from_year_2013_ages_5_11,annual_estimates_age_band_sum_v1,2013,5_to_11,male,3470,reported,
1.0,annual_population_estimates_by_age_sex_csv,1b7b14fa75cab035860dd865eedd72527a92dac1a9ca0fcf76bbb5a2b731e368,,2011/2024,derived,derived_from_year_2013_ages_5_11,annual_estimates_age_band_sum_v1,2013,5_to_11,female,3480,reported,
1.0,annual_population_estimates_by_age_sex_csv,1b7b14fa75cab035860dd865eedd72527a92dac1a9ca0fcf76bbb5a2b731e368,,2011/2024,derived,derived_from_year_2013_ages_5_11,annual_estimates_age_band_sum_v1,2013,5_to_11,all,6950,reported,
1.0,annual_population_estimates_by_age_sex_csv,1b7b14fa75cab035860dd865eedd72527a92dac1a9ca0fcf76bbb5a2b731e368,,2011/2024,derived,derived_from_year_2013_ages_12_15,annual_estimates_age_band_sum_v1,2013,12_to_15,male,2100,reported,
1.0,annual_population_estimates_by_age_sex_csv,1b7b14fa75cab035860dd865eedd72527a92dac1a9ca0fcf76bbb5a2b731e368,,2011/2024,derived,derived_from_year_2013_ages_12_15,annual_estimates_age_band_sum_v1,2013,12_to_15,female,2020,reported,
1.0,annual_population_estimates_by_age_sex_csv,1b7b14fa75cab035860dd865eedd72527a92dac1a9ca0fcf76bbb5a2b731e368,,2011/2024,derived,derived_from_year_2013_ages_12_15,annual_estimates_age_band_sum_v1,2013,12_to_15,all,4120,reported,
1.0,annual_population_estimates_by_age_sex_csv,1b7b14fa75cab035860dd865eedd72527a92dac1a9ca0fcf76bbb5a2b731e368,,2011/2024,derived,derived_from_year_2013_ages_16_17,annual_estimates_age_band_sum_v1,2013,16_to_17,male,1170,reported,
1.0,annual_population_estimates_by_age_sex_csv,1b7b14fa75cab035860dd865eedd72527a92dac1a9ca0fcf76bbb5a2b731e368,,2011/2024,derived,derived_from_year_2013_ages_16_17,annual_estimates_age_band_sum_v1,2013,16_to_17,female,1090,reported,
1.0,annual_population_estimates_by_age_sex_csv,1b7b14fa75cab035860dd865eedd72527a92dac1a9ca0fcf76bbb5a2b731e368,,2011/2024,derived,derived_from_year_2013_ages_16_17,annual_estimates_age_band_sum_v1,2013,16_to_17,all,2260,reported,
1.0,annual_population_estimates_by_age_sex_csv,1b7b14fa75cab035860dd865eedd72527a92dac1a9ca0fcf76bbb5a2b731e368,,2011/2024,derived,derived_from_year_2013_ages_0_17,annual_estimates_age_band_sum_v1,2013,17_and_under,male,9400,reported,
1.0,annual_population_estimates_by_age_sex_csv,1b7b14fa75cab035860dd865eedd72527a92dac1a9ca0fcf76bbb5a2b731e368,,2011/2024,derived,derived_from_year_2013_ages_0_17,annual_estimates_age_band_sum_v1,2013,17_and_under,female,9200,reported,
1.0,annual_population_estimates_by_age_sex_csv,1b7b14fa75cab035860dd865eedd72527a92dac1a9ca0fcf76bbb5a2b731e368,,2011/2024,derived,derived_from_year_2013_ages_0_17,annual_estimates_age_band_sum_v1,2013,17_and_under,all,18600,reported,
1.0,annual_population_estimates_by_age_sex_csv,1b7b14fa75cab035860dd865eedd72527a92dac1a9ca0fcf76bbb5a2b731e368,,2011/2024,derived,derived_from_year_2013_ages_18_29,annual_estimates_age_band_sum_v1,2013,18_to_29,male,7320,reported,
1.0,annual_population_estimates_by_age_sex_csv,1b7b14fa75cab035860dd865eedd72527a92dac1a9ca0fcf76bbb5a2b731e368,,2011/2024,derived,derived_from_year_2013_ages_18_29,annual_estimates_age_band_sum_v1,2013,18_to_29,female,7050,reported,
1.0,annual_population_estimates_by_age_sex_csv,1b7b14fa75cab035860dd865eedd72527a92dac1a9ca0fcf76bbb5a2b731e368,,2011/2024,derived,derived_from_year_2013_ages_18_29,annual_estimates_age_band_sum_v1,2013,18_to_29,all,14370,reported,
1.0,annual_population_estimates_by_age_sex_csv,1b7b14fa75cab035860dd865eedd72527a92dac1a9ca0fcf76bbb5a2b731e368,,2011/2024,derived,derived_from_year_2013_ages_30_39,annual_estimates_age_band_sum_v1,2013,30_to_39,male,7240,reported,
1.0,annual_population_estimates_by_age_sex_csv,1b7b14fa75cab035860dd865eedd72527a92dac1a9ca0fcf76bbb5a2b731e368,,2011/2024,derived,derived_from_year_2013_ages_30_39,annual_estimates_age_band_sum_v1,2013,30_to_39,female,7180,reported,
1.0,annual_population_estimates_by_age_sex_csv,1b7b14fa75cab035860dd865eedd72527a92dac1a9ca0fcf76bbb5a2b731e368,,2011/2024,derived,derived_from_year_2013_ages_30_39,annual_estimates_age_band_sum_v1,2013,30_to_39,all,14420,reported,
1.0,annual_population_estimates_by_age_sex_csv,1b7b14fa75cab035860dd865eedd72527a92dac1a9ca0fcf76bbb5a2b731e368,,2011/2024,derived,derived_from_year_2013_ages_40_49,annual_estimates_age_band_sum_v1,2013,40_to_49,male,8180,reported,
1.0,annual_population_estimates_by_age_sex_csv,1b7b14fa75cab035860dd865eedd72527a92dac1a9ca0fcf76bbb5a2b731e368,,2011/2024,derived,derived_from_year_2013_ages_40_49,annual_estimates_age_band_sum_v1,2013,40_to_49,female,8140,reported,
1.0,annual_population_estimates_by_age_sex_csv,1b7b14fa75cab035860dd865eedd72527a92dac1a9ca0fcf76bbb5a2b731e368,,2011/2024,derived,derived_from_year_2013_ages_40_49,annual_estimates_age_band_sum_v1,2013,40_to_49,all,16320,reported,
1.0,annual_population_estimates_by_age_sex_csv,1b7b14fa75cab035860dd865eedd72527a92dac1a9ca0fcf76bbb5a2b731e368,,2011/2024,derived,derived_from_year_2013_ages_50_54,annual_estimates_age_band_sum_v1,2013,50_to_54,male,3840,reported,
1.0,annual_population_estimates_by_age_sex_csv,1b7b14fa75cab035860dd865eedd72527a92dac1a9ca0fcf76bbb5a2b731e368,,2011/2024,derived,derived_from_year_2013_ages_50_54,annual_estimates_age_band_sum_v1,2013,50_to_54,female,3800,reported,
1.0,annual_population_estimates_by_age_sex_csv,1b7b14fa75cab035860dd865eedd72527a92dac1a9ca0fcf76bbb5a2b731e368,,2011/2024,derived,derived_from_year_2013_ages_50_54,annual_estimates_age_band_sum_v1,2013,50_to_54,all,7640,reported,
1.0,annual_population_estimates_by_age_sex_csv,1b7b14fa75cab035860dd865eedd72527a92dac1a9ca0fcf76bbb5a2b731e368,,2011/2024,derived,derived_from_year_2013_ages_55_59,annual_estimates_age_band_sum_v1,2013,55_to_59,male,3190,reported,
1.0,annual_population_estimates_by_age_sex_csv,1b7b14fa75cab035860dd865eedd72527a92dac1a9ca0fcf76bbb5a2b731e368,,2011/2024,derived,derived_from_year_2013_ages_55_59,annual_estimates_age_band_sum_v1,2013,55_to_59,female,3290,reported,
1.0,annual_population_estimates_by_age_sex_csv,1b7b14fa75cab035860dd865eedd72527a92dac1a9ca0fcf76bbb5a2b731e368,,2011/2024,derived,derived_from_year_2013_ages_55_59,annual_estimates_age_band_sum_v1,2013,55_to_59,all,6480,reported,
1.0,annual_population_estimates_by_age_sex_csv,1b7b14fa75cab035860dd865eedd72527a92dac1a9ca0fcf76bbb5a2b731e368,,2011/2024,derived,derived_from_year_2013_ages_60_64,annual_estimates_age_band_sum_v1,2013,60_to_64,male,2740,reported,
1.0,annual_population_estimates_by_age_sex_csv,1b7b14fa75cab035860dd865eedd72527a92dac1a9ca0fcf76bbb5a2b731e368,,2011/2024,derived,derived_from_year_2013_ages_60_64,annual_estimates_age_band_sum_v1,2013,60_to_64,female,2830,reported,
1.0,annual_population_estimates_by_age_sex_csv,1b7b14fa75cab035860dd865eedd72527a92dac1a9ca0fcf76bbb5a2b731e368,,2011/2024,derived,derived_from_year_2013_ages_60_64,annual_estimates_age_band_sum_v1,2013,60_to_64,all,5570,reported,
1.0,annual_population_estimates_by_age_sex_csv,1b7b14fa75cab035860dd865eedd72527a92dac1a9ca0fcf76bbb5a2b731e368,,2011/2024,derived,derived_from_year_2013_ages_65_69,annual_estimates_age_band_sum_v1,2013,65_to_69,male,2410,reported,
1.0,annual_population_estimates_by_age_sex_csv,1b7b14fa75cab035860dd865eedd72527a92dac1a9ca0fcf76bbb5a2b731e368,,2011/2024,derived,derived_from_year_2013_ages_65_69,annual_estimates_age_band_sum_v1,2013,65_to_69,female,2560,reported,
1.0,annual_population_estimates_by_age_sex_csv,1b7b14fa75cab035860dd865eedd72527a92dac1a9ca0fcf76bbb5a2b731e368,,2011/2024,derived,derived_from_year_2013_ages_65_69,annual_estimates_age_band_sum_v1,2013,65_to_69,all,4970,reported,
1.0,annual_population_estimates_by_age_sex_csv,1b7b14fa75cab035860dd865eedd72527a92dac1a9ca0fcf76bbb5a2b731e368,,2011/2024,derived,derived_from_year_2013_ages_70_74,annual_estimates_age_band_sum_v1,2013,70_to_74,male,1690,reported,
1.0,annual_population_estimates_by_age_sex_csv,1b7b14fa75cab035860dd865eedd72527a92dac1a9ca0fcf76bbb5a2b731e368,,2011/2024,derived,derived_from_year_2013_ages_70_74,annual_estimates_age_band_sum_v1,2013,70_to_74,female,1880,reported,
1.0,annual_population_estimates_by_age_sex_csv,1b7b14fa75cab035860dd865eedd72527a92dac1a9ca0fcf76bbb5a2b731e368,,2011/2024,derived,derived_from_year_2013_ages_70_74,annual_estimates_age_band_sum_v1,2013,70_to_74,all,3570,reported,
1.0,annual_population_estimates_by_age_sex_csv,1b7b14fa75cab035860dd865eedd72527a92dac1a9ca0fcf76bbb5a2b731e368,,2011/2024,derived,derived_from_year_2013_ages_75_79,annual_estimates_age_band_sum_v1,2013,75_to_79,male,1480,reported,
1.0,annual_population_estimates_by_age_sex_csv,1b7b14fa75cab035860dd865eedd72527a92dac1a9ca0fcf76bbb5a2b731e368,,2011/2024,derived,derived_from_year_2013_ages_75_79,annual_estimates_age_band_sum_v1,2013,75_to_79,female,1680,reported,
1.0,annual_population_estimates_by_age_sex_csv,1b7b14fa75cab035860dd865eedd72527a92dac1a9ca0fcf76bbb5a2b731e368,,2011/2024,derived,derived_from_year_2013_ages_75_79,annual_estimates_age_band_sum_v1,2013,75_to_79,all,3160,reported,
1.0,annual_population_estimates_by_age_sex_csv,1b7b14fa75cab035860dd865eedd72527a92dac1a9ca0fcf76bbb5a2b731e368,,2011/2024,derived,derived_from_year_2013_ages_80_max,annual_estimates_age_band_sum_v1,2013,80_plus,male,1560,reported,
1.0,annual_population_estimates_by_age_sex_csv,1b7b14fa75cab035860dd865eedd72527a92dac1a9ca0fcf76bbb5a2b731e368,,2011/2024,derived,derived_from_year_2013_ages_80_max,annual_estimates_age_band_sum_v1,2013,80_plus,female,2620,reported,
1.0,annual_population_estimates_by_age_sex_csv,1b7b14fa75cab035860dd865eedd72527a92dac1a9ca0fcf76bbb5a2b731e368,,2011/2024,derived,derived_from_year_2013_ages_80_max,annual_estimates_age_band_sum_v1,2013,80_plus,all,4180,reported,
1.0,annual_population_estimates_by_age_sex_csv,1b7b14fa75cab035860dd865eedd72527a92dac1a9ca0fcf76bbb5a2b731e368,,2011/2024,derived,derived_from_year_2013_ages_50_max,annual_estimates_age_band_sum_v1,2013,50_plus,male,16910,reported,
1.0,annual_population_estimates_by_age_sex_csv,1b7b14fa75cab035860dd865eedd72527a92dac1a9ca0fcf76bbb5a2b731e368,,2011/2024,derived,derived_from_year_2013_ages_50_max,annual_estimates_age_band_sum_v1,2013,50_plus,female,18660,reported,
1.0,annual_population_estimates_by_age_sex_csv,1b7b14fa75cab035860dd865eedd72527a92dac1a9ca0fcf76bbb5a2b731e368,,2011/2024,derived,derived_from_year_2013_ages_50_max,annual_estimates_age_band_sum_v1,2013,50_plus,all,35570,reported,
1.0,annual_population_estimates_by_age_sex_csv,1b7b14fa75cab035860dd865eedd72527a92dac1a9ca0fcf76bbb5a2b731e368,,2011/2024,derived,derived_from_year_2013_ages_16_max,annual_estimates_age_band_sum_v1,2013,16_plus,male,40820,reported,
1.0,annual_population_estimates_by_age_sex_csv,1b7b14fa75cab035860dd865eedd72527a92dac1a9ca0fcf76bbb5a2b731e368,,2011/2024,derived,derived_from_year_2013_ages_16_max,annual_estimates_age_band_sum_v1,2013,16_plus,female,42120,reported,
1.0,annual_population_estimates_by_age_sex_csv,1b7b14fa75cab035860dd865eedd72527a92dac1a9ca0fcf76bbb5a2b731e368,,2011/2024,derived,derived_from_year_2013_ages_16_max,annual_estimates_age_band_sum_v1,2013,16_plus,all,82940,reported,
1.0,annual_population_estimates_by_age_sex_csv,1b7b14fa75cab035860dd865eedd72527a92dac1a9ca0fcf76bbb5a2b731e368,,2011/2024,derived,derived_from_year_2013_ages_0_max,annual_estimates_age_band_sum_v1,2013,all,male,49050,reported,
1.0,annual_population_estimates_by_age_sex_csv,1b7b14fa75cab035860dd865eedd72527a92dac1a9ca0fcf76bbb5a2b731e368,,2011/2024,derived,derived_from_year_2013_ages_0_max,annual_estimates_age_band_sum_v1,2013,all,female,50230,reported,
1.0,annual_population_estimates_by_age_sex_csv,1b7b14fa75cab035860dd865eedd72527a92dac1a9ca0fcf76bbb5a2b731e368,,2011/2024,derived,derived_from_year_2013_ages_0_max,annual_estimates_age_band_sum_v1,2013,all,all,99280,reported,
1.0,annual_population_estimates_by_age_sex_csv,1b7b14fa75cab035860dd865eedd72527a92dac1a9ca0fcf76bbb5a2b731e368,,2011/2024,derived,derived_from_year_2014_ages_5_11,annual_estimates_age_band_sum_v1,2014,5_to_11,male,3550,reported,
1.0,annual_population_estimates_by_age_sex_csv,1b7b14fa75cab035860dd865eedd72527a92dac1a9ca0fcf76bbb5a2b731e368,,2011/2024,derived,derived_from_year_2014_ages_5_11,annual_estimates_age_band_sum_v1,2014,5_to_11,female,3530,reported,
1.0,annual_population_estimates_by_age_sex_csv,1b7b14fa75cab035860dd865eedd72527a92dac1a9ca0fcf76bbb5a2b731e368,,2011/2024,derived,derived_from_year_2014_ages_5_11,annual_estimates_age_band_sum_v1,2014,5_to_11,all,7080,reported,
1.0,annual_population_estimates_by_age_sex_csv,1b7b14fa75cab035860dd865eedd72527a92dac1a9ca0fcf76bbb5a2b731e368,,2011/2024,derived,derived_from_year_2014_ages_12_15,annual_estimates_age_band_sum_v1,2014,12_to_15,male,2020,reported,
1.0,annual_population_estimates_by_age_sex_csv,1b7b14fa75cab035860dd865eedd72527a92dac1a9ca0fcf76bbb5a2b731e368,,2011/2024,derived,derived_from_year_2014_ages_12_15,annual_estimates_age_band_sum_v1,2014,12_to_15,female,1950,reported,
1.0,annual_population_estimates_by_age_sex_csv,1b7b14fa75cab035860dd865eedd72527a92dac1a9ca0fcf76bbb5a2b731e368,,2011/2024,derived,derived_from_year_2014_ages_12_15,annual_estimates_age_band_sum_v1,2014,12_to_15,all,3970,reported,
1.0,annual_population_estimates_by_age_sex_csv,1b7b14fa75cab035860dd865eedd72527a92dac1a9ca0fcf76bbb5a2b731e368,,2011/2024,derived,derived_from_year_2014_ages_16_17,annual_estimates_age_band_sum_v1,2014,16_to_17,male,1140,reported,
1.0,annual_population_estimates_by_age_sex_csv,1b7b14fa75cab035860dd865eedd72527a92dac1a9ca0fcf76bbb5a2b731e368,,2011/2024,derived,derived_from_year_2014_ages_16_17,annual_estimates_age_band_sum_v1,2014,16_to_17,female,1070,reported,
1.0,annual_population_estimates_by_age_sex_csv,1b7b14fa75cab035860dd865eedd72527a92dac1a9ca0fcf76bbb5a2b731e368,,2011/2024,derived,derived_from_year_2014_ages_16_17,annual_estimates_age_band_sum_v1,2014,16_to_17,all,2210,reported,
1.0,annual_population_estimates_by_age_sex_csv,1b7b14fa75cab035860dd865eedd72527a92dac1a9ca0fcf76bbb5a2b731e368,,2011/2024,derived,derived_from_year_2014_ages_0_17,annual_estimates_age_band_sum_v1,2014,17_and_under,male,9360,reported,
1.0,annual_population_estimates_by_age_sex_csv,1b7b14fa75cab035860dd865eedd72527a92dac1a9ca0fcf76bbb5a2b731e368,,2011/2024,derived,derived_from_year_2014_ages_0_17,annual_estimates_age_band_sum_v1,2014,17_and_under,female,9160,reported,
1.0,annual_population_estimates_by_age_sex_csv,1b7b14fa75cab035860dd865eedd72527a92dac1a9ca0fcf76bbb5a2b731e368,,2011/2024,derived,derived_from_year_2014_ages_0_17,annual_estimates_age_band_sum_v1,2014,17_and_under,all,18520,reported,
1.0,annual_population_estimates_by_age_sex_csv,1b7b14fa75cab035860dd865eedd72527a92dac1a9ca0fcf76bbb5a2b731e368,,2011/2024,derived,derived_from_year_2014_ages_18_29,annual_estimates_age_band_sum_v1,2014,18_to_29,male,7330,reported,
1.0,annual_population_estimates_by_age_sex_csv,1b7b14fa75cab035860dd865eedd72527a92dac1a9ca0fcf76bbb5a2b731e368,,2011/2024,derived,derived_from_year_2014_ages_18_29,annual_estimates_age_band_sum_v1,2014,18_to_29,female,6990,reported,
1.0,annual_population_estimates_by_age_sex_csv,1b7b14fa75cab035860dd865eedd72527a92dac1a9ca0fcf76bbb5a2b731e368,,2011/2024,derived,derived_from_year_2014_ages_18_29,annual_estimates_age_band_sum_v1,2014,18_to_29,all,14320,reported,
1.0,annual_population_estimates_by_age_sex_csv,1b7b14fa75cab035860dd865eedd72527a92dac1a9ca0fcf76bbb5a2b731e368,,2011/2024,derived,derived_from_year_2014_ages_30_39,annual_estimates_age_band_sum_v1,2014,30_to_39,male,7320,reported,
1.0,annual_population_estimates_by_age_sex_csv,1b7b14fa75cab035860dd865eedd72527a92dac1a9ca0fcf76bbb5a2b731e368,,2011/2024,derived,derived_from_year_2014_ages_30_39,annual_estimates_age_band_sum_v1,2014,30_to_39,female,7250,reported,
1.0,annual_population_estimates_by_age_sex_csv,1b7b14fa75cab035860dd865eedd72527a92dac1a9ca0fcf76bbb5a2b731e368,,2011/2024,derived,derived_from_year_2014_ages_30_39,annual_estimates_age_band_sum_v1,2014,30_to_39,all,14570,reported,
1.0,annual_population_estimates_by_age_sex_csv,1b7b14fa75cab035860dd865eedd72527a92dac1a9ca0fcf76bbb5a2b731e368,,2011/2024,derived,derived_from_year_2014_ages_40_49,annual_estimates_age_band_sum_v1,2014,40_to_49,male,8020,reported,
1.0,annual_population_estimates_by_age_sex_csv,1b7b14fa75cab035860dd865eedd72527a92dac1a9ca0fcf76bbb5a2b731e368,,2011/2024,derived,derived_from_year_2014_ages_40_49,annual_estimates_age_band_sum_v1,2014,40_to_49,female,8000,reported,
1.0,annual_population_estimates_by_age_sex_csv,1b7b14fa75cab035860dd865eedd72527a92dac1a9ca0fcf76bbb5a2b731e368,,2011/2024,derived,derived_from_year_2014_ages_40_49,annual_estimates_age_band_sum_v1,2014,40_to_49,all,16020,reported,
1.0,annual_population_estimates_by_age_sex_csv,1b7b14fa75cab035860dd865eedd72527a92dac1a9ca0fcf76bbb5a2b731e368,,2011/2024,derived,derived_from_year_2014_ages_50_54,annual_estimates_age_band_sum_v1,2014,50_to_54,male,4010,reported,
1.0,annual_population_estimates_by_age_sex_csv,1b7b14fa75cab035860dd865eedd72527a92dac1a9ca0fcf76bbb5a2b731e368,,2011/2024,derived,derived_from_year_2014_ages_50_54,annual_estimates_age_band_sum_v1,2014,50_to_54,female,3930,reported,
1.0,annual_population_estimates_by_age_sex_csv,1b7b14fa75cab035860dd865eedd72527a92dac1a9ca0fcf76bbb5a2b731e368,,2011/2024,derived,derived_from_year_2014_ages_50_54,annual_estimates_age_band_sum_v1,2014,50_to_54,all,7940,reported,
1.0,annual_population_estimates_by_age_sex_csv,1b7b14fa75cab035860dd865eedd72527a92dac1a9ca0fcf76bbb5a2b731e368,,2011/2024,derived,derived_from_year_2014_ages_55_59,annual_estimates_age_band_sum_v1,2014,55_to_59,male,3270,reported,
1.0,annual_population_estimates_by_age_sex_csv,1b7b14fa75cab035860dd865eedd72527a92dac1a9ca0fcf76bbb5a2b731e368,,2011/2024,derived,derived_from_year_2014_ages_55_59,annual_estimates_age_band_sum_v1,2014,55_to_59,female,3400,reported,
1.0,annual_population_estimates_by_age_sex_csv,1b7b14fa75cab035860dd865eedd72527a92dac1a9ca0fcf76bbb5a2b731e368,,2011/2024,derived,derived_from_year_2014_ages_55_59,annual_estimates_age_band_sum_v1,2014,55_to_59,all,6670,reported,
1.0,annual_population_estimates_by_age_sex_csv,1b7b14fa75cab035860dd865eedd72527a92dac1a9ca0fcf76bbb5a2b731e368,,2011/2024,derived,derived_from_year_2014_ages_60_64,annual_estimates_age_band_sum_v1,2014,60_to_64,male,2790,reported,
1.0,annual_population_estimates_by_age_sex_csv,1b7b14fa75cab035860dd865eedd72527a92dac1a9ca0fcf76bbb5a2b731e368,,2011/2024,derived,derived_from_year_2014_ages_60_64,annual_estimates_age_band_sum_v1,2014,60_to_64,female,2850,reported,
1.0,annual_population_estimates_by_age_sex_csv,1b7b14fa75cab035860dd865eedd72527a92dac1a9ca0fcf76bbb5a2b731e368,,2011/2024,derived,derived_from_year_2014_ages_60_64,annual_estimates_age_band_sum_v1,2014,60_to_64,all,5640,reported,
1.0,annual_population_estimates_by_age_sex_csv,1b7b14fa75cab035860dd865eedd72527a92dac1a9ca0fcf76bbb5a2b731e368,,2011/2024,derived,derived_from_year_2014_ages_65_69,annual_estimates_age_band_sum_v1,2014,65_to_69,male,2480,reported,
1.0,annual_population_estimates_by_age_sex_csv,1b7b14fa75cab035860dd865eedd72527a92dac1a9ca0fcf76bbb5a2b731e368,,2011/2024,derived,derived_from_year_2014_ages_65_69,annual_estimates_age_band_sum_v1,2014,65_to_69,female,2610,reported,
1.0,annual_population_estimates_by_age_sex_csv,1b7b14fa75cab035860dd865eedd72527a92dac1a9ca0fcf76bbb5a2b731e368,,2011/2024,derived,derived_from_year_2014_ages_65_69,annual_estimates_age_band_sum_v1,2014,65_to_69,all,5090,reported,
1.0,annual_population_estimates_by_age_sex_csv,1b7b14fa75cab035860dd865eedd72527a92dac1a9ca0fcf76bbb5a2b731e368,,2011/2024,derived,derived_from_year_2014_ages_70_74,annual_estimates_age_band_sum_v1,2014,70_to_74,male,1740,reported,
1.0,annual_population_estimates_by_age_sex_csv,1b7b14fa75cab035860dd865eedd72527a92dac1a9ca0fcf76bbb5a2b731e368,,2011/2024,derived,derived_from_year_2014_ages_70_74,annual_estimates_age_band_sum_v1,2014,70_to_74,female,1980,reported,
1.0,annual_population_estimates_by_age_sex_csv,1b7b14fa75cab035860dd865eedd72527a92dac1a9ca0fcf76bbb5a2b731e368,,2011/2024,derived,derived_from_year_2014_ages_70_74,annual_estimates_age_band_sum_v1,2014,70_to_74,all,3720,reported,
1.0,annual_population_estimates_by_age_sex_csv,1b7b14fa75cab035860dd865eedd72527a92dac1a9ca0fcf76bbb5a2b731e368,,2011/2024,derived,derived_from_year_2014_ages_75_79,annual_estimates_age_band_sum_v1,2014,75_to_79,male,1530,reported,
1.0,annual_population_estimates_by_age_sex_csv,1b7b14fa75cab035860dd865eedd72527a92dac1a9ca0fcf76bbb5a2b731e368,,2011/2024,derived,derived_from_year_2014_ages_75_79,annual_estimates_age_band_sum_v1,2014,75_to_79,female,1700,reported,
1.0,annual_population_estimates_by_age_sex_csv,1b7b14fa75cab035860dd865eedd72527a92dac1a9ca0fcf76bbb5a2b731e368,,2011/2024,derived,derived_from_year_2014_ages_75_79,annual_estimates_age_band_sum_v1,2014,75_to_79,all,3230,reported,
1.0,annual_population_estimates_by_age_sex_csv,1b7b14fa75cab035860dd865eedd72527a92dac1a9ca0fcf76bbb5a2b731e368,,2011/2024,derived,derived_from_year_2014_ages_80_max,annual_estimates_age_band_sum_v1,2014,80_plus,male,1710,reported,
1.0,annual_population_estimates_by_age_sex_csv,1b7b14fa75cab035860dd865eedd72527a92dac1a9ca0fcf76bbb5a2b731e368,,2011/2024,derived,derived_from_year_2014_ages_80_max,annual_estimates_age_band_sum_v1,2014,80_plus,female,2710,reported,
1.0,annual_population_estimates_by_age_sex_csv,1b7b14fa75cab035860dd865eedd72527a92dac1a9ca0fcf76bbb5a2b731e368,,2011/2024,derived,derived_from_year_2014_ages_80_max,annual_estimates_age_band_sum_v1,2014,80_plus,all,4420,reported,
1.0,annual_population_estimates_by_age_sex_csv,1b7b14fa75cab035860dd865eedd72527a92dac1a9ca0fcf76bbb5a2b731e368,,2011/2024,derived,derived_from_year_2014_ages_50_max,annual_estimates_age_band_sum_v1,2014,50_plus,male,17530,reported,
1.0,annual_population_estimates_by_age_sex_csv,1b7b14fa75cab035860dd865eedd72527a92dac1a9ca0fcf76bbb5a2b731e368,,2011/2024,derived,derived_from_year_2014_ages_50_max,annual_estimates_age_band_sum_v1,2014,50_plus,female,19180,reported,
1.0,annual_population_estimates_by_age_sex_csv,1b7b14fa75cab035860dd865eedd72527a92dac1a9ca0fcf76bbb5a2b731e368,,2011/2024,derived,derived_from_year_2014_ages_50_max,annual_estimates_age_band_sum_v1,2014,50_plus,all,36710,reported,
1.0,annual_population_estimates_by_age_sex_csv,1b7b14fa75cab035860dd865eedd72527a92dac1a9ca0fcf76bbb5a2b731e368,,2011/2024,derived,derived_from_year_2014_ages_16_max,annual_estimates_age_band_sum_v1,2014,16_plus,male,41340,reported,
1.0,annual_population_estimates_by_age_sex_csv,1b7b14fa75cab035860dd865eedd72527a92dac1a9ca0fcf76bbb5a2b731e368,,2011/2024,derived,derived_from_year_2014_ages_16_max,annual_estimates_age_band_sum_v1,2014,16_plus,female,42490,reported,
1.0,annual_population_estimates_by_age_sex_csv,1b7b14fa75cab035860dd865eedd72527a92dac1a9ca0fcf76bbb5a2b731e368,,2011/2024,derived,derived_from_year_2014_ages_16_max,annual_estimates_age_band_sum_v1,2014,16_plus,all,83830,reported,
1.0,annual_population_estimates_by_age_sex_csv,1b7b14fa75cab035860dd865eedd72527a92dac1a9ca0fcf76bbb5a2b731e368,,2011/2024,derived,derived_from_year_2014_ages_0_max,annual_estimates_age_band_sum_v1,2014,all,male,49560,reported,
1.0,annual_population_estimates_by_age_sex_csv,1b7b14fa75cab035860dd865eedd72527a92dac1a9ca0fcf76bbb5a2b731e368,,2011/2024,derived,derived_from_year_2014_ages_0_max,annual_estimates_age_band_sum_v1,2014,all,female,50580,reported,
1.0,annual_population_estimates_by_age_sex_csv,1b7b14fa75cab035860dd865eedd72527a92dac1a9ca0fcf76bbb5a2b731e368,,2011/2024,derived,derived_from_year_2014_ages_0_max,annual_estimates_age_band_sum_v1,2014,all,all,100140,reported,
1.0,annual_population_estimates_by_age_sex_csv,1b7b14fa75cab035860dd865eedd72527a92dac1a9ca0fcf76bbb5a2b731e368,,2011/2024,derived,derived_from_year_2015_ages_5_11,annual_estimates_age_band_sum_v1,2015,5_to_11,male,3560,reported,
1.0,annual_population_estimates_by_age_sex_csv,1b7b14fa75cab035860dd865eedd72527a92dac1a9ca0fcf76bbb5a2b731e368,,2011/2024,derived,derived_from_year_2015_ages_5_11,annual_estimates_age_band_sum_v1,2015,5_to_11,female,3630,reported,
1.0,annual_population_estimates_by_age_sex_csv,1b7b14fa75cab035860dd865eedd72527a92dac1a9ca0fcf76bbb5a2b731e368,,2011/2024,derived,derived_from_year_2015_ages_5_11,annual_estimates_age_band_sum_v1,2015,5_to_11,all,7190,reported,
1.0,annual_population_estimates_by_age_sex_csv,1b7b14fa75cab035860dd865eedd72527a92dac1a9ca0fcf76bbb5a2b731e368,,2011/2024,derived,derived_from_year_2015_ages_12_15,annual_estimates_age_band_sum_v1,2015,12_to_15,male,1990,reported,
1.0,annual_population_estimates_by_age_sex_csv,1b7b14fa75cab035860dd865eedd72527a92dac1a9ca0fcf76bbb5a2b731e368,,2011/2024,derived,derived_from_year_2015_ages_12_15,annual_estimates_age_band_sum_v1,2015,12_to_15,female,1950,reported,
1.0,annual_population_estimates_by_age_sex_csv,1b7b14fa75cab035860dd865eedd72527a92dac1a9ca0fcf76bbb5a2b731e368,,2011/2024,derived,derived_from_year_2015_ages_12_15,annual_estimates_age_band_sum_v1,2015,12_to_15,all,3940,reported,
1.0,annual_population_estimates_by_age_sex_csv,1b7b14fa75cab035860dd865eedd72527a92dac1a9ca0fcf76bbb5a2b731e368,,2011/2024,derived,derived_from_year_2015_ages_16_17,annual_estimates_age_band_sum_v1,2015,16_to_17,male,1120,reported,
1.0,annual_population_estimates_by_age_sex_csv,1b7b14fa75cab035860dd865eedd72527a92dac1a9ca0fcf76bbb5a2b731e368,,2011/2024,derived,derived_from_year_2015_ages_16_17,annual_estimates_age_band_sum_v1,2015,16_to_17,female,1070,reported,
1.0,annual_population_estimates_by_age_sex_csv,1b7b14fa75cab035860dd865eedd72527a92dac1a9ca0fcf76bbb5a2b731e368,,2011/2024,derived,derived_from_year_2015_ages_16_17,annual_estimates_age_band_sum_v1,2015,16_to_17,all,2190,reported,
1.0,annual_population_estimates_by_age_sex_csv,1b7b14fa75cab035860dd865eedd72527a92dac1a9ca0fcf76bbb5a2b731e368,,2011/2024,derived,derived_from_year_2015_ages_0_17,annual_estimates_age_band_sum_v1,2015,17_and_under,male,9310,reported,
1.0,annual_population_estimates_by_age_sex_csv,1b7b14fa75cab035860dd865eedd72527a92dac1a9ca0fcf76bbb5a2b731e368,,2011/2024,derived,derived_from_year_2015_ages_0_17,annual_estimates_age_band_sum_v1,2015,17_and_under,female,9200,reported,
1.0,annual_population_estimates_by_age_sex_csv,1b7b14fa75cab035860dd865eedd72527a92dac1a9ca0fcf76bbb5a2b731e368,,2011/2024,derived,derived_from_year_2015_ages_0_17,annual_estimates_age_band_sum_v1,2015,17_and_under,all,18510,reported,
1.0,annual_population_estimates_by_age_sex_csv,1b7b14fa75cab035860dd865eedd72527a92dac1a9ca0fcf76bbb5a2b731e368,,2011/2024,derived,derived_from_year_2015_ages_18_29,annual_estimates_age_band_sum_v1,2015,18_to_29,male,7420,reported,
1.0,annual_population_estimates_by_age_sex_csv,1b7b14fa75cab035860dd865eedd72527a92dac1a9ca0fcf76bbb5a2b731e368,,2011/2024,derived,derived_from_year_2015_ages_18_29,annual_estimates_age_band_sum_v1,2015,18_to_29,female,7060,reported,
1.0,annual_population_estimates_by_age_sex_csv,1b7b14fa75cab035860dd865eedd72527a92dac1a9ca0fcf76bbb5a2b731e368,,2011/2024,derived,derived_from_year_2015_ages_18_29,annual_estimates_age_band_sum_v1,2015,18_to_29,all,14480,reported,
1.0,annual_population_estimates_by_age_sex_csv,1b7b14fa75cab035860dd865eedd72527a92dac1a9ca0fcf76bbb5a2b731e368,,2011/2024,derived,derived_from_year_2015_ages_30_39,annual_estimates_age_band_sum_v1,2015,30_to_39,male,7440,reported,
1.0,annual_population_estimates_by_age_sex_csv,1b7b14fa75cab035860dd865eedd72527a92dac1a9ca0fcf76bbb5a2b731e368,,2011/2024,derived,derived_from_year_2015_ages_30_39,annual_estimates_age_band_sum_v1,2015,30_to_39,female,7300,reported,
1.0,annual_population_estimates_by_age_sex_csv,1b7b14fa75cab035860dd865eedd72527a92dac1a9ca0fcf76bbb5a2b731e368,,2011/2024,derived,derived_from_year_2015_ages_30_39,annual_estimates_age_band_sum_v1,2015,30_to_39,all,14740,reported,
1.0,annual_population_estimates_by_age_sex_csv,1b7b14fa75cab035860dd865eedd72527a92dac1a9ca0fcf76bbb5a2b731e368,,2011/2024,derived,derived_from_year_2015_ages_40_49,annual_estimates_age_band_sum_v1,2015,40_to_49,male,8000,reported,
1.0,annual_population_estimates_by_age_sex_csv,1b7b14fa75cab035860dd865eedd72527a92dac1a9ca0fcf76bbb5a2b731e368,,2011/2024,derived,derived_from_year_2015_ages_40_49,annual_estimates_age_band_sum_v1,2015,40_to_49,female,7940,reported,
1.0,annual_population_estimates_by_age_sex_csv,1b7b14fa75cab035860dd865eedd72527a92dac1a9ca0fcf76bbb5a2b731e368,,2011/2024,derived,derived_from_year_2015_ages_40_49,annual_estimates_age_band_sum_v1,2015,40_to_49,all,15940,reported,
1.0,annual_population_estimates_by_age_sex_csv,1b7b14fa75cab035860dd865eedd72527a92dac1a9ca0fcf76bbb5a2b731e368,,2011/2024,derived,derived_from_year_2015_ages_50_54,annual_estimates_age_band_sum_v1,2015,50_to_54,male,4140,reported,
1.0,annual_population_estimates_by_age_sex_csv,1b7b14fa75cab035860dd865eedd72527a92dac1a9ca0fcf76bbb5a2b731e368,,2011/2024,derived,derived_from_year_2015_ages_50_54,annual_estimates_age_band_sum_v1,2015,50_to_54,female,4050,reported,
1.0,annual_population_estimates_by_age_sex_csv,1b7b14fa75cab035860dd865eedd72527a92dac1a9ca0fcf76bbb5a2b731e368,,2011/2024,derived,derived_from_year_2015_ages_50_54,annual_estimates_age_band_sum_v1,2015,50_to_54,all,8190,reported,
1.0,annual_population_estimates_by_age_sex_csv,1b7b14fa75cab035860dd865eedd72527a92dac1a9ca0fcf76bbb5a2b731e368,,2011/2024,derived,derived_from_year_2015_ages_55_59,annual_estimates_age_band_sum_v1,2015,55_to_59,male,3440,reported,
1.0,annual_population_estimates_by_age_sex_csv,1b7b14fa75cab035860dd865eedd72527a92dac1a9ca0fcf76bbb5a2b731e368,,2011/2024,derived,derived_from_year_2015_ages_55_59,annual_estimates_age_band_sum_v1,2015,55_to_59,female,3480,reported,
1.0,annual_population_estimates_by_age_sex_csv,1b7b14fa75cab035860dd865eedd72527a92dac1a9ca0fcf76bbb5a2b731e368,,2011/2024,derived,derived_from_year_2015_ages_55_59,annual_estimates_age_band_sum_v1,2015,55_to_59,all,6920,reported,
1.0,annual_population_estimates_by_age_sex_csv,1b7b14fa75cab035860dd865eedd72527a92dac1a9ca0fcf76bbb5a2b731e368,,2011/2024,derived,derived_from_year_2015_ages_60_64,annual_estimates_age_band_sum_v1,2015,60_to_64,male,2790,reported,
1.0,annual_population_estimates_by_age_sex_csv,1b7b14fa75cab035860dd865eedd72527a92dac1a9ca0fcf76bbb5a2b731e368,,2011/2024,derived,derived_from_year_2015_ages_60_64,annual_estimates_age_band_sum_v1,2015,60_to_64,female,2900,reported,
1.0,annual_population_estimates_by_age_sex_csv,1b7b14fa75cab035860dd865eedd72527a92dac1a9ca0fcf76bbb5a2b731e368,,2011/2024,derived,derived_from_year_2015_ages_60_64,annual_estimates_age_band_sum_v1,2015,60_to_64,all,5690,reported,
1.0,annual_population_estimates_by_age_sex_csv,1b7b14fa75cab035860dd865eedd72527a92dac1a9ca0fcf76bbb5a2b731e368,,2011/2024,derived,derived_from_year_2015_ages_65_69,annual_estimates_age_band_sum_v1,2015,65_to_69,male,2600,reported,
1.0,annual_population_estimates_by_age_sex_csv,1b7b14fa75cab035860dd865eedd72527a92dac1a9ca0fcf76bbb5a2b731e368,,2011/2024,derived,derived_from_year_2015_ages_65_69,annual_estimates_age_band_sum_v1,2015,65_to_69,female,2670,reported,
1.0,annual_population_estimates_by_age_sex_csv,1b7b14fa75cab035860dd865eedd72527a92dac1a9ca0fcf76bbb5a2b731e368,,2011/2024,derived,derived_from_year_2015_ages_65_69,annual_estimates_age_band_sum_v1,2015,65_to_69,all,5270,reported,
1.0,annual_population_estimates_by_age_sex_csv,1b7b14fa75cab035860dd865eedd72527a92dac1a9ca0fcf76bbb5a2b731e368,,2011/2024,derived,derived_from_year_2015_ages_70_74,annual_estimates_age_band_sum_v1,2015,70_to_74,male,1720,reported,
1.0,annual_population_estimates_by_age_sex_csv,1b7b14fa75cab035860dd865eedd72527a92dac1a9ca0fcf76bbb5a2b731e368,,2011/2024,derived,derived_from_year_2015_ages_70_74,annual_estimates_age_band_sum_v1,2015,70_to_74,female,1980,reported,
1.0,annual_population_estimates_by_age_sex_csv,1b7b14fa75cab035860dd865eedd72527a92dac1a9ca0fcf76bbb5a2b731e368,,2011/2024,derived,derived_from_year_2015_ages_70_74,annual_estimates_age_band_sum_v1,2015,70_to_74,all,3700,reported,
1.0,annual_population_estimates_by_age_sex_csv,1b7b14fa75cab035860dd865eedd72527a92dac1a9ca0fcf76bbb5a2b731e368,,2011/2024,derived,derived_from_year_2015_ages_75_79,annual_estimates_age_band_sum_v1,2015,75_to_79,male,1550,reported,
1.0,annual_population_estimates_by_age_sex_csv,1b7b14fa75cab035860dd865eedd72527a92dac1a9ca0fcf76bbb5a2b731e368,,2011/2024,derived,derived_from_year_2015_ages_75_79,annual_estimates_age_band_sum_v1,2015,75_to_79,female,1770,reported,
1.0,annual_population_estimates_by_age_sex_csv,1b7b14fa75cab035860dd865eedd72527a92dac1a9ca0fcf76bbb5a2b731e368,,2011/2024,derived,derived_from_year_2015_ages_75_79,annual_estimates_age_band_sum_v1,2015,75_to_79,all,3320,reported,
1.0,annual_population_estimates_by_age_sex_csv,1b7b14fa75cab035860dd865eedd72527a92dac1a9ca0fcf76bbb5a2b731e368,,2011/2024,derived,derived_from_year_2015_ages_80_max,annual_estimates_age_band_sum_v1,2015,80_plus,male,1770,reported,
1.0,annual_population_estimates_by_age_sex_csv,1b7b14fa75cab035860dd865eedd72527a92dac1a9ca0fcf76bbb5a2b731e368,,2011/2024,derived,derived_from_year_2015_ages_80_max,annual_estimates_age_band_sum_v1,2015,80_plus,female,2750,reported,
1.0,annual_population_estimates_by_age_sex_csv,1b7b14fa75cab035860dd865eedd72527a92dac1a9ca0fcf76bbb5a2b731e368,,2011/2024,derived,derived_from_year_2015_ages_80_max,annual_estimates_age_band_sum_v1,2015,80_plus,all,4520,reported,
1.0,annual_population_estimates_by_age_sex_csv,1b7b14fa75cab035860dd865eedd72527a92dac1a9ca0fcf76bbb5a2b731e368,,2011/2024,derived,derived_from_year_2015_ages_50_max,annual_estimates_age_band_sum_v1,2015,50_plus,male,18010,reported,
1.0,annual_population_estimates_by_age_sex_csv,1b7b14fa75cab035860dd865eedd72527a92dac1a9ca0fcf76bbb5a2b731e368,,2011/2024,derived,derived_from_year_2015_ages_50_max,annual_estimates_age_band_sum_v1,2015,50_plus,female,19600,reported,
1.0,annual_population_estimates_by_age_sex_csv,1b7b14fa75cab035860dd865eedd72527a92dac1a9ca0fcf76bbb5a2b731e368,,2011/2024,derived,derived_from_year_2015_ages_50_max,annual_estimates_age_band_sum_v1,2015,50_plus,all,37610,reported,
1.0,annual_population_estimates_by_age_sex_csv,1b7b14fa75cab035860dd865eedd72527a92dac1a9ca0fcf76bbb5a2b731e368,,2011/2024,derived,derived_from_year_2015_ages_16_max,annual_estimates_age_band_sum_v1,2015,16_plus,male,41990,reported,
1.0,annual_population_estimates_by_age_sex_csv,1b7b14fa75cab035860dd865eedd72527a92dac1a9ca0fcf76bbb5a2b731e368,,2011/2024,derived,derived_from_year_2015_ages_16_max,annual_estimates_age_band_sum_v1,2015,16_plus,female,42970,reported,
1.0,annual_population_estimates_by_age_sex_csv,1b7b14fa75cab035860dd865eedd72527a92dac1a9ca0fcf76bbb5a2b731e368,,2011/2024,derived,derived_from_year_2015_ages_16_max,annual_estimates_age_band_sum_v1,2015,16_plus,all,84960,reported,
1.0,annual_population_estimates_by_age_sex_csv,1b7b14fa75cab035860dd865eedd72527a92dac1a9ca0fcf76bbb5a2b731e368,,2011/2024,derived,derived_from_year_2015_ages_0_max,annual_estimates_age_band_sum_v1,2015,all,male,50180,reported,
1.0,annual_population_estimates_by_age_sex_csv,1b7b14fa75cab035860dd865eedd72527a92dac1a9ca0fcf76bbb5a2b731e368,,2011/2024,derived,derived_from_year_2015_ages_0_max,annual_estimates_age_band_sum_v1,2015,all,female,51100,reported,
1.0,annual_population_estimates_by_age_sex_csv,1b7b14fa75cab035860dd865eedd72527a92dac1a9ca0fcf76bbb5a2b731e368,,2011/2024,derived,derived_from_year_2015_ages_0_max,annual_estimates_age_band_sum_v1,2015,all,all,101280,reported,
1.0,annual_population_estimates_by_age_sex_csv,1b7b14fa75cab035860dd865eedd72527a92dac1a9ca0fcf76bbb5a2b731e368,,2011/2024,derived,derived_from_year_2016_ages_5_11,annual_estimates_age_band_sum_v1,2016,5_to_11,male,3620,reported,
1.0,annual_population_estimates_by_age_sex_csv,1b7b14fa75cab035860dd865eedd72527a92dac1a9ca0fcf76bbb5a2b731e368,,2011/2024,derived,derived_from_year_2016_ages_5_11,annual_estimates_age_band_sum_v1,2016,5_to_11,female,3690,reported,
1.0,annual_population_estimates_by_age_sex_csv,1b7b14fa75cab035860dd865eedd72527a92dac1a9ca0fcf76bbb5a2b731e368,,2011/2024,derived,derived_from_year_2016_ages_5_11,annual_estimates_age_band_sum_v1,2016,5_to_11,all,7310,reported,
1.0,annual_population_estimates_by_age_sex_csv,1b7b14fa75cab035860dd865eedd72527a92dac1a9ca0fcf76bbb5a2b731e368,,2011/2024,derived,derived_from_year_2016_ages_12_15,annual_estimates_age_band_sum_v1,2016,12_to_15,male,2040,reported,
1.0,annual_population_estimates_by_age_sex_csv,1b7b14fa75cab035860dd865eedd72527a92dac1a9ca0fcf76bbb5a2b731e368,,2011/2024,derived,derived_from_year_2016_ages_12_15,annual_estimates_age_band_sum_v1,2016,12_to_15,female,1980,reported,
1.0,annual_population_estimates_by_age_sex_csv,1b7b14fa75cab035860dd865eedd72527a92dac1a9ca0fcf76bbb5a2b731e368,,2011/2024,derived,derived_from_year_2016_ages_12_15,annual_estimates_age_band_sum_v1,2016,12_to_15,all,4020,reported,
1.0,annual_population_estimates_by_age_sex_csv,1b7b14fa75cab035860dd865eedd72527a92dac1a9ca0fcf76bbb5a2b731e368,,2011/2024,derived,derived_from_year_2016_ages_16_17,annual_estimates_age_band_sum_v1,2016,16_to_17,male,1050,reported,
1.0,annual_population_estimates_by_age_sex_csv,1b7b14fa75cab035860dd865eedd72527a92dac1a9ca0fcf76bbb5a2b731e368,,2011/2024,derived,derived_from_year_2016_ages_16_17,annual_estimates_age_band_sum_v1,2016,16_to_17,female,1000,reported,
1.0,annual_population_estimates_by_age_sex_csv,1b7b14fa75cab035860dd865eedd72527a92dac1a9ca0fcf76bbb5a2b731e368,,2011/2024,derived,derived_from_year_2016_ages_16_17,annual_estimates_age_band_sum_v1,2016,16_to_17,all,2050,reported,
1.0,annual_population_estimates_by_age_sex_csv,1b7b14fa75cab035860dd865eedd72527a92dac1a9ca0fcf76bbb5a2b731e368,,2011/2024,derived,derived_from_year_2016_ages_0_17,annual_estimates_age_band_sum_v1,2016,17_and_under,male,9350,reported,
1.0,annual_population_estimates_by_age_sex_csv,1b7b14fa75cab035860dd865eedd72527a92dac1a9ca0fcf76bbb5a2b731e368,,2011/2024,derived,derived_from_year_2016_ages_0_17,annual_estimates_age_band_sum_v1,2016,17_and_under,female,9190,reported,
1.0,annual_population_estimates_by_age_sex_csv,1b7b14fa75cab035860dd865eedd72527a92dac1a9ca0fcf76bbb5a2b731e368,,2011/2024,derived,derived_from_year_2016_ages_0_17,annual_estimates_age_band_sum_v1,2016,17_and_under,all,18540,reported,
1.0,annual_population_estimates_by_age_sex_csv,1b7b14fa75cab035860dd865eedd72527a92dac1a9ca0fcf76bbb5a2b731e368,,2011/2024,derived,derived_from_year_2016_ages_18_29,annual_estimates_age_band_sum_v1,2016,18_to_29,male,7510,reported,
1.0,annual_population_estimates_by_age_sex_csv,1b7b14fa75cab035860dd865eedd72527a92dac1a9ca0fcf76bbb5a2b731e368,,2011/2024,derived,derived_from_year_2016_ages_18_29,annual_estimates_age_band_sum_v1,2016,18_to_29,female,7090,reported,
1.0,annual_population_estimates_by_age_sex_csv,1b7b14fa75cab035860dd865eedd72527a92dac1a9ca0fcf76bbb5a2b731e368,,2011/2024,derived,derived_from_year_2016_ages_18_29,annual_estimates_age_band_sum_v1,2016,18_to_29,all,14600,reported,
1.0,annual_population_estimates_by_age_sex_csv,1b7b14fa75cab035860dd865eedd72527a92dac1a9ca0fcf76bbb5a2b731e368,,2011/2024,derived,derived_from_year_2016_ages_30_39,annual_estimates_age_band_sum_v1,2016,30_to_39,male,7490,reported,
1.0,annual_population_estimates_by_age_sex_csv,1b7b14fa75cab035860dd865eedd72527a92dac1a9ca0fcf76bbb5a2b731e368,,2011/2024,derived,derived_from_year_2016_ages_30_39,annual_estimates_age_band_sum_v1,2016,30_to_39,female,7370,reported,
1.0,annual_population_estimates_by_age_sex_csv,1b7b14fa75cab035860dd865eedd72527a92dac1a9ca0fcf76bbb5a2b731e368,,2011/2024,derived,derived_from_year_2016_ages_30_39,annual_estimates_age_band_sum_v1,2016,30_to_39,all,14860,reported,
1.0,annual_population_estimates_by_age_sex_csv,1b7b14fa75cab035860dd865eedd72527a92dac1a9ca0fcf76bbb5a2b731e368,,2011/2024,derived,derived_from_year_2016_ages_40_49,annual_estimates_age_band_sum_v1,2016,40_to_49,male,7970,reported,
1.0,annual_population_estimates_by_age_sex_csv,1b7b14fa75cab035860dd865eedd72527a92dac1a9ca0fcf76bbb5a2b731e368,,2011/2024,derived,derived_from_year_2016_ages_40_49,annual_estimates_age_band_sum_v1,2016,40_to_49,female,7820,reported,
1.0,annual_population_estimates_by_age_sex_csv,1b7b14fa75cab035860dd865eedd72527a92dac1a9ca0fcf76bbb5a2b731e368,,2011/2024,derived,derived_from_year_2016_ages_40_49,annual_estimates_age_band_sum_v1,2016,40_to_49,all,15790,reported,
1.0,annual_population_estimates_by_age_sex_csv,1b7b14fa75cab035860dd865eedd72527a92dac1a9ca0fcf76bbb5a2b731e368,,2011/2024,derived,derived_from_year_2016_ages_50_54,annual_estimates_age_band_sum_v1,2016,50_to_54,male,4230,reported,
1.0,annual_population_estimates_by_age_sex_csv,1b7b14fa75cab035860dd865eedd72527a92dac1a9ca0fcf76bbb5a2b731e368,,2011/2024,derived,derived_from_year_2016_ages_50_54,annual_estimates_age_band_sum_v1,2016,50_to_54,female,4190,reported,
1.0,annual_population_estimates_by_age_sex_csv,1b7b14fa75cab035860dd865eedd72527a92dac1a9ca0fcf76bbb5a2b731e368,,2011/2024,derived,derived_from_year_2016_ages_50_54,annual_estimates_age_band_sum_v1,2016,50_to_54,all,8420,reported,
1.0,annual_population_estimates_by_age_sex_csv,1b7b14fa75cab035860dd865eedd72527a92dac1a9ca0fcf76bbb5a2b731e368,,2011/2024,derived,derived_from_year_2016_ages_55_59,annual_estimates_age_band_sum_v1,2016,55_to_59,male,3550,reported,
1.0,annual_population_estimates_by_age_sex_csv,1b7b14fa75cab035860dd865eedd72527a92dac1a9ca0fcf76bbb5a2b731e368,,2011/2024,derived,derived_from_year_2016_ages_55_59,annual_estimates_age_band_sum_v1,2016,55_to_59,female,3530,reported,
1.0,annual_population_estimates_by_age_sex_csv,1b7b14fa75cab035860dd865eedd72527a92dac1a9ca0fcf76bbb5a2b731e368,,2011/2024,derived,derived_from_year_2016_ages_55_59,annual_estimates_age_band_sum_v1,2016,55_to_59,all,7080,reported,
1.0,annual_population_estimates_by_age_sex_csv,1b7b14fa75cab035860dd865eedd72527a92dac1a9ca0fcf76bbb5a2b731e368,,2011/2024,derived,derived_from_year_2016_ages_60_64,annual_estimates_age_band_sum_v1,2016,60_to_64,male,2820,reported,
1.0,annual_population_estimates_by_age_sex_csv,1b7b14fa75cab035860dd865eedd72527a92dac1a9ca0fcf76bbb5a2b731e368,,2011/2024,derived,derived_from_year_2016_ages_60_64,annual_estimates_age_band_sum_v1,2016,60_to_64,female,2930,reported,
1.0,annual_population_estimates_by_age_sex_csv,1b7b14fa75cab035860dd865eedd72527a92dac1a9ca0fcf76bbb5a2b731e368,,2011/2024,derived,derived_from_year_2016_ages_60_64,annual_estimates_age_band_sum_v1,2016,60_to_64,all,5750,reported,
1.0,annual_population_estimates_by_age_sex_csv,1b7b14fa75cab035860dd865eedd72527a92dac1a9ca0fcf76bbb5a2b731e368,,2011/2024,derived,derived_from_year_2016_ages_65_69,annual_estimates_age_band_sum_v1,2016,65_to_69,male,2620,reported,
1.0,annual_population_estimates_by_age_sex_csv,1b7b14fa75cab035860dd865eedd72527a92dac1a9ca0fcf76bbb5a2b731e368,,2011/2024,derived,derived_from_year_2016_ages_65_69,annual_estimates_age_band_sum_v1,2016,65_to_69,female,2680,reported,
1.0,annual_population_estimates_by_age_sex_csv,1b7b14fa75cab035860dd865eedd72527a92dac1a9ca0fcf76bbb5a2b731e368,,2011/2024,derived,derived_from_year_2016_ages_65_69,annual_estimates_age_band_sum_v1,2016,65_to_69,all,5300,reported,
1.0,annual_population_estimates_by_age_sex_csv,1b7b14fa75cab035860dd865eedd72527a92dac1a9ca0fcf76bbb5a2b731e368,,2011/2024,derived,derived_from_year_2016_ages_70_74,annual_estimates_age_band_sum_v1,2016,70_to_74,male,1880,reported,
1.0,annual_population_estimates_by_age_sex_csv,1b7b14fa75cab035860dd865eedd72527a92dac1a9ca0fcf76bbb5a2b731e368,,2011/2024,derived,derived_from_year_2016_ages_70_74,annual_estimates_age_band_sum_v1,2016,70_to_74,female,2140,reported,
1.0,annual_population_estimates_by_age_sex_csv,1b7b14fa75cab035860dd865eedd72527a92dac1a9ca0fcf76bbb5a2b731e368,,2011/2024,derived,derived_from_year_2016_ages_70_74,annual_estimates_age_band_sum_v1,2016,70_to_74,all,4020,reported,
1.0,annual_population_estimates_by_age_sex_csv,1b7b14fa75cab035860dd865eedd72527a92dac1a9ca0fcf76bbb5a2b731e368,,2011/2024,derived,derived_from_year_2016_ages_75_79,annual_estimates_age_band_sum_v1,2016,75_to_79,male,1520,reported,
1.0,annual_population_estimates_by_age_sex_csv,1b7b14fa75cab035860dd865eedd72527a92dac1a9ca0fcf76bbb5a2b731e368,,2011/2024,derived,derived_from_year_2016_ages_75_79,annual_estimates_age_band_sum_v1,2016,75_to_79,female,1740,reported,
1.0,annual_population_estimates_by_age_sex_csv,1b7b14fa75cab035860dd865eedd72527a92dac1a9ca0fcf76bbb5a2b731e368,,2011/2024,derived,derived_from_year_2016_ages_75_79,annual_estimates_age_band_sum_v1,2016,75_to_79,all,3260,reported,
1.0,annual_population_estimates_by_age_sex_csv,1b7b14fa75cab035860dd865eedd72527a92dac1a9ca0fcf76bbb5a2b731e368,,2011/2024,derived,derived_from_year_2016_ages_80_max,annual_estimates_age_band_sum_v1,2016,80_plus,male,1870,reported,
1.0,annual_population_estimates_by_age_sex_csv,1b7b14fa75cab035860dd865eedd72527a92dac1a9ca0fcf76bbb5a2b731e368,,2011/2024,derived,derived_from_year_2016_ages_80_max,annual_estimates_age_band_sum_v1,2016,80_plus,female,2830,reported,
1.0,annual_population_estimates_by_age_sex_csv,1b7b14fa75cab035860dd865eedd72527a92dac1a9ca0fcf76bbb5a2b731e368,,2011/2024,derived,derived_from_year_2016_ages_80_max,annual_estimates_age_band_sum_v1,2016,80_plus,all,4700,reported,
1.0,annual_population_estimates_by_age_sex_csv,1b7b14fa75cab035860dd865eedd72527a92dac1a9ca0fcf76bbb5a2b731e368,,2011/2024,derived,derived_from_year_2016_ages_50_max,annual_estimates_age_band_sum_v1,2016,50_plus,male,18490,reported,
1.0,annual_population_estimates_by_age_sex_csv,1b7b14fa75cab035860dd865eedd72527a92dac1a9ca0fcf76bbb5a2b731e368,,2011/2024,derived,derived_from_year_2016_ages_50_max,annual_estimates_age_band_sum_v1,2016,50_plus,female,20040,reported,
1.0,annual_population_estimates_by_age_sex_csv,1b7b14fa75cab035860dd865eedd72527a92dac1a9ca0fcf76bbb5a2b731e368,,2011/2024,derived,derived_from_year_2016_ages_50_max,annual_estimates_age_band_sum_v1,2016,50_plus,all,38530,reported,
1.0,annual_population_estimates_by_age_sex_csv,1b7b14fa75cab035860dd865eedd72527a92dac1a9ca0fcf76bbb5a2b731e368,,2011/2024,derived,derived_from_year_2016_ages_16_max,annual_estimates_age_band_sum_v1,2016,16_plus,male,42510,reported,
1.0,annual_population_estimates_by_age_sex_csv,1b7b14fa75cab035860dd865eedd72527a92dac1a9ca0fcf76bbb5a2b731e368,,2011/2024,derived,derived_from_year_2016_ages_16_max,annual_estimates_age_band_sum_v1,2016,16_plus,female,43320,reported,
1.0,annual_population_estimates_by_age_sex_csv,1b7b14fa75cab035860dd865eedd72527a92dac1a9ca0fcf76bbb5a2b731e368,,2011/2024,derived,derived_from_year_2016_ages_16_max,annual_estimates_age_band_sum_v1,2016,16_plus,all,85830,reported,
1.0,annual_population_estimates_by_age_sex_csv,1b7b14fa75cab035860dd865eedd72527a92dac1a9ca0fcf76bbb5a2b731e368,,2011/2024,derived,derived_from_year_2016_ages_0_max,annual_estimates_age_band_sum_v1,2016,all,male,50810,reported,
1.0,annual_population_estimates_by_age_sex_csv,1b7b14fa75cab035860dd865eedd72527a92dac1a9ca0fcf76bbb5a2b731e368,,2011/2024,derived,derived_from_year_2016_ages_0_max,annual_estimates_age_band_sum_v1,2016,all,female,51510,reported,
1.0,annual_population_estimates_by_age_sex_csv,1b7b14fa75cab035860dd865eedd72527a92dac1a9ca0fcf76bbb5a2b731e368,,2011/2024,derived,derived_from_year_2016_ages_0_max,annual_estimates_age_band_sum_v1,2016,all,all,102320,reported,
1.0,annual_population_estimates_by_age_sex_csv,1b7b14fa75cab035860dd865eedd72527a92dac1a9ca0fcf76bbb5a2b731e368,,2011/2024,derived,derived_from_year_2017_ages_5_11,annual_estimates_age_band_sum_v1,2017,5_to_11,male,3700,reported,
1.0,annual_population_estimates_by_age_sex_csv,1b7b14fa75cab035860dd865eedd72527a92dac1a9ca0fcf76bbb5a2b731e368,,2011/2024,derived,derived_from_year_2017_ages_5_11,annual_estimates_age_band_sum_v1,2017,5_to_11,female,3750,reported,
1.0,annual_population_estimates_by_age_sex_csv,1b7b14fa75cab035860dd865eedd72527a92dac1a9ca0fcf76bbb5a2b731e368,,2011/2024,derived,derived_from_year_2017_ages_5_11,annual_estimates_age_band_sum_v1,2017,5_to_11,all,7450,reported,
1.0,annual_population_estimates_by_age_sex_csv,1b7b14fa75cab035860dd865eedd72527a92dac1a9ca0fcf76bbb5a2b731e368,,2011/2024,derived,derived_from_year_2017_ages_12_15,annual_estimates_age_band_sum_v1,2017,12_to_15,male,2020,reported,
1.0,annual_population_estimates_by_age_sex_csv,1b7b14fa75cab035860dd865eedd72527a92dac1a9ca0fcf76bbb5a2b731e368,,2011/2024,derived,derived_from_year_2017_ages_12_15,annual_estimates_age_band_sum_v1,2017,12_to_15,female,1980,reported,
1.0,annual_population_estimates_by_age_sex_csv,1b7b14fa75cab035860dd865eedd72527a92dac1a9ca0fcf76bbb5a2b731e368,,2011/2024,derived,derived_from_year_2017_ages_12_15,annual_estimates_age_band_sum_v1,2017,12_to_15,all,4000,reported,
1.0,annual_population_estimates_by_age_sex_csv,1b7b14fa75cab035860dd865eedd72527a92dac1a9ca0fcf76bbb5a2b731e368,,2011/2024,derived,derived_from_year_2017_ages_16_17,annual_estimates_age_band_sum_v1,2017,16_to_17,male,1010,reported,
1.0,annual_population_estimates_by_age_sex_csv,1b7b14fa75cab035860dd865eedd72527a92dac1a9ca0fcf76bbb5a2b731e368,,2011/2024,derived,derived_from_year_2017_ages_16_17,annual_estimates_age_band_sum_v1,2017,16_to_17,female,980,reported,
1.0,annual_population_estimates_by_age_sex_csv,1b7b14fa75cab035860dd865eedd72527a92dac1a9ca0fcf76bbb5a2b731e368,,2011/2024,derived,derived_from_year_2017_ages_16_17,annual_estimates_age_band_sum_v1,2017,16_to_17,all,1990,reported,
1.0,annual_population_estimates_by_age_sex_csv,1b7b14fa75cab035860dd865eedd72527a92dac1a9ca0fcf76bbb5a2b731e368,,2011/2024,derived,derived_from_year_2017_ages_0_17,annual_estimates_age_band_sum_v1,2017,17_and_under,male,9340,reported,
1.0,annual_population_estimates_by_age_sex_csv,1b7b14fa75cab035860dd865eedd72527a92dac1a9ca0fcf76bbb5a2b731e368,,2011/2024,derived,derived_from_year_2017_ages_0_17,annual_estimates_age_band_sum_v1,2017,17_and_under,female,9210,reported,
1.0,annual_population_estimates_by_age_sex_csv,1b7b14fa75cab035860dd865eedd72527a92dac1a9ca0fcf76bbb5a2b731e368,,2011/2024,derived,derived_from_year_2017_ages_0_17,annual_estimates_age_band_sum_v1,2017,17_and_under,all,18550,reported,
1.0,annual_population_estimates_by_age_sex_csv,1b7b14fa75cab035860dd865eedd72527a92dac1a9ca0fcf76bbb5a2b731e368,,2011/2024,derived,derived_from_year_2017_ages_18_29,annual_estimates_age_band_sum_v1,2017,18_to_29,male,7350,reported,
1.0,annual_population_estimates_by_age_sex_csv,1b7b14fa75cab035860dd865eedd72527a92dac1a9ca0fcf76bbb5a2b731e368,,2011/2024,derived,derived_from_year_2017_ages_18_29,annual_estimates_age_band_sum_v1,2017,18_to_29,female,7000,reported,
1.0,annual_population_estimates_by_age_sex_csv,1b7b14fa75cab035860dd865eedd72527a92dac1a9ca0fcf76bbb5a2b731e368,,2011/2024,derived,derived_from_year_2017_ages_18_29,annual_estimates_age_band_sum_v1,2017,18_to_29,all,14350,reported,
1.0,annual_population_estimates_by_age_sex_csv,1b7b14fa75cab035860dd865eedd72527a92dac1a9ca0fcf76bbb5a2b731e368,,2011/2024,derived,derived_from_year_2017_ages_30_39,annual_estimates_age_band_sum_v1,2017,30_to_39,male,7500,reported,
1.0,annual_population_estimates_by_age_sex_csv,1b7b14fa75cab035860dd865eedd72527a92dac1a9ca0fcf76bbb5a2b731e368,,2011/2024,derived,derived_from_year_2017_ages_30_39,annual_estimates_age_band_sum_v1,2017,30_to_39,female,7340,reported,
1.0,annual_population_estimates_by_age_sex_csv,1b7b14fa75cab035860dd865eedd72527a92dac1a9ca0fcf76bbb5a2b731e368,,2011/2024,derived,derived_from_year_2017_ages_30_39,annual_estimates_age_band_sum_v1,2017,30_to_39,all,14840,reported,
1.0,annual_population_estimates_by_age_sex_csv,1b7b14fa75cab035860dd865eedd72527a92dac1a9ca0fcf76bbb5a2b731e368,,2011/2024,derived,derived_from_year_2017_ages_40_49,annual_estimates_age_band_sum_v1,2017,40_to_49,male,7940,reported,
1.0,annual_population_estimates_by_age_sex_csv,1b7b14fa75cab035860dd865eedd72527a92dac1a9ca0fcf76bbb5a2b731e368,,2011/2024,derived,derived_from_year_2017_ages_40_49,annual_estimates_age_band_sum_v1,2017,40_to_49,female,7690,reported,
1.0,annual_population_estimates_by_age_sex_csv,1b7b14fa75cab035860dd865eedd72527a92dac1a9ca0fcf76bbb5a2b731e368,,2011/2024,derived,derived_from_year_2017_ages_40_49,annual_estimates_age_band_sum_v1,2017,40_to_49,all,15630,reported,
1.0,annual_population_estimates_by_age_sex_csv,1b7b14fa75cab035860dd865eedd72527a92dac1a9ca0fcf76bbb5a2b731e368,,2011/2024,derived,derived_from_year_2017_ages_50_54,annual_estimates_age_band_sum_v1,2017,50_to_54,male,4280,reported,
1.0,annual_population_estimates_by_age_sex_csv,1b7b14fa75cab035860dd865eedd72527a92dac1a9ca0fcf76bbb5a2b731e368,,2011/2024,derived,derived_from_year_2017_ages_50_54,annual_estimates_age_band_sum_v1,2017,50_to_54,female,4260,reported,
1.0,annual_population_estimates_by_age_sex_csv,1b7b14fa75cab035860dd865eedd72527a92dac1a9ca0fcf76bbb5a2b731e368,,2011/2024,derived,derived_from_year_2017_ages_50_54,annual_estimates_age_band_sum_v1,2017,50_to_54,all,8540,reported,
1.0,annual_population_estimates_by_age_sex_csv,1b7b14fa75cab035860dd865eedd72527a92dac1a9ca0fcf76bbb5a2b731e368,,2011/2024,derived,derived_from_year_2017_ages_55_59,annual_estimates_age_band_sum_v1,2017,55_to_59,male,3660,reported,
1.0,annual_population_estimates_by_age_sex_csv,1b7b14fa75cab035860dd865eedd72527a92dac1a9ca0fcf76bbb5a2b731e368,,2011/2024,derived,derived_from_year_2017_ages_55_59,annual_estimates_age_band_sum_v1,2017,55_to_59,female,3660,reported,
1.0,annual_population_estimates_by_age_sex_csv,1b7b14fa75cab035860dd865eedd72527a92dac1a9ca0fcf76bbb5a2b731e368,,2011/2024,derived,derived_from_year_2017_ages_55_59,annual_estimates_age_band_sum_v1,2017,55_to_59,all,7320,reported,
1.0,annual_population_estimates_by_age_sex_csv,1b7b14fa75cab035860dd865eedd72527a92dac1a9ca0fcf76bbb5a2b731e368,,2011/2024,derived,derived_from_year_2017_ages_60_64,annual_estimates_age_band_sum_v1,2017,60_to_64,male,2940,reported,
1.0,annual_population_estimates_by_age_sex_csv,1b7b14fa75cab035860dd865eedd72527a92dac1a9ca0fcf76bbb5a2b731e368,,2011/2024,derived,derived_from_year_2017_ages_60_64,annual_estimates_age_band_sum_v1,2017,60_to_64,female,3000,reported,
1.0,annual_population_estimates_by_age_sex_csv,1b7b14fa75cab035860dd865eedd72527a92dac1a9ca0fcf76bbb5a2b731e368,,2011/2024,derived,derived_from_year_2017_ages_60_64,annual_estimates_age_band_sum_v1,2017,60_to_64,all,5940,reported,
1.0,annual_population_estimates_by_age_sex_csv,1b7b14fa75cab035860dd865eedd72527a92dac1a9ca0fcf76bbb5a2b731e368,,2011/2024,derived,derived_from_year_2017_ages_65_69,annual_estimates_age_band_sum_v1,2017,65_to_69,male,2560,reported,
1.0,annual_population_estimates_by_age_sex_csv,1b7b14fa75cab035860dd865eedd72527a92dac1a9ca0fcf76bbb5a2b731e368,,2011/2024,derived,derived_from_year_2017_ages_65_69,annual_estimates_age_band_sum_v1,2017,65_to_69,female,2710,reported,
1.0,annual_population_estimates_by_age_sex_csv,1b7b14fa75cab035860dd865eedd72527a92dac1a9ca0fcf76bbb5a2b731e368,,2011/2024,derived,derived_from_year_2017_ages_65_69,annual_estimates_age_band_sum_v1,2017,65_to_69,all,5270,reported,
1.0,annual_population_estimates_by_age_sex_csv,1b7b14fa75cab035860dd865eedd72527a92dac1a9ca0fcf76bbb5a2b731e368,,2011/2024,derived,derived_from_year_2017_ages_70_74,annual_estimates_age_band_sum_v1,2017,70_to_74,male,2090,reported,
1.0,annual_population_estimates_by_age_sex_csv,1b7b14fa75cab035860dd865eedd72527a92dac1a9ca0fcf76bbb5a2b731e368,,2011/2024,derived,derived_from_year_2017_ages_70_74,annual_estimates_age_band_sum_v1,2017,70_to_74,female,2300,reported,
1.0,annual_population_estimates_by_age_sex_csv,1b7b14fa75cab035860dd865eedd72527a92dac1a9ca0fcf76bbb5a2b731e368,,2011/2024,derived,derived_from_year_2017_ages_70_74,annual_estimates_age_band_sum_v1,2017,70_to_74,all,4390,reported,
1.0,annual_population_estimates_by_age_sex_csv,1b7b14fa75cab035860dd865eedd72527a92dac1a9ca0fcf76bbb5a2b731e368,,2011/2024,derived,derived_from_year_2017_ages_75_79,annual_estimates_age_band_sum_v1,2017,75_to_79,male,1500,reported,
1.0,annual_population_estimates_by_age_sex_csv,1b7b14fa75cab035860dd865eedd72527a92dac1a9ca0fcf76bbb5a2b731e368,,2011/2024,derived,derived_from_year_2017_ages_75_79,annual_estimates_age_band_sum_v1,2017,75_to_79,female,1710,reported,
1.0,annual_population_estimates_by_age_sex_csv,1b7b14fa75cab035860dd865eedd72527a92dac1a9ca0fcf76bbb5a2b731e368,,2011/2024,derived,derived_from_year_2017_ages_75_79,annual_estimates_age_band_sum_v1,2017,75_to_79,all,3210,reported,
1.0,annual_population_estimates_by_age_sex_csv,1b7b14fa75cab035860dd865eedd72527a92dac1a9ca0fcf76bbb5a2b731e368,,2011/2024,derived,derived_from_year_2017_ages_80_max,annual_estimates_age_band_sum_v1,2017,80_plus,male,1930,reported,
1.0,annual_population_estimates_by_age_sex_csv,1b7b14fa75cab035860dd865eedd72527a92dac1a9ca0fcf76bbb5a2b731e368,,2011/2024,derived,derived_from_year_2017_ages_80_max,annual_estimates_age_band_sum_v1,2017,80_plus,female,2900,reported,
1.0,annual_population_estimates_by_age_sex_csv,1b7b14fa75cab035860dd865eedd72527a92dac1a9ca0fcf76bbb5a2b731e368,,2011/2024,derived,derived_from_year_2017_ages_80_max,annual_estimates_age_band_sum_v1,2017,80_plus,all,4830,reported,
1.0,annual_population_estimates_by_age_sex_csv,1b7b14fa75cab035860dd865eedd72527a92dac1a9ca0fcf76bbb5a2b731e368,,2011/2024,derived,derived_from_year_2017_ages_50_max,annual_estimates_age_band_sum_v1,2017,50_plus,male,18960,reported,
1.0,annual_population_estimates_by_age_sex_csv,1b7b14fa75cab035860dd865eedd72527a92dac1a9ca0fcf76bbb5a2b731e368,,2011/2024,derived,derived_from_year_2017_ages_50_max,annual_estimates_age_band_sum_v1,2017,50_plus,female,20540,reported,
1.0,annual_population_estimates_by_age_sex_csv,1b7b14fa75cab035860dd865eedd72527a92dac1a9ca0fcf76bbb5a2b731e368,,2011/2024,derived,derived_from_year_2017_ages_50_max,annual_estimates_age_band_sum_v1,2017,50_plus,all,39500,reported,
1.0,annual_population_estimates_by_age_sex_csv,1b7b14fa75cab035860dd865eedd72527a92dac1a9ca0fcf76bbb5a2b731e368,,2011/2024,derived,derived_from_year_2017_ages_16_max,annual_estimates_age_band_sum_v1,2017,16_plus,male,42760,reported,
1.0,annual_population_estimates_by_age_sex_csv,1b7b14fa75cab035860dd865eedd72527a92dac1a9ca0fcf76bbb5a2b731e368,,2011/2024,derived,derived_from_year_2017_ages_16_max,annual_estimates_age_band_sum_v1,2017,16_plus,female,43550,reported,
1.0,annual_population_estimates_by_age_sex_csv,1b7b14fa75cab035860dd865eedd72527a92dac1a9ca0fcf76bbb5a2b731e368,,2011/2024,derived,derived_from_year_2017_ages_16_max,annual_estimates_age_band_sum_v1,2017,16_plus,all,86310,reported,
1.0,annual_population_estimates_by_age_sex_csv,1b7b14fa75cab035860dd865eedd72527a92dac1a9ca0fcf76bbb5a2b731e368,,2011/2024,derived,derived_from_year_2017_ages_0_max,annual_estimates_age_band_sum_v1,2017,all,male,51090,reported,
1.0,annual_population_estimates_by_age_sex_csv,1b7b14fa75cab035860dd865eedd72527a92dac1a9ca0fcf76bbb5a2b731e368,,2011/2024,derived,derived_from_year_2017_ages_0_max,annual_estimates_age_band_sum_v1,2017,all,female,51780,reported,
1.0,annual_population_estimates_by_age_sex_csv,1b7b14fa75cab035860dd865eedd72527a92dac1a9ca0fcf76bbb5a2b731e368,,2011/2024,derived,derived_from_year_2017_ages_0_max,annual_estimates_age_band_sum_v1,2017,all,all,102870,reported,
1.0,annual_population_estimates_by_age_sex_csv,1b7b14fa75cab035860dd865eedd72527a92dac1a9ca0fcf76bbb5a2b731e368,,2011/2024,derived,derived_from_year_2018_ages_5_11,annual_estimates_age_band_sum_v1,2018,5_to_11,male,3750,reported,
1.0,annual_population_estimates_by_age_sex_csv,1b7b14fa75cab035860dd865eedd72527a92dac1a9ca0fcf76bbb5a2b731e368,,2011/2024,derived,derived_from_year_2018_ages_5_11,annual_estimates_age_band_sum_v1,2018,5_to_11,female,3760,reported,
1.0,annual_population_estimates_by_age_sex_csv,1b7b14fa75cab035860dd865eedd72527a92dac1a9ca0fcf76bbb5a2b731e368,,2011/2024,derived,derived_from_year_2018_ages_5_11,annual_estimates_age_band_sum_v1,2018,5_to_11,all,7510,reported,
1.0,annual_population_estimates_by_age_sex_csv,1b7b14fa75cab035860dd865eedd72527a92dac1a9ca0fcf76bbb5a2b731e368,,2011/2024,derived,derived_from_year_2018_ages_12_15,annual_estimates_age_band_sum_v1,2018,12_to_15,male,2070,reported,
1.0,annual_population_estimates_by_age_sex_csv,1b7b14fa75cab035860dd865eedd72527a92dac1a9ca0fcf76bbb5a2b731e368,,2011/2024,derived,derived_from_year_2018_ages_12_15,annual_estimates_age_band_sum_v1,2018,12_to_15,female,2000,reported,
1.0,annual_population_estimates_by_age_sex_csv,1b7b14fa75cab035860dd865eedd72527a92dac1a9ca0fcf76bbb5a2b731e368,,2011/2024,derived,derived_from_year_2018_ages_12_15,annual_estimates_age_band_sum_v1,2018,12_to_15,all,4070,reported,
1.0,annual_population_estimates_by_age_sex_csv,1b7b14fa75cab035860dd865eedd72527a92dac1a9ca0fcf76bbb5a2b731e368,,2011/2024,derived,derived_from_year_2018_ages_16_17,annual_estimates_age_band_sum_v1,2018,16_to_17,male,990,reported,
1.0,annual_population_estimates_by_age_sex_csv,1b7b14fa75cab035860dd865eedd72527a92dac1a9ca0fcf76bbb5a2b731e368,,2011/2024,derived,derived_from_year_2018_ages_16_17,annual_estimates_age_band_sum_v1,2018,16_to_17,female,1000,reported,
1.0,annual_population_estimates_by_age_sex_csv,1b7b14fa75cab035860dd865eedd72527a92dac1a9ca0fcf76bbb5a2b731e368,,2011/2024,derived,derived_from_year_2018_ages_16_17,annual_estimates_age_band_sum_v1,2018,16_to_17,all,1990,reported,
1.0,annual_population_estimates_by_age_sex_csv,1b7b14fa75cab035860dd865eedd72527a92dac1a9ca0fcf76bbb5a2b731e368,,2011/2024,derived,derived_from_year_2018_ages_0_17,annual_estimates_age_band_sum_v1,2018,17_and_under,male,9350,reported,
1.0,annual_population_estimates_by_age_sex_csv,1b7b14fa75cab035860dd865eedd72527a92dac1a9ca0fcf76bbb5a2b731e368,,2011/2024,derived,derived_from_year_2018_ages_0_17,annual_estimates_age_band_sum_v1,2018,17_and_under,female,9240,reported,
1.0,annual_population_estimates_by_age_sex_csv,1b7b14fa75cab035860dd865eedd72527a92dac1a9ca0fcf76bbb5a2b731e368,,2011/2024,derived,derived_from_year_2018_ages_0_17,annual_estimates_age_band_sum_v1,2018,17_and_under,all,18590,reported,
1.0,annual_population_estimates_by_age_sex_csv,1b7b14fa75cab035860dd865eedd72527a92dac1a9ca0fcf76bbb5a2b731e368,,2011/2024,derived,derived_from_year_2018_ages_18_29,annual_estimates_age_band_sum_v1,2018,18_to_29,male,7270,reported,
1.0,annual_population_estimates_by_age_sex_csv,1b7b14fa75cab035860dd865eedd72527a92dac1a9ca0fcf76bbb5a2b731e368,,2011/2024,derived,derived_from_year_2018_ages_18_29,annual_estimates_age_band_sum_v1,2018,18_to_29,female,6920,reported,
1.0,annual_population_estimates_by_age_sex_csv,1b7b14fa75cab035860dd865eedd72527a92dac1a9ca0fcf76bbb5a2b731e368,,2011/2024,derived,derived_from_year_2018_ages_18_29,annual_estimates_age_band_sum_v1,2018,18_to_29,all,14190,reported,
1.0,annual_population_estimates_by_age_sex_csv,1b7b14fa75cab035860dd865eedd72527a92dac1a9ca0fcf76bbb5a2b731e368,,2011/2024,derived,derived_from_year_2018_ages_30_39,annual_estimates_age_band_sum_v1,2018,30_to_39,male,7500,reported,
1.0,annual_population_estimates_by_age_sex_csv,1b7b14fa75cab035860dd865eedd72527a92dac1a9ca0fcf76bbb5a2b731e368,,2011/2024,derived,derived_from_year_2018_ages_30_39,annual_estimates_age_band_sum_v1,2018,30_to_39,female,7370,reported,
1.0,annual_population_estimates_by_age_sex_csv,1b7b14fa75cab035860dd865eedd72527a92dac1a9ca0fcf76bbb5a2b731e368,,2011/2024,derived,derived_from_year_2018_ages_30_39,annual_estimates_age_band_sum_v1,2018,30_to_39,all,14870,reported,
1.0,annual_population_estimates_by_age_sex_csv,1b7b14fa75cab035860dd865eedd72527a92dac1a9ca0fcf76bbb5a2b731e368,,2011/2024,derived,derived_from_year_2018_ages_40_49,annual_estimates_age_band_sum_v1,2018,40_to_49,male,7800,reported,
1.0,annual_population_estimates_by_age_sex_csv,1b7b14fa75cab035860dd865eedd72527a92dac1a9ca0fcf76bbb5a2b731e368,,2011/2024,derived,derived_from_year_2018_ages_40_49,annual_estimates_age_band_sum_v1,2018,40_to_49,female,7600,reported,
1.0,annual_population_estimates_by_age_sex_csv,1b7b14fa75cab035860dd865eedd72527a92dac1a9ca0fcf76bbb5a2b731e368,,2011/2024,derived,derived_from_year_2018_ages_40_49,annual_estimates_age_band_sum_v1,2018,40_to_49,all,15400,reported,
1.0,annual_population_estimates_by_age_sex_csv,1b7b14fa75cab035860dd865eedd72527a92dac1a9ca0fcf76bbb5a2b731e368,,2011/2024,derived,derived_from_year_2018_ages_50_54,annual_estimates_age_band_sum_v1,2018,50_to_54,male,4370,reported,
1.0,annual_population_estimates_by_age_sex_csv,1b7b14fa75cab035860dd865eedd72527a92dac1a9ca0fcf76bbb5a2b731e368,,2011/2024,derived,derived_from_year_2018_ages_50_54,annual_estimates_age_band_sum_v1,2018,50_to_54,female,4260,reported,
1.0,annual_population_estimates_by_age_sex_csv,1b7b14fa75cab035860dd865eedd72527a92dac1a9ca0fcf76bbb5a2b731e368,,2011/2024,derived,derived_from_year_2018_ages_50_54,annual_estimates_age_band_sum_v1,2018,50_to_54,all,8630,reported,
1.0,annual_population_estimates_by_age_sex_csv,1b7b14fa75cab035860dd865eedd72527a92dac1a9ca0fcf76bbb5a2b731e368,,2011/2024,derived,derived_from_year_2018_ages_55_59,annual_estimates_age_band_sum_v1,2018,55_to_59,male,3760,reported,
1.0,annual_population_estimates_by_age_sex_csv,1b7b14fa75cab035860dd865eedd72527a92dac1a9ca0fcf76bbb5a2b731e368,,2011/2024,derived,derived_from_year_2018_ages_55_59,annual_estimates_age_band_sum_v1,2018,55_to_59,female,3720,reported,
1.0,annual_population_estimates_by_age_sex_csv,1b7b14fa75cab035860dd865eedd72527a92dac1a9ca0fcf76bbb5a2b731e368,,2011/2024,derived,derived_from_year_2018_ages_55_59,annual_estimates_age_band_sum_v1,2018,55_to_59,all,7480,reported,
1.0,annual_population_estimates_by_age_sex_csv,1b7b14fa75cab035860dd865eedd72527a92dac1a9ca0fcf76bbb5a2b731e368,,2011/2024,derived,derived_from_year_2018_ages_60_64,annual_estimates_age_band_sum_v1,2018,60_to_64,male,3050,reported,
1.0,annual_population_estimates_by_age_sex_csv,1b7b14fa75cab035860dd865eedd72527a92dac1a9ca0fcf76bbb5a2b731e368,,2011/2024,derived,derived_from_year_2018_ages_60_64,annual_estimates_age_band_sum_v1,2018,60_to_64,female,3150,reported,
1.0,annual_population_estimates_by_age_sex_csv,1b7b14fa75cab035860dd865eedd72527a92dac1a9ca0fcf76bbb5a2b731e368,,2011/2024,derived,derived_from_year_2018_ages_60_64,annual_estimates_age_band_sum_v1,2018,60_to_64,all,6200,reported,
1.0,annual_population_estimates_by_age_sex_csv,1b7b14fa75cab035860dd865eedd72527a92dac1a9ca0fcf76bbb5a2b731e368,,2011/2024,derived,derived_from_year_2018_ages_65_69,annual_estimates_age_band_sum_v1,2018,65_to_69,male,2550,reported,
1.0,annual_population_estimates_by_age_sex_csv,1b7b14fa75cab035860dd865eedd72527a92dac1a9ca0fcf76bbb5a2b731e368,,2011/2024,derived,derived_from_year_2018_ages_65_69,annual_estimates_age_band_sum_v1,2018,65_to_69,female,2690,reported,
1.0,annual_population_estimates_by_age_sex_csv,1b7b14fa75cab035860dd865eedd72527a92dac1a9ca0fcf76bbb5a2b731e368,,2011/2024,derived,derived_from_year_2018_ages_65_69,annual_estimates_age_band_sum_v1,2018,65_to_69,all,5240,reported,
1.0,annual_population_estimates_by_age_sex_csv,1b7b14fa75cab035860dd865eedd72527a92dac1a9ca0fcf76bbb5a2b731e368,,2011/2024,derived,derived_from_year_2018_ages_70_74,annual_estimates_age_band_sum_v1,2018,70_to_74,male,2200,reported,
1.0,annual_population_estimates_by_age_sex_csv,1b7b14fa75cab035860dd865eedd72527a92dac1a9ca0fcf76bbb5a2b731e368,,2011/2024,derived,derived_from_year_2018_ages_70_74,annual_estimates_age_band_sum_v1,2018,70_to_74,female,2430,reported,
1.0,annual_population_estimates_by_age_sex_csv,1b7b14fa75cab035860dd865eedd72527a92dac1a9ca0fcf76bbb5a2b731e368,,2011/2024,derived,derived_from_year_2018_ages_70_74,annual_estimates_age_band_sum_v1,2018,70_to_74,all,4630,reported,
1.0,annual_population_estimates_by_age_sex_csv,1b7b14fa75cab035860dd865eedd72527a92dac1a9ca0fcf76bbb5a2b731e368,,2011/2024,derived,derived_from_year_2018_ages_75_79,annual_estimates_age_band_sum_v1,2018,75_to_79,male,1500,reported,
1.0,annual_population_estimates_by_age_sex_csv,1b7b14fa75cab035860dd865eedd72527a92dac1a9ca0fcf76bbb5a2b731e368,,2011/2024,derived,derived_from_year_2018_ages_75_79,annual_estimates_age_band_sum_v1,2018,75_to_79,female,1710,reported,
1.0,annual_population_estimates_by_age_sex_csv,1b7b14fa75cab035860dd865eedd72527a92dac1a9ca0fcf76bbb5a2b731e368,,2011/2024,derived,derived_from_year_2018_ages_75_79,annual_estimates_age_band_sum_v1,2018,75_to_79,all,3210,reported,
1.0,annual_population_estimates_by_age_sex_csv,1b7b14fa75cab035860dd865eedd72527a92dac1a9ca0fcf76bbb5a2b731e368,,2011/2024,derived,derived_from_year_2018_ages_80_max,annual_estimates_age_band_sum_v1,2018,80_plus,male,2010,reported,
1.0,annual_population_estimates_by_age_sex_csv,1b7b14fa75cab035860dd865eedd72527a92dac1a9ca0fcf76bbb5a2b731e368,,2011/2024,derived,derived_from_year_2018_ages_80_max,annual_estimates_age_band_sum_v1,2018,80_plus,female,2960,reported,
1.0,annual_population_estimates_by_age_sex_csv,1b7b14fa75cab035860dd865eedd72527a92dac1a9ca0fcf76bbb5a2b731e368,,2011/2024,derived,derived_from_year_2018_ages_80_max,annual_estimates_age_band_sum_v1,2018,80_plus,all,4970,reported,
1.0,annual_population_estimates_by_age_sex_csv,1b7b14fa75cab035860dd865eedd72527a92dac1a9ca0fcf76bbb5a2b731e368,,2011/2024,derived,derived_from_year_2018_ages_50_max,annual_estimates_age_band_sum_v1,2018,50_plus,male,19440,reported,
1.0,annual_population_estimates_by_age_sex_csv,1b7b14fa75cab035860dd865eedd72527a92dac1a9ca0fcf76bbb5a2b731e368,,2011/2024,derived,derived_from_year_2018_ages_50_max,annual_estimates_age_band_sum_v1,2018,50_plus,female,20920,reported,
1.0,annual_population_estimates_by_age_sex_csv,1b7b14fa75cab035860dd865eedd72527a92dac1a9ca0fcf76bbb5a2b731e368,,2011/2024,derived,derived_from_year_2018_ages_50_max,annual_estimates_age_band_sum_v1,2018,50_plus,all,40360,reported,
1.0,annual_population_estimates_by_age_sex_csv,1b7b14fa75cab035860dd865eedd72527a92dac1a9ca0fcf76bbb5a2b731e368,,2011/2024,derived,derived_from_year_2018_ages_16_max,annual_estimates_age_band_sum_v1,2018,16_plus,male,43000,reported,
1.0,annual_population_estimates_by_age_sex_csv,1b7b14fa75cab035860dd865eedd72527a92dac1a9ca0fcf76bbb5a2b731e368,,2011/2024,derived,derived_from_year_2018_ages_16_max,annual_estimates_age_band_sum_v1,2018,16_plus,female,43810,reported,
1.0,annual_population_estimates_by_age_sex_csv,1b7b14fa75cab035860dd865eedd72527a92dac1a9ca0fcf76bbb5a2b731e368,,2011/2024,derived,derived_from_year_2018_ages_16_max,annual_estimates_age_band_sum_v1,2018,16_plus,all,86810,reported,
1.0,annual_population_estimates_by_age_sex_csv,1b7b14fa75cab035860dd865eedd72527a92dac1a9ca0fcf76bbb5a2b731e368,,2011/2024,derived,derived_from_year_2018_ages_0_max,annual_estimates_age_band_sum_v1,2018,all,male,51360,reported,
1.0,annual_population_estimates_by_age_sex_csv,1b7b14fa75cab035860dd865eedd72527a92dac1a9ca0fcf76bbb5a2b731e368,,2011/2024,derived,derived_from_year_2018_ages_0_max,annual_estimates_age_band_sum_v1,2018,all,female,52050,reported,
1.0,annual_population_estimates_by_age_sex_csv,1b7b14fa75cab035860dd865eedd72527a92dac1a9ca0fcf76bbb5a2b731e368,,2011/2024,derived,derived_from_year_2018_ages_0_max,annual_estimates_age_band_sum_v1,2018,all,all,103410,reported,
1.0,annual_population_estimates_by_age_sex_csv,1b7b14fa75cab035860dd865eedd72527a92dac1a9ca0fcf76bbb5a2b731e368,,2011/2024,derived,derived_from_year_2019_ages_5_11,annual_estimates_age_band_sum_v1,2019,5_to_11,male,3750,reported,
1.0,annual_population_estimates_by_age_sex_csv,1b7b14fa75cab035860dd865eedd72527a92dac1a9ca0fcf76bbb5a2b731e368,,2011/2024,derived,derived_from_year_2019_ages_5_11,annual_estimates_age_band_sum_v1,2019,5_to_11,female,3770,reported,
1.0,annual_population_estimates_by_age_sex_csv,1b7b14fa75cab035860dd865eedd72527a92dac1a9ca0fcf76bbb5a2b731e368,,2011/2024,derived,derived_from_year_2019_ages_5_11,annual_estimates_age_band_sum_v1,2019,5_to_11,all,7520,reported,
1.0,annual_population_estimates_by_age_sex_csv,1b7b14fa75cab035860dd865eedd72527a92dac1a9ca0fcf76bbb5a2b731e368,,2011/2024,derived,derived_from_year_2019_ages_12_15,annual_estimates_age_band_sum_v1,2019,12_to_15,male,2040,reported,
1.0,annual_population_estimates_by_age_sex_csv,1b7b14fa75cab035860dd865eedd72527a92dac1a9ca0fcf76bbb5a2b731e368,,2011/2024,derived,derived_from_year_2019_ages_12_15,annual_estimates_age_band_sum_v1,2019,12_to_15,female,2070,reported,
1.0,annual_population_estimates_by_age_sex_csv,1b7b14fa75cab035860dd865eedd72527a92dac1a9ca0fcf76bbb5a2b731e368,,2011/2024,derived,derived_from_year_2019_ages_12_15,annual_estimates_age_band_sum_v1,2019,12_to_15,all,4110,reported,
1.0,annual_population_estimates_by_age_sex_csv,1b7b14fa75cab035860dd865eedd72527a92dac1a9ca0fcf76bbb5a2b731e368,,2011/2024,derived,derived_from_year_2019_ages_16_17,annual_estimates_age_band_sum_v1,2019,16_to_17,male,1010,reported,
1.0,annual_population_estimates_by_age_sex_csv,1b7b14fa75cab035860dd865eedd72527a92dac1a9ca0fcf76bbb5a2b731e368,,2011/2024,derived,derived_from_year_2019_ages_16_17,annual_estimates_age_band_sum_v1,2019,16_to_17,female,1000,reported,
1.0,annual_population_estimates_by_age_sex_csv,1b7b14fa75cab035860dd865eedd72527a92dac1a9ca0fcf76bbb5a2b731e368,,2011/2024,derived,derived_from_year_2019_ages_16_17,annual_estimates_age_band_sum_v1,2019,16_to_17,all,2010,reported,
1.0,annual_population_estimates_by_age_sex_csv,1b7b14fa75cab035860dd865eedd72527a92dac1a9ca0fcf76bbb5a2b731e368,,2011/2024,derived,derived_from_year_2019_ages_0_17,annual_estimates_age_band_sum_v1,2019,17_and_under,male,9360,reported,
1.0,annual_population_estimates_by_age_sex_csv,1b7b14fa75cab035860dd865eedd72527a92dac1a9ca0fcf76bbb5a2b731e368,,2011/2024,derived,derived_from_year_2019_ages_0_17,annual_estimates_age_band_sum_v1,2019,17_and_under,female,9200,reported,
1.0,annual_population_estimates_by_age_sex_csv,1b7b14fa75cab035860dd865eedd72527a92dac1a9ca0fcf76bbb5a2b731e368,,2011/2024,derived,derived_from_year_2019_ages_0_17,annual_estimates_age_band_sum_v1,2019,17_and_under,all,18560,reported,
1.0,annual_population_estimates_by_age_sex_csv,1b7b14fa75cab035860dd865eedd72527a92dac1a9ca0fcf76bbb5a2b731e368,,2011/2024,derived,derived_from_year_2019_ages_18_29,annual_estimates_age_band_sum_v1,2019,18_to_29,male,7160,reported,
1.0,annual_population_estimates_by_age_sex_csv,1b7b14fa75cab035860dd865eedd72527a92dac1a9ca0fcf76bbb5a2b731e368,,2011/2024,derived,derived_from_year_2019_ages_18_29,annual_estimates_age_band_sum_v1,2019,18_to_29,female,6800,reported,
1.0,annual_population_estimates_by_age_sex_csv,1b7b14fa75cab035860dd865eedd72527a92dac1a9ca0fcf76bbb5a2b731e368,,2011/2024,derived,derived_from_year_2019_ages_18_29,annual_estimates_age_band_sum_v1,2019,18_to_29,all,13960,reported,
1.0,annual_population_estimates_by_age_sex_csv,1b7b14fa75cab035860dd865eedd72527a92dac1a9ca0fcf76bbb5a2b731e368,,2011/2024,derived,derived_from_year_2019_ages_30_39,annual_estimates_age_band_sum_v1,2019,30_to_39,male,7300,reported,
1.0,annual_population_estimates_by_age_sex_csv,1b7b14fa75cab035860dd865eedd72527a92dac1a9ca0fcf76bbb5a2b731e368,,2011/2024,derived,derived_from_year_2019_ages_30_39,annual_estimates_age_band_sum_v1,2019,30_to_39,female,7210,reported,
1.0,annual_population_estimates_by_age_sex_csv,1b7b14fa75cab035860dd865eedd72527a92dac1a9ca0fcf76bbb5a2b731e368,,2011/2024,derived,derived_from_year_2019_ages_30_39,annual_estimates_age_band_sum_v1,2019,30_to_39,all,14510,reported,
1.0,annual_population_estimates_by_age_sex_csv,1b7b14fa75cab035860dd865eedd72527a92dac1a9ca0fcf76bbb5a2b731e368,,2011/2024,derived,derived_from_year_2019_ages_40_49,annual_estimates_age_band_sum_v1,2019,40_to_49,male,7690,reported,
1.0,annual_population_estimates_by_age_sex_csv,1b7b14fa75cab035860dd865eedd72527a92dac1a9ca0fcf76bbb5a2b731e368,,2011/2024,derived,derived_from_year_2019_ages_40_49,annual_estimates_age_band_sum_v1,2019,40_to_49,female,7560,reported,
1.0,annual_population_estimates_by_age_sex_csv,1b7b14fa75cab035860dd865eedd72527a92dac1a9ca0fcf76bbb5a2b731e368,,2011/2024,derived,derived_from_year_2019_ages_40_49,annual_estimates_age_band_sum_v1,2019,40_to_49,all,15250,reported,
1.0,annual_population_estimates_by_age_sex_csv,1b7b14fa75cab035860dd865eedd72527a92dac1a9ca0fcf76bbb5a2b731e368,,2011/2024,derived,derived_from_year_2019_ages_50_54,annual_estimates_age_band_sum_v1,2019,50_to_54,male,4320,reported,
1.0,annual_population_estimates_by_age_sex_csv,1b7b14fa75cab035860dd865eedd72527a92dac1a9ca0fcf76bbb5a2b731e368,,2011/2024,derived,derived_from_year_2019_ages_50_54,annual_estimates_age_band_sum_v1,2019,50_to_54,female,4210,reported,
1.0,annual_population_estimates_by_age_sex_csv,1b7b14fa75cab035860dd865eedd72527a92dac1a9ca0fcf76bbb5a2b731e368,,2011/2024,derived,derived_from_year_2019_ages_50_54,annual_estimates_age_band_sum_v1,2019,50_to_54,all,8530,reported,
1.0,annual_population_estimates_by_age_sex_csv,1b7b14fa75cab035860dd865eedd72527a92dac1a9ca0fcf76bbb5a2b731e368,,2011/2024,derived,derived_from_year_2019_ages_55_59,annual_estimates_age_band_sum_v1,2019,55_to_59,male,3950,reported,
1.0,annual_population_estimates_by_age_sex_csv,1b7b14fa75cab035860dd865eedd72527a92dac1a9ca0fcf76bbb5a2b731e368,,2011/2024,derived,derived_from_year_2019_ages_55_59,annual_estimates_age_band_sum_v1,2019,55_to_59,female,3830,reported,
1.0,annual_population_estimates_by_age_sex_csv,1b7b14fa75cab035860dd865eedd72527a92dac1a9ca0fcf76bbb5a2b731e368,,2011/2024,derived,derived_from_year_2019_ages_55_59,annual_estimates_age_band_sum_v1,2019,55_to_59,all,7780,reported,
1.0,annual_population_estimates_by_age_sex_csv,1b7b14fa75cab035860dd865eedd72527a92dac1a9ca0fcf76bbb5a2b731e368,,2011/2024,derived,derived_from_year_2019_ages_60_64,annual_estimates_age_band_sum_v1,2019,60_to_64,male,3100,reported,
1.0,annual_population_estimates_by_age_sex_csv,1b7b14fa75cab035860dd865eedd72527a92dac1a9ca0fcf76bbb5a2b731e368,,2011/2024,derived,derived_from_year_2019_ages_60_64,annual_estimates_age_band_sum_v1,2019,60_to_64,female,3230,reported,
1.0,annual_population_estimates_by_age_sex_csv,1b7b14fa75cab035860dd865eedd72527a92dac1a9ca0fcf76bbb5a2b731e368,,2011/2024,derived,derived_from_year_2019_ages_60_64,annual_estimates_age_band_sum_v1,2019,60_to_64,all,6330,reported,
1.0,annual_population_estimates_by_age_sex_csv,1b7b14fa75cab035860dd865eedd72527a92dac1a9ca0fcf76bbb5a2b731e368,,2011/2024,derived,derived_from_year_2019_ages_65_69,annual_estimates_age_band_sum_v1,2019,65_to_69,male,2580,reported,
1.0,annual_population_estimates_by_age_sex_csv,1b7b14fa75cab035860dd865eedd72527a92dac1a9ca0fcf76bbb5a2b731e368,,2011/2024,derived,derived_from_year_2019_ages_65_69,annual_estimates_age_band_sum_v1,2019,65_to_69,female,2720,reported,
1.0,annual_population_estimates_by_age_sex_csv,1b7b14fa75cab035860dd865eedd72527a92dac1a9ca0fcf76bbb5a2b731e368,,2011/2024,derived,derived_from_year_2019_ages_65_69,annual_estimates_age_band_sum_v1,2019,65_to_69,all,5300,reported,
1.0,annual_population_estimates_by_age_sex_csv,1b7b14fa75cab035860dd865eedd72527a92dac1a9ca0fcf76bbb5a2b731e368,,2011/2024,derived,derived_from_year_2019_ages_70_74,annual_estimates_age_band_sum_v1,2019,70_to_74,male,2220,reported,
1.0,annual_population_estimates_by_age_sex_csv,1b7b14fa75cab035860dd865eedd72527a92dac1a9ca0fcf76bbb5a2b731e368,,2011/2024,derived,derived_from_year_2019_ages_70_74,annual_estimates_age_band_sum_v1,2019,70_to_74,female,2430,reported,
1.0,annual_population_estimates_by_age_sex_csv,1b7b14fa75cab035860dd865eedd72527a92dac1a9ca0fcf76bbb5a2b731e368,,2011/2024,derived,derived_from_year_2019_ages_70_74,annual_estimates_age_band_sum_v1,2019,70_to_74,all,4650,reported,
1.0,annual_population_estimates_by_age_sex_csv,1b7b14fa75cab035860dd865eedd72527a92dac1a9ca0fcf76bbb5a2b731e368,,2011/2024,derived,derived_from_year_2019_ages_75_79,annual_estimates_age_band_sum_v1,2019,75_to_79,male,1500,reported,
1.0,annual_population_estimates_by_age_sex_csv,1b7b14fa75cab035860dd865eedd72527a92dac1a9ca0fcf76bbb5a2b731e368,,2011/2024,derived,derived_from_year_2019_ages_75_79,annual_estimates_age_band_sum_v1,2019,75_to_79,female,1800,reported,
1.0,annual_population_estimates_by_age_sex_csv,1b7b14fa75cab035860dd865eedd72527a92dac1a9ca0fcf76bbb5a2b731e368,,2011/2024,derived,derived_from_year_2019_ages_75_79,annual_estimates_age_band_sum_v1,2019,75_to_79,all,3300,reported,
1.0,annual_population_estimates_by_age_sex_csv,1b7b14fa75cab035860dd865eedd72527a92dac1a9ca0fcf76bbb5a2b731e368,,2011/2024,derived,derived_from_year_2019_ages_80_max,annual_estimates_age_band_sum_v1,2019,80_plus,male,2110,reported,
1.0,annual_population_estimates_by_age_sex_csv,1b7b14fa75cab035860dd865eedd72527a92dac1a9ca0fcf76bbb5a2b731e368,,2011/2024,derived,derived_from_year_2019_ages_80_max,annual_estimates_age_band_sum_v1,2019,80_plus,female,3050,reported,
1.0,annual_population_estimates_by_age_sex_csv,1b7b14fa75cab035860dd865eedd72527a92dac1a9ca0fcf76bbb5a2b731e368,,2011/2024,derived,derived_from_year_2019_ages_80_max,annual_estimates_age_band_sum_v1,2019,80_plus,all,5160,reported,
1.0,annual_population_estimates_by_age_sex_csv,1b7b14fa75cab035860dd865eedd72527a92dac1a9ca0fcf76bbb5a2b731e368,,2011/2024,derived,derived_from_year_2019_ages_50_max,annual_estimates_age_band_sum_v1,2019,50_plus,male,19780,reported,
1.0,annual_population_estimates_by_age_sex_csv,1b7b14fa75cab035860dd865eedd72527a92dac1a9ca0fcf76bbb5a2b731e368,,2011/2024,derived,derived_from_year_2019_ages_50_max,annual_estimates_age_band_sum_v1,2019,50_plus,female,21270,reported,
1.0,annual_population_estimates_by_age_sex_csv,1b7b14fa75cab035860dd865eedd72527a92dac1a9ca0fcf76bbb5a2b731e368,,2011/2024,derived,derived_from_year_2019_ages_50_max,annual_estimates_age_band_sum_v1,2019,50_plus,all,41050,reported,
1.0,annual_population_estimates_by_age_sex_csv,1b7b14fa75cab035860dd865eedd72527a92dac1a9ca0fcf76bbb5a2b731e368,,2011/2024,derived,derived_from_year_2019_ages_16_max,annual_estimates_age_band_sum_v1,2019,16_plus,male,42940,reported,
1.0,annual_population_estimates_by_age_sex_csv,1b7b14fa75cab035860dd865eedd72527a92dac1a9ca0fcf76bbb5a2b731e368,,2011/2024,derived,derived_from_year_2019_ages_16_max,annual_estimates_age_band_sum_v1,2019,16_plus,female,43840,reported,
1.0,annual_population_estimates_by_age_sex_csv,1b7b14fa75cab035860dd865eedd72527a92dac1a9ca0fcf76bbb5a2b731e368,,2011/2024,derived,derived_from_year_2019_ages_16_max,annual_estimates_age_band_sum_v1,2019,16_plus,all,86780,reported,
1.0,annual_population_estimates_by_age_sex_csv,1b7b14fa75cab035860dd865eedd72527a92dac1a9ca0fcf76bbb5a2b731e368,,2011/2024,derived,derived_from_year_2019_ages_0_max,annual_estimates_age_band_sum_v1,2019,all,male,51290,reported,
1.0,annual_population_estimates_by_age_sex_csv,1b7b14fa75cab035860dd865eedd72527a92dac1a9ca0fcf76bbb5a2b731e368,,2011/2024,derived,derived_from_year_2019_ages_0_max,annual_estimates_age_band_sum_v1,2019,all,female,52040,reported,
1.0,annual_population_estimates_by_age_sex_csv,1b7b14fa75cab035860dd865eedd72527a92dac1a9ca0fcf76bbb5a2b731e368,,2011/2024,derived,derived_from_year_2019_ages_0_max,annual_estimates_age_band_sum_v1,2019,all,all,103330,reported,
1.0,annual_population_estimates_by_age_sex_csv,1b7b14fa75cab035860dd865eedd72527a92dac1a9ca0fcf76bbb5a2b731e368,,2011/2024,derived,derived_from_year_2020_ages_5_11,annual_estimates_age_band_sum_v1,2020,5_to_11,male,3790,reported,
1.0,annual_population_estimates_by_age_sex_csv,1b7b14fa75cab035860dd865eedd72527a92dac1a9ca0fcf76bbb5a2b731e368,,2011/2024,derived,derived_from_year_2020_ages_5_11,annual_estimates_age_band_sum_v1,2020,5_to_11,female,3720,reported,
1.0,annual_population_estimates_by_age_sex_csv,1b7b14fa75cab035860dd865eedd72527a92dac1a9ca0fcf76bbb5a2b731e368,,2011/2024,derived,derived_from_year_2020_ages_5_11,annual_estimates_age_band_sum_v1,2020,5_to_11,all,7510,reported,
1.0,annual_population_estimates_by_age_sex_csv,1b7b14fa75cab035860dd865eedd72527a92dac1a9ca0fcf76bbb5a2b731e368,,2011/2024,derived,derived_from_year_2020_ages_12_15,annual_estimates_age_band_sum_v1,2020,12_to_15,male,2040,reported,
1.0,annual_population_estimates_by_age_sex_csv,1b7b14fa75cab035860dd865eedd72527a92dac1a9ca0fcf76bbb5a2b731e368,,2011/2024,derived,derived_from_year_2020_ages_12_15,annual_estimates_age_band_sum_v1,2020,12_to_15,female,2140,reported,
1.0,annual_population_estimates_by_age_sex_csv,1b7b14fa75cab035860dd865eedd72527a92dac1a9ca0fcf76bbb5a2b731e368,,2011/2024,derived,derived_from_year_2020_ages_12_15,annual_estimates_age_band_sum_v1,2020,12_to_15,all,4180,reported,
1.0,annual_population_estimates_by_age_sex_csv,1b7b14fa75cab035860dd865eedd72527a92dac1a9ca0fcf76bbb5a2b731e368,,2011/2024,derived,derived_from_year_2020_ages_16_17,annual_estimates_age_band_sum_v1,2020,16_to_17,male,1080,reported,
1.0,annual_population_estimates_by_age_sex_csv,1b7b14fa75cab035860dd865eedd72527a92dac1a9ca0fcf76bbb5a2b731e368,,2011/2024,derived,derived_from_year_2020_ages_16_17,annual_estimates_age_band_sum_v1,2020,16_to_17,female,1010,reported,
1.0,annual_population_estimates_by_age_sex_csv,1b7b14fa75cab035860dd865eedd72527a92dac1a9ca0fcf76bbb5a2b731e368,,2011/2024,derived,derived_from_year_2020_ages_16_17,annual_estimates_age_band_sum_v1,2020,16_to_17,all,2090,reported,
1.0,annual_population_estimates_by_age_sex_csv,1b7b14fa75cab035860dd865eedd72527a92dac1a9ca0fcf76bbb5a2b731e368,,2011/2024,derived,derived_from_year_2020_ages_0_17,annual_estimates_age_band_sum_v1,2020,17_and_under,male,9370,reported,
1.0,annual_population_estimates_by_age_sex_csv,1b7b14fa75cab035860dd865eedd72527a92dac1a9ca0fcf76bbb5a2b731e368,,2011/2024,derived,derived_from_year_2020_ages_0_17,annual_estimates_age_band_sum_v1,2020,17_and_under,female,9140,reported,
1.0,annual_population_estimates_by_age_sex_csv,1b7b14fa75cab035860dd865eedd72527a92dac1a9ca0fcf76bbb5a2b731e368,,2011/2024,derived,derived_from_year_2020_ages_0_17,annual_estimates_age_band_sum_v1,2020,17_and_under,all,18510,reported,
1.0,annual_population_estimates_by_age_sex_csv,1b7b14fa75cab035860dd865eedd72527a92dac1a9ca0fcf76bbb5a2b731e368,,2011/2024,derived,derived_from_year_2020_ages_18_29,annual_estimates_age_band_sum_v1,2020,18_to_29,male,6960,reported,
1.0,annual_population_estimates_by_age_sex_csv,1b7b14fa75cab035860dd865eedd72527a92dac1a9ca0fcf76bbb5a2b731e368,,2011/2024,derived,derived_from_year_2020_ages_18_29,annual_estimates_age_band_sum_v1,2020,18_to_29,female,6710,reported,
1.0,annual_population_estimates_by_age_sex_csv,1b7b14fa75cab035860dd865eedd72527a92dac1a9ca0fcf76bbb5a2b731e368,,2011/2024,derived,derived_from_year_2020_ages_18_29,annual_estimates_age_band_sum_v1,2020,18_to_29,all,13670,reported,
1.0,annual_population_estimates_by_age_sex_csv,1b7b14fa75cab035860dd865eedd72527a92dac1a9ca0fcf76bbb5a2b731e368,,2011/2024,derived,derived_from_year_2020_ages_30_39,annual_estimates_age_band_sum_v1,2020,30_to_39,male,7200,reported,
1.0,annual_population_estimates_by_age_sex_csv,1b7b14fa75cab035860dd865eedd72527a92dac1a9ca0fcf76bbb5a2b731e368,,2011/2024,derived,derived_from_year_2020_ages_30_39,annual_estimates_age_band_sum_v1,2020,30_to_39,female,7110,reported,
1.0,annual_population_estimates_by_age_sex_csv,1b7b14fa75cab035860dd865eedd72527a92dac1a9ca0fcf76bbb5a2b731e368,,2011/2024,derived,derived_from_year_2020_ages_30_39,annual_estimates_age_band_sum_v1,2020,30_to_39,all,14310,reported,
1.0,annual_population_estimates_by_age_sex_csv,1b7b14fa75cab035860dd865eedd72527a92dac1a9ca0fcf76bbb5a2b731e368,,2011/2024,derived,derived_from_year_2020_ages_40_49,annual_estimates_age_band_sum_v1,2020,40_to_49,male,7630,reported,
1.0,annual_population_estimates_by_age_sex_csv,1b7b14fa75cab035860dd865eedd72527a92dac1a9ca0fcf76bbb5a2b731e368,,2011/2024,derived,derived_from_year_2020_ages_40_49,annual_estimates_age_band_sum_v1,2020,40_to_49,female,7570,reported,
1.0,annual_population_estimates_by_age_sex_csv,1b7b14fa75cab035860dd865eedd72527a92dac1a9ca0fcf76bbb5a2b731e368,,2011/2024,derived,derived_from_year_2020_ages_40_49,annual_estimates_age_band_sum_v1,2020,40_to_49,all,15200,reported,
1.0,annual_population_estimates_by_age_sex_csv,1b7b14fa75cab035860dd865eedd72527a92dac1a9ca0fcf76bbb5a2b731e368,,2011/2024,derived,derived_from_year_2020_ages_50_54,annual_estimates_age_band_sum_v1,2020,50_to_54,male,4250,reported,
1.0,annual_population_estimates_by_age_sex_csv,1b7b14fa75cab035860dd865eedd72527a92dac1a9ca0fcf76bbb5a2b731e368,,2011/2024,derived,derived_from_year_2020_ages_50_54,annual_estimates_age_band_sum_v1,2020,50_to_54,female,4200,reported,
1.0,annual_population_estimates_by_age_sex_csv,1b7b14fa75cab035860dd865eedd72527a92dac1a9ca0fcf76bbb5a2b731e368,,2011/2024,derived,derived_from_year_2020_ages_50_54,annual_estimates_age_band_sum_v1,2020,50_to_54,all,8450,reported,
1.0,annual_population_estimates_by_age_sex_csv,1b7b14fa75cab035860dd865eedd72527a92dac1a9ca0fcf76bbb5a2b731e368,,2011/2024,derived,derived_from_year_2020_ages_55_59,annual_estimates_age_band_sum_v1,2020,55_to_59,male,4070,reported,
1.0,annual_population_estimates_by_age_sex_csv,1b7b14fa75cab035860dd865eedd72527a92dac1a9ca0fcf76bbb5a2b731e368,,2011/2024,derived,derived_from_year_2020_ages_55_59,annual_estimates_age_band_sum_v1,2020,55_to_59,female,3960,reported,
1.0,annual_population_estimates_by_age_sex_csv,1b7b14fa75cab035860dd865eedd72527a92dac1a9ca0fcf76bbb5a2b731e368,,2011/2024,derived,derived_from_year_2020_ages_55_59,annual_estimates_age_band_sum_v1,2020,55_to_59,all,8030,reported,
1.0,annual_population_estimates_by_age_sex_csv,1b7b14fa75cab035860dd865eedd72527a92dac1a9ca0fcf76bbb5a2b731e368,,2011/2024,derived,derived_from_year_2020_ages_60_64,annual_estimates_age_band_sum_v1,2020,60_to_64,male,3240,reported,
1.0,annual_population_estimates_by_age_sex_csv,1b7b14fa75cab035860dd865eedd72527a92dac1a9ca0fcf76bbb5a2b731e368,,2011/2024,derived,derived_from_year_2020_ages_60_64,annual_estimates_age_band_sum_v1,2020,60_to_64,female,3310,reported,
1.0,annual_population_estimates_by_age_sex_csv,1b7b14fa75cab035860dd865eedd72527a92dac1a9ca0fcf76bbb5a2b731e368,,2011/2024,derived,derived_from_year_2020_ages_60_64,annual_estimates_age_band_sum_v1,2020,60_to_64,all,6550,reported,
1.0,annual_population_estimates_by_age_sex_csv,1b7b14fa75cab035860dd865eedd72527a92dac1a9ca0fcf76bbb5a2b731e368,,2011/2024,derived,derived_from_year_2020_ages_65_69,annual_estimates_age_band_sum_v1,2020,65_to_69,male,2560,reported,
1.0,annual_population_estimates_by_age_sex_csv,1b7b14fa75cab035860dd865eedd72527a92dac1a9ca0fcf76bbb5a2b731e368,,2011/2024,derived,derived_from_year_2020_ages_65_69,annual_estimates_age_band_sum_v1,2020,65_to_69,female,2750,reported,
1.0,annual_population_estimates_by_age_sex_csv,1b7b14fa75cab035860dd865eedd72527a92dac1a9ca0fcf76bbb5a2b731e368,,2011/2024,derived,derived_from_year_2020_ages_65_69,annual_estimates_age_band_sum_v1,2020,65_to_69,all,5310,reported,
1.0,annual_population_estimates_by_age_sex_csv,1b7b14fa75cab035860dd865eedd72527a92dac1a9ca0fcf76bbb5a2b731e368,,2011/2024,derived,derived_from_year_2020_ages_70_74,annual_estimates_age_band_sum_v1,2020,70_to_74,male,2340,reported,
1.0,annual_population_estimates_by_age_sex_csv,1b7b14fa75cab035860dd865eedd72527a92dac1a9ca0fcf76bbb5a2b731e368,,2011/2024,derived,derived_from_year_2020_ages_70_74,annual_estimates_age_band_sum_v1,2020,70_to_74,female,2520,reported,
1.0,annual_population_estimates_by_age_sex_csv,1b7b14fa75cab035860dd865eedd72527a92dac1a9ca0fcf76bbb5a2b731e368,,2011/2024,derived,derived_from_year_2020_ages_70_74,annual_estimates_age_band_sum_v1,2020,70_to_74,all,4860,reported,
1.0,annual_population_estimates_by_age_sex_csv,1b7b14fa75cab035860dd865eedd72527a92dac1a9ca0fcf76bbb5a2b731e368,,2011/2024,derived,derived_from_year_2020_ages_75_79,annual_estimates_age_band_sum_v1,2020,75_to_79,male,1510,reported,
1.0,annual_population_estimates_by_age_sex_csv,1b7b14fa75cab035860dd865eedd72527a92dac1a9ca0fcf76bbb5a2b731e368,,2011/2024,derived,derived_from_year_2020_ages_75_79,annual_estimates_age_band_sum_v1,2020,75_to_79,female,1820,reported,
1.0,annual_population_estimates_by_age_sex_csv,1b7b14fa75cab035860dd865eedd72527a92dac1a9ca0fcf76bbb5a2b731e368,,2011/2024,derived,derived_from_year_2020_ages_75_79,annual_estimates_age_band_sum_v1,2020,75_to_79,all,3330,reported,
1.0,annual_population_estimates_by_age_sex_csv,1b7b14fa75cab035860dd865eedd72527a92dac1a9ca0fcf76bbb5a2b731e368,,2011/2024,derived,derived_from_year_2020_ages_80_max,annual_estimates_age_band_sum_v1,2020,80_plus,male,2200,reported,
1.0,annual_population_estimates_by_age_sex_csv,1b7b14fa75cab035860dd865eedd72527a92dac1a9ca0fcf76bbb5a2b731e368,,2011/2024,derived,derived_from_year_2020_ages_80_max,annual_estimates_age_band_sum_v1,2020,80_plus,female,3150,reported,
1.0,annual_population_estimates_by_age_sex_csv,1b7b14fa75cab035860dd865eedd72527a92dac1a9ca0fcf76bbb5a2b731e368,,2011/2024,derived,derived_from_year_2020_ages_80_max,annual_estimates_age_band_sum_v1,2020,80_plus,all,5350,reported,
1.0,annual_population_estimates_by_age_sex_csv,1b7b14fa75cab035860dd865eedd72527a92dac1a9ca0fcf76bbb5a2b731e368,,2011/2024,derived,derived_from_year_2020_ages_50_max,annual_estimates_age_band_sum_v1,2020,50_plus,male,20170,reported,
1.0,annual_population_estimates_by_age_sex_csv,1b7b14fa75cab035860dd865eedd72527a92dac1a9ca0fcf76bbb5a2b731e368,,2011/2024,derived,derived_from_year_2020_ages_50_max,annual_estimates_age_band_sum_v1,2020,50_plus,female,21710,reported,
1.0,annual_population_estimates_by_age_sex_csv,1b7b14fa75cab035860dd865eedd72527a92dac1a9ca0fcf76bbb5a2b731e368,,2011/2024,derived,derived_from_year_2020_ages_50_max,annual_estimates_age_band_sum_v1,2020,50_plus,all,41880,reported,
1.0,annual_population_estimates_by_age_sex_csv,1b7b14fa75cab035860dd865eedd72527a92dac1a9ca0fcf76bbb5a2b731e368,,2011/2024,derived,derived_from_year_2020_ages_16_max,annual_estimates_age_band_sum_v1,2020,16_plus,male,43040,reported,
1.0,annual_population_estimates_by_age_sex_csv,1b7b14fa75cab035860dd865eedd72527a92dac1a9ca0fcf76bbb5a2b731e368,,2011/2024,derived,derived_from_year_2020_ages_16_max,annual_estimates_age_band_sum_v1,2020,16_plus,female,44110,reported,
1.0,annual_population_estimates_by_age_sex_csv,1b7b14fa75cab035860dd865eedd72527a92dac1a9ca0fcf76bbb5a2b731e368,,2011/2024,derived,derived_from_year_2020_ages_16_max,annual_estimates_age_band_sum_v1,2020,16_plus,all,87150,reported,
1.0,annual_population_estimates_by_age_sex_csv,1b7b14fa75cab035860dd865eedd72527a92dac1a9ca0fcf76bbb5a2b731e368,,2011/2024,derived,derived_from_year_2020_ages_0_max,annual_estimates_age_band_sum_v1,2020,all,male,51330,reported,
1.0,annual_population_estimates_by_age_sex_csv,1b7b14fa75cab035860dd865eedd72527a92dac1a9ca0fcf76bbb5a2b731e368,,2011/2024,derived,derived_from_year_2020_ages_0_max,annual_estimates_age_band_sum_v1,2020,all,female,52240,reported,
1.0,annual_population_estimates_by_age_sex_csv,1b7b14fa75cab035860dd865eedd72527a92dac1a9ca0fcf76bbb5a2b731e368,,2011/2024,derived,derived_from_year_2020_ages_0_max,annual_estimates_age_band_sum_v1,2020,all,all,103570,reported,
1.0,annual_population_estimates_by_age_sex_csv,1b7b14fa75cab035860dd865eedd72527a92dac1a9ca0fcf76bbb5a2b731e368,,2011/2024,derived,derived_from_year_2021_ages_5_11,annual_estimates_age_band_sum_v1,2021,5_to_11,male,3760,reported,
1.0,annual_population_estimates_by_age_sex_csv,1b7b14fa75cab035860dd865eedd72527a92dac1a9ca0fcf76bbb5a2b731e368,,2011/2024,derived,derived_from_year_2021_ages_5_11,annual_estimates_age_band_sum_v1,2021,5_to_11,female,3730,reported,
1.0,annual_population_estimates_by_age_sex_csv,1b7b14fa75cab035860dd865eedd72527a92dac1a9ca0fcf76bbb5a2b731e368,,2011/2024,derived,derived_from_year_2021_ages_5_11,annual_estimates_age_band_sum_v1,2021,5_to_11,all,7490,reported,
1.0,annual_population_estimates_by_age_sex_csv,1b7b14fa75cab035860dd865eedd72527a92dac1a9ca0fcf76bbb5a2b731e368,,2011/2024,derived,derived_from_year_2021_ages_12_15,annual_estimates_age_band_sum_v1,2021,12_to_15,male,2050,reported,
1.0,annual_population_estimates_by_age_sex_csv,1b7b14fa75cab035860dd865eedd72527a92dac1a9ca0fcf76bbb5a2b731e368,,2011/2024,derived,derived_from_year_2021_ages_12_15,annual_estimates_age_band_sum_v1,2021,12_to_15,female,2100,reported,
1.0,annual_population_estimates_by_age_sex_csv,1b7b14fa75cab035860dd865eedd72527a92dac1a9ca0fcf76bbb5a2b731e368,,2011/2024,derived,derived_from_year_2021_ages_12_15,annual_estimates_age_band_sum_v1,2021,12_to_15,all,4150,reported,
1.0,annual_population_estimates_by_age_sex_csv,1b7b14fa75cab035860dd865eedd72527a92dac1a9ca0fcf76bbb5a2b731e368,,2011/2024,derived,derived_from_year_2021_ages_16_17,annual_estimates_age_band_sum_v1,2021,16_to_17,male,1030,reported,
1.0,annual_population_estimates_by_age_sex_csv,1b7b14fa75cab035860dd865eedd72527a92dac1a9ca0fcf76bbb5a2b731e368,,2011/2024,derived,derived_from_year_2021_ages_16_17,annual_estimates_age_band_sum_v1,2021,16_to_17,female,1010,reported,
1.0,annual_population_estimates_by_age_sex_csv,1b7b14fa75cab035860dd865eedd72527a92dac1a9ca0fcf76bbb5a2b731e368,,2011/2024,derived,derived_from_year_2021_ages_16_17,annual_estimates_age_band_sum_v1,2021,16_to_17,all,2040,reported,
1.0,annual_population_estimates_by_age_sex_csv,1b7b14fa75cab035860dd865eedd72527a92dac1a9ca0fcf76bbb5a2b731e368,,2011/2024,derived,derived_from_year_2021_ages_0_17,annual_estimates_age_band_sum_v1,2021,17_and_under,male,9250,reported,
1.0,annual_population_estimates_by_age_sex_csv,1b7b14fa75cab035860dd865eedd72527a92dac1a9ca0fcf76bbb5a2b731e368,,2011/2024,derived,derived_from_year_2021_ages_0_17,annual_estimates_age_band_sum_v1,2021,17_and_under,female,9030,reported,
1.0,annual_population_estimates_by_age_sex_csv,1b7b14fa75cab035860dd865eedd72527a92dac1a9ca0fcf76bbb5a2b731e368,,2011/2024,derived,derived_from_year_2021_ages_0_17,annual_estimates_age_band_sum_v1,2021,17_and_under,all,18280,reported,
1.0,annual_population_estimates_by_age_sex_csv,1b7b14fa75cab035860dd865eedd72527a92dac1a9ca0fcf76bbb5a2b731e368,,2011/2024,derived,derived_from_year_2021_ages_18_29,annual_estimates_age_band_sum_v1,2021,18_to_29,male,6870,reported,
1.0,annual_population_estimates_by_age_sex_csv,1b7b14fa75cab035860dd865eedd72527a92dac1a9ca0fcf76bbb5a2b731e368,,2011/2024,derived,derived_from_year_2021_ages_18_29,annual_estimates_age_band_sum_v1,2021,18_to_29,female,6510,reported,
1.0,annual_population_estimates_by_age_sex_csv,1b7b14fa75cab035860dd865eedd72527a92dac1a9ca0fcf76bbb5a2b731e368,,2011/2024,derived,derived_from_year_2021_ages_18_29,annual_estimates_age_band_sum_v1,2021,18_to_29,all,13380,reported,
1.0,annual_population_estimates_by_age_sex_csv,1b7b14fa75cab035860dd865eedd72527a92dac1a9ca0fcf76bbb5a2b731e368,,2011/2024,derived,derived_from_year_2021_ages_30_39,annual_estimates_age_band_sum_v1,2021,30_to_39,male,7100,reported,
1.0,annual_population_estimates_by_age_sex_csv,1b7b14fa75cab035860dd865eedd72527a92dac1a9ca0fcf76bbb5a2b731e368,,2011/2024,derived,derived_from_year_2021_ages_30_39,annual_estimates_age_band_sum_v1,2021,30_to_39,female,6940,reported,
1.0,annual_population_estimates_by_age_sex_csv,1b7b14fa75cab035860dd865eedd72527a92dac1a9ca0fcf76bbb5a2b731e368,,2011/2024,derived,derived_from_year_2021_ages_30_39,annual_estimates_age_band_sum_v1,2021,30_to_39,all,14040,reported,
1.0,annual_population_estimates_by_age_sex_csv,1b7b14fa75cab035860dd865eedd72527a92dac1a9ca0fcf76bbb5a2b731e368,,2011/2024,derived,derived_from_year_2021_ages_40_49,annual_estimates_age_band_sum_v1,2021,40_to_49,male,7600,reported,
1.0,annual_population_estimates_by_age_sex_csv,1b7b14fa75cab035860dd865eedd72527a92dac1a9ca0fcf76bbb5a2b731e368,,2011/2024,derived,derived_from_year_2021_ages_40_49,annual_estimates_age_band_sum_v1,2021,40_to_49,female,7550,reported,
1.0,annual_population_estimates_by_age_sex_csv,1b7b14fa75cab035860dd865eedd72527a92dac1a9ca0fcf76bbb5a2b731e368,,2011/2024,derived,derived_from_year_2021_ages_40_49,annual_estimates_age_band_sum_v1,2021,40_to_49,all,15150,reported,
1.0,annual_population_estimates_by_age_sex_csv,1b7b14fa75cab035860dd865eedd72527a92dac1a9ca0fcf76bbb5a2b731e368,,2011/2024,derived,derived_from_year_2021_ages_50_54,annual_estimates_age_band_sum_v1,2021,50_to_54,male,4190,reported,
1.0,annual_population_estimates_by_age_sex_csv,1b7b14fa75cab035860dd865eedd72527a92dac1a9ca0fcf76bbb5a2b731e368,,2011/2024,derived,derived_from_year_2021_ages_50_54,annual_estimates_age_band_sum_v1,2021,50_to_54,female,4120,reported,
1.0,annual_population_estimates_by_age_sex_csv,1b7b14fa75cab035860dd865eedd72527a92dac1a9ca0fcf76bbb5a2b731e368,,2011/2024,derived,derived_from_year_2021_ages_50_54,annual_estimates_age_band_sum_v1,2021,50_to_54,all,8310,reported,
1.0,annual_population_estimates_by_age_sex_csv,1b7b14fa75cab035860dd865eedd72527a92dac1a9ca0fcf76bbb5a2b731e368,,2011/2024,derived,derived_from_year_2021_ages_55_59,annual_estimates_age_band_sum_v1,2021,55_to_59,male,4120,reported,
1.0,annual_population_estimates_by_age_sex_csv,1b7b14fa75cab035860dd865eedd72527a92dac1a9ca0fcf76bbb5a2b731e368,,2011/2024,derived,derived_from_year_2021_ages_55_59,annual_estimates_age_band_sum_v1,2021,55_to_59,female,4060,reported,
1.0,annual_population_estimates_by_age_sex_csv,1b7b14fa75cab035860dd865eedd72527a92dac1a9ca0fcf76bbb5a2b731e368,,2011/2024,derived,derived_from_year_2021_ages_55_59,annual_estimates_age_band_sum_v1,2021,55_to_59,all,8180,reported,
1.0,annual_population_estimates_by_age_sex_csv,1b7b14fa75cab035860dd865eedd72527a92dac1a9ca0fcf76bbb5a2b731e368,,2011/2024,derived,derived_from_year_2021_ages_60_64,annual_estimates_age_band_sum_v1,2021,60_to_64,male,3300,reported,
1.0,annual_population_estimates_by_age_sex_csv,1b7b14fa75cab035860dd865eedd72527a92dac1a9ca0fcf76bbb5a2b731e368,,2011/2024,derived,derived_from_year_2021_ages_60_64,annual_estimates_age_band_sum_v1,2021,60_to_64,female,3350,reported,
1.0,annual_population_estimates_by_age_sex_csv,1b7b14fa75cab035860dd865eedd72527a92dac1a9ca0fcf76bbb5a2b731e368,,2011/2024,derived,derived_from_year_2021_ages_60_64,annual_estimates_age_band_sum_v1,2021,60_to_64,all,6650,reported,
1.0,annual_population_estimates_by_age_sex_csv,1b7b14fa75cab035860dd865eedd72527a92dac1a9ca0fcf76bbb5a2b731e368,,2011/2024,derived,derived_from_year_2021_ages_65_69,annual_estimates_age_band_sum_v1,2021,65_to_69,male,2610,reported,
1.0,annual_population_estimates_by_age_sex_csv,1b7b14fa75cab035860dd865eedd72527a92dac1a9ca0fcf76bbb5a2b731e368,,2011/2024,derived,derived_from_year_2021_ages_65_69,annual_estimates_age_band_sum_v1,2021,65_to_69,female,2770,reported,
1.0,annual_population_estimates_by_age_sex_csv,1b7b14fa75cab035860dd865eedd72527a92dac1a9ca0fcf76bbb5a2b731e368,,2011/2024,derived,derived_from_year_2021_ages_65_69,annual_estimates_age_band_sum_v1,2021,65_to_69,all,5380,reported,
1.0,annual_population_estimates_by_age_sex_csv,1b7b14fa75cab035860dd865eedd72527a92dac1a9ca0fcf76bbb5a2b731e368,,2011/2024,derived,derived_from_year_2021_ages_70_74,annual_estimates_age_band_sum_v1,2021,70_to_74,male,2360,reported,
1.0,annual_population_estimates_by_age_sex_csv,1b7b14fa75cab035860dd865eedd72527a92dac1a9ca0fcf76bbb5a2b731e368,,2011/2024,derived,derived_from_year_2021_ages_70_74,annual_estimates_age_band_sum_v1,2021,70_to_74,female,2510,reported,
1.0,annual_population_estimates_by_age_sex_csv,1b7b14fa75cab035860dd865eedd72527a92dac1a9ca0fcf76bbb5a2b731e368,,2011/2024,derived,derived_from_year_2021_ages_70_74,annual_estimates_age_band_sum_v1,2021,70_to_74,all,4870,reported,
1.0,annual_population_estimates_by_age_sex_csv,1b7b14fa75cab035860dd865eedd72527a92dac1a9ca0fcf76bbb5a2b731e368,,2011/2024,derived,derived_from_year_2021_ages_75_79,annual_estimates_age_band_sum_v1,2021,75_to_79,male,1650,reported,
1.0,annual_population_estimates_by_age_sex_csv,1b7b14fa75cab035860dd865eedd72527a92dac1a9ca0fcf76bbb5a2b731e368,,2011/2024,derived,derived_from_year_2021_ages_75_79,annual_estimates_age_band_sum_v1,2021,75_to_79,female,1960,reported,
1.0,annual_population_estimates_by_age_sex_csv,1b7b14fa75cab035860dd865eedd72527a92dac1a9ca0fcf76bbb5a2b731e368,,2011/2024,derived,derived_from_year_2021_ages_75_79,annual_estimates_age_band_sum_v1,2021,75_to_79,all,3610,reported,
1.0,annual_population_estimates_by_age_sex_csv,1b7b14fa75cab035860dd865eedd72527a92dac1a9ca0fcf76bbb5a2b731e368,,2011/2024,derived,derived_from_year_2021_ages_80_max,annual_estimates_age_band_sum_v1,2021,80_plus,male,2220,reported,
1.0,annual_population_estimates_by_age_sex_csv,1b7b14fa75cab035860dd865eedd72527a92dac1a9ca0fcf76bbb5a2b731e368,,2011/2024,derived,derived_from_year_2021_ages_80_max,annual_estimates_age_band_sum_v1,2021,80_plus,female,3180,reported,
1.0,annual_population_estimates_by_age_sex_csv,1b7b14fa75cab035860dd865eedd72527a92dac1a9ca0fcf76bbb5a2b731e368,,2011/2024,derived,derived_from_year_2021_ages_80_max,annual_estimates_age_band_sum_v1,2021,80_plus,all,5400,reported,
1.0,annual_population_estimates_by_age_sex_csv,1b7b14fa75cab035860dd865eedd72527a92dac1a9ca0fcf76bbb5a2b731e368,,2011/2024,derived,derived_from_year_2021_ages_50_max,annual_estimates_age_band_sum_v1,2021,50_plus,male,20450,reported,
1.0,annual_population_estimates_by_age_sex_csv,1b7b14fa75cab035860dd865eedd72527a92dac1a9ca0fcf76bbb5a2b731e368,,2011/2024,derived,derived_from_year_2021_ages_50_max,annual_estimates_age_band_sum_v1,2021,50_plus,female,21950,reported,
1.0,annual_population_estimates_by_age_sex_csv,1b7b14fa75cab035860dd865eedd72527a92dac1a9ca0fcf76bbb5a2b731e368,,2011/2024,derived,derived_from_year_2021_ages_50_max,annual_estimates_age_band_sum_v1,2021,50_plus,all,42400,reported,
1.0,annual_population_estimates_by_age_sex_csv,1b7b14fa75cab035860dd865eedd72527a92dac1a9ca0fcf76bbb5a2b731e368,,2011/2024,derived,derived_from_year_2021_ages_16_max,annual_estimates_age_band_sum_v1,2021,16_plus,male,43050,reported,
1.0,annual_population_estimates_by_age_sex_csv,1b7b14fa75cab035860dd865eedd72527a92dac1a9ca0fcf76bbb5a2b731e368,,2011/2024,derived,derived_from_year_2021_ages_16_max,annual_estimates_age_band_sum_v1,2021,16_plus,female,43960,reported,
1.0,annual_population_estimates_by_age_sex_csv,1b7b14fa75cab035860dd865eedd72527a92dac1a9ca0fcf76bbb5a2b731e368,,2011/2024,derived,derived_from_year_2021_ages_16_max,annual_estimates_age_band_sum_v1,2021,16_plus,all,87010,reported,
1.0,annual_population_estimates_by_age_sex_csv,1b7b14fa75cab035860dd865eedd72527a92dac1a9ca0fcf76bbb5a2b731e368,,2011/2024,derived,derived_from_year_2021_ages_0_max,annual_estimates_age_band_sum_v1,2021,all,male,51270,reported,
1.0,annual_population_estimates_by_age_sex_csv,1b7b14fa75cab035860dd865eedd72527a92dac1a9ca0fcf76bbb5a2b731e368,,2011/2024,derived,derived_from_year_2021_ages_0_max,annual_estimates_age_band_sum_v1,2021,all,female,51980,reported,
1.0,annual_population_estimates_by_age_sex_csv,1b7b14fa75cab035860dd865eedd72527a92dac1a9ca0fcf76bbb5a2b731e368,,2011/2024,derived,derived_from_year_2021_ages_0_max,annual_estimates_age_band_sum_v1,2021,all,all,103250,reported,
1.0,annual_population_estimates_by_age_sex_csv,1b7b14fa75cab035860dd865eedd72527a92dac1a9ca0fcf76bbb5a2b731e368,,2011/2024,derived,derived_from_year_2022_ages_5_11,annual_estimates_age_band_sum_v1,2022,5_to_11,male,3720,reported,
1.0,annual_population_estimates_by_age_sex_csv,1b7b14fa75cab035860dd865eedd72527a92dac1a9ca0fcf76bbb5a2b731e368,,2011/2024,derived,derived_from_year_2022_ages_5_11,annual_estimates_age_band_sum_v1,2022,5_to_11,female,3590,reported,
1.0,annual_population_estimates_by_age_sex_csv,1b7b14fa75cab035860dd865eedd72527a92dac1a9ca0fcf76bbb5a2b731e368,,2011/2024,derived,derived_from_year_2022_ages_5_11,annual_estimates_age_band_sum_v1,2022,5_to_11,all,7310,reported,
1.0,annual_population_estimates_by_age_sex_csv,1b7b14fa75cab035860dd865eedd72527a92dac1a9ca0fcf76bbb5a2b731e368,,2011/2024,derived,derived_from_year_2022_ages_12_15,annual_estimates_age_band_sum_v1,2022,12_to_15,male,2090,reported,
1.0,annual_population_estimates_by_age_sex_csv,1b7b14fa75cab035860dd865eedd72527a92dac1a9ca0fcf76bbb5a2b731e368,,2011/2024,derived,derived_from_year_2022_ages_12_15,annual_estimates_age_band_sum_v1,2022,12_to_15,female,2130,reported,
1.0,annual_population_estimates_by_age_sex_csv,1b7b14fa75cab035860dd865eedd72527a92dac1a9ca0fcf76bbb5a2b731e368,,2011/2024,derived,derived_from_year_2022_ages_12_15,annual_estimates_age_band_sum_v1,2022,12_to_15,all,4220,reported,
1.0,annual_population_estimates_by_age_sex_csv,1b7b14fa75cab035860dd865eedd72527a92dac1a9ca0fcf76bbb5a2b731e368,,2011/2024,derived,derived_from_year_2022_ages_16_17,annual_estimates_age_band_sum_v1,2022,16_to_17,male,1010,reported,
1.0,annual_population_estimates_by_age_sex_csv,1b7b14fa75cab035860dd865eedd72527a92dac1a9ca0fcf76bbb5a2b731e368,,2011/2024,derived,derived_from_year_2022_ages_16_17,annual_estimates_age_band_sum_v1,2022,16_to_17,female,1020,reported,
1.0,annual_population_estimates_by_age_sex_csv,1b7b14fa75cab035860dd865eedd72527a92dac1a9ca0fcf76bbb5a2b731e368,,2011/2024,derived,derived_from_year_2022_ages_16_17,annual_estimates_age_band_sum_v1,2022,16_to_17,all,2030,reported,
1.0,annual_population_estimates_by_age_sex_csv,1b7b14fa75cab035860dd865eedd72527a92dac1a9ca0fcf76bbb5a2b731e368,,2011/2024,derived,derived_from_year_2022_ages_0_17,annual_estimates_age_band_sum_v1,2022,17_and_under,male,9170,reported,
1.0,annual_population_estimates_by_age_sex_csv,1b7b14fa75cab035860dd865eedd72527a92dac1a9ca0fcf76bbb5a2b731e368,,2011/2024,derived,derived_from_year_2022_ages_0_17,annual_estimates_age_band_sum_v1,2022,17_and_under,female,8830,reported,
1.0,annual_population_estimates_by_age_sex_csv,1b7b14fa75cab035860dd865eedd72527a92dac1a9ca0fcf76bbb5a2b731e368,,2011/2024,derived,derived_from_year_2022_ages_0_17,annual_estimates_age_band_sum_v1,2022,17_and_under,all,18000,reported,
1.0,annual_population_estimates_by_age_sex_csv,1b7b14fa75cab035860dd865eedd72527a92dac1a9ca0fcf76bbb5a2b731e368,,2011/2024,derived,derived_from_year_2022_ages_18_29,annual_estimates_age_band_sum_v1,2022,18_to_29,male,6800,reported,
1.0,annual_population_estimates_by_age_sex_csv,1b7b14fa75cab035860dd865eedd72527a92dac1a9ca0fcf76bbb5a2b731e368,,2011/2024,derived,derived_from_year_2022_ages_18_29,annual_estimates_age_band_sum_v1,2022,18_to_29,female,6510,reported,
1.0,annual_population_estimates_by_age_sex_csv,1b7b14fa75cab035860dd865eedd72527a92dac1a9ca0fcf76bbb5a2b731e368,,2011/2024,derived,derived_from_year_2022_ages_18_29,annual_estimates_age_band_sum_v1,2022,18_to_29,all,13310,reported,
1.0,annual_population_estimates_by_age_sex_csv,1b7b14fa75cab035860dd865eedd72527a92dac1a9ca0fcf76bbb5a2b731e368,,2011/2024,derived,derived_from_year_2022_ages_30_39,annual_estimates_age_band_sum_v1,2022,30_to_39,male,7130,reported,
1.0,annual_population_estimates_by_age_sex_csv,1b7b14fa75cab035860dd865eedd72527a92dac1a9ca0fcf76bbb5a2b731e368,,2011/2024,derived,derived_from_year_2022_ages_30_39,annual_estimates_age_band_sum_v1,2022,30_to_39,female,6930,reported,
1.0,annual_population_estimates_by_age_sex_csv,1b7b14fa75cab035860dd865eedd72527a92dac1a9ca0fcf76bbb5a2b731e368,,2011/2024,derived,derived_from_year_2022_ages_30_39,annual_estimates_age_band_sum_v1,2022,30_to_39,all,14060,reported,
1.0,annual_population_estimates_by_age_sex_csv,1b7b14fa75cab035860dd865eedd72527a92dac1a9ca0fcf76bbb5a2b731e368,,2011/2024,derived,derived_from_year_2022_ages_40_49,annual_estimates_age_band_sum_v1,2022,40_to_49,male,7620,reported,
1.0,annual_population_estimates_by_age_sex_csv,1b7b14fa75cab035860dd865eedd72527a92dac1a9ca0fcf76bbb5a2b731e368,,2011/2024,derived,derived_from_year_2022_ages_40_49,annual_estimates_age_band_sum_v1,2022,40_to_49,female,7480,reported,
1.0,annual_population_estimates_by_age_sex_csv,1b7b14fa75cab035860dd865eedd72527a92dac1a9ca0fcf76bbb5a2b731e368,,2011/2024,derived,derived_from_year_2022_ages_40_49,annual_estimates_age_band_sum_v1,2022,40_to_49,all,15100,reported,
1.0,annual_population_estimates_by_age_sex_csv,1b7b14fa75cab035860dd865eedd72527a92dac1a9ca0fcf76bbb5a2b731e368,,2011/2024,derived,derived_from_year_2022_ages_50_54,annual_estimates_age_band_sum_v1,2022,50_to_54,male,4080,reported,
1.0,annual_population_estimates_by_age_sex_csv,1b7b14fa75cab035860dd865eedd72527a92dac1a9ca0fcf76bbb5a2b731e368,,2011/2024,derived,derived_from_year_2022_ages_50_54,annual_estimates_age_band_sum_v1,2022,50_to_54,female,4020,reported,
1.0,annual_population_estimates_by_age_sex_csv,1b7b14fa75cab035860dd865eedd72527a92dac1a9ca0fcf76bbb5a2b731e368,,2011/2024,derived,derived_from_year_2022_ages_50_54,annual_estimates_age_band_sum_v1,2022,50_to_54,all,8100,reported,
1.0,annual_population_estimates_by_age_sex_csv,1b7b14fa75cab035860dd865eedd72527a92dac1a9ca0fcf76bbb5a2b731e368,,2011/2024,derived,derived_from_year_2022_ages_55_59,annual_estimates_age_band_sum_v1,2022,55_to_59,male,4130,reported,
1.0,annual_population_estimates_by_age_sex_csv,1b7b14fa75cab035860dd865eedd72527a92dac1a9ca0fcf76bbb5a2b731e368,,2011/2024,derived,derived_from_year_2022_ages_55_59,annual_estimates_age_band_sum_v1,2022,55_to_59,female,4140,reported,
1.0,annual_population_estimates_by_age_sex_csv,1b7b14fa75cab035860dd865eedd72527a92dac1a9ca0fcf76bbb5a2b731e368,,2011/2024,derived,derived_from_year_2022_ages_55_59,annual_estimates_age_band_sum_v1,2022,55_to_59,all,8270,reported,
1.0,annual_population_estimates_by_age_sex_csv,1b7b14fa75cab035860dd865eedd72527a92dac1a9ca0fcf76bbb5a2b731e368,,2011/2024,derived,derived_from_year_2022_ages_60_64,annual_estimates_age_band_sum_v1,2022,60_to_64,male,3420,reported,
1.0,annual_population_estimates_by_age_sex_csv,1b7b14fa75cab035860dd865eedd72527a92dac1a9ca0fcf76bbb5a2b731e368,,2011/2024,derived,derived_from_year_2022_ages_60_64,annual_estimates_age_band_sum_v1,2022,60_to_64,female,3450,reported,
1.0,annual_population_estimates_by_age_sex_csv,1b7b14fa75cab035860dd865eedd72527a92dac1a9ca0fcf76bbb5a2b731e368,,2011/2024,derived,derived_from_year_2022_ages_60_64,annual_estimates_age_band_sum_v1,2022,60_to_64,all,6870,reported,
1.0,annual_population_estimates_by_age_sex_csv,1b7b14fa75cab035860dd865eedd72527a92dac1a9ca0fcf76bbb5a2b731e368,,2011/2024,derived,derived_from_year_2022_ages_65_69,annual_estimates_age_band_sum_v1,2022,65_to_69,male,2680,reported,
1.0,annual_population_estimates_by_age_sex_csv,1b7b14fa75cab035860dd865eedd72527a92dac1a9ca0fcf76bbb5a2b731e368,,2011/2024,derived,derived_from_year_2022_ages_65_69,annual_estimates_age_band_sum_v1,2022,65_to_69,female,2820,reported,
1.0,annual_population_estimates_by_age_sex_csv,1b7b14fa75cab035860dd865eedd72527a92dac1a9ca0fcf76bbb5a2b731e368,,2011/2024,derived,derived_from_year_2022_ages_65_69,annual_estimates_age_band_sum_v1,2022,65_to_69,all,5500,reported,
1.0,annual_population_estimates_by_age_sex_csv,1b7b14fa75cab035860dd865eedd72527a92dac1a9ca0fcf76bbb5a2b731e368,,2011/2024,derived,derived_from_year_2022_ages_70_74,annual_estimates_age_band_sum_v1,2022,70_to_74,male,2270,reported,
1.0,annual_population_estimates_by_age_sex_csv,1b7b14fa75cab035860dd865eedd72527a92dac1a9ca0fcf76bbb5a2b731e368,,2011/2024,derived,derived_from_year_2022_ages_70_74,annual_estimates_age_band_sum_v1,2022,70_to_74,female,2500,reported,
1.0,annual_population_estimates_by_age_sex_csv,1b7b14fa75cab035860dd865eedd72527a92dac1a9ca0fcf76bbb5a2b731e368,,2011/2024,derived,derived_from_year_2022_ages_70_74,annual_estimates_age_band_sum_v1,2022,70_to_74,all,4770,reported,
1.0,annual_population_estimates_by_age_sex_csv,1b7b14fa75cab035860dd865eedd72527a92dac1a9ca0fcf76bbb5a2b731e368,,2011/2024,derived,derived_from_year_2022_ages_75_79,annual_estimates_age_band_sum_v1,2022,75_to_79,male,1810,reported,
1.0,annual_population_estimates_by_age_sex_csv,1b7b14fa75cab035860dd865eedd72527a92dac1a9ca0fcf76bbb5a2b731e368,,2011/2024,derived,derived_from_year_2022_ages_75_79,annual_estimates_age_band_sum_v1,2022,75_to_79,female,2100,reported,
1.0,annual_population_estimates_by_age_sex_csv,1b7b14fa75cab035860dd865eedd72527a92dac1a9ca0fcf76bbb5a2b731e368,,2011/2024,derived,derived_from_year_2022_ages_75_79,annual_estimates_age_band_sum_v1,2022,75_to_79,all,3910,reported,
1.0,annual_population_estimates_by_age_sex_csv,1b7b14fa75cab035860dd865eedd72527a92dac1a9ca0fcf76bbb5a2b731e368,,2011/2024,derived,derived_from_year_2022_ages_80_max,annual_estimates_age_band_sum_v1,2022,80_plus,male,2240,reported,
1.0,annual_population_estimates_by_age_sex_csv,1b7b14fa75cab035860dd865eedd72527a92dac1a9ca0fcf76bbb5a2b731e368,,2011/2024,derived,derived_from_year_2022_ages_80_max,annual_estimates_age_band_sum_v1,2022,80_plus,female,3220,reported,
1.0,annual_population_estimates_by_age_sex_csv,1b7b14fa75cab035860dd865eedd72527a92dac1a9ca0fcf76bbb5a2b731e368,,2011/2024,derived,derived_from_year_2022_ages_80_max,annual_estimates_age_band_sum_v1,2022,80_plus,all,5460,reported,
1.0,annual_population_estimates_by_age_sex_csv,1b7b14fa75cab035860dd865eedd72527a92dac1a9ca0fcf76bbb5a2b731e368,,2011/2024,derived,derived_from_year_2022_ages_50_max,annual_estimates_age_band_sum_v1,2022,50_plus,male,20630,reported,
1.0,annual_population_estimates_by_age_sex_csv,1b7b14fa75cab035860dd865eedd72527a92dac1a9ca0fcf76bbb5a2b731e368,,2011/2024,derived,derived_from_year_2022_ages_50_max,annual_estimates_age_band_sum_v1,2022,50_plus,female,22250,reported,
1.0,annual_population_estimates_by_age_sex_csv,1b7b14fa75cab035860dd865eedd72527a92dac1a9ca0fcf76bbb5a2b731e368,,2011/2024,derived,derived_from_year_2022_ages_50_max,annual_estimates_age_band_sum_v1,2022,50_plus,all,42880,reported,
1.0,annual_population_estimates_by_age_sex_csv,1b7b14fa75cab035860dd865eedd72527a92dac1a9ca0fcf76bbb5a2b731e368,,2011/2024,derived,derived_from_year_2022_ages_16_max,annual_estimates_age_band_sum_v1,2022,16_plus,male,43190,reported,
1.0,annual_population_estimates_by_age_sex_csv,1b7b14fa75cab035860dd865eedd72527a92dac1a9ca0fcf76bbb5a2b731e368,,2011/2024,derived,derived_from_year_2022_ages_16_max,annual_estimates_age_band_sum_v1,2022,16_plus,female,44190,reported,
1.0,annual_population_estimates_by_age_sex_csv,1b7b14fa75cab035860dd865eedd72527a92dac1a9ca0fcf76bbb5a2b731e368,,2011/2024,derived,derived_from_year_2022_ages_16_max,annual_estimates_age_band_sum_v1,2022,16_plus,all,87380,reported,
1.0,annual_population_estimates_by_age_sex_csv,1b7b14fa75cab035860dd865eedd72527a92dac1a9ca0fcf76bbb5a2b731e368,,2011/2024,derived,derived_from_year_2022_ages_0_max,annual_estimates_age_band_sum_v1,2022,all,male,51350,reported,
1.0,annual_population_estimates_by_age_sex_csv,1b7b14fa75cab035860dd865eedd72527a92dac1a9ca0fcf76bbb5a2b731e368,,2011/2024,derived,derived_from_year_2022_ages_0_max,annual_estimates_age_band_sum_v1,2022,all,female,52000,reported,
1.0,annual_population_estimates_by_age_sex_csv,1b7b14fa75cab035860dd865eedd72527a92dac1a9ca0fcf76bbb5a2b731e368,,2011/2024,derived,derived_from_year_2022_ages_0_max,annual_estimates_age_band_sum_v1,2022,all,all,103350,reported,
1.0,annual_population_estimates_by_age_sex_csv,1b7b14fa75cab035860dd865eedd72527a92dac1a9ca0fcf76bbb5a2b731e368,,2011/2024,derived,derived_from_year_2023_ages_5_11,annual_estimates_age_band_sum_v1,2023,5_to_11,male,3640,reported,
1.0,annual_population_estimates_by_age_sex_csv,1b7b14fa75cab035860dd865eedd72527a92dac1a9ca0fcf76bbb5a2b731e368,,2011/2024,derived,derived_from_year_2023_ages_5_11,annual_estimates_age_band_sum_v1,2023,5_to_11,female,3510,reported,
1.0,annual_population_estimates_by_age_sex_csv,1b7b14fa75cab035860dd865eedd72527a92dac1a9ca0fcf76bbb5a2b731e368,,2011/2024,derived,derived_from_year_2023_ages_5_11,annual_estimates_age_band_sum_v1,2023,5_to_11,all,7150,reported,
1.0,annual_population_estimates_by_age_sex_csv,1b7b14fa75cab035860dd865eedd72527a92dac1a9ca0fcf76bbb5a2b731e368,,2011/2024,derived,derived_from_year_2023_ages_12_15,annual_estimates_age_band_sum_v1,2023,12_to_15,male,2130,reported,
1.0,annual_population_estimates_by_age_sex_csv,1b7b14fa75cab035860dd865eedd72527a92dac1a9ca0fcf76bbb5a2b731e368,,2011/2024,derived,derived_from_year_2023_ages_12_15,annual_estimates_age_band_sum_v1,2023,12_to_15,female,2160,reported,
1.0,annual_population_estimates_by_age_sex_csv,1b7b14fa75cab035860dd865eedd72527a92dac1a9ca0fcf76bbb5a2b731e368,,2011/2024,derived,derived_from_year_2023_ages_12_15,annual_estimates_age_band_sum_v1,2023,12_to_15,all,4290,reported,
1.0,annual_population_estimates_by_age_sex_csv,1b7b14fa75cab035860dd865eedd72527a92dac1a9ca0fcf76bbb5a2b731e368,,2011/2024,derived,derived_from_year_2023_ages_16_17,annual_estimates_age_band_sum_v1,2023,16_to_17,male,1020,reported,
1.0,annual_population_estimates_by_age_sex_csv,1b7b14fa75cab035860dd865eedd72527a92dac1a9ca0fcf76bbb5a2b731e368,,2011/2024,derived,derived_from_year_2023_ages_16_17,annual_estimates_age_band_sum_v1,2023,16_to_17,female,1050,reported,
1.0,annual_population_estimates_by_age_sex_csv,1b7b14fa75cab035860dd865eedd72527a92dac1a9ca0fcf76bbb5a2b731e368,,2011/2024,derived,derived_from_year_2023_ages_16_17,annual_estimates_age_band_sum_v1,2023,16_to_17,all,2070,reported,
1.0,annual_population_estimates_by_age_sex_csv,1b7b14fa75cab035860dd865eedd72527a92dac1a9ca0fcf76bbb5a2b731e368,,2011/2024,derived,derived_from_year_2023_ages_0_17,annual_estimates_age_band_sum_v1,2023,17_and_under,male,9110,reported,
1.0,annual_population_estimates_by_age_sex_csv,1b7b14fa75cab035860dd865eedd72527a92dac1a9ca0fcf76bbb5a2b731e368,,2011/2024,derived,derived_from_year_2023_ages_0_17,annual_estimates_age_band_sum_v1,2023,17_and_under,female,8730,reported,
1.0,annual_population_estimates_by_age_sex_csv,1b7b14fa75cab035860dd865eedd72527a92dac1a9ca0fcf76bbb5a2b731e368,,2011/2024,derived,derived_from_year_2023_ages_0_17,annual_estimates_age_band_sum_v1,2023,17_and_under,all,17840,reported,
1.0,annual_population_estimates_by_age_sex_csv,1b7b14fa75cab035860dd865eedd72527a92dac1a9ca0fcf76bbb5a2b731e368,,2011/2024,derived,derived_from_year_2023_ages_18_29,annual_estimates_age_band_sum_v1,2023,18_to_29,male,6730,reported,
1.0,annual_population_estimates_by_age_sex_csv,1b7b14fa75cab035860dd865eedd72527a92dac1a9ca0fcf76bbb5a2b731e368,,2011/2024,derived,derived_from_year_2023_ages_18_29,annual_estimates_age_band_sum_v1,2023,18_to_29,female,6420,reported,
1.0,annual_population_estimates_by_age_sex_csv,1b7b14fa75cab035860dd865eedd72527a92dac1a9ca0fcf76bbb5a2b731e368,,2011/2024,derived,derived_from_year_2023_ages_18_29,annual_estimates_age_band_sum_v1,2023,18_to_29,all,13150,reported,
1.0,annual_population_estimates_by_age_sex_csv,1b7b14fa75cab035860dd865eedd72527a92dac1a9ca0fcf76bbb5a2b731e368,,2011/2024,derived,derived_from_year_2023_ages_30_39,annual_estimates_age_band_sum_v1,2023,30_to_39,male,7210,reported,
1.0,annual_population_estimates_by_age_sex_csv,1b7b14fa75cab035860dd865eedd72527a92dac1a9ca0fcf76bbb5a2b731e368,,2011/2024,derived,derived_from_year_2023_ages_30_39,annual_estimates_age_band_sum_v1,2023,30_to_39,female,7000,reported,
1.0,annual_population_estimates_by_age_sex_csv,1b7b14fa75cab035860dd865eedd72527a92dac1a9ca0fcf76bbb5a2b731e368,,2011/2024,derived,derived_from_year_2023_ages_30_39,annual_estimates_age_band_sum_v1,2023,30_to_39,all,14210,reported,
1.0,annual_population_estimates_by_age_sex_csv,1b7b14fa75cab035860dd865eedd72527a92dac1a9ca0fcf76bbb5a2b731e368,,2011/2024,derived,derived_from_year_2023_ages_40_49,annual_estimates_age_band_sum_v1,2023,40_to_49,male,7730,reported,
1.0,annual_population_estimates_by_age_sex_csv,1b7b14fa75cab035860dd865eedd72527a92dac1a9ca0fcf76bbb5a2b731e368,,2011/2024,derived,derived_from_year_2023_ages_40_49,annual_estimates_age_band_sum_v1,2023,40_to_49,female,7610,reported,
1.0,annual_population_estimates_by_age_sex_csv,1b7b14fa75cab035860dd865eedd72527a92dac1a9ca0fcf76bbb5a2b731e368,,2011/2024,derived,derived_from_year_2023_ages_40_49,annual_estimates_age_band_sum_v1,2023,40_to_49,all,15340,reported,
1.0,annual_population_estimates_by_age_sex_csv,1b7b14fa75cab035860dd865eedd72527a92dac1a9ca0fcf76bbb5a2b731e368,,2011/2024,derived,derived_from_year_2023_ages_50_54,annual_estimates_age_band_sum_v1,2023,50_to_54,male,3940,reported,
1.0,annual_population_estimates_by_age_sex_csv,1b7b14fa75cab035860dd865eedd72527a92dac1a9ca0fcf76bbb5a2b731e368,,2011/2024,derived,derived_from_year_2023_ages_50_54,annual_estimates_age_band_sum_v1,2023,50_to_54,female,3970,reported,
1.0,annual_population_estimates_by_age_sex_csv,1b7b14fa75cab035860dd865eedd72527a92dac1a9ca0fcf76bbb5a2b731e368,,2011/2024,derived,derived_from_year_2023_ages_50_54,annual_estimates_age_band_sum_v1,2023,50_to_54,all,7910,reported,
1.0,annual_population_estimates_by_age_sex_csv,1b7b14fa75cab035860dd865eedd72527a92dac1a9ca0fcf76bbb5a2b731e368,,2011/2024,derived,derived_from_year_2023_ages_55_59,annual_estimates_age_band_sum_v1,2023,55_to_59,male,4200,reported,
1.0,annual_population_estimates_by_age_sex_csv,1b7b14fa75cab035860dd865eedd72527a92dac1a9ca0fcf76bbb5a2b731e368,,2011/2024,derived,derived_from_year_2023_ages_55_59,annual_estimates_age_band_sum_v1,2023,55_to_59,female,4140,reported,
1.0,annual_population_estimates_by_age_sex_csv,1b7b14fa75cab035860dd865eedd72527a92dac1a9ca0fcf76bbb5a2b731e368,,2011/2024,derived,derived_from_year_2023_ages_55_59,annual_estimates_age_band_sum_v1,2023,55_to_59,all,8340,reported,
1.0,annual_population_estimates_by_age_sex_csv,1b7b14fa75cab035860dd865eedd72527a92dac1a9ca0fcf76bbb5a2b731e368,,2011/2024,derived,derived_from_year_2023_ages_60_64,annual_estimates_age_band_sum_v1,2023,60_to_64,male,3560,reported,
1.0,annual_population_estimates_by_age_sex_csv,1b7b14fa75cab035860dd865eedd72527a92dac1a9ca0fcf76bbb5a2b731e368,,2011/2024,derived,derived_from_year_2023_ages_60_64,annual_estimates_age_band_sum_v1,2023,60_to_64,female,3550,reported,
1.0,annual_population_estimates_by_age_sex_csv,1b7b14fa75cab035860dd865eedd72527a92dac1a9ca0fcf76bbb5a2b731e368,,2011/2024,derived,derived_from_year_2023_ages_60_64,annual_estimates_age_band_sum_v1,2023,60_to_64,all,7110,reported,
1.0,annual_population_estimates_by_age_sex_csv,1b7b14fa75cab035860dd865eedd72527a92dac1a9ca0fcf76bbb5a2b731e368,,2011/2024,derived,derived_from_year_2023_ages_65_69,annual_estimates_age_band_sum_v1,2023,65_to_69,male,2810,reported,
1.0,annual_population_estimates_by_age_sex_csv,1b7b14fa75cab035860dd865eedd72527a92dac1a9ca0fcf76bbb5a2b731e368,,2011/2024,derived,derived_from_year_2023_ages_65_69,annual_estimates_age_band_sum_v1,2023,65_to_69,female,2970,reported,
1.0,annual_population_estimates_by_age_sex_csv,1b7b14fa75cab035860dd865eedd72527a92dac1a9ca0fcf76bbb5a2b731e368,,2011/2024,derived,derived_from_year_2023_ages_65_69,annual_estimates_age_band_sum_v1,2023,65_to_69,all,5780,reported,
1.0,annual_population_estimates_by_age_sex_csv,1b7b14fa75cab035860dd865eedd72527a92dac1a9ca0fcf76bbb5a2b731e368,,2011/2024,derived,derived_from_year_2023_ages_70_74,annual_estimates_age_band_sum_v1,2023,70_to_74,male,2270,reported,
1.0,annual_population_estimates_by_age_sex_csv,1b7b14fa75cab035860dd865eedd72527a92dac1a9ca0fcf76bbb5a2b731e368,,2011/2024,derived,derived_from_year_2023_ages_70_74,annual_estimates_age_band_sum_v1,2023,70_to_74,female,2490,reported,
1.0,annual_population_estimates_by_age_sex_csv,1b7b14fa75cab035860dd865eedd72527a92dac1a9ca0fcf76bbb5a2b731e368,,2011/2024,derived,derived_from_year_2023_ages_70_74,annual_estimates_age_band_sum_v1,2023,70_to_74,all,4760,reported,
1.0,annual_population_estimates_by_age_sex_csv,1b7b14fa75cab035860dd865eedd72527a92dac1a9ca0fcf76bbb5a2b731e368,,2011/2024,derived,derived_from_year_2023_ages_75_79,annual_estimates_age_band_sum_v1,2023,75_to_79,male,1910,reported,
1.0,annual_population_estimates_by_age_sex_csv,1b7b14fa75cab035860dd865eedd72527a92dac1a9ca0fcf76bbb5a2b731e368,,2011/2024,derived,derived_from_year_2023_ages_75_79,annual_estimates_age_band_sum_v1,2023,75_to_79,female,2190,reported,
1.0,annual_population_estimates_by_age_sex_csv,1b7b14fa75cab035860dd865eedd72527a92dac1a9ca0fcf76bbb5a2b731e368,,2011/2024,derived,derived_from_year_2023_ages_75_79,annual_estimates_age_band_sum_v1,2023,75_to_79,all,4100,reported,
1.0,annual_population_estimates_by_age_sex_csv,1b7b14fa75cab035860dd865eedd72527a92dac1a9ca0fcf76bbb5a2b731e368,,2011/2024,derived,derived_from_year_2023_ages_80_max,annual_estimates_age_band_sum_v1,2023,80_plus,male,2260,reported,
1.0,annual_population_estimates_by_age_sex_csv,1b7b14fa75cab035860dd865eedd72527a92dac1a9ca0fcf76bbb5a2b731e368,,2011/2024,derived,derived_from_year_2023_ages_80_max,annual_estimates_age_band_sum_v1,2023,80_plus,female,3320,reported,
1.0,annual_population_estimates_by_age_sex_csv,1b7b14fa75cab035860dd865eedd72527a92dac1a9ca0fcf76bbb5a2b731e368,,2011/2024,derived,derived_from_year_2023_ages_80_max,annual_estimates_age_band_sum_v1,2023,80_plus,all,5580,reported,
1.0,annual_population_estimates_by_age_sex_csv,1b7b14fa75cab035860dd865eedd72527a92dac1a9ca0fcf76bbb5a2b731e368,,2011/2024,derived,derived_from_year_2023_ages_50_max,annual_estimates_age_band_sum_v1,2023,50_plus,male,20950,reported,
1.0,annual_population_estimates_by_age_sex_csv,1b7b14fa75cab035860dd865eedd72527a92dac1a9ca0fcf76bbb5a2b731e368,,2011/2024,derived,derived_from_year_2023_ages_50_max,annual_estimates_age_band_sum_v1,2023,50_plus,female,22630,reported,
1.0,annual_population_estimates_by_age_sex_csv,1b7b14fa75cab035860dd865eedd72527a92dac1a9ca0fcf76bbb5a2b731e368,,2011/2024,derived,derived_from_year_2023_ages_50_max,annual_estimates_age_band_sum_v1,2023,50_plus,all,43580,reported,
1.0,annual_population_estimates_by_age_sex_csv,1b7b14fa75cab035860dd865eedd72527a92dac1a9ca0fcf76bbb5a2b731e368,,2011/2024,derived,derived_from_year_2023_ages_16_max,annual_estimates_age_band_sum_v1,2023,16_plus,male,43640,reported,
1.0,annual_population_estimates_by_age_sex_csv,1b7b14fa75cab035860dd865eedd72527a92dac1a9ca0fcf76bbb5a2b731e368,,2011/2024,derived,derived_from_year_2023_ages_16_max,annual_estimates_age_band_sum_v1,2023,16_plus,female,44710,reported,
1.0,annual_population_estimates_by_age_sex_csv,1b7b14fa75cab035860dd865eedd72527a92dac1a9ca0fcf76bbb5a2b731e368,,2011/2024,derived,derived_from_year_2023_ages_16_max,annual_estimates_age_band_sum_v1,2023,16_plus,all,88350,reported,
1.0,annual_population_estimates_by_age_sex_csv,1b7b14fa75cab035860dd865eedd72527a92dac1a9ca0fcf76bbb5a2b731e368,,2011/2024,derived,derived_from_year_2023_ages_0_max,annual_estimates_age_band_sum_v1,2023,all,male,51730,reported,
1.0,annual_population_estimates_by_age_sex_csv,1b7b14fa75cab035860dd865eedd72527a92dac1a9ca0fcf76bbb5a2b731e368,,2011/2024,derived,derived_from_year_2023_ages_0_max,annual_estimates_age_band_sum_v1,2023,all,female,52390,reported,
1.0,annual_population_estimates_by_age_sex_csv,1b7b14fa75cab035860dd865eedd72527a92dac1a9ca0fcf76bbb5a2b731e368,,2011/2024,derived,derived_from_year_2023_ages_0_max,annual_estimates_age_band_sum_v1,2023,all,all,104120,reported,
1.0,annual_population_estimates_by_age_sex_csv,1b7b14fa75cab035860dd865eedd72527a92dac1a9ca0fcf76bbb5a2b731e368,,2011/2024,derived,derived_from_year_2024_ages_5_11,annual_estimates_age_band_sum_v1,2024,5_to_11,male,3550,reported,
1.0,annual_population_estimates_by_age_sex_csv,1b7b14fa75cab035860dd865eedd72527a92dac1a9ca0fcf76bbb5a2b731e368,,2011/2024,derived,derived_from_year_2024_ages_5_11,annual_estimates_age_band_sum_v1,2024,5_to_11,female,3360,reported,
1.0,annual_population_estimates_by_age_sex_csv,1b7b14fa75cab035860dd865eedd72527a92dac1a9ca0fcf76bbb5a2b731e368,,2011/2024,derived,derived_from_year_2024_ages_5_11,annual_estimates_age_band_sum_v1,2024,5_to_11,all,6910,reported,
1.0,annual_population_estimates_by_age_sex_csv,1b7b14fa75cab035860dd865eedd72527a92dac1a9ca0fcf76bbb5a2b731e368,,2011/2024,derived,derived_from_year_2024_ages_12_15,annual_estimates_age_band_sum_v1,2024,12_to_15,male,2150,reported,
1.0,annual_population_estimates_by_age_sex_csv,1b7b14fa75cab035860dd865eedd72527a92dac1a9ca0fcf76bbb5a2b731e368,,2011/2024,derived,derived_from_year_2024_ages_12_15,annual_estimates_age_band_sum_v1,2024,12_to_15,female,2160,reported,
1.0,annual_population_estimates_by_age_sex_csv,1b7b14fa75cab035860dd865eedd72527a92dac1a9ca0fcf76bbb5a2b731e368,,2011/2024,derived,derived_from_year_2024_ages_12_15,annual_estimates_age_band_sum_v1,2024,12_to_15,all,4310,reported,
1.0,annual_population_estimates_by_age_sex_csv,1b7b14fa75cab035860dd865eedd72527a92dac1a9ca0fcf76bbb5a2b731e368,,2011/2024,derived,derived_from_year_2024_ages_16_17,annual_estimates_age_band_sum_v1,2024,16_to_17,male,1030,reported,
1.0,annual_population_estimates_by_age_sex_csv,1b7b14fa75cab035860dd865eedd72527a92dac1a9ca0fcf76bbb5a2b731e368,,2011/2024,derived,derived_from_year_2024_ages_16_17,annual_estimates_age_band_sum_v1,2024,16_to_17,female,1090,reported,
1.0,annual_population_estimates_by_age_sex_csv,1b7b14fa75cab035860dd865eedd72527a92dac1a9ca0fcf76bbb5a2b731e368,,2011/2024,derived,derived_from_year_2024_ages_16_17,annual_estimates_age_band_sum_v1,2024,16_to_17,all,2120,reported,
1.0,annual_population_estimates_by_age_sex_csv,1b7b14fa75cab035860dd865eedd72527a92dac1a9ca0fcf76bbb5a2b731e368,,2011/2024,derived,derived_from_year_2024_ages_0_17,annual_estimates_age_band_sum_v1,2024,17_and_under,male,8940,reported,
1.0,annual_population_estimates_by_age_sex_csv,1b7b14fa75cab035860dd865eedd72527a92dac1a9ca0fcf76bbb5a2b731e368,,2011/2024,derived,derived_from_year_2024_ages_0_17,annual_estimates_age_band_sum_v1,2024,17_and_under,female,8580,reported,
1.0,annual_population_estimates_by_age_sex_csv,1b7b14fa75cab035860dd865eedd72527a92dac1a9ca0fcf76bbb5a2b731e368,,2011/2024,derived,derived_from_year_2024_ages_0_17,annual_estimates_age_band_sum_v1,2024,17_and_under,all,17520,reported,
1.0,annual_population_estimates_by_age_sex_csv,1b7b14fa75cab035860dd865eedd72527a92dac1a9ca0fcf76bbb5a2b731e368,,2011/2024,derived,derived_from_year_2024_ages_18_29,annual_estimates_age_band_sum_v1,2024,18_to_29,male,6660,reported,
1.0,annual_population_estimates_by_age_sex_csv,1b7b14fa75cab035860dd865eedd72527a92dac1a9ca0fcf76bbb5a2b731e368,,2011/2024,derived,derived_from_year_2024_ages_18_29,annual_estimates_age_band_sum_v1,2024,18_to_29,female,6260,reported,
1.0,annual_population_estimates_by_age_sex_csv,1b7b14fa75cab035860dd865eedd72527a92dac1a9ca0fcf76bbb5a2b731e368,,2011/2024,derived,derived_from_year_2024_ages_18_29,annual_estimates_age_band_sum_v1,2024,18_to_29,all,12920,reported,
1.0,annual_population_estimates_by_age_sex_csv,1b7b14fa75cab035860dd865eedd72527a92dac1a9ca0fcf76bbb5a2b731e368,,2011/2024,derived,derived_from_year_2024_ages_30_39,annual_estimates_age_band_sum_v1,2024,30_to_39,male,7360,reported,
1.0,annual_population_estimates_by_age_sex_csv,1b7b14fa75cab035860dd865eedd72527a92dac1a9ca0fcf76bbb5a2b731e368,,2011/2024,derived,derived_from_year_2024_ages_30_39,annual_estimates_age_band_sum_v1,2024,30_to_39,female,6960,reported,
1.0,annual_population_estimates_by_age_sex_csv,1b7b14fa75cab035860dd865eedd72527a92dac1a9ca0fcf76bbb5a2b731e368,,2011/2024,derived,derived_from_year_2024_ages_30_39,annual_estimates_age_band_sum_v1,2024,30_to_39,all,14320,reported,
1.0,annual_population_estimates_by_age_sex_csv,1b7b14fa75cab035860dd865eedd72527a92dac1a9ca0fcf76bbb5a2b731e368,,2011/2024,derived,derived_from_year_2024_ages_40_49,annual_estimates_age_band_sum_v1,2024,40_to_49,male,7900,reported,
1.0,annual_population_estimates_by_age_sex_csv,1b7b14fa75cab035860dd865eedd72527a92dac1a9ca0fcf76bbb5a2b731e368,,2011/2024,derived,derived_from_year_2024_ages_40_49,annual_estimates_age_band_sum_v1,2024,40_to_49,female,7680,reported,
1.0,annual_population_estimates_by_age_sex_csv,1b7b14fa75cab035860dd865eedd72527a92dac1a9ca0fcf76bbb5a2b731e368,,2011/2024,derived,derived_from_year_2024_ages_40_49,annual_estimates_age_band_sum_v1,2024,40_to_49,all,15580,reported,
1.0,annual_population_estimates_by_age_sex_csv,1b7b14fa75cab035860dd865eedd72527a92dac1a9ca0fcf76bbb5a2b731e368,,2011/2024,derived,derived_from_year_2024_ages_50_54,annual_estimates_age_band_sum_v1,2024,50_to_54,male,3920,reported,
1.0,annual_population_estimates_by_age_sex_csv,1b7b14fa75cab035860dd865eedd72527a92dac1a9ca0fcf76bbb5a2b731e368,,2011/2024,derived,derived_from_year_2024_ages_50_54,annual_estimates_age_band_sum_v1,2024,50_to_54,female,3860,reported,
1.0,annual_population_estimates_by_age_sex_csv,1b7b14fa75cab035860dd865eedd72527a92dac1a9ca0fcf76bbb5a2b731e368,,2011/2024,derived,derived_from_year_2024_ages_50_54,annual_estimates_age_band_sum_v1,2024,50_to_54,all,7780,reported,
1.0,annual_population_estimates_by_age_sex_csv,1b7b14fa75cab035860dd865eedd72527a92dac1a9ca0fcf76bbb5a2b731e368,,2011/2024,derived,derived_from_year_2024_ages_55_59,annual_estimates_age_band_sum_v1,2024,55_to_59,male,4180,reported,
1.0,annual_population_estimates_by_age_sex_csv,1b7b14fa75cab035860dd865eedd72527a92dac1a9ca0fcf76bbb5a2b731e368,,2011/2024,derived,derived_from_year_2024_ages_55_59,annual_estimates_age_band_sum_v1,2024,55_to_59,female,4170,reported,
1.0,annual_population_estimates_by_age_sex_csv,1b7b14fa75cab035860dd865eedd72527a92dac1a9ca0fcf76bbb5a2b731e368,,2011/2024,derived,derived_from_year_2024_ages_55_59,annual_estimates_age_band_sum_v1,2024,55_to_59,all,8350,reported,
1.0,annual_population_estimates_by_age_sex_csv,1b7b14fa75cab035860dd865eedd72527a92dac1a9ca0fcf76bbb5a2b731e368,,2011/2024,derived,derived_from_year_2024_ages_60_64,annual_estimates_age_band_sum_v1,2024,60_to_64,male,3760,reported,
1.0,annual_population_estimates_by_age_sex_csv,1b7b14fa75cab035860dd865eedd72527a92dac1a9ca0fcf76bbb5a2b731e368,,2011/2024,derived,derived_from_year_2024_ages_60_64,annual_estimates_age_band_sum_v1,2024,60_to_64,female,3680,reported,
1.0,annual_population_estimates_by_age_sex_csv,1b7b14fa75cab035860dd865eedd72527a92dac1a9ca0fcf76bbb5a2b731e368,,2011/2024,derived,derived_from_year_2024_ages_60_64,annual_estimates_age_band_sum_v1,2024,60_to_64,all,7440,reported,
1.0,annual_population_estimates_by_age_sex_csv,1b7b14fa75cab035860dd865eedd72527a92dac1a9ca0fcf76bbb5a2b731e368,,2011/2024,derived,derived_from_year_2024_ages_65_69,annual_estimates_age_band_sum_v1,2024,65_to_69,male,2810,reported,
1.0,annual_population_estimates_by_age_sex_csv,1b7b14fa75cab035860dd865eedd72527a92dac1a9ca0fcf76bbb5a2b731e368,,2011/2024,derived,derived_from_year_2024_ages_65_69,annual_estimates_age_band_sum_v1,2024,65_to_69,female,3050,reported,
1.0,annual_population_estimates_by_age_sex_csv,1b7b14fa75cab035860dd865eedd72527a92dac1a9ca0fcf76bbb5a2b731e368,,2011/2024,derived,derived_from_year_2024_ages_65_69,annual_estimates_age_band_sum_v1,2024,65_to_69,all,5860,reported,
1.0,annual_population_estimates_by_age_sex_csv,1b7b14fa75cab035860dd865eedd72527a92dac1a9ca0fcf76bbb5a2b731e368,,2011/2024,derived,derived_from_year_2024_ages_70_74,annual_estimates_age_band_sum_v1,2024,70_to_74,male,2300,reported,
1.0,annual_population_estimates_by_age_sex_csv,1b7b14fa75cab035860dd865eedd72527a92dac1a9ca0fcf76bbb5a2b731e368,,2011/2024,derived,derived_from_year_2024_ages_70_74,annual_estimates_age_band_sum_v1,2024,70_to_74,female,2490,reported,
1.0,annual_population_estimates_by_age_sex_csv,1b7b14fa75cab035860dd865eedd72527a92dac1a9ca0fcf76bbb5a2b731e368,,2011/2024,derived,derived_from_year_2024_ages_70_74,annual_estimates_age_band_sum_v1,2024,70_to_74,all,4790,reported,
1.0,annual_population_estimates_by_age_sex_csv,1b7b14fa75cab035860dd865eedd72527a92dac1a9ca0fcf76bbb5a2b731e368,,2011/2024,derived,derived_from_year_2024_ages_75_79,annual_estimates_age_band_sum_v1,2024,75_to_79,male,1940,reported,
1.0,annual_population_estimates_by_age_sex_csv,1b7b14fa75cab035860dd865eedd72527a92dac1a9ca0fcf76bbb5a2b731e368,,2011/2024,derived,derived_from_year_2024_ages_75_79,annual_estimates_age_band_sum_v1,2024,75_to_79,female,2230,reported,
1.0,annual_population_estimates_by_age_sex_csv,1b7b14fa75cab035860dd865eedd72527a92dac1a9ca0fcf76bbb5a2b731e368,,2011/2024,derived,derived_from_year_2024_ages_75_79,annual_estimates_age_band_sum_v1,2024,75_to_79,all,4170,reported,
1.0,annual_population_estimates_by_age_sex_csv,1b7b14fa75cab035860dd865eedd72527a92dac1a9ca0fcf76bbb5a2b731e368,,2011/2024,derived,derived_from_year_2024_ages_80_max,annual_estimates_age_band_sum_v1,2024,80_plus,male,2370,reported,
1.0,annual_population_estimates_by_age_sex_csv,1b7b14fa75cab035860dd865eedd72527a92dac1a9ca0fcf76bbb5a2b731e368,,2011/2024,derived,derived_from_year_2024_ages_80_max,annual_estimates_age_band_sum_v1,2024,80_plus,female,3400,reported,
1.0,annual_population_estimates_by_age_sex_csv,1b7b14fa75cab035860dd865eedd72527a92dac1a9ca0fcf76bbb5a2b731e368,,2011/2024,derived,derived_from_year_2024_ages_80_max,annual_estimates_age_band_sum_v1,2024,80_plus,all,5770,reported,
1.0,annual_population_estimates_by_age_sex_csv,1b7b14fa75cab035860dd865eedd72527a92dac1a9ca0fcf76bbb5a2b731e368,,2011/2024,derived,derived_from_year_2024_ages_50_max,annual_estimates_age_band_sum_v1,2024,50_plus,male,21280,reported,
1.0,annual_population_estimates_by_age_sex_csv,1b7b14fa75cab035860dd865eedd72527a92dac1a9ca0fcf76bbb5a2b731e368,,2011/2024,derived,derived_from_year_2024_ages_50_max,annual_estimates_age_band_sum_v1,2024,50_plus,female,22880,reported,
1.0,annual_population_estimates_by_age_sex_csv,1b7b14fa75cab035860dd865eedd72527a92dac1a9ca0fcf76bbb5a2b731e368,,2011/2024,derived,derived_from_year_2024_ages_50_max,annual_estimates_age_band_sum_v1,2024,50_plus,all,44160,reported,
1.0,annual_population_estimates_by_age_sex_csv,1b7b14fa75cab035860dd865eedd72527a92dac1a9ca0fcf76bbb5a2b731e368,,2011/2024,derived,derived_from_year_2024_ages_16_max,annual_estimates_age_band_sum_v1,2024,16_plus,male,44230,reported,
1.0,annual_population_estimates_by_age_sex_csv,1b7b14fa75cab035860dd865eedd72527a92dac1a9ca0fcf76bbb5a2b731e368,,2011/2024,derived,derived_from_year_2024_ages_16_max,annual_estimates_age_band_sum_v1,2024,16_plus,female,44870,reported,
1.0,annual_population_estimates_by_age_sex_csv,1b7b14fa75cab035860dd865eedd72527a92dac1a9ca0fcf76bbb5a2b731e368,,2011/2024,derived,derived_from_year_2024_ages_16_max,annual_estimates_age_band_sum_v1,2024,16_plus,all,89100,reported,
1.0,annual_population_estimates_by_age_sex_csv,1b7b14fa75cab035860dd865eedd72527a92dac1a9ca0fcf76bbb5a2b731e368,,2011/2024,derived,derived_from_year_2024_ages_0_max,annual_estimates_age_band_sum_v1,2024,all,male,52140,reported,
1.0,annual_population_estimates_by_age_sex_csv,1b7b14fa75cab035860dd865eedd72527a92dac1a9ca0fcf76bbb5a2b731e368,,2011/2024,derived,derived_from_year_2024_ages_0_max,annual_estimates_age_band_sum_v1,2024,all,female,52360,reported,
1.0,annual_population_estimates_by_age_sex_csv,1b7b14fa75cab035860dd865eedd72527a92dac1a9ca0fcf76bbb5a2b731e368,,2011/2024,derived,derived_from_year_2024_ages_0_max,annual_estimates_age_band_sum_v1,2024,all,all,104500,reported,
