schema_version,source_id,source_sha256,evidence_source_id,reference_period,observation_status,source_locator,transformation_id,year,age,sex,count,reporting_status,upper_bound
1.0,annual_population_estimates_by_age_sex_csv,1b7b14fa75cab035860dd865eedd72527a92dac1a9ca0fcf76bbb5a2b731e368,,2011/2024,observed,csv_row_2011_age_0_col_Male,annual_estimates_observed_v1,2011,0,male,540,reported,
1.0,annual_population_estimates_by_age_sex_csv,1b7b14fa75cab035860dd865eedd72527a92dac1a9ca0fcf76bbb5a2b731e368,,2011/2024,observed,csv_row_2011_age_0_col_Female,annual_estimates_observed_v1,2011,0,female,530,reported,
1.0,annual_population_estimates_by_age_sex_csv,1b7b14fa75cab035860dd865eedd72527a92dac1a9ca0fcf76bbb5a2b731e368,,2011/2024,derived,derived_from_2011_age_0_Male_and_Female,annual_estimates_sex_sum_v1,2011,0,all,1070,reported,
1.0,annual_population_estimates_by_age_sex_csv,1b7b14fa75cab035860dd865eedd72527a92dac1a9ca0fcf76bbb5a2b731e368,,2011/2024,observed,csv_row_2011_age_1_col_Male,annual_estimates_observed_v1,2011,1,male,520,reported,
1.0,annual_population_estimates_by_age_sex_csv,1b7b14fa75cab035860dd865eedd72527a92dac1a9ca0fcf76bbb5a2b731e368,,2011/2024,observed,csv_row_2011_age_1_col_Female,annual_estimates_observed_v1,2011,1,female,550,reported,
1.0,annual_population_estimates_by_age_sex_csv,1b7b14fa75cab035860dd865eedd72527a92dac1a9ca0fcf76bbb5a2b731e368,,2011/2024,derived,derived_from_2011_age_1_Male_and_Female,annual_estimates_sex_sum_v1,2011,1,all,1070,reported,
1.0,annual_population_estimates_by_age_sex_csv,1b7b14fa75cab035860dd865eedd72527a92dac1a9ca0fcf76bbb5a2b731e368,,2011/2024,observed,csv_row_2011_age_2_col_Male,annual_estimates_observed_v1,2011,2,male,500,reported,
1.0,annual_population_estimates_by_age_sex_csv,1b7b14fa75cab035860dd865eedd72527a92dac1a9ca0fcf76bbb5a2b731e368,,2011/2024,observed,csv_row_2011_age_2_col_Female,annual_estimates_observed_v1,2011,2,female,490,reported,
1.0,annual_population_estimates_by_age_sex_csv,1b7b14fa75cab035860dd865eedd72527a92dac1a9ca0fcf76bbb5a2b731e368,,2011/2024,derived,derived_from_2011_age_2_Male_and_Female,annual_estimates_sex_sum_v1,2011,2,all,990,reported,
1.0,annual_population_estimates_by_age_sex_csv,1b7b14fa75cab035860dd865eedd72527a92dac1a9ca0fcf76bbb5a2b731e368,,2011/2024,observed,csv_row_2011_age_3_col_Male,annual_estimates_observed_v1,2011,3,male,490,reported,
1.0,annual_population_estimates_by_age_sex_csv,1b7b14fa75cab035860dd865eedd72527a92dac1a9ca0fcf76bbb5a2b731e368,,2011/2024,observed,csv_row_2011_age_3_col_Female,annual_estimates_observed_v1,2011,3,female,520,reported,
1.0,annual_population_estimates_by_age_sex_csv,1b7b14fa75cab035860dd865eedd72527a92dac1a9ca0fcf76bbb5a2b731e368,,2011/2024,derived,derived_from_2011_age_3_Male_and_Female,annual_estimates_sex_sum_v1,2011,3,all,1010,reported,
1.0,annual_population_estimates_by_age_sex_csv,1b7b14fa75cab035860dd865eedd72527a92dac1a9ca0fcf76bbb5a2b731e368,,2011/2024,observed,csv_row_2011_age_4_col_Male,annual_estimates_observed_v1,2011,4,male,500,reported,
1.0,annual_population_estimates_by_age_sex_csv,1b7b14fa75cab035860dd865eedd72527a92dac1a9ca0fcf76bbb5a2b731e368,,2011/2024,observed,csv_row_2011_age_4_col_Female,annual_estimates_observed_v1,2011,4,female,500,reported,
1.0,annual_population_estimates_by_age_sex_csv,1b7b14fa75cab035860dd865eedd72527a92dac1a9ca0fcf76bbb5a2b731e368,,2011/2024,derived,derived_from_2011_age_4_Male_and_Female,annual_estimates_sex_sum_v1,2011,4,all,1000,reported,
1.0,annual_population_estimates_by_age_sex_csv,1b7b14fa75cab035860dd865eedd72527a92dac1a9ca0fcf76bbb5a2b731e368,,2011/2024,observed,csv_row_2011_age_5_col_Male,annual_estimates_observed_v1,2011,5,male,480,reported,
1.0,annual_population_estimates_by_age_sex_csv,1b7b14fa75cab035860dd865eedd72527a92dac1a9ca0fcf76bbb5a2b731e368,,2011/2024,observed,csv_row_2011_age_5_col_Female,annual_estimates_observed_v1,2011,5,female,510,reported,
1.0,annual_population_estimates_by_age_sex_csv,1b7b14fa75cab035860dd865eedd72527a92dac1a9ca0fcf76bbb5a2b731e368,,2011/2024,derived,derived_from_2011_age_5_Male_and_Female,annual_estimates_sex_sum_v1,2011,5,all,990,reported,
1.0,annual_population_estimates_by_age_sex_csv,1b7b14fa75cab035860dd865eedd72527a92dac1a9ca0fcf76bbb5a2b731e368,,2011/2024,observed,csv_row_2011_age_6_col_Male,annual_estimates_observed_v1,2011,6,male,490,reported,
1.0,annual_population_estimates_by_age_sex_csv,1b7b14fa75cab035860dd865eedd72527a92dac1a9ca0fcf76bbb5a2b731e368,,2011/2024,observed,csv_row_2011_age_6_col_Female,annual_estimates_observed_v1,2011,6,female,480,reported,
1.0,annual_population_estimates_by_age_sex_csv,1b7b14fa75cab035860dd865eedd72527a92dac1a9ca0fcf76bbb5a2b731e368,,2011/2024,derived,derived_from_2011_age_6_Male_and_Female,annual_estimates_sex_sum_v1,2011,6,all,970,reported,
1.0,annual_population_estimates_by_age_sex_csv,1b7b14fa75cab035860dd865eedd72527a92dac1a9ca0fcf76bbb5a2b731e368,,2011/2024,observed,csv_row_2011_age_7_col_Male,annual_estimates_observed_v1,2011,7,male,500,reported,
1.0,annual_population_estimates_by_age_sex_csv,1b7b14fa75cab035860dd865eedd72527a92dac1a9ca0fcf76bbb5a2b731e368,,2011/2024,observed,csv_row_2011_age_7_col_Female,annual_estimates_observed_v1,2011,7,female,480,reported,
1.0,annual_population_estimates_by_age_sex_csv,1b7b14fa75cab035860dd865eedd72527a92dac1a9ca0fcf76bbb5a2b731e368,,2011/2024,derived,derived_from_2011_age_7_Male_and_Female,annual_estimates_sex_sum_v1,2011,7,all,980,reported,
1.0,annual_population_estimates_by_age_sex_csv,1b7b14fa75cab035860dd865eedd72527a92dac1a9ca0fcf76bbb5a2b731e368,,2011/2024,observed,csv_row_2011_age_8_col_Male,annual_estimates_observed_v1,2011,8,male,520,reported,
1.0,annual_population_estimates_by_age_sex_csv,1b7b14fa75cab035860dd865eedd72527a92dac1a9ca0fcf76bbb5a2b731e368,,2011/2024,observed,csv_row_2011_age_8_col_Female,annual_estimates_observed_v1,2011,8,female,490,reported,
1.0,annual_population_estimates_by_age_sex_csv,1b7b14fa75cab035860dd865eedd72527a92dac1a9ca0fcf76bbb5a2b731e368,,2011/2024,derived,derived_from_2011_age_8_Male_and_Female,annual_estimates_sex_sum_v1,2011,8,all,1010,reported,
1.0,annual_population_estimates_by_age_sex_csv,1b7b14fa75cab035860dd865eedd72527a92dac1a9ca0fcf76bbb5a2b731e368,,2011/2024,observed,csv_row_2011_age_9_col_Male,annual_estimates_observed_v1,2011,9,male,450,reported,
1.0,annual_population_estimates_by_age_sex_csv,1b7b14fa75cab035860dd865eedd72527a92dac1a9ca0fcf76bbb5a2b731e368,,2011/2024,observed,csv_row_2011_age_9_col_Female,annual_estimates_observed_v1,2011,9,female,480,reported,
1.0,annual_population_estimates_by_age_sex_csv,1b7b14fa75cab035860dd865eedd72527a92dac1a9ca0fcf76bbb5a2b731e368,,2011/2024,derived,derived_from_2011_age_9_Male_and_Female,annual_estimates_sex_sum_v1,2011,9,all,930,reported,
1.0,annual_population_estimates_by_age_sex_csv,1b7b14fa75cab035860dd865eedd72527a92dac1a9ca0fcf76bbb5a2b731e368,,2011/2024,observed,csv_row_2011_age_10_col_Male,annual_estimates_observed_v1,2011,10,male,520,reported,
1.0,annual_population_estimates_by_age_sex_csv,1b7b14fa75cab035860dd865eedd72527a92dac1a9ca0fcf76bbb5a2b731e368,,2011/2024,observed,csv_row_2011_age_10_col_Female,annual_estimates_observed_v1,2011,10,female,490,reported,
1.0,annual_population_estimates_by_age_sex_csv,1b7b14fa75cab035860dd865eedd72527a92dac1a9ca0fcf76bbb5a2b731e368,,2011/2024,derived,derived_from_2011_age_10_Male_and_Female,annual_estimates_sex_sum_v1,2011,10,all,1010,reported,
1.0,annual_population_estimates_by_age_sex_csv,1b7b14fa75cab035860dd865eedd72527a92dac1a9ca0fcf76bbb5a2b731e368,,2011/2024,observed,csv_row_2011_age_11_col_Male,annual_estimates_observed_v1,2011,11,male,480,reported,
1.0,annual_population_estimates_by_age_sex_csv,1b7b14fa75cab035860dd865eedd72527a92dac1a9ca0fcf76bbb5a2b731e368,,2011/2024,observed,csv_row_2011_age_11_col_Female,annual_estimates_observed_v1,2011,11,female,470,reported,
1.0,annual_population_estimates_by_age_sex_csv,1b7b14fa75cab035860dd865eedd72527a92dac1a9ca0fcf76bbb5a2b731e368,,2011/2024,derived,derived_from_2011_age_11_Male_and_Female,annual_estimates_sex_sum_v1,2011,11,all,950,reported,
1.0,annual_population_estimates_by_age_sex_csv,1b7b14fa75cab035860dd865eedd72527a92dac1a9ca0fcf76bbb5a2b731e368,,2011/2024,observed,csv_row_2011_age_12_col_Male,annual_estimates_observed_v1,2011,12,male,560,reported,
1.0,annual_population_estimates_by_age_sex_csv,1b7b14fa75cab035860dd865eedd72527a92dac1a9ca0fcf76bbb5a2b731e368,,2011/2024,observed,csv_row_2011_age_12_col_Female,annual_estimates_observed_v1,2011,12,female,500,reported,
1.0,annual_population_estimates_by_age_sex_csv,1b7b14fa75cab035860dd865eedd72527a92dac1a9ca0fcf76bbb5a2b731e368,,2011/2024,derived,derived_from_2011_age_12_Male_and_Female,annual_estimates_sex_sum_v1,2011,12,all,1060,reported,
1.0,annual_population_estimates_by_age_sex_csv,1b7b14fa75cab035860dd865eedd72527a92dac1a9ca0fcf76bbb5a2b731e368,,2011/2024,observed,csv_row_2011_age_13_col_Male,annual_estimates_observed_v1,2011,13,male,530,reported,
1.0,annual_population_estimates_by_age_sex_csv,1b7b14fa75cab035860dd865eedd72527a92dac1a9ca0fcf76bbb5a2b731e368,,2011/2024,observed,csv_row_2011_age_13_col_Female,annual_estimates_observed_v1,2011,13,female,540,reported,
1.0,annual_population_estimates_by_age_sex_csv,1b7b14fa75cab035860dd865eedd72527a92dac1a9ca0fcf76bbb5a2b731e368,,2011/2024,derived,derived_from_2011_age_13_Male_and_Female,annual_estimates_sex_sum_v1,2011,13,all,1070,reported,
1.0,annual_population_estimates_by_age_sex_csv,1b7b14fa75cab035860dd865eedd72527a92dac1a9ca0fcf76bbb5a2b731e368,,2011/2024,observed,csv_row_2011_age_14_col_Male,annual_estimates_observed_v1,2011,14,male,580,reported,
1.0,annual_population_estimates_by_age_sex_csv,1b7b14fa75cab035860dd865eedd72527a92dac1a9ca0fcf76bbb5a2b731e368,,2011/2024,observed,csv_row_2011_age_14_col_Female,annual_estimates_observed_v1,2011,14,female,510,reported,
1.0,annual_population_estimates_by_age_sex_csv,1b7b14fa75cab035860dd865eedd72527a92dac1a9ca0fcf76bbb5a2b731e368,,2011/2024,derived,derived_from_2011_age_14_Male_and_Female,annual_estimates_sex_sum_v1,2011,14,all,1090,reported,
1.0,annual_population_estimates_by_age_sex_csv,1b7b14fa75cab035860dd865eedd72527a92dac1a9ca0fcf76bbb5a2b731e368,,2011/2024,observed,csv_row_2011_age_15_col_Male,annual_estimates_observed_v1,2011,15,male,580,reported,
1.0,annual_population_estimates_by_age_sex_csv,1b7b14fa75cab035860dd865eedd72527a92dac1a9ca0fcf76bbb5a2b731e368,,2011/2024,observed,csv_row_2011_age_15_col_Female,annual_estimates_observed_v1,2011,15,female,560,reported,
1.0,annual_population_estimates_by_age_sex_csv,1b7b14fa75cab035860dd865eedd72527a92dac1a9ca0fcf76bbb5a2b731e368,,2011/2024,derived,derived_from_2011_age_15_Male_and_Female,annual_estimates_sex_sum_v1,2011,15,all,1140,reported,
1.0,annual_population_estimates_by_age_sex_csv,1b7b14fa75cab035860dd865eedd72527a92dac1a9ca0fcf76bbb5a2b731e368,,2011/2024,observed,csv_row_2011_age_16_col_Male,annual_estimates_observed_v1,2011,16,male,580,reported,
1.0,annual_population_estimates_by_age_sex_csv,1b7b14fa75cab035860dd865eedd72527a92dac1a9ca0fcf76bbb5a2b731e368,,2011/2024,observed,csv_row_2011_age_16_col_Female,annual_estimates_observed_v1,2011,16,female,500,reported,
1.0,annual_population_estimates_by_age_sex_csv,1b7b14fa75cab035860dd865eedd72527a92dac1a9ca0fcf76bbb5a2b731e368,,2011/2024,derived,derived_from_2011_age_16_Male_and_Female,annual_estimates_sex_sum_v1,2011,16,all,1080,reported,
1.0,annual_population_estimates_by_age_sex_csv,1b7b14fa75cab035860dd865eedd72527a92dac1a9ca0fcf76bbb5a2b731e368,,2011/2024,observed,csv_row_2011_age_17_col_Male,annual_estimates_observed_v1,2011,17,male,580,reported,
1.0,annual_population_estimates_by_age_sex_csv,1b7b14fa75cab035860dd865eedd72527a92dac1a9ca0fcf76bbb5a2b731e368,,2011/2024,observed,csv_row_2011_age_17_col_Female,annual_estimates_observed_v1,2011,17,female,560,reported,
1.0,annual_population_estimates_by_age_sex_csv,1b7b14fa75cab035860dd865eedd72527a92dac1a9ca0fcf76bbb5a2b731e368,,2011/2024,derived,derived_from_2011_age_17_Male_and_Female,annual_estimates_sex_sum_v1,2011,17,all,1140,reported,
1.0,annual_population_estimates_by_age_sex_csv,1b7b14fa75cab035860dd865eedd72527a92dac1a9ca0fcf76bbb5a2b731e368,,2011/2024,observed,csv_row_2011_age_18_col_Male,annual_estimates_observed_v1,2011,18,male,550,reported,
1.0,annual_population_estimates_by_age_sex_csv,1b7b14fa75cab035860dd865eedd72527a92dac1a9ca0fcf76bbb5a2b731e368,,2011/2024,observed,csv_row_2011_age_18_col_Female,annual_estimates_observed_v1,2011,18,female,500,reported,
1.0,annual_population_estimates_by_age_sex_csv,1b7b14fa75cab035860dd865eedd72527a92dac1a9ca0fcf76bbb5a2b731e368,,2011/2024,derived,derived_from_2011_age_18_Male_and_Female,annual_estimates_sex_sum_v1,2011,18,all,1050,reported,
1.0,annual_population_estimates_by_age_sex_csv,1b7b14fa75cab035860dd865eedd72527a92dac1a9ca0fcf76bbb5a2b731e368,,2011/2024,observed,csv_row_2011_age_19_col_Male,annual_estimates_observed_v1,2011,19,male,600,reported,
1.0,annual_population_estimates_by_age_sex_csv,1b7b14fa75cab035860dd865eedd72527a92dac1a9ca0fcf76bbb5a2b731e368,,2011/2024,observed,csv_row_2011_age_19_col_Female,annual_estimates_observed_v1,2011,19,female,550,reported,
1.0,annual_population_estimates_by_age_sex_csv,1b7b14fa75cab035860dd865eedd72527a92dac1a9ca0fcf76bbb5a2b731e368,,2011/2024,derived,derived_from_2011_age_19_Male_and_Female,annual_estimates_sex_sum_v1,2011,19,all,1150,reported,
1.0,annual_population_estimates_by_age_sex_csv,1b7b14fa75cab035860dd865eedd72527a92dac1a9ca0fcf76bbb5a2b731e368,,2011/2024,observed,csv_row_2011_age_20_col_Male,annual_estimates_observed_v1,2011,20,male,570,reported,
1.0,annual_population_estimates_by_age_sex_csv,1b7b14fa75cab035860dd865eedd72527a92dac1a9ca0fcf76bbb5a2b731e368,,2011/2024,observed,csv_row_2011_age_20_col_Female,annual_estimates_observed_v1,2011,20,female,570,reported,
1.0,annual_population_estimates_by_age_sex_csv,1b7b14fa75cab035860dd865eedd72527a92dac1a9ca0fcf76bbb5a2b731e368,,2011/2024,derived,derived_from_2011_age_20_Male_and_Female,annual_estimates_sex_sum_v1,2011,20,all,1140,reported,
1.0,annual_population_estimates_by_age_sex_csv,1b7b14fa75cab035860dd865eedd72527a92dac1a9ca0fcf76bbb5a2b731e368,,2011/2024,observed,csv_row_2011_age_21_col_Male,annual_estimates_observed_v1,2011,21,male,590,reported,
1.0,annual_population_estimates_by_age_sex_csv,1b7b14fa75cab035860dd865eedd72527a92dac1a9ca0fcf76bbb5a2b731e368,,2011/2024,observed,csv_row_2011_age_21_col_Female,annual_estimates_observed_v1,2011,21,female,590,reported,
1.0,annual_population_estimates_by_age_sex_csv,1b7b14fa75cab035860dd865eedd72527a92dac1a9ca0fcf76bbb5a2b731e368,,2011/2024,derived,derived_from_2011_age_21_Male_and_Female,annual_estimates_sex_sum_v1,2011,21,all,1180,reported,
1.0,annual_population_estimates_by_age_sex_csv,1b7b14fa75cab035860dd865eedd72527a92dac1a9ca0fcf76bbb5a2b731e368,,2011/2024,observed,csv_row_2011_age_22_col_Male,annual_estimates_observed_v1,2011,22,male,570,reported,
1.0,annual_population_estimates_by_age_sex_csv,1b7b14fa75cab035860dd865eedd72527a92dac1a9ca0fcf76bbb5a2b731e368,,2011/2024,observed,csv_row_2011_age_22_col_Female,annual_estimates_observed_v1,2011,22,female,600,reported,
1.0,annual_population_estimates_by_age_sex_csv,1b7b14fa75cab035860dd865eedd72527a92dac1a9ca0fcf76bbb5a2b731e368,,2011/2024,derived,derived_from_2011_age_22_Male_and_Female,annual_estimates_sex_sum_v1,2011,22,all,1170,reported,
1.0,annual_population_estimates_by_age_sex_csv,1b7b14fa75cab035860dd865eedd72527a92dac1a9ca0fcf76bbb5a2b731e368,,2011/2024,observed,csv_row_2011_age_23_col_Male,annual_estimates_observed_v1,2011,23,male,610,reported,
1.0,annual_population_estimates_by_age_sex_csv,1b7b14fa75cab035860dd865eedd72527a92dac1a9ca0fcf76bbb5a2b731e368,,2011/2024,observed,csv_row_2011_age_23_col_Female,annual_estimates_observed_v1,2011,23,female,590,reported,
1.0,annual_population_estimates_by_age_sex_csv,1b7b14fa75cab035860dd865eedd72527a92dac1a9ca0fcf76bbb5a2b731e368,,2011/2024,derived,derived_from_2011_age_23_Male_and_Female,annual_estimates_sex_sum_v1,2011,23,all,1200,reported,
1.0,annual_population_estimates_by_age_sex_csv,1b7b14fa75cab035860dd865eedd72527a92dac1a9ca0fcf76bbb5a2b731e368,,2011/2024,observed,csv_row_2011_age_24_col_Male,annual_estimates_observed_v1,2011,24,male,630,reported,
1.0,annual_population_estimates_by_age_sex_csv,1b7b14fa75cab035860dd865eedd72527a92dac1a9ca0fcf76bbb5a2b731e368,,2011/2024,observed,csv_row_2011_age_24_col_Female,annual_estimates_observed_v1,2011,24,female,560,reported,
1.0,annual_population_estimates_by_age_sex_csv,1b7b14fa75cab035860dd865eedd72527a92dac1a9ca0fcf76bbb5a2b731e368,,2011/2024,derived,derived_from_2011_age_24_Male_and_Female,annual_estimates_sex_sum_v1,2011,24,all,1190,reported,
1.0,annual_population_estimates_by_age_sex_csv,1b7b14fa75cab035860dd865eedd72527a92dac1a9ca0fcf76bbb5a2b731e368,,2011/2024,observed,csv_row_2011_age_25_col_Male,annual_estimates_observed_v1,2011,25,male,550,reported,
1.0,annual_population_estimates_by_age_sex_csv,1b7b14fa75cab035860dd865eedd72527a92dac1a9ca0fcf76bbb5a2b731e368,,2011/2024,observed,csv_row_2011_age_25_col_Female,annual_estimates_observed_v1,2011,25,female,590,reported,
1.0,annual_population_estimates_by_age_sex_csv,1b7b14fa75cab035860dd865eedd72527a92dac1a9ca0fcf76bbb5a2b731e368,,2011/2024,derived,derived_from_2011_age_25_Male_and_Female,annual_estimates_sex_sum_v1,2011,25,all,1140,reported,
1.0,annual_population_estimates_by_age_sex_csv,1b7b14fa75cab035860dd865eedd72527a92dac1a9ca0fcf76bbb5a2b731e368,,2011/2024,observed,csv_row_2011_age_26_col_Male,annual_estimates_observed_v1,2011,26,male,630,reported,
1.0,annual_population_estimates_by_age_sex_csv,1b7b14fa75cab035860dd865eedd72527a92dac1a9ca0fcf76bbb5a2b731e368,,2011/2024,observed,csv_row_2011_age_26_col_Female,annual_estimates_observed_v1,2011,26,female,590,reported,
1.0,annual_population_estimates_by_age_sex_csv,1b7b14fa75cab035860dd865eedd72527a92dac1a9ca0fcf76bbb5a2b731e368,,2011/2024,derived,derived_from_2011_age_26_Male_and_Female,annual_estimates_sex_sum_v1,2011,26,all,1220,reported,
1.0,annual_population_estimates_by_age_sex_csv,1b7b14fa75cab035860dd865eedd72527a92dac1a9ca0fcf76bbb5a2b731e368,,2011/2024,observed,csv_row_2011_age_27_col_Male,annual_estimates_observed_v1,2011,27,male,660,reported,
1.0,annual_population_estimates_by_age_sex_csv,1b7b14fa75cab035860dd865eedd72527a92dac1a9ca0fcf76bbb5a2b731e368,,2011/2024,observed,csv_row_2011_age_27_col_Female,annual_estimates_observed_v1,2011,27,female,670,reported,
1.0,annual_population_estimates_by_age_sex_csv,1b7b14fa75cab035860dd865eedd72527a92dac1a9ca0fcf76bbb5a2b731e368,,2011/2024,derived,derived_from_2011_age_27_Male_and_Female,annual_estimates_sex_sum_v1,2011,27,all,1330,reported,
1.0,annual_population_estimates_by_age_sex_csv,1b7b14fa75cab035860dd865eedd72527a92dac1a9ca0fcf76bbb5a2b731e368,,2011/2024,observed,csv_row_2011_age_28_col_Male,annual_estimates_observed_v1,2011,28,male,670,reported,
1.0,annual_population_estimates_by_age_sex_csv,1b7b14fa75cab035860dd865eedd72527a92dac1a9ca0fcf76bbb5a2b731e368,,2011/2024,observed,csv_row_2011_age_28_col_Female,annual_estimates_observed_v1,2011,28,female,690,reported,
1.0,annual_population_estimates_by_age_sex_csv,1b7b14fa75cab035860dd865eedd72527a92dac1a9ca0fcf76bbb5a2b731e368,,2011/2024,derived,derived_from_2011_age_28_Male_and_Female,annual_estimates_sex_sum_v1,2011,28,all,1360,reported,
1.0,annual_population_estimates_by_age_sex_csv,1b7b14fa75cab035860dd865eedd72527a92dac1a9ca0fcf76bbb5a2b731e368,,2011/2024,observed,csv_row_2011_age_29_col_Male,annual_estimates_observed_v1,2011,29,male,710,reported,
1.0,annual_population_estimates_by_age_sex_csv,1b7b14fa75cab035860dd865eedd72527a92dac1a9ca0fcf76bbb5a2b731e368,,2011/2024,observed,csv_row_2011_age_29_col_Female,annual_estimates_observed_v1,2011,29,female,670,reported,
1.0,annual_population_estimates_by_age_sex_csv,1b7b14fa75cab035860dd865eedd72527a92dac1a9ca0fcf76bbb5a2b731e368,,2011/2024,derived,derived_from_2011_age_29_Male_and_Female,annual_estimates_sex_sum_v1,2011,29,all,1380,reported,
1.0,annual_population_estimates_by_age_sex_csv,1b7b14fa75cab035860dd865eedd72527a92dac1a9ca0fcf76bbb5a2b731e368,,2011/2024,observed,csv_row_2011_age_30_col_Male,annual_estimates_observed_v1,2011,30,male,700,reported,
1.0,annual_population_estimates_by_age_sex_csv,1b7b14fa75cab035860dd865eedd72527a92dac1a9ca0fcf76bbb5a2b731e368,,2011/2024,observed,csv_row_2011_age_30_col_Female,annual_estimates_observed_v1,2011,30,female,760,reported,
1.0,annual_population_estimates_by_age_sex_csv,1b7b14fa75cab035860dd865eedd72527a92dac1a9ca0fcf76bbb5a2b731e368,,2011/2024,derived,derived_from_2011_age_30_Male_and_Female,annual_estimates_sex_sum_v1,2011,30,all,1460,reported,
1.0,annual_population_estimates_by_age_sex_csv,1b7b14fa75cab035860dd865eedd72527a92dac1a9ca0fcf76bbb5a2b731e368,,2011/2024,observed,csv_row_2011_age_31_col_Male,annual_estimates_observed_v1,2011,31,male,740,reported,
1.0,annual_population_estimates_by_age_sex_csv,1b7b14fa75cab035860dd865eedd72527a92dac1a9ca0fcf76bbb5a2b731e368,,2011/2024,observed,csv_row_2011_age_31_col_Female,annual_estimates_observed_v1,2011,31,female,740,reported,
1.0,annual_population_estimates_by_age_sex_csv,1b7b14fa75cab035860dd865eedd72527a92dac1a9ca0fcf76bbb5a2b731e368,,2011/2024,derived,derived_from_2011_age_31_Male_and_Female,annual_estimates_sex_sum_v1,2011,31,all,1480,reported,
1.0,annual_population_estimates_by_age_sex_csv,1b7b14fa75cab035860dd865eedd72527a92dac1a9ca0fcf76bbb5a2b731e368,,2011/2024,observed,csv_row_2011_age_32_col_Male,annual_estimates_observed_v1,2011,32,male,740,reported,
1.0,annual_population_estimates_by_age_sex_csv,1b7b14fa75cab035860dd865eedd72527a92dac1a9ca0fcf76bbb5a2b731e368,,2011/2024,observed,csv_row_2011_age_32_col_Female,annual_estimates_observed_v1,2011,32,female,740,reported,
1.0,annual_population_estimates_by_age_sex_csv,1b7b14fa75cab035860dd865eedd72527a92dac1a9ca0fcf76bbb5a2b731e368,,2011/2024,derived,derived_from_2011_age_32_Male_and_Female,annual_estimates_sex_sum_v1,2011,32,all,1480,reported,
1.0,annual_population_estimates_by_age_sex_csv,1b7b14fa75cab035860dd865eedd72527a92dac1a9ca0fcf76bbb5a2b731e368,,2011/2024,observed,csv_row_2011_age_33_col_Male,annual_estimates_observed_v1,2011,33,male,680,reported,
1.0,annual_population_estimates_by_age_sex_csv,1b7b14fa75cab035860dd865eedd72527a92dac1a9ca0fcf76bbb5a2b731e368,,2011/2024,observed,csv_row_2011_age_33_col_Female,annual_estimates_observed_v1,2011,33,female,680,reported,
1.0,annual_population_estimates_by_age_sex_csv,1b7b14fa75cab035860dd865eedd72527a92dac1a9ca0fcf76bbb5a2b731e368,,2011/2024,derived,derived_from_2011_age_33_Male_and_Female,annual_estimates_sex_sum_v1,2011,33,all,1360,reported,
1.0,annual_population_estimates_by_age_sex_csv,1b7b14fa75cab035860dd865eedd72527a92dac1a9ca0fcf76bbb5a2b731e368,,2011/2024,observed,csv_row_2011_age_34_col_Male,annual_estimates_observed_v1,2011,34,male,740,reported,
1.0,annual_population_estimates_by_age_sex_csv,1b7b14fa75cab035860dd865eedd72527a92dac1a9ca0fcf76bbb5a2b731e368,,2011/2024,observed,csv_row_2011_age_34_col_Female,annual_estimates_observed_v1,2011,34,female,710,reported,
1.0,annual_population_estimates_by_age_sex_csv,1b7b14fa75cab035860dd865eedd72527a92dac1a9ca0fcf76bbb5a2b731e368,,2011/2024,derived,derived_from_2011_age_34_Male_and_Female,annual_estimates_sex_sum_v1,2011,34,all,1450,reported,
1.0,annual_population_estimates_by_age_sex_csv,1b7b14fa75cab035860dd865eedd72527a92dac1a9ca0fcf76bbb5a2b731e368,,2011/2024,observed,csv_row_2011_age_35_col_Male,annual_estimates_observed_v1,2011,35,male,730,reported,
1.0,annual_population_estimates_by_age_sex_csv,1b7b14fa75cab035860dd865eedd72527a92dac1a9ca0fcf76bbb5a2b731e368,,2011/2024,observed,csv_row_2011_age_35_col_Female,annual_estimates_observed_v1,2011,35,female,670,reported,
1.0,annual_population_estimates_by_age_sex_csv,1b7b14fa75cab035860dd865eedd72527a92dac1a9ca0fcf76bbb5a2b731e368,,2011/2024,derived,derived_from_2011_age_35_Male_and_Female,annual_estimates_sex_sum_v1,2011,35,all,1400,reported,
1.0,annual_population_estimates_by_age_sex_csv,1b7b14fa75cab035860dd865eedd72527a92dac1a9ca0fcf76bbb5a2b731e368,,2011/2024,observed,csv_row_2011_age_36_col_Male,annual_estimates_observed_v1,2011,36,male,700,reported,
1.0,annual_population_estimates_by_age_sex_csv,1b7b14fa75cab035860dd865eedd72527a92dac1a9ca0fcf76bbb5a2b731e368,,2011/2024,observed,csv_row_2011_age_36_col_Female,annual_estimates_observed_v1,2011,36,female,720,reported,
1.0,annual_population_estimates_by_age_sex_csv,1b7b14fa75cab035860dd865eedd72527a92dac1a9ca0fcf76bbb5a2b731e368,,2011/2024,derived,derived_from_2011_age_36_Male_and_Female,annual_estimates_sex_sum_v1,2011,36,all,1420,reported,
1.0,annual_population_estimates_by_age_sex_csv,1b7b14fa75cab035860dd865eedd72527a92dac1a9ca0fcf76bbb5a2b731e368,,2011/2024,observed,csv_row_2011_age_37_col_Male,annual_estimates_observed_v1,2011,37,male,690,reported,
1.0,annual_population_estimates_by_age_sex_csv,1b7b14fa75cab035860dd865eedd72527a92dac1a9ca0fcf76bbb5a2b731e368,,2011/2024,observed,csv_row_2011_age_37_col_Female,annual_estimates_observed_v1,2011,37,female,690,reported,
1.0,annual_population_estimates_by_age_sex_csv,1b7b14fa75cab035860dd865eedd72527a92dac1a9ca0fcf76bbb5a2b731e368,,2011/2024,derived,derived_from_2011_age_37_Male_and_Female,annual_estimates_sex_sum_v1,2011,37,all,1380,reported,
1.0,annual_population_estimates_by_age_sex_csv,1b7b14fa75cab035860dd865eedd72527a92dac1a9ca0fcf76bbb5a2b731e368,,2011/2024,observed,csv_row_2011_age_38_col_Male,annual_estimates_observed_v1,2011,38,male,720,reported,
1.0,annual_population_estimates_by_age_sex_csv,1b7b14fa75cab035860dd865eedd72527a92dac1a9ca0fcf76bbb5a2b731e368,,2011/2024,observed,csv_row_2011_age_38_col_Female,annual_estimates_observed_v1,2011,38,female,710,reported,
1.0,annual_population_estimates_by_age_sex_csv,1b7b14fa75cab035860dd865eedd72527a92dac1a9ca0fcf76bbb5a2b731e368,,2011/2024,derived,derived_from_2011_age_38_Male_and_Female,annual_estimates_sex_sum_v1,2011,38,all,1430,reported,
1.0,annual_population_estimates_by_age_sex_csv,1b7b14fa75cab035860dd865eedd72527a92dac1a9ca0fcf76bbb5a2b731e368,,2011/2024,observed,csv_row_2011_age_39_col_Male,annual_estimates_observed_v1,2011,39,male,710,reported,
1.0,annual_population_estimates_by_age_sex_csv,1b7b14fa75cab035860dd865eedd72527a92dac1a9ca0fcf76bbb5a2b731e368,,2011/2024,observed,csv_row_2011_age_39_col_Female,annual_estimates_observed_v1,2011,39,female,720,reported,
1.0,annual_population_estimates_by_age_sex_csv,1b7b14fa75cab035860dd865eedd72527a92dac1a9ca0fcf76bbb5a2b731e368,,2011/2024,derived,derived_from_2011_age_39_Male_and_Female,annual_estimates_sex_sum_v1,2011,39,all,1430,reported,
1.0,annual_population_estimates_by_age_sex_csv,1b7b14fa75cab035860dd865eedd72527a92dac1a9ca0fcf76bbb5a2b731e368,,2011/2024,observed,csv_row_2011_age_40_col_Male,annual_estimates_observed_v1,2011,40,male,780,reported,
1.0,annual_population_estimates_by_age_sex_csv,1b7b14fa75cab035860dd865eedd72527a92dac1a9ca0fcf76bbb5a2b731e368,,2011/2024,observed,csv_row_2011_age_40_col_Female,annual_estimates_observed_v1,2011,40,female,790,reported,
1.0,annual_population_estimates_by_age_sex_csv,1b7b14fa75cab035860dd865eedd72527a92dac1a9ca0fcf76bbb5a2b731e368,,2011/2024,derived,derived_from_2011_age_40_Male_and_Female,annual_estimates_sex_sum_v1,2011,40,all,1570,reported,
1.0,annual_population_estimates_by_age_sex_csv,1b7b14fa75cab035860dd865eedd72527a92dac1a9ca0fcf76bbb5a2b731e368,,2011/2024,observed,csv_row_2011_age_41_col_Male,annual_estimates_observed_v1,2011,41,male,790,reported,
1.0,annual_population_estimates_by_age_sex_csv,1b7b14fa75cab035860dd865eedd72527a92dac1a9ca0fcf76bbb5a2b731e368,,2011/2024,observed,csv_row_2011_age_41_col_Female,annual_estimates_observed_v1,2011,41,female,800,reported,
1.0,annual_population_estimates_by_age_sex_csv,1b7b14fa75cab035860dd865eedd72527a92dac1a9ca0fcf76bbb5a2b731e368,,2011/2024,derived,derived_from_2011_age_41_Male_and_Female,annual_estimates_sex_sum_v1,2011,41,all,1590,reported,
1.0,annual_population_estimates_by_age_sex_csv,1b7b14fa75cab035860dd865eedd72527a92dac1a9ca0fcf76bbb5a2b731e368,,2011/2024,observed,csv_row_2011_age_42_col_Male,annual_estimates_observed_v1,2011,42,male,800,reported,
1.0,annual_population_estimates_by_age_sex_csv,1b7b14fa75cab035860dd865eedd72527a92dac1a9ca0fcf76bbb5a2b731e368,,2011/2024,observed,csv_row_2011_age_42_col_Female,annual_estimates_observed_v1,2011,42,female,860,reported,
1.0,annual_population_estimates_by_age_sex_csv,1b7b14fa75cab035860dd865eedd72527a92dac1a9ca0fcf76bbb5a2b731e368,,2011/2024,derived,derived_from_2011_age_42_Male_and_Female,annual_estimates_sex_sum_v1,2011,42,all,1660,reported,
1.0,annual_population_estimates_by_age_sex_csv,1b7b14fa75cab035860dd865eedd72527a92dac1a9ca0fcf76bbb5a2b731e368,,2011/2024,observed,csv_row_2011_age_43_col_Male,annual_estimates_observed_v1,2011,43,male,920,reported,
1.0,annual_population_estimates_by_age_sex_csv,1b7b14fa75cab035860dd865eedd72527a92dac1a9ca0fcf76bbb5a2b731e368,,2011/2024,observed,csv_row_2011_age_43_col_Female,annual_estimates_observed_v1,2011,43,female,800,reported,
1.0,annual_population_estimates_by_age_sex_csv,1b7b14fa75cab035860dd865eedd72527a92dac1a9ca0fcf76bbb5a2b731e368,,2011/2024,derived,derived_from_2011_age_43_Male_and_Female,annual_estimates_sex_sum_v1,2011,43,all,1720,reported,
1.0,annual_population_estimates_by_age_sex_csv,1b7b14fa75cab035860dd865eedd72527a92dac1a9ca0fcf76bbb5a2b731e368,,2011/2024,observed,csv_row_2011_age_44_col_Male,annual_estimates_observed_v1,2011,44,male,810,reported,
1.0,annual_population_estimates_by_age_sex_csv,1b7b14fa75cab035860dd865eedd72527a92dac1a9ca0fcf76bbb5a2b731e368,,2011/2024,observed,csv_row_2011_age_44_col_Female,annual_estimates_observed_v1,2011,44,female,870,reported,
1.0,annual_population_estimates_by_age_sex_csv,1b7b14fa75cab035860dd865eedd72527a92dac1a9ca0fcf76bbb5a2b731e368,,2011/2024,derived,derived_from_2011_age_44_Male_and_Female,annual_estimates_sex_sum_v1,2011,44,all,1680,reported,
1.0,annual_population_estimates_by_age_sex_csv,1b7b14fa75cab035860dd865eedd72527a92dac1a9ca0fcf76bbb5a2b731e368,,2011/2024,observed,csv_row_2011_age_45_col_Male,annual_estimates_observed_v1,2011,45,male,840,reported,
1.0,annual_population_estimates_by_age_sex_csv,1b7b14fa75cab035860dd865eedd72527a92dac1a9ca0fcf76bbb5a2b731e368,,2011/2024,observed,csv_row_2011_age_45_col_Female,annual_estimates_observed_v1,2011,45,female,880,reported,
1.0,annual_population_estimates_by_age_sex_csv,1b7b14fa75cab035860dd865eedd72527a92dac1a9ca0fcf76bbb5a2b731e368,,2011/2024,derived,derived_from_2011_age_45_Male_and_Female,annual_estimates_sex_sum_v1,2011,45,all,1720,reported,
1.0,annual_population_estimates_by_age_sex_csv,1b7b14fa75cab035860dd865eedd72527a92dac1a9ca0fcf76bbb5a2b731e368,,2011/2024,observed,csv_row_2011_age_46_col_Male,annual_estimates_observed_v1,2011,46,male,870,reported,
1.0,annual_population_estimates_by_age_sex_csv,1b7b14fa75cab035860dd865eedd72527a92dac1a9ca0fcf76bbb5a2b731e368,,2011/2024,observed,csv_row_2011_age_46_col_Female,annual_estimates_observed_v1,2011,46,female,850,reported,
1.0,annual_population_estimates_by_age_sex_csv,1b7b14fa75cab035860dd865eedd72527a92dac1a9ca0fcf76bbb5a2b731e368,,2011/2024,derived,derived_from_2011_age_46_Male_and_Female,annual_estimates_sex_sum_v1,2011,46,all,1720,reported,
1.0,annual_population_estimates_by_age_sex_csv,1b7b14fa75cab035860dd865eedd72527a92dac1a9ca0fcf76bbb5a2b731e368,,2011/2024,observed,csv_row_2011_age_47_col_Male,annual_estimates_observed_v1,2011,47,male,880,reported,
1.0,annual_population_estimates_by_age_sex_csv,1b7b14fa75cab035860dd865eedd72527a92dac1a9ca0fcf76bbb5a2b731e368,,2011/2024,observed,csv_row_2011_age_47_col_Female,annual_estimates_observed_v1,2011,47,female,870,reported,
1.0,annual_population_estimates_by_age_sex_csv,1b7b14fa75cab035860dd865eedd72527a92dac1a9ca0fcf76bbb5a2b731e368,,2011/2024,derived,derived_from_2011_age_47_Male_and_Female,annual_estimates_sex_sum_v1,2011,47,all,1750,reported,
1.0,annual_population_estimates_by_age_sex_csv,1b7b14fa75cab035860dd865eedd72527a92dac1a9ca0fcf76bbb5a2b731e368,,2011/2024,observed,csv_row_2011_age_48_col_Male,annual_estimates_observed_v1,2011,48,male,860,reported,
1.0,annual_population_estimates_by_age_sex_csv,1b7b14fa75cab035860dd865eedd72527a92dac1a9ca0fcf76bbb5a2b731e368,,2011/2024,observed,csv_row_2011_age_48_col_Female,annual_estimates_observed_v1,2011,48,female,820,reported,
1.0,annual_population_estimates_by_age_sex_csv,1b7b14fa75cab035860dd865eedd72527a92dac1a9ca0fcf76bbb5a2b731e368,,2011/2024,derived,derived_from_2011_age_48_Male_and_Female,annual_estimates_sex_sum_v1,2011,48,all,1680,reported,
1.0,annual_population_estimates_by_age_sex_csv,1b7b14fa75cab035860dd865eedd72527a92dac1a9ca0fcf76bbb5a2b731e368,,2011/2024,observed,csv_row_2011_age_49_col_Male,annual_estimates_observed_v1,2011,49,male,800,reported,
1.0,annual_population_estimates_by_age_sex_csv,1b7b14fa75cab035860dd865eedd72527a92dac1a9ca0fcf76bbb5a2b731e368,,2011/2024,observed,csv_row_2011_age_49_col_Female,annual_estimates_observed_v1,2011,49,female,810,reported,
1.0,annual_population_estimates_by_age_sex_csv,1b7b14fa75cab035860dd865eedd72527a92dac1a9ca0fcf76bbb5a2b731e368,,2011/2024,derived,derived_from_2011_age_49_Male_and_Female,annual_estimates_sex_sum_v1,2011,49,all,1610,reported,
1.0,annual_population_estimates_by_age_sex_csv,1b7b14fa75cab035860dd865eedd72527a92dac1a9ca0fcf76bbb5a2b731e368,,2011/2024,observed,csv_row_2011_age_50_col_Male,annual_estimates_observed_v1,2011,50,male,740,reported,
1.0,annual_population_estimates_by_age_sex_csv,1b7b14fa75cab035860dd865eedd72527a92dac1a9ca0fcf76bbb5a2b731e368,,2011/2024,observed,csv_row_2011_age_50_col_Female,annual_estimates_observed_v1,2011,50,female,750,reported,
1.0,annual_population_estimates_by_age_sex_csv,1b7b14fa75cab035860dd865eedd72527a92dac1a9ca0fcf76bbb5a2b731e368,,2011/2024,derived,derived_from_2011_age_50_Male_and_Female,annual_estimates_sex_sum_v1,2011,50,all,1490,reported,
1.0,annual_population_estimates_by_age_sex_csv,1b7b14fa75cab035860dd865eedd72527a92dac1a9ca0fcf76bbb5a2b731e368,,2011/2024,observed,csv_row_2011_age_51_col_Male,annual_estimates_observed_v1,2011,51,male,750,reported,
1.0,annual_population_estimates_by_age_sex_csv,1b7b14fa75cab035860dd865eedd72527a92dac1a9ca0fcf76bbb5a2b731e368,,2011/2024,observed,csv_row_2011_age_51_col_Female,annual_estimates_observed_v1,2011,51,female,730,reported,
1.0,annual_population_estimates_by_age_sex_csv,1b7b14fa75cab035860dd865eedd72527a92dac1a9ca0fcf76bbb5a2b731e368,,2011/2024,derived,derived_from_2011_age_51_Male_and_Female,annual_estimates_sex_sum_v1,2011,51,all,1480,reported,
1.0,annual_population_estimates_by_age_sex_csv,1b7b14fa75cab035860dd865eedd72527a92dac1a9ca0fcf76bbb5a2b731e368,,2011/2024,observed,csv_row_2011_age_52_col_Male,annual_estimates_observed_v1,2011,52,male,700,reported,
1.0,annual_population_estimates_by_age_sex_csv,1b7b14fa75cab035860dd865eedd72527a92dac1a9ca0fcf76bbb5a2b731e368,,2011/2024,observed,csv_row_2011_age_52_col_Female,annual_estimates_observed_v1,2011,52,female,730,reported,
1.0,annual_population_estimates_by_age_sex_csv,1b7b14fa75cab035860dd865eedd72527a92dac1a9ca0fcf76bbb5a2b731e368,,2011/2024,derived,derived_from_2011_age_52_Male_and_Female,annual_estimates_sex_sum_v1,2011,52,all,1430,reported,
1.0,annual_population_estimates_by_age_sex_csv,1b7b14fa75cab035860dd865eedd72527a92dac1a9ca0fcf76bbb5a2b731e368,,2011/2024,observed,csv_row_2011_age_53_col_Male,annual_estimates_observed_v1,2011,53,male,720,reported,
1.0,annual_population_estimates_by_age_sex_csv,1b7b14fa75cab035860dd865eedd72527a92dac1a9ca0fcf76bbb5a2b731e368,,2011/2024,observed,csv_row_2011_age_53_col_Female,annual_estimates_observed_v1,2011,53,female,770,reported,
1.0,annual_population_estimates_by_age_sex_csv,1b7b14fa75cab035860dd865eedd72527a92dac1a9ca0fcf76bbb5a2b731e368,,2011/2024,derived,derived_from_2011_age_53_Male_and_Female,annual_estimates_sex_sum_v1,2011,53,all,1490,reported,
1.0,annual_population_estimates_by_age_sex_csv,1b7b14fa75cab035860dd865eedd72527a92dac1a9ca0fcf76bbb5a2b731e368,,2011/2024,observed,csv_row_2011_age_54_col_Male,annual_estimates_observed_v1,2011,54,male,670,reported,
1.0,annual_population_estimates_by_age_sex_csv,1b7b14fa75cab035860dd865eedd72527a92dac1a9ca0fcf76bbb5a2b731e368,,2011/2024,observed,csv_row_2011_age_54_col_Female,annual_estimates_observed_v1,2011,54,female,700,reported,
1.0,annual_population_estimates_by_age_sex_csv,1b7b14fa75cab035860dd865eedd72527a92dac1a9ca0fcf76bbb5a2b731e368,,2011/2024,derived,derived_from_2011_age_54_Male_and_Female,annual_estimates_sex_sum_v1,2011,54,all,1370,reported,
1.0,annual_population_estimates_by_age_sex_csv,1b7b14fa75cab035860dd865eedd72527a92dac1a9ca0fcf76bbb5a2b731e368,,2011/2024,observed,csv_row_2011_age_55_col_Male,annual_estimates_observed_v1,2011,55,male,670,reported,
1.0,annual_population_estimates_by_age_sex_csv,1b7b14fa75cab035860dd865eedd72527a92dac1a9ca0fcf76bbb5a2b731e368,,2011/2024,observed,csv_row_2011_age_55_col_Female,annual_estimates_observed_v1,2011,55,female,670,reported,
1.0,annual_population_estimates_by_age_sex_csv,1b7b14fa75cab035860dd865eedd72527a92dac1a9ca0fcf76bbb5a2b731e368,,2011/2024,derived,derived_from_2011_age_55_Male_and_Female,annual_estimates_sex_sum_v1,2011,55,all,1340,reported,
1.0,annual_population_estimates_by_age_sex_csv,1b7b14fa75cab035860dd865eedd72527a92dac1a9ca0fcf76bbb5a2b731e368,,2011/2024,observed,csv_row_2011_age_56_col_Male,annual_estimates_observed_v1,2011,56,male,580,reported,
1.0,annual_population_estimates_by_age_sex_csv,1b7b14fa75cab035860dd865eedd72527a92dac1a9ca0fcf76bbb5a2b731e368,,2011/2024,observed,csv_row_2011_age_56_col_Female,annual_estimates_observed_v1,2011,56,female,640,reported,
1.0,annual_population_estimates_by_age_sex_csv,1b7b14fa75cab035860dd865eedd72527a92dac1a9ca0fcf76bbb5a2b731e368,,2011/2024,derived,derived_from_2011_age_56_Male_and_Female,annual_estimates_sex_sum_v1,2011,56,all,1220,reported,
1.0,annual_population_estimates_by_age_sex_csv,1b7b14fa75cab035860dd865eedd72527a92dac1a9ca0fcf76bbb5a2b731e368,,2011/2024,observed,csv_row_2011_age_57_col_Male,annual_estimates_observed_v1,2011,57,male,610,reported,
1.0,annual_population_estimates_by_age_sex_csv,1b7b14fa75cab035860dd865eedd72527a92dac1a9ca0fcf76bbb5a2b731e368,,2011/2024,observed,csv_row_2011_age_57_col_Female,annual_estimates_observed_v1,2011,57,female,590,reported,
1.0,annual_population_estimates_by_age_sex_csv,1b7b14fa75cab035860dd865eedd72527a92dac1a9ca0fcf76bbb5a2b731e368,,2011/2024,derived,derived_from_2011_age_57_Male_and_Female,annual_estimates_sex_sum_v1,2011,57,all,1200,reported,
1.0,annual_population_estimates_by_age_sex_csv,1b7b14fa75cab035860dd865eedd72527a92dac1a9ca0fcf76bbb5a2b731e368,,2011/2024,observed,csv_row_2011_age_58_col_Male,annual_estimates_observed_v1,2011,58,male,590,reported,
1.0,annual_population_estimates_by_age_sex_csv,1b7b14fa75cab035860dd865eedd72527a92dac1a9ca0fcf76bbb5a2b731e368,,2011/2024,observed,csv_row_2011_age_58_col_Female,annual_estimates_observed_v1,2011,58,female,590,reported,
1.0,annual_population_estimates_by_age_sex_csv,1b7b14fa75cab035860dd865eedd72527a92dac1a9ca0fcf76bbb5a2b731e368,,2011/2024,derived,derived_from_2011_age_58_Male_and_Female,annual_estimates_sex_sum_v1,2011,58,all,1180,reported,
1.0,annual_population_estimates_by_age_sex_csv,1b7b14fa75cab035860dd865eedd72527a92dac1a9ca0fcf76bbb5a2b731e368,,2011/2024,observed,csv_row_2011_age_59_col_Male,annual_estimates_observed_v1,2011,59,male,540,reported,
1.0,annual_population_estimates_by_age_sex_csv,1b7b14fa75cab035860dd865eedd72527a92dac1a9ca0fcf76bbb5a2b731e368,,2011/2024,observed,csv_row_2011_age_59_col_Female,annual_estimates_observed_v1,2011,59,female,630,reported,
1.0,annual_population_estimates_by_age_sex_csv,1b7b14fa75cab035860dd865eedd72527a92dac1a9ca0fcf76bbb5a2b731e368,,2011/2024,derived,derived_from_2011_age_59_Male_and_Female,annual_estimates_sex_sum_v1,2011,59,all,1170,reported,
1.0,annual_population_estimates_by_age_sex_csv,1b7b14fa75cab035860dd865eedd72527a92dac1a9ca0fcf76bbb5a2b731e368,,2011/2024,observed,csv_row_2011_age_60_col_Male,annual_estimates_observed_v1,2011,60,male,580,reported,
1.0,annual_population_estimates_by_age_sex_csv,1b7b14fa75cab035860dd865eedd72527a92dac1a9ca0fcf76bbb5a2b731e368,,2011/2024,observed,csv_row_2011_age_60_col_Female,annual_estimates_observed_v1,2011,60,female,590,reported,
1.0,annual_population_estimates_by_age_sex_csv,1b7b14fa75cab035860dd865eedd72527a92dac1a9ca0fcf76bbb5a2b731e368,,2011/2024,derived,derived_from_2011_age_60_Male_and_Female,annual_estimates_sex_sum_v1,2011,60,all,1170,reported,
1.0,annual_population_estimates_by_age_sex_csv,1b7b14fa75cab035860dd865eedd72527a92dac1a9ca0fcf76bbb5a2b731e368,,2011/2024,observed,csv_row_2011_age_61_col_Male,annual_estimates_observed_v1,2011,61,male,570,reported,
1.0,annual_population_estimates_by_age_sex_csv,1b7b14fa75cab035860dd865eedd72527a92dac1a9ca0fcf76bbb5a2b731e368,,2011/2024,observed,csv_row_2011_age_61_col_Female,annual_estimates_observed_v1,2011,61,female,540,reported,
1.0,annual_population_estimates_by_age_sex_csv,1b7b14fa75cab035860dd865eedd72527a92dac1a9ca0fcf76bbb5a2b731e368,,2011/2024,derived,derived_from_2011_age_61_Male_and_Female,annual_estimates_sex_sum_v1,2011,61,all,1110,reported,
1.0,annual_population_estimates_by_age_sex_csv,1b7b14fa75cab035860dd865eedd72527a92dac1a9ca0fcf76bbb5a2b731e368,,2011/2024,observed,csv_row_2011_age_62_col_Male,annual_estimates_observed_v1,2011,62,male,550,reported,
1.0,annual_population_estimates_by_age_sex_csv,1b7b14fa75cab035860dd865eedd72527a92dac1a9ca0fcf76bbb5a2b731e368,,2011/2024,observed,csv_row_2011_age_62_col_Female,annual_estimates_observed_v1,2011,62,female,540,reported,
1.0,annual_population_estimates_by_age_sex_csv,1b7b14fa75cab035860dd865eedd72527a92dac1a9ca0fcf76bbb5a2b731e368,,2011/2024,derived,derived_from_2011_age_62_Male_and_Female,annual_estimates_sex_sum_v1,2011,62,all,1090,reported,
1.0,annual_population_estimates_by_age_sex_csv,1b7b14fa75cab035860dd865eedd72527a92dac1a9ca0fcf76bbb5a2b731e368,,2011/2024,observed,csv_row_2011_age_63_col_Male,annual_estimates_observed_v1,2011,63,male,550,reported,
1.0,annual_population_estimates_by_age_sex_csv,1b7b14fa75cab035860dd865eedd72527a92dac1a9ca0fcf76bbb5a2b731e368,,2011/2024,observed,csv_row_2011_age_63_col_Female,annual_estimates_observed_v1,2011,63,female,550,reported,
1.0,annual_population_estimates_by_age_sex_csv,1b7b14fa75cab035860dd865eedd72527a92dac1a9ca0fcf76bbb5a2b731e368,,2011/2024,derived,derived_from_2011_age_63_Male_and_Female,annual_estimates_sex_sum_v1,2011,63,all,1100,reported,
1.0,annual_population_estimates_by_age_sex_csv,1b7b14fa75cab035860dd865eedd72527a92dac1a9ca0fcf76bbb5a2b731e368,,2011/2024,observed,csv_row_2011_age_64_col_Male,annual_estimates_observed_v1,2011,64,male,600,reported,
1.0,annual_population_estimates_by_age_sex_csv,1b7b14fa75cab035860dd865eedd72527a92dac1a9ca0fcf76bbb5a2b731e368,,2011/2024,observed,csv_row_2011_age_64_col_Female,annual_estimates_observed_v1,2011,64,female,580,reported,
1.0,annual_population_estimates_by_age_sex_csv,1b7b14fa75cab035860dd865eedd72527a92dac1a9ca0fcf76bbb5a2b731e368,,2011/2024,derived,derived_from_2011_age_64_Male_and_Female,annual_estimates_sex_sum_v1,2011,64,all,1180,reported,
1.0,annual_population_estimates_by_age_sex_csv,1b7b14fa75cab035860dd865eedd72527a92dac1a9ca0fcf76bbb5a2b731e368,,2011/2024,observed,csv_row_2011_age_65_col_Male,annual_estimates_observed_v1,2011,65,male,510,reported,
1.0,annual_population_estimates_by_age_sex_csv,1b7b14fa75cab035860dd865eedd72527a92dac1a9ca0fcf76bbb5a2b731e368,,2011/2024,observed,csv_row_2011_age_65_col_Female,annual_estimates_observed_v1,2011,65,female,560,reported,
1.0,annual_population_estimates_by_age_sex_csv,1b7b14fa75cab035860dd865eedd72527a92dac1a9ca0fcf76bbb5a2b731e368,,2011/2024,derived,derived_from_2011_age_65_Male_and_Female,annual_estimates_sex_sum_v1,2011,65,all,1070,reported,
1.0,annual_population_estimates_by_age_sex_csv,1b7b14fa75cab035860dd865eedd72527a92dac1a9ca0fcf76bbb5a2b731e368,,2011/2024,observed,csv_row_2011_age_66_col_Male,annual_estimates_observed_v1,2011,66,male,410,reported,
1.0,annual_population_estimates_by_age_sex_csv,1b7b14fa75cab035860dd865eedd72527a92dac1a9ca0fcf76bbb5a2b731e368,,2011/2024,observed,csv_row_2011_age_66_col_Female,annual_estimates_observed_v1,2011,66,female,440,reported,
1.0,annual_population_estimates_by_age_sex_csv,1b7b14fa75cab035860dd865eedd72527a92dac1a9ca0fcf76bbb5a2b731e368,,2011/2024,derived,derived_from_2011_age_66_Male_and_Female,annual_estimates_sex_sum_v1,2011,66,all,850,reported,
1.0,annual_population_estimates_by_age_sex_csv,1b7b14fa75cab035860dd865eedd72527a92dac1a9ca0fcf76bbb5a2b731e368,,2011/2024,observed,csv_row_2011_age_67_col_Male,annual_estimates_observed_v1,2011,67,male,440,reported,
1.0,annual_population_estimates_by_age_sex_csv,1b7b14fa75cab035860dd865eedd72527a92dac1a9ca0fcf76bbb5a2b731e368,,2011/2024,observed,csv_row_2011_age_67_col_Female,annual_estimates_observed_v1,2011,67,female,480,reported,
1.0,annual_population_estimates_by_age_sex_csv,1b7b14fa75cab035860dd865eedd72527a92dac1a9ca0fcf76bbb5a2b731e368,,2011/2024,derived,derived_from_2011_age_67_Male_and_Female,annual_estimates_sex_sum_v1,2011,67,all,920,reported,
1.0,annual_population_estimates_by_age_sex_csv,1b7b14fa75cab035860dd865eedd72527a92dac1a9ca0fcf76bbb5a2b731e368,,2011/2024,observed,csv_row_2011_age_68_col_Male,annual_estimates_observed_v1,2011,68,male,380,reported,
1.0,annual_population_estimates_by_age_sex_csv,1b7b14fa75cab035860dd865eedd72527a92dac1a9ca0fcf76bbb5a2b731e368,,2011/2024,observed,csv_row_2011_age_68_col_Female,annual_estimates_observed_v1,2011,68,female,420,reported,
1.0,annual_population_estimates_by_age_sex_csv,1b7b14fa75cab035860dd865eedd72527a92dac1a9ca0fcf76bbb5a2b731e368,,2011/2024,derived,derived_from_2011_age_68_Male_and_Female,annual_estimates_sex_sum_v1,2011,68,all,800,reported,
1.0,annual_population_estimates_by_age_sex_csv,1b7b14fa75cab035860dd865eedd72527a92dac1a9ca0fcf76bbb5a2b731e368,,2011/2024,observed,csv_row_2011_age_69_col_Male,annual_estimates_observed_v1,2011,69,male,350,reported,
1.0,annual_population_estimates_by_age_sex_csv,1b7b14fa75cab035860dd865eedd72527a92dac1a9ca0fcf76bbb5a2b731e368,,2011/2024,observed,csv_row_2011_age_69_col_Female,annual_estimates_observed_v1,2011,69,female,370,reported,
1.0,annual_population_estimates_by_age_sex_csv,1b7b14fa75cab035860dd865eedd72527a92dac1a9ca0fcf76bbb5a2b731e368,,2011/2024,derived,derived_from_2011_age_69_Male_and_Female,annual_estimates_sex_sum_v1,2011,69,all,720,reported,
1.0,annual_population_estimates_by_age_sex_csv,1b7b14fa75cab035860dd865eedd72527a92dac1a9ca0fcf76bbb5a2b731e368,,2011/2024,observed,csv_row_2011_age_70_col_Male,annual_estimates_observed_v1,2011,70,male,310,reported,
1.0,annual_population_estimates_by_age_sex_csv,1b7b14fa75cab035860dd865eedd72527a92dac1a9ca0fcf76bbb5a2b731e368,,2011/2024,observed,csv_row_2011_age_70_col_Female,annual_estimates_observed_v1,2011,70,female,370,reported,
1.0,annual_population_estimates_by_age_sex_csv,1b7b14fa75cab035860dd865eedd72527a92dac1a9ca0fcf76bbb5a2b731e368,,2011/2024,derived,derived_from_2011_age_70_Male_and_Female,annual_estimates_sex_sum_v1,2011,70,all,680,reported,
1.0,annual_population_estimates_by_age_sex_csv,1b7b14fa75cab035860dd865eedd72527a92dac1a9ca0fcf76bbb5a2b731e368,,2011/2024,observed,csv_row_2011_age_71_col_Male,annual_estimates_observed_v1,2011,71,male,370,reported,
1.0,annual_population_estimates_by_age_sex_csv,1b7b14fa75cab035860dd865eedd72527a92dac1a9ca0fcf76bbb5a2b731e368,,2011/2024,observed,csv_row_2011_age_71_col_Female,annual_estimates_observed_v1,2011,71,female,400,reported,
1.0,annual_population_estimates_by_age_sex_csv,1b7b14fa75cab035860dd865eedd72527a92dac1a9ca0fcf76bbb5a2b731e368,,2011/2024,derived,derived_from_2011_age_71_Male_and_Female,annual_estimates_sex_sum_v1,2011,71,all,770,reported,
1.0,annual_population_estimates_by_age_sex_csv,1b7b14fa75cab035860dd865eedd72527a92dac1a9ca0fcf76bbb5a2b731e368,,2011/2024,observed,csv_row_2011_age_72_col_Male,annual_estimates_observed_v1,2011,72,male,370,reported,
1.0,annual_population_estimates_by_age_sex_csv,1b7b14fa75cab035860dd865eedd72527a92dac1a9ca0fcf76bbb5a2b731e368,,2011/2024,observed,csv_row_2011_age_72_col_Female,annual_estimates_observed_v1,2011,72,female,370,reported,
1.0,annual_population_estimates_by_age_sex_csv,1b7b14fa75cab035860dd865eedd72527a92dac1a9ca0fcf76bbb5a2b731e368,,2011/2024,derived,derived_from_2011_age_72_Male_and_Female,annual_estimates_sex_sum_v1,2011,72,all,740,reported,
1.0,annual_population_estimates_by_age_sex_csv,1b7b14fa75cab035860dd865eedd72527a92dac1a9ca0fcf76bbb5a2b731e368,,2011/2024,observed,csv_row_2011_age_73_col_Male,annual_estimates_observed_v1,2011,73,male,340,reported,
1.0,annual_population_estimates_by_age_sex_csv,1b7b14fa75cab035860dd865eedd72527a92dac1a9ca0fcf76bbb5a2b731e368,,2011/2024,observed,csv_row_2011_age_73_col_Female,annual_estimates_observed_v1,2011,73,female,380,reported,
1.0,annual_population_estimates_by_age_sex_csv,1b7b14fa75cab035860dd865eedd72527a92dac1a9ca0fcf76bbb5a2b731e368,,2011/2024,derived,derived_from_2011_age_73_Male_and_Female,annual_estimates_sex_sum_v1,2011,73,all,720,reported,
1.0,annual_population_estimates_by_age_sex_csv,1b7b14fa75cab035860dd865eedd72527a92dac1a9ca0fcf76bbb5a2b731e368,,2011/2024,observed,csv_row_2011_age_74_col_Male,annual_estimates_observed_v1,2011,74,male,320,reported,
1.0,annual_population_estimates_by_age_sex_csv,1b7b14fa75cab035860dd865eedd72527a92dac1a9ca0fcf76bbb5a2b731e368,,2011/2024,observed,csv_row_2011_age_74_col_Female,annual_estimates_observed_v1,2011,74,female,360,reported,
1.0,annual_population_estimates_by_age_sex_csv,1b7b14fa75cab035860dd865eedd72527a92dac1a9ca0fcf76bbb5a2b731e368,,2011/2024,derived,derived_from_2011_age_74_Male_and_Female,annual_estimates_sex_sum_v1,2011,74,all,680,reported,
1.0,annual_population_estimates_by_age_sex_csv,1b7b14fa75cab035860dd865eedd72527a92dac1a9ca0fcf76bbb5a2b731e368,,2011/2024,observed,csv_row_2011_age_75_col_Male,annual_estimates_observed_v1,2011,75,male,320,reported,
1.0,annual_population_estimates_by_age_sex_csv,1b7b14fa75cab035860dd865eedd72527a92dac1a9ca0fcf76bbb5a2b731e368,,2011/2024,observed,csv_row_2011_age_75_col_Female,annual_estimates_observed_v1,2011,75,female,350,reported,
1.0,annual_population_estimates_by_age_sex_csv,1b7b14fa75cab035860dd865eedd72527a92dac1a9ca0fcf76bbb5a2b731e368,,2011/2024,derived,derived_from_2011_age_75_Male_and_Female,annual_estimates_sex_sum_v1,2011,75,all,670,reported,
1.0,annual_population_estimates_by_age_sex_csv,1b7b14fa75cab035860dd865eedd72527a92dac1a9ca0fcf76bbb5a2b731e368,,2011/2024,observed,csv_row_2011_age_76_col_Male,annual_estimates_observed_v1,2011,76,male,310,reported,
1.0,annual_population_estimates_by_age_sex_csv,1b7b14fa75cab035860dd865eedd72527a92dac1a9ca0fcf76bbb5a2b731e368,,2011/2024,observed,csv_row_2011_age_76_col_Female,annual_estimates_observed_v1,2011,76,female,330,reported,
1.0,annual_population_estimates_by_age_sex_csv,1b7b14fa75cab035860dd865eedd72527a92dac1a9ca0fcf76bbb5a2b731e368,,2011/2024,derived,derived_from_2011_age_76_Male_and_Female,annual_estimates_sex_sum_v1,2011,76,all,640,reported,
1.0,annual_population_estimates_by_age_sex_csv,1b7b14fa75cab035860dd865eedd72527a92dac1a9ca0fcf76bbb5a2b731e368,,2011/2024,observed,csv_row_2011_age_77_col_Male,annual_estimates_observed_v1,2011,77,male,280,reported,
1.0,annual_population_estimates_by_age_sex_csv,1b7b14fa75cab035860dd865eedd72527a92dac1a9ca0fcf76bbb5a2b731e368,,2011/2024,observed,csv_row_2011_age_77_col_Female,annual_estimates_observed_v1,2011,77,female,330,reported,
1.0,annual_population_estimates_by_age_sex_csv,1b7b14fa75cab035860dd865eedd72527a92dac1a9ca0fcf76bbb5a2b731e368,,2011/2024,derived,derived_from_2011_age_77_Male_and_Female,annual_estimates_sex_sum_v1,2011,77,all,610,reported,
1.0,annual_population_estimates_by_age_sex_csv,1b7b14fa75cab035860dd865eedd72527a92dac1a9ca0fcf76bbb5a2b731e368,,2011/2024,observed,csv_row_2011_age_78_col_Male,annual_estimates_observed_v1,2011,78,male,260,reported,
1.0,annual_population_estimates_by_age_sex_csv,1b7b14fa75cab035860dd865eedd72527a92dac1a9ca0fcf76bbb5a2b731e368,,2011/2024,observed,csv_row_2011_age_78_col_Female,annual_estimates_observed_v1,2011,78,female,320,reported,
1.0,annual_population_estimates_by_age_sex_csv,1b7b14fa75cab035860dd865eedd72527a92dac1a9ca0fcf76bbb5a2b731e368,,2011/2024,derived,derived_from_2011_age_78_Male_and_Female,annual_estimates_sex_sum_v1,2011,78,all,580,reported,
1.0,annual_population_estimates_by_age_sex_csv,1b7b14fa75cab035860dd865eedd72527a92dac1a9ca0fcf76bbb5a2b731e368,,2011/2024,observed,csv_row_2011_age_79_col_Male,annual_estimates_observed_v1,2011,79,male,200,reported,
1.0,annual_population_estimates_by_age_sex_csv,1b7b14fa75cab035860dd865eedd72527a92dac1a9ca0fcf76bbb5a2b731e368,,2011/2024,observed,csv_row_2011_age_79_col_Female,annual_estimates_observed_v1,2011,79,female,290,reported,
1.0,annual_population_estimates_by_age_sex_csv,1b7b14fa75cab035860dd865eedd72527a92dac1a9ca0fcf76bbb5a2b731e368,,2011/2024,derived,derived_from_2011_age_79_Male_and_Female,annual_estimates_sex_sum_v1,2011,79,all,490,reported,
1.0,annual_population_estimates_by_age_sex_csv,1b7b14fa75cab035860dd865eedd72527a92dac1a9ca0fcf76bbb5a2b731e368,,2011/2024,observed,csv_row_2011_age_80_col_Male,annual_estimates_observed_v1,2011,80,male,220,reported,
1.0,annual_population_estimates_by_age_sex_csv,1b7b14fa75cab035860dd865eedd72527a92dac1a9ca0fcf76bbb5a2b731e368,,2011/2024,observed,csv_row_2011_age_80_col_Female,annual_estimates_observed_v1,2011,80,female,260,reported,
1.0,annual_population_estimates_by_age_sex_csv,1b7b14fa75cab035860dd865eedd72527a92dac1a9ca0fcf76bbb5a2b731e368,,2011/2024,derived,derived_from_2011_age_80_Male_and_Female,annual_estimates_sex_sum_v1,2011,80,all,480,reported,
1.0,annual_population_estimates_by_age_sex_csv,1b7b14fa75cab035860dd865eedd72527a92dac1a9ca0fcf76bbb5a2b731e368,,2011/2024,observed,csv_row_2011_age_81_col_Male,annual_estimates_observed_v1,2011,81,male,190,reported,
1.0,annual_population_estimates_by_age_sex_csv,1b7b14fa75cab035860dd865eedd72527a92dac1a9ca0fcf76bbb5a2b731e368,,2011/2024,observed,csv_row_2011_age_81_col_Female,annual_estimates_observed_v1,2011,81,female,280,reported,
1.0,annual_population_estimates_by_age_sex_csv,1b7b14fa75cab035860dd865eedd72527a92dac1a9ca0fcf76bbb5a2b731e368,,2011/2024,derived,derived_from_2011_age_81_Male_and_Female,annual_estimates_sex_sum_v1,2011,81,all,470,reported,
1.0,annual_population_estimates_by_age_sex_csv,1b7b14fa75cab035860dd865eedd72527a92dac1a9ca0fcf76bbb5a2b731e368,,2011/2024,observed,csv_row_2011_age_82_col_Male,annual_estimates_observed_v1,2011,82,male,160,reported,
1.0,annual_population_estimates_by_age_sex_csv,1b7b14fa75cab035860dd865eedd72527a92dac1a9ca0fcf76bbb5a2b731e368,,2011/2024,observed,csv_row_2011_age_82_col_Female,annual_estimates_observed_v1,2011,82,female,230,reported,
1.0,annual_population_estimates_by_age_sex_csv,1b7b14fa75cab035860dd865eedd72527a92dac1a9ca0fcf76bbb5a2b731e368,,2011/2024,derived,derived_from_2011_age_82_Male_and_Female,annual_estimates_sex_sum_v1,2011,82,all,390,reported,
1.0,annual_population_estimates_by_age_sex_csv,1b7b14fa75cab035860dd865eedd72527a92dac1a9ca0fcf76bbb5a2b731e368,,2011/2024,observed,csv_row_2011_age_83_col_Male,annual_estimates_observed_v1,2011,83,male,140,reported,
1.0,annual_population_estimates_by_age_sex_csv,1b7b14fa75cab035860dd865eedd72527a92dac1a9ca0fcf76bbb5a2b731e368,,2011/2024,observed,csv_row_2011_age_83_col_Female,annual_estimates_observed_v1,2011,83,female,260,reported,
1.0,annual_population_estimates_by_age_sex_csv,1b7b14fa75cab035860dd865eedd72527a92dac1a9ca0fcf76bbb5a2b731e368,,2011/2024,derived,derived_from_2011_age_83_Male_and_Female,annual_estimates_sex_sum_v1,2011,83,all,400,reported,
1.0,annual_population_estimates_by_age_sex_csv,1b7b14fa75cab035860dd865eedd72527a92dac1a9ca0fcf76bbb5a2b731e368,,2011/2024,observed,csv_row_2011_age_84_col_Male,annual_estimates_observed_v1,2011,84,male,150,reported,
1.0,annual_population_estimates_by_age_sex_csv,1b7b14fa75cab035860dd865eedd72527a92dac1a9ca0fcf76bbb5a2b731e368,,2011/2024,observed,csv_row_2011_age_84_col_Female,annual_estimates_observed_v1,2011,84,female,180,reported,
1.0,annual_population_estimates_by_age_sex_csv,1b7b14fa75cab035860dd865eedd72527a92dac1a9ca0fcf76bbb5a2b731e368,,2011/2024,derived,derived_from_2011_age_84_Male_and_Female,annual_estimates_sex_sum_v1,2011,84,all,330,reported,
1.0,annual_population_estimates_by_age_sex_csv,1b7b14fa75cab035860dd865eedd72527a92dac1a9ca0fcf76bbb5a2b731e368,,2011/2024,observed,csv_row_2011_age_85_col_Male,annual_estimates_observed_v1,2011,85,male,120,reported,
1.0,annual_population_estimates_by_age_sex_csv,1b7b14fa75cab035860dd865eedd72527a92dac1a9ca0fcf76bbb5a2b731e368,,2011/2024,observed,csv_row_2011_age_85_col_Female,annual_estimates_observed_v1,2011,85,female,190,reported,
1.0,annual_population_estimates_by_age_sex_csv,1b7b14fa75cab035860dd865eedd72527a92dac1a9ca0fcf76bbb5a2b731e368,,2011/2024,derived,derived_from_2011_age_85_Male_and_Female,annual_estimates_sex_sum_v1,2011,85,all,310,reported,
1.0,annual_population_estimates_by_age_sex_csv,1b7b14fa75cab035860dd865eedd72527a92dac1a9ca0fcf76bbb5a2b731e368,,2011/2024,observed,csv_row_2011_age_86_col_Male,annual_estimates_observed_v1,2011,86,male,120,reported,
1.0,annual_population_estimates_by_age_sex_csv,1b7b14fa75cab035860dd865eedd72527a92dac1a9ca0fcf76bbb5a2b731e368,,2011/2024,observed,csv_row_2011_age_86_col_Female,annual_estimates_observed_v1,2011,86,female,180,reported,
1.0,annual_population_estimates_by_age_sex_csv,1b7b14fa75cab035860dd865eedd72527a92dac1a9ca0fcf76bbb5a2b731e368,,2011/2024,derived,derived_from_2011_age_86_Male_and_Female,annual_estimates_sex_sum_v1,2011,86,all,300,reported,
1.0,annual_population_estimates_by_age_sex_csv,1b7b14fa75cab035860dd865eedd72527a92dac1a9ca0fcf76bbb5a2b731e368,,2011/2024,observed,csv_row_2011_age_87_col_Male,annual_estimates_observed_v1,2011,87,male,90,reported,
1.0,annual_population_estimates_by_age_sex_csv,1b7b14fa75cab035860dd865eedd72527a92dac1a9ca0fcf76bbb5a2b731e368,,2011/2024,observed,csv_row_2011_age_87_col_Female,annual_estimates_observed_v1,2011,87,female,150,reported,
1.0,annual_population_estimates_by_age_sex_csv,1b7b14fa75cab035860dd865eedd72527a92dac1a9ca0fcf76bbb5a2b731e368,,2011/2024,derived,derived_from_2011_age_87_Male_and_Female,annual_estimates_sex_sum_v1,2011,87,all,240,reported,
1.0,annual_population_estimates_by_age_sex_csv,1b7b14fa75cab035860dd865eedd72527a92dac1a9ca0fcf76bbb5a2b731e368,,2011/2024,observed,csv_row_2011_age_88_col_Male,annual_estimates_observed_v1,2011,88,male,70,reported,
1.0,annual_population_estimates_by_age_sex_csv,1b7b14fa75cab035860dd865eedd72527a92dac1a9ca0fcf76bbb5a2b731e368,,2011/2024,observed,csv_row_2011_age_88_col_Female,annual_estimates_observed_v1,2011,88,female,140,reported,
1.0,annual_population_estimates_by_age_sex_csv,1b7b14fa75cab035860dd865eedd72527a92dac1a9ca0fcf76bbb5a2b731e368,,2011/2024,derived,derived_from_2011_age_88_Male_and_Female,annual_estimates_sex_sum_v1,2011,88,all,210,reported,
1.0,annual_population_estimates_by_age_sex_csv,1b7b14fa75cab035860dd865eedd72527a92dac1a9ca0fcf76bbb5a2b731e368,,2011/2024,observed,csv_row_2011_age_89_col_Male,annual_estimates_observed_v1,2011,89,male,70,reported,
1.0,annual_population_estimates_by_age_sex_csv,1b7b14fa75cab035860dd865eedd72527a92dac1a9ca0fcf76bbb5a2b731e368,,2011/2024,observed,csv_row_2011_age_89_col_Female,annual_estimates_observed_v1,2011,89,female,130,reported,
1.0,annual_population_estimates_by_age_sex_csv,1b7b14fa75cab035860dd865eedd72527a92dac1a9ca0fcf76bbb5a2b731e368,,2011/2024,derived,derived_from_2011_age_89_Male_and_Female,annual_estimates_sex_sum_v1,2011,89,all,200,reported,
1.0,annual_population_estimates_by_age_sex_csv,1b7b14fa75cab035860dd865eedd72527a92dac1a9ca0fcf76bbb5a2b731e368,,2011/2024,observed,csv_row_2011_age_90_col_Male,annual_estimates_observed_v1,2011,90,male,50,reported,
1.0,annual_population_estimates_by_age_sex_csv,1b7b14fa75cab035860dd865eedd72527a92dac1a9ca0fcf76bbb5a2b731e368,,2011/2024,observed,csv_row_2011_age_90_col_Female,annual_estimates_observed_v1,2011,90,female,110,reported,
1.0,annual_population_estimates_by_age_sex_csv,1b7b14fa75cab035860dd865eedd72527a92dac1a9ca0fcf76bbb5a2b731e368,,2011/2024,derived,derived_from_2011_age_90_Male_and_Female,annual_estimates_sex_sum_v1,2011,90,all,160,reported,
1.0,annual_population_estimates_by_age_sex_csv,1b7b14fa75cab035860dd865eedd72527a92dac1a9ca0fcf76bbb5a2b731e368,,2011/2024,observed,csv_row_2011_age_91_col_Male,annual_estimates_observed_v1,2011,91,male,40,reported,
1.0,annual_population_estimates_by_age_sex_csv,1b7b14fa75cab035860dd865eedd72527a92dac1a9ca0fcf76bbb5a2b731e368,,2011/2024,observed,csv_row_2011_age_91_col_Female,annual_estimates_observed_v1,2011,91,female,120,reported,
1.0,annual_population_estimates_by_age_sex_csv,1b7b14fa75cab035860dd865eedd72527a92dac1a9ca0fcf76bbb5a2b731e368,,2011/2024,derived,derived_from_2011_age_91_Male_and_Female,annual_estimates_sex_sum_v1,2011,91,all,160,reported,
1.0,annual_population_estimates_by_age_sex_csv,1b7b14fa75cab035860dd865eedd72527a92dac1a9ca0fcf76bbb5a2b731e368,,2011/2024,observed,csv_row_2011_age_92_col_Male,annual_estimates_observed_v1,2011,92,male,30,reported,
1.0,annual_population_estimates_by_age_sex_csv,1b7b14fa75cab035860dd865eedd72527a92dac1a9ca0fcf76bbb5a2b731e368,,2011/2024,observed,csv_row_2011_age_92_col_Female,annual_estimates_observed_v1,2011,92,female,70,reported,
1.0,annual_population_estimates_by_age_sex_csv,1b7b14fa75cab035860dd865eedd72527a92dac1a9ca0fcf76bbb5a2b731e368,,2011/2024,derived,derived_from_2011_age_92_Male_and_Female,annual_estimates_sex_sum_v1,2011,92,all,100,reported,
1.0,annual_population_estimates_by_age_sex_csv,1b7b14fa75cab035860dd865eedd72527a92dac1a9ca0fcf76bbb5a2b731e368,,2011/2024,observed,csv_row_2011_age_93_col_Male,annual_estimates_observed_v1,2011,93,male,10,reported,
1.0,annual_population_estimates_by_age_sex_csv,1b7b14fa75cab035860dd865eedd72527a92dac1a9ca0fcf76bbb5a2b731e368,,2011/2024,observed,csv_row_2011_age_93_col_Female,annual_estimates_observed_v1,2011,93,female,50,reported,
1.0,annual_population_estimates_by_age_sex_csv,1b7b14fa75cab035860dd865eedd72527a92dac1a9ca0fcf76bbb5a2b731e368,,2011/2024,derived,derived_from_2011_age_93_Male_and_Female,annual_estimates_sex_sum_v1,2011,93,all,60,reported,
1.0,annual_population_estimates_by_age_sex_csv,1b7b14fa75cab035860dd865eedd72527a92dac1a9ca0fcf76bbb5a2b731e368,,2011/2024,observed,csv_row_2011_age_94_col_Male,annual_estimates_observed_v1,2011,94,male,10,reported,
1.0,annual_population_estimates_by_age_sex_csv,1b7b14fa75cab035860dd865eedd72527a92dac1a9ca0fcf76bbb5a2b731e368,,2011/2024,observed,csv_row_2011_age_94_col_Female,annual_estimates_observed_v1,2011,94,female,40,reported,
1.0,annual_population_estimates_by_age_sex_csv,1b7b14fa75cab035860dd865eedd72527a92dac1a9ca0fcf76bbb5a2b731e368,,2011/2024,derived,derived_from_2011_age_94_Male_and_Female,annual_estimates_sex_sum_v1,2011,94,all,50,reported,
1.0,annual_population_estimates_by_age_sex_csv,1b7b14fa75cab035860dd865eedd72527a92dac1a9ca0fcf76bbb5a2b731e368,,2011/2024,observed,csv_row_2011_age_95_col_Male,annual_estimates_observed_v1,2011,95,male,10,reported,
1.0,annual_population_estimates_by_age_sex_csv,1b7b14fa75cab035860dd865eedd72527a92dac1a9ca0fcf76bbb5a2b731e368,,2011/2024,observed,csv_row_2011_age_95_col_Female,annual_estimates_observed_v1,2011,95,female,30,reported,
1.0,annual_population_estimates_by_age_sex_csv,1b7b14fa75cab035860dd865eedd72527a92dac1a9ca0fcf76bbb5a2b731e368,,2011/2024,derived,derived_from_2011_age_95_Male_and_Female,annual_estimates_sex_sum_v1,2011,95,all,40,reported,
1.0,annual_population_estimates_by_age_sex_csv,1b7b14fa75cab035860dd865eedd72527a92dac1a9ca0fcf76bbb5a2b731e368,,2011/2024,observed,csv_row_2011_age_96_col_Male,annual_estimates_observed_v1,2011,96,male,10,reported,
1.0,annual_population_estimates_by_age_sex_csv,1b7b14fa75cab035860dd865eedd72527a92dac1a9ca0fcf76bbb5a2b731e368,,2011/2024,observed,csv_row_2011_age_96_col_Female,annual_estimates_observed_v1,2011,96,female,20,reported,
1.0,annual_population_estimates_by_age_sex_csv,1b7b14fa75cab035860dd865eedd72527a92dac1a9ca0fcf76bbb5a2b731e368,,2011/2024,derived,derived_from_2011_age_96_Male_and_Female,annual_estimates_sex_sum_v1,2011,96,all,30,reported,
1.0,annual_population_estimates_by_age_sex_csv,1b7b14fa75cab035860dd865eedd72527a92dac1a9ca0fcf76bbb5a2b731e368,,2011/2024,observed,csv_row_2011_age_97_col_Male,annual_estimates_observed_v1,2011,97,male,10,reported,
1.0,annual_population_estimates_by_age_sex_csv,1b7b14fa75cab035860dd865eedd72527a92dac1a9ca0fcf76bbb5a2b731e368,,2011/2024,observed,csv_row_2011_age_97_col_Female,annual_estimates_observed_v1,2011,97,female,20,reported,
1.0,annual_population_estimates_by_age_sex_csv,1b7b14fa75cab035860dd865eedd72527a92dac1a9ca0fcf76bbb5a2b731e368,,2011/2024,derived,derived_from_2011_age_97_Male_and_Female,annual_estimates_sex_sum_v1,2011,97,all,30,reported,
1.0,annual_population_estimates_by_age_sex_csv,1b7b14fa75cab035860dd865eedd72527a92dac1a9ca0fcf76bbb5a2b731e368,,2011/2024,observed,csv_row_2011_age_98_col_Male,annual_estimates_observed_v1,2011,98,male,10,reported,
1.0,annual_population_estimates_by_age_sex_csv,1b7b14fa75cab035860dd865eedd72527a92dac1a9ca0fcf76bbb5a2b731e368,,2011/2024,observed,csv_row_2011_age_98_col_Female,annual_estimates_observed_v1,2011,98,female,20,reported,
1.0,annual_population_estimates_by_age_sex_csv,1b7b14fa75cab035860dd865eedd72527a92dac1a9ca0fcf76bbb5a2b731e368,,2011/2024,derived,derived_from_2011_age_98_Male_and_Female,annual_estimates_sex_sum_v1,2011,98,all,30,reported,
1.0,annual_population_estimates_by_age_sex_csv,1b7b14fa75cab035860dd865eedd72527a92dac1a9ca0fcf76bbb5a2b731e368,,2011/2024,observed,csv_row_2011_age_99_col_Male,annual_estimates_observed_v1,2011,99,male,0,reported,
1.0,annual_population_estimates_by_age_sex_csv,1b7b14fa75cab035860dd865eedd72527a92dac1a9ca0fcf76bbb5a2b731e368,,2011/2024,observed,csv_row_2011_age_99_col_Female,annual_estimates_observed_v1,2011,99,female,10,reported,
1.0,annual_population_estimates_by_age_sex_csv,1b7b14fa75cab035860dd865eedd72527a92dac1a9ca0fcf76bbb5a2b731e368,,2011/2024,derived,derived_from_2011_age_99_Male_and_Female,annual_estimates_sex_sum_v1,2011,99,all,10,reported,
1.0,annual_population_estimates_by_age_sex_csv,1b7b14fa75cab035860dd865eedd72527a92dac1a9ca0fcf76bbb5a2b731e368,,2011/2024,observed,csv_row_2011_age_100_col_Male,annual_estimates_observed_v1,2011,100,male,0,reported,
1.0,annual_population_estimates_by_age_sex_csv,1b7b14fa75cab035860dd865eedd72527a92dac1a9ca0fcf76bbb5a2b731e368,,2011/2024,observed,csv_row_2011_age_100_col_Female,annual_estimates_observed_v1,2011,100,female,10,reported,
1.0,annual_population_estimates_by_age_sex_csv,1b7b14fa75cab035860dd865eedd72527a92dac1a9ca0fcf76bbb5a2b731e368,,2011/2024,derived,derived_from_2011_age_100_Male_and_Female,annual_estimates_sex_sum_v1,2011,100,all,10,reported,
1.0,annual_population_estimates_by_age_sex_csv,1b7b14fa75cab035860dd865eedd72527a92dac1a9ca0fcf76bbb5a2b731e368,,2011/2024,observed,csv_row_2012_age_0_col_Male,annual_estimates_observed_v1,2012,0,male,580,reported,
1.0,annual_population_estimates_by_age_sex_csv,1b7b14fa75cab035860dd865eedd72527a92dac1a9ca0fcf76bbb5a2b731e368,,2011/2024,observed,csv_row_2012_age_0_col_Female,annual_estimates_observed_v1,2012,0,female,550,reported,
1.0,annual_population_estimates_by_age_sex_csv,1b7b14fa75cab035860dd865eedd72527a92dac1a9ca0fcf76bbb5a2b731e368,,2011/2024,derived,derived_from_2012_age_0_Male_and_Female,annual_estimates_sex_sum_v1,2012,0,all,1130,reported,
1.0,annual_population_estimates_by_age_sex_csv,1b7b14fa75cab035860dd865eedd72527a92dac1a9ca0fcf76bbb5a2b731e368,,2011/2024,observed,csv_row_2012_age_1_col_Male,annual_estimates_observed_v1,2012,1,male,540,reported,
1.0,annual_population_estimates_by_age_sex_csv,1b7b14fa75cab035860dd865eedd72527a92dac1a9ca0fcf76bbb5a2b731e368,,2011/2024,observed,csv_row_2012_age_1_col_Female,annual_estimates_observed_v1,2012,1,female,530,reported,
1.0,annual_population_estimates_by_age_sex_csv,1b7b14fa75cab035860dd865eedd72527a92dac1a9ca0fcf76bbb5a2b731e368,,2011/2024,derived,derived_from_2012_age_1_Male_and_Female,annual_estimates_sex_sum_v1,2012,1,all,1070,reported,
1.0,annual_population_estimates_by_age_sex_csv,1b7b14fa75cab035860dd865eedd72527a92dac1a9ca0fcf76bbb5a2b731e368,,2011/2024,observed,csv_row_2012_age_2_col_Male,annual_estimates_observed_v1,2012,2,male,520,reported,
1.0,annual_population_estimates_by_age_sex_csv,1b7b14fa75cab035860dd865eedd72527a92dac1a9ca0fcf76bbb5a2b731e368,,2011/2024,observed,csv_row_2012_age_2_col_Female,annual_estimates_observed_v1,2012,2,female,550,reported,
1.0,annual_population_estimates_by_age_sex_csv,1b7b14fa75cab035860dd865eedd72527a92dac1a9ca0fcf76bbb5a2b731e368,,2011/2024,derived,derived_from_2012_age_2_Male_and_Female,annual_estimates_sex_sum_v1,2012,2,all,1070,reported,
1.0,annual_population_estimates_by_age_sex_csv,1b7b14fa75cab035860dd865eedd72527a92dac1a9ca0fcf76bbb5a2b731e368,,2011/2024,observed,csv_row_2012_age_3_col_Male,annual_estimates_observed_v1,2012,3,male,500,reported,
1.0,annual_population_estimates_by_age_sex_csv,1b7b14fa75cab035860dd865eedd72527a92dac1a9ca0fcf76bbb5a2b731e368,,2011/2024,observed,csv_row_2012_age_3_col_Female,annual_estimates_observed_v1,2012,3,female,490,reported,
1.0,annual_population_estimates_by_age_sex_csv,1b7b14fa75cab035860dd865eedd72527a92dac1a9ca0fcf76bbb5a2b731e368,,2011/2024,derived,derived_from_2012_age_3_Male_and_Female,annual_estimates_sex_sum_v1,2012,3,all,990,reported,
1.0,annual_population_estimates_by_age_sex_csv,1b7b14fa75cab035860dd865eedd72527a92dac1a9ca0fcf76bbb5a2b731e368,,2011/2024,observed,csv_row_2012_age_4_col_Male,annual_estimates_observed_v1,2012,4,male,500,reported,
1.0,annual_population_estimates_by_age_sex_csv,1b7b14fa75cab035860dd865eedd72527a92dac1a9ca0fcf76bbb5a2b731e368,,2011/2024,observed,csv_row_2012_age_4_col_Female,annual_estimates_observed_v1,2012,4,female,520,reported,
1.0,annual_population_estimates_by_age_sex_csv,1b7b14fa75cab035860dd865eedd72527a92dac1a9ca0fcf76bbb5a2b731e368,,2011/2024,derived,derived_from_2012_age_4_Male_and_Female,annual_estimates_sex_sum_v1,2012,4,all,1020,reported,
1.0,annual_population_estimates_by_age_sex_csv,1b7b14fa75cab035860dd865eedd72527a92dac1a9ca0fcf76bbb5a2b731e368,,2011/2024,observed,csv_row_2012_age_5_col_Male,annual_estimates_observed_v1,2012,5,male,500,reported,
1.0,annual_population_estimates_by_age_sex_csv,1b7b14fa75cab035860dd865eedd72527a92dac1a9ca0fcf76bbb5a2b731e368,,2011/2024,observed,csv_row_2012_age_5_col_Female,annual_estimates_observed_v1,2012,5,female,500,reported,
1.0,annual_population_estimates_by_age_sex_csv,1b7b14fa75cab035860dd865eedd72527a92dac1a9ca0fcf76bbb5a2b731e368,,2011/2024,derived,derived_from_2012_age_5_Male_and_Female,annual_estimates_sex_sum_v1,2012,5,all,1000,reported,
1.0,annual_population_estimates_by_age_sex_csv,1b7b14fa75cab035860dd865eedd72527a92dac1a9ca0fcf76bbb5a2b731e368,,2011/2024,observed,csv_row_2012_age_6_col_Male,annual_estimates_observed_v1,2012,6,male,480,reported,
1.0,annual_population_estimates_by_age_sex_csv,1b7b14fa75cab035860dd865eedd72527a92dac1a9ca0fcf76bbb5a2b731e368,,2011/2024,observed,csv_row_2012_age_6_col_Female,annual_estimates_observed_v1,2012,6,female,510,reported,
1.0,annual_population_estimates_by_age_sex_csv,1b7b14fa75cab035860dd865eedd72527a92dac1a9ca0fcf76bbb5a2b731e368,,2011/2024,derived,derived_from_2012_age_6_Male_and_Female,annual_estimates_sex_sum_v1,2012,6,all,990,reported,
1.0,annual_population_estimates_by_age_sex_csv,1b7b14fa75cab035860dd865eedd72527a92dac1a9ca0fcf76bbb5a2b731e368,,2011/2024,observed,csv_row_2012_age_7_col_Male,annual_estimates_observed_v1,2012,7,male,490,reported,
1.0,annual_population_estimates_by_age_sex_csv,1b7b14fa75cab035860dd865eedd72527a92dac1a9ca0fcf76bbb5a2b731e368,,2011/2024,observed,csv_row_2012_age_7_col_Female,annual_estimates_observed_v1,2012,7,female,480,reported,
1.0,annual_population_estimates_by_age_sex_csv,1b7b14fa75cab035860dd865eedd72527a92dac1a9ca0fcf76bbb5a2b731e368,,2011/2024,derived,derived_from_2012_age_7_Male_and_Female,annual_estimates_sex_sum_v1,2012,7,all,970,reported,
1.0,annual_population_estimates_by_age_sex_csv,1b7b14fa75cab035860dd865eedd72527a92dac1a9ca0fcf76bbb5a2b731e368,,2011/2024,observed,csv_row_2012_age_8_col_Male,annual_estimates_observed_v1,2012,8,male,500,reported,
1.0,annual_population_estimates_by_age_sex_csv,1b7b14fa75cab035860dd865eedd72527a92dac1a9ca0fcf76bbb5a2b731e368,,2011/2024,observed,csv_row_2012_age_8_col_Female,annual_estimates_observed_v1,2012,8,female,480,reported,
1.0,annual_population_estimates_by_age_sex_csv,1b7b14fa75cab035860dd865eedd72527a92dac1a9ca0fcf76bbb5a2b731e368,,2011/2024,derived,derived_from_2012_age_8_Male_and_Female,annual_estimates_sex_sum_v1,2012,8,all,980,reported,
1.0,annual_population_estimates_by_age_sex_csv,1b7b14fa75cab035860dd865eedd72527a92dac1a9ca0fcf76bbb5a2b731e368,,2011/2024,observed,csv_row_2012_age_9_col_Male,annual_estimates_observed_v1,2012,9,male,530,reported,
1.0,annual_population_estimates_by_age_sex_csv,1b7b14fa75cab035860dd865eedd72527a92dac1a9ca0fcf76bbb5a2b731e368,,2011/2024,observed,csv_row_2012_age_9_col_Female,annual_estimates_observed_v1,2012,9,female,490,reported,
1.0,annual_population_estimates_by_age_sex_csv,1b7b14fa75cab035860dd865eedd72527a92dac1a9ca0fcf76bbb5a2b731e368,,2011/2024,derived,derived_from_2012_age_9_Male_and_Female,annual_estimates_sex_sum_v1,2012,9,all,1020,reported,
1.0,annual_population_estimates_by_age_sex_csv,1b7b14fa75cab035860dd865eedd72527a92dac1a9ca0fcf76bbb5a2b731e368,,2011/2024,observed,csv_row_2012_age_10_col_Male,annual_estimates_observed_v1,2012,10,male,450,reported,
1.0,annual_population_estimates_by_age_sex_csv,1b7b14fa75cab035860dd865eedd72527a92dac1a9ca0fcf76bbb5a2b731e368,,2011/2024,observed,csv_row_2012_age_10_col_Female,annual_estimates_observed_v1,2012,10,female,480,reported,
1.0,annual_population_estimates_by_age_sex_csv,1b7b14fa75cab035860dd865eedd72527a92dac1a9ca0fcf76bbb5a2b731e368,,2011/2024,derived,derived_from_2012_age_10_Male_and_Female,annual_estimates_sex_sum_v1,2012,10,all,930,reported,
1.0,annual_population_estimates_by_age_sex_csv,1b7b14fa75cab035860dd865eedd72527a92dac1a9ca0fcf76bbb5a2b731e368,,2011/2024,observed,csv_row_2012_age_11_col_Male,annual_estimates_observed_v1,2012,11,male,520,reported,
1.0,annual_population_estimates_by_age_sex_csv,1b7b14fa75cab035860dd865eedd72527a92dac1a9ca0fcf76bbb5a2b731e368,,2011/2024,observed,csv_row_2012_age_11_col_Female,annual_estimates_observed_v1,2012,11,female,490,reported,
1.0,annual_population_estimates_by_age_sex_csv,1b7b14fa75cab035860dd865eedd72527a92dac1a9ca0fcf76bbb5a2b731e368,,2011/2024,derived,derived_from_2012_age_11_Male_and_Female,annual_estimates_sex_sum_v1,2012,11,all,1010,reported,
1.0,annual_population_estimates_by_age_sex_csv,1b7b14fa75cab035860dd865eedd72527a92dac1a9ca0fcf76bbb5a2b731e368,,2011/2024,observed,csv_row_2012_age_12_col_Male,annual_estimates_observed_v1,2012,12,male,480,reported,
1.0,annual_population_estimates_by_age_sex_csv,1b7b14fa75cab035860dd865eedd72527a92dac1a9ca0fcf76bbb5a2b731e368,,2011/2024,observed,csv_row_2012_age_12_col_Female,annual_estimates_observed_v1,2012,12,female,470,reported,
1.0,annual_population_estimates_by_age_sex_csv,1b7b14fa75cab035860dd865eedd72527a92dac1a9ca0fcf76bbb5a2b731e368,,2011/2024,derived,derived_from_2012_age_12_Male_and_Female,annual_estimates_sex_sum_v1,2012,12,all,950,reported,
1.0,annual_population_estimates_by_age_sex_csv,1b7b14fa75cab035860dd865eedd72527a92dac1a9ca0fcf76bbb5a2b731e368,,2011/2024,observed,csv_row_2012_age_13_col_Male,annual_estimates_observed_v1,2012,13,male,560,reported,
1.0,annual_population_estimates_by_age_sex_csv,1b7b14fa75cab035860dd865eedd72527a92dac1a9ca0fcf76bbb5a2b731e368,,2011/2024,observed,csv_row_2012_age_13_col_Female,annual_estimates_observed_v1,2012,13,female,500,reported,
1.0,annual_population_estimates_by_age_sex_csv,1b7b14fa75cab035860dd865eedd72527a92dac1a9ca0fcf76bbb5a2b731e368,,2011/2024,derived,derived_from_2012_age_13_Male_and_Female,annual_estimates_sex_sum_v1,2012,13,all,1060,reported,
1.0,annual_population_estimates_by_age_sex_csv,1b7b14fa75cab035860dd865eedd72527a92dac1a9ca0fcf76bbb5a2b731e368,,2011/2024,observed,csv_row_2012_age_14_col_Male,annual_estimates_observed_v1,2012,14,male,540,reported,
1.0,annual_population_estimates_by_age_sex_csv,1b7b14fa75cab035860dd865eedd72527a92dac1a9ca0fcf76bbb5a2b731e368,,2011/2024,observed,csv_row_2012_age_14_col_Female,annual_estimates_observed_v1,2012,14,female,550,reported,
1.0,annual_population_estimates_by_age_sex_csv,1b7b14fa75cab035860dd865eedd72527a92dac1a9ca0fcf76bbb5a2b731e368,,2011/2024,derived,derived_from_2012_age_14_Male_and_Female,annual_estimates_sex_sum_v1,2012,14,all,1090,reported,
1.0,annual_population_estimates_by_age_sex_csv,1b7b14fa75cab035860dd865eedd72527a92dac1a9ca0fcf76bbb5a2b731e368,,2011/2024,observed,csv_row_2012_age_15_col_Male,annual_estimates_observed_v1,2012,15,male,580,reported,
1.0,annual_population_estimates_by_age_sex_csv,1b7b14fa75cab035860dd865eedd72527a92dac1a9ca0fcf76bbb5a2b731e368,,2011/2024,observed,csv_row_2012_age_15_col_Female,annual_estimates_observed_v1,2012,15,female,510,reported,
1.0,annual_population_estimates_by_age_sex_csv,1b7b14fa75cab035860dd865eedd72527a92dac1a9ca0fcf76bbb5a2b731e368,,2011/2024,derived,derived_from_2012_age_15_Male_and_Female,annual_estimates_sex_sum_v1,2012,15,all,1090,reported,
1.0,annual_population_estimates_by_age_sex_csv,1b7b14fa75cab035860dd865eedd72527a92dac1a9ca0fcf76bbb5a2b731e368,,2011/2024,observed,csv_row_2012_age_16_col_Male,annual_estimates_observed_v1,2012,16,male,580,reported,
1.0,annual_population_estimates_by_age_sex_csv,1b7b14fa75cab035860dd865eedd72527a92dac1a9ca0fcf76bbb5a2b731e368,,2011/2024,observed,csv_row_2012_age_16_col_Female,annual_estimates_observed_v1,2012,16,female,560,reported,
1.0,annual_population_estimates_by_age_sex_csv,1b7b14fa75cab035860dd865eedd72527a92dac1a9ca0fcf76bbb5a2b731e368,,2011/2024,derived,derived_from_2012_age_16_Male_and_Female,annual_estimates_sex_sum_v1,2012,16,all,1140,reported,
1.0,annual_population_estimates_by_age_sex_csv,1b7b14fa75cab035860dd865eedd72527a92dac1a9ca0fcf76bbb5a2b731e368,,2011/2024,observed,csv_row_2012_age_17_col_Male,annual_estimates_observed_v1,2012,17,male,580,reported,
1.0,annual_population_estimates_by_age_sex_csv,1b7b14fa75cab035860dd865eedd72527a92dac1a9ca0fcf76bbb5a2b731e368,,2011/2024,observed,csv_row_2012_age_17_col_Female,annual_estimates_observed_v1,2012,17,female,500,reported,
1.0,annual_population_estimates_by_age_sex_csv,1b7b14fa75cab035860dd865eedd72527a92dac1a9ca0fcf76bbb5a2b731e368,,2011/2024,derived,derived_from_2012_age_17_Male_and_Female,annual_estimates_sex_sum_v1,2012,17,all,1080,reported,
1.0,annual_population_estimates_by_age_sex_csv,1b7b14fa75cab035860dd865eedd72527a92dac1a9ca0fcf76bbb5a2b731e368,,2011/2024,observed,csv_row_2012_age_18_col_Male,annual_estimates_observed_v1,2012,18,male,590,reported,
1.0,annual_population_estimates_by_age_sex_csv,1b7b14fa75cab035860dd865eedd72527a92dac1a9ca0fcf76bbb5a2b731e368,,2011/2024,observed,csv_row_2012_age_18_col_Female,annual_estimates_observed_v1,2012,18,female,570,reported,
1.0,annual_population_estimates_by_age_sex_csv,1b7b14fa75cab035860dd865eedd72527a92dac1a9ca0fcf76bbb5a2b731e368,,2011/2024,derived,derived_from_2012_age_18_Male_and_Female,annual_estimates_sex_sum_v1,2012,18,all,1160,reported,
1.0,annual_population_estimates_by_age_sex_csv,1b7b14fa75cab035860dd865eedd72527a92dac1a9ca0fcf76bbb5a2b731e368,,2011/2024,observed,csv_row_2012_age_19_col_Male,annual_estimates_observed_v1,2012,19,male,550,reported,
1.0,annual_population_estimates_by_age_sex_csv,1b7b14fa75cab035860dd865eedd72527a92dac1a9ca0fcf76bbb5a2b731e368,,2011/2024,observed,csv_row_2012_age_19_col_Female,annual_estimates_observed_v1,2012,19,female,500,reported,
1.0,annual_population_estimates_by_age_sex_csv,1b7b14fa75cab035860dd865eedd72527a92dac1a9ca0fcf76bbb5a2b731e368,,2011/2024,derived,derived_from_2012_age_19_Male_and_Female,annual_estimates_sex_sum_v1,2012,19,all,1050,reported,
1.0,annual_population_estimates_by_age_sex_csv,1b7b14fa75cab035860dd865eedd72527a92dac1a9ca0fcf76bbb5a2b731e368,,2011/2024,observed,csv_row_2012_age_20_col_Male,annual_estimates_observed_v1,2012,20,male,610,reported,
1.0,annual_population_estimates_by_age_sex_csv,1b7b14fa75cab035860dd865eedd72527a92dac1a9ca0fcf76bbb5a2b731e368,,2011/2024,observed,csv_row_2012_age_20_col_Female,annual_estimates_observed_v1,2012,20,female,560,reported,
1.0,annual_population_estimates_by_age_sex_csv,1b7b14fa75cab035860dd865eedd72527a92dac1a9ca0fcf76bbb5a2b731e368,,2011/2024,derived,derived_from_2012_age_20_Male_and_Female,annual_estimates_sex_sum_v1,2012,20,all,1170,reported,
1.0,annual_population_estimates_by_age_sex_csv,1b7b14fa75cab035860dd865eedd72527a92dac1a9ca0fcf76bbb5a2b731e368,,2011/2024,observed,csv_row_2012_age_21_col_Male,annual_estimates_observed_v1,2012,21,male,570,reported,
1.0,annual_population_estimates_by_age_sex_csv,1b7b14fa75cab035860dd865eedd72527a92dac1a9ca0fcf76bbb5a2b731e368,,2011/2024,observed,csv_row_2012_age_21_col_Female,annual_estimates_observed_v1,2012,21,female,570,reported,
1.0,annual_population_estimates_by_age_sex_csv,1b7b14fa75cab035860dd865eedd72527a92dac1a9ca0fcf76bbb5a2b731e368,,2011/2024,derived,derived_from_2012_age_21_Male_and_Female,annual_estimates_sex_sum_v1,2012,21,all,1140,reported,
1.0,annual_population_estimates_by_age_sex_csv,1b7b14fa75cab035860dd865eedd72527a92dac1a9ca0fcf76bbb5a2b731e368,,2011/2024,observed,csv_row_2012_age_22_col_Male,annual_estimates_observed_v1,2012,22,male,600,reported,
1.0,annual_population_estimates_by_age_sex_csv,1b7b14fa75cab035860dd865eedd72527a92dac1a9ca0fcf76bbb5a2b731e368,,2011/2024,observed,csv_row_2012_age_22_col_Female,annual_estimates_observed_v1,2012,22,female,600,reported,
1.0,annual_population_estimates_by_age_sex_csv,1b7b14fa75cab035860dd865eedd72527a92dac1a9ca0fcf76bbb5a2b731e368,,2011/2024,derived,derived_from_2012_age_22_Male_and_Female,annual_estimates_sex_sum_v1,2012,22,all,1200,reported,
1.0,annual_population_estimates_by_age_sex_csv,1b7b14fa75cab035860dd865eedd72527a92dac1a9ca0fcf76bbb5a2b731e368,,2011/2024,observed,csv_row_2012_age_23_col_Male,annual_estimates_observed_v1,2012,23,male,580,reported,
1.0,annual_population_estimates_by_age_sex_csv,1b7b14fa75cab035860dd865eedd72527a92dac1a9ca0fcf76bbb5a2b731e368,,2011/2024,observed,csv_row_2012_age_23_col_Female,annual_estimates_observed_v1,2012,23,female,600,reported,
1.0,annual_population_estimates_by_age_sex_csv,1b7b14fa75cab035860dd865eedd72527a92dac1a9ca0fcf76bbb5a2b731e368,,2011/2024,derived,derived_from_2012_age_23_Male_and_Female,annual_estimates_sex_sum_v1,2012,23,all,1180,reported,
1.0,annual_population_estimates_by_age_sex_csv,1b7b14fa75cab035860dd865eedd72527a92dac1a9ca0fcf76bbb5a2b731e368,,2011/2024,observed,csv_row_2012_age_24_col_Male,annual_estimates_observed_v1,2012,24,male,620,reported,
1.0,annual_population_estimates_by_age_sex_csv,1b7b14fa75cab035860dd865eedd72527a92dac1a9ca0fcf76bbb5a2b731e368,,2011/2024,observed,csv_row_2012_age_24_col_Female,annual_estimates_observed_v1,2012,24,female,600,reported,
1.0,annual_population_estimates_by_age_sex_csv,1b7b14fa75cab035860dd865eedd72527a92dac1a9ca0fcf76bbb5a2b731e368,,2011/2024,derived,derived_from_2012_age_24_Male_and_Female,annual_estimates_sex_sum_v1,2012,24,all,1220,reported,
1.0,annual_population_estimates_by_age_sex_csv,1b7b14fa75cab035860dd865eedd72527a92dac1a9ca0fcf76bbb5a2b731e368,,2011/2024,observed,csv_row_2012_age_25_col_Male,annual_estimates_observed_v1,2012,25,male,640,reported,
1.0,annual_population_estimates_by_age_sex_csv,1b7b14fa75cab035860dd865eedd72527a92dac1a9ca0fcf76bbb5a2b731e368,,2011/2024,observed,csv_row_2012_age_25_col_Female,annual_estimates_observed_v1,2012,25,female,570,reported,
1.0,annual_population_estimates_by_age_sex_csv,1b7b14fa75cab035860dd865eedd72527a92dac1a9ca0fcf76bbb5a2b731e368,,2011/2024,derived,derived_from_2012_age_25_Male_and_Female,annual_estimates_sex_sum_v1,2012,25,all,1210,reported,
1.0,annual_population_estimates_by_age_sex_csv,1b7b14fa75cab035860dd865eedd72527a92dac1a9ca0fcf76bbb5a2b731e368,,2011/2024,observed,csv_row_2012_age_26_col_Male,annual_estimates_observed_v1,2012,26,male,560,reported,
1.0,annual_population_estimates_by_age_sex_csv,1b7b14fa75cab035860dd865eedd72527a92dac1a9ca0fcf76bbb5a2b731e368,,2011/2024,observed,csv_row_2012_age_26_col_Female,annual_estimates_observed_v1,2012,26,female,600,reported,
1.0,annual_population_estimates_by_age_sex_csv,1b7b14fa75cab035860dd865eedd72527a92dac1a9ca0fcf76bbb5a2b731e368,,2011/2024,derived,derived_from_2012_age_26_Male_and_Female,annual_estimates_sex_sum_v1,2012,26,all,1160,reported,
1.0,annual_population_estimates_by_age_sex_csv,1b7b14fa75cab035860dd865eedd72527a92dac1a9ca0fcf76bbb5a2b731e368,,2011/2024,observed,csv_row_2012_age_27_col_Male,annual_estimates_observed_v1,2012,27,male,640,reported,
1.0,annual_population_estimates_by_age_sex_csv,1b7b14fa75cab035860dd865eedd72527a92dac1a9ca0fcf76bbb5a2b731e368,,2011/2024,observed,csv_row_2012_age_27_col_Female,annual_estimates_observed_v1,2012,27,female,600,reported,
1.0,annual_population_estimates_by_age_sex_csv,1b7b14fa75cab035860dd865eedd72527a92dac1a9ca0fcf76bbb5a2b731e368,,2011/2024,derived,derived_from_2012_age_27_Male_and_Female,annual_estimates_sex_sum_v1,2012,27,all,1240,reported,
1.0,annual_population_estimates_by_age_sex_csv,1b7b14fa75cab035860dd865eedd72527a92dac1a9ca0fcf76bbb5a2b731e368,,2011/2024,observed,csv_row_2012_age_28_col_Male,annual_estimates_observed_v1,2012,28,male,670,reported,
1.0,annual_population_estimates_by_age_sex_csv,1b7b14fa75cab035860dd865eedd72527a92dac1a9ca0fcf76bbb5a2b731e368,,2011/2024,observed,csv_row_2012_age_28_col_Female,annual_estimates_observed_v1,2012,28,female,690,reported,
1.0,annual_population_estimates_by_age_sex_csv,1b7b14fa75cab035860dd865eedd72527a92dac1a9ca0fcf76bbb5a2b731e368,,2011/2024,derived,derived_from_2012_age_28_Male_and_Female,annual_estimates_sex_sum_v1,2012,28,all,1360,reported,
1.0,annual_population_estimates_by_age_sex_csv,1b7b14fa75cab035860dd865eedd72527a92dac1a9ca0fcf76bbb5a2b731e368,,2011/2024,observed,csv_row_2012_age_29_col_Male,annual_estimates_observed_v1,2012,29,male,680,reported,
1.0,annual_population_estimates_by_age_sex_csv,1b7b14fa75cab035860dd865eedd72527a92dac1a9ca0fcf76bbb5a2b731e368,,2011/2024,observed,csv_row_2012_age_29_col_Female,annual_estimates_observed_v1,2012,29,female,690,reported,
1.0,annual_population_estimates_by_age_sex_csv,1b7b14fa75cab035860dd865eedd72527a92dac1a9ca0fcf76bbb5a2b731e368,,2011/2024,derived,derived_from_2012_age_29_Male_and_Female,annual_estimates_sex_sum_v1,2012,29,all,1370,reported,
1.0,annual_population_estimates_by_age_sex_csv,1b7b14fa75cab035860dd865eedd72527a92dac1a9ca0fcf76bbb5a2b731e368,,2011/2024,observed,csv_row_2012_age_30_col_Male,annual_estimates_observed_v1,2012,30,male,720,reported,
1.0,annual_population_estimates_by_age_sex_csv,1b7b14fa75cab035860dd865eedd72527a92dac1a9ca0fcf76bbb5a2b731e368,,2011/2024,observed,csv_row_2012_age_30_col_Female,annual_estimates_observed_v1,2012,30,female,680,reported,
1.0,annual_population_estimates_by_age_sex_csv,1b7b14fa75cab035860dd865eedd72527a92dac1a9ca0fcf76bbb5a2b731e368,,2011/2024,derived,derived_from_2012_age_30_Male_and_Female,annual_estimates_sex_sum_v1,2012,30,all,1400,reported,
1.0,annual_population_estimates_by_age_sex_csv,1b7b14fa75cab035860dd865eedd72527a92dac1a9ca0fcf76bbb5a2b731e368,,2011/2024,observed,csv_row_2012_age_31_col_Male,annual_estimates_observed_v1,2012,31,male,710,reported,
1.0,annual_population_estimates_by_age_sex_csv,1b7b14fa75cab035860dd865eedd72527a92dac1a9ca0fcf76bbb5a2b731e368,,2011/2024,observed,csv_row_2012_age_31_col_Female,annual_estimates_observed_v1,2012,31,female,760,reported,
1.0,annual_population_estimates_by_age_sex_csv,1b7b14fa75cab035860dd865eedd72527a92dac1a9ca0fcf76bbb5a2b731e368,,2011/2024,derived,derived_from_2012_age_31_Male_and_Female,annual_estimates_sex_sum_v1,2012,31,all,1470,reported,
1.0,annual_population_estimates_by_age_sex_csv,1b7b14fa75cab035860dd865eedd72527a92dac1a9ca0fcf76bbb5a2b731e368,,2011/2024,observed,csv_row_2012_age_32_col_Male,annual_estimates_observed_v1,2012,32,male,740,reported,
1.0,annual_population_estimates_by_age_sex_csv,1b7b14fa75cab035860dd865eedd72527a92dac1a9ca0fcf76bbb5a2b731e368,,2011/2024,observed,csv_row_2012_age_32_col_Female,annual_estimates_observed_v1,2012,32,female,750,reported,
1.0,annual_population_estimates_by_age_sex_csv,1b7b14fa75cab035860dd865eedd72527a92dac1a9ca0fcf76bbb5a2b731e368,,2011/2024,derived,derived_from_2012_age_32_Male_and_Female,annual_estimates_sex_sum_v1,2012,32,all,1490,reported,
1.0,annual_population_estimates_by_age_sex_csv,1b7b14fa75cab035860dd865eedd72527a92dac1a9ca0fcf76bbb5a2b731e368,,2011/2024,observed,csv_row_2012_age_33_col_Male,annual_estimates_observed_v1,2012,33,male,740,reported,
1.0,annual_population_estimates_by_age_sex_csv,1b7b14fa75cab035860dd865eedd72527a92dac1a9ca0fcf76bbb5a2b731e368,,2011/2024,observed,csv_row_2012_age_33_col_Female,annual_estimates_observed_v1,2012,33,female,750,reported,
1.0,annual_population_estimates_by_age_sex_csv,1b7b14fa75cab035860dd865eedd72527a92dac1a9ca0fcf76bbb5a2b731e368,,2011/2024,derived,derived_from_2012_age_33_Male_and_Female,annual_estimates_sex_sum_v1,2012,33,all,1490,reported,
1.0,annual_population_estimates_by_age_sex_csv,1b7b14fa75cab035860dd865eedd72527a92dac1a9ca0fcf76bbb5a2b731e368,,2011/2024,observed,csv_row_2012_age_34_col_Male,annual_estimates_observed_v1,2012,34,male,690,reported,
1.0,annual_population_estimates_by_age_sex_csv,1b7b14fa75cab035860dd865eedd72527a92dac1a9ca0fcf76bbb5a2b731e368,,2011/2024,observed,csv_row_2012_age_34_col_Female,annual_estimates_observed_v1,2012,34,female,680,reported,
1.0,annual_population_estimates_by_age_sex_csv,1b7b14fa75cab035860dd865eedd72527a92dac1a9ca0fcf76bbb5a2b731e368,,2011/2024,derived,derived_from_2012_age_34_Male_and_Female,annual_estimates_sex_sum_v1,2012,34,all,1370,reported,
1.0,annual_population_estimates_by_age_sex_csv,1b7b14fa75cab035860dd865eedd72527a92dac1a9ca0fcf76bbb5a2b731e368,,2011/2024,observed,csv_row_2012_age_35_col_Male,annual_estimates_observed_v1,2012,35,male,750,reported,
1.0,annual_population_estimates_by_age_sex_csv,1b7b14fa75cab035860dd865eedd72527a92dac1a9ca0fcf76bbb5a2b731e368,,2011/2024,observed,csv_row_2012_age_35_col_Female,annual_estimates_observed_v1,2012,35,female,710,reported,
1.0,annual_population_estimates_by_age_sex_csv,1b7b14fa75cab035860dd865eedd72527a92dac1a9ca0fcf76bbb5a2b731e368,,2011/2024,derived,derived_from_2012_age_35_Male_and_Female,annual_estimates_sex_sum_v1,2012,35,all,1460,reported,
1.0,annual_population_estimates_by_age_sex_csv,1b7b14fa75cab035860dd865eedd72527a92dac1a9ca0fcf76bbb5a2b731e368,,2011/2024,observed,csv_row_2012_age_36_col_Male,annual_estimates_observed_v1,2012,36,male,730,reported,
1.0,annual_population_estimates_by_age_sex_csv,1b7b14fa75cab035860dd865eedd72527a92dac1a9ca0fcf76bbb5a2b731e368,,2011/2024,observed,csv_row_2012_age_36_col_Female,annual_estimates_observed_v1,2012,36,female,680,reported,
1.0,annual_population_estimates_by_age_sex_csv,1b7b14fa75cab035860dd865eedd72527a92dac1a9ca0fcf76bbb5a2b731e368,,2011/2024,derived,derived_from_2012_age_36_Male_and_Female,annual_estimates_sex_sum_v1,2012,36,all,1410,reported,
1.0,annual_population_estimates_by_age_sex_csv,1b7b14fa75cab035860dd865eedd72527a92dac1a9ca0fcf76bbb5a2b731e368,,2011/2024,observed,csv_row_2012_age_37_col_Male,annual_estimates_observed_v1,2012,37,male,710,reported,
1.0,annual_population_estimates_by_age_sex_csv,1b7b14fa75cab035860dd865eedd72527a92dac1a9ca0fcf76bbb5a2b731e368,,2011/2024,observed,csv_row_2012_age_37_col_Female,annual_estimates_observed_v1,2012,37,female,720,reported,
1.0,annual_population_estimates_by_age_sex_csv,1b7b14fa75cab035860dd865eedd72527a92dac1a9ca0fcf76bbb5a2b731e368,,2011/2024,derived,derived_from_2012_age_37_Male_and_Female,annual_estimates_sex_sum_v1,2012,37,all,1430,reported,
1.0,annual_population_estimates_by_age_sex_csv,1b7b14fa75cab035860dd865eedd72527a92dac1a9ca0fcf76bbb5a2b731e368,,2011/2024,observed,csv_row_2012_age_38_col_Male,annual_estimates_observed_v1,2012,38,male,690,reported,
1.0,annual_population_estimates_by_age_sex_csv,1b7b14fa75cab035860dd865eedd72527a92dac1a9ca0fcf76bbb5a2b731e368,,2011/2024,observed,csv_row_2012_age_38_col_Female,annual_estimates_observed_v1,2012,38,female,700,reported,
1.0,annual_population_estimates_by_age_sex_csv,1b7b14fa75cab035860dd865eedd72527a92dac1a9ca0fcf76bbb5a2b731e368,,2011/2024,derived,derived_from_2012_age_38_Male_and_Female,annual_estimates_sex_sum_v1,2012,38,all,1390,reported,
1.0,annual_population_estimates_by_age_sex_csv,1b7b14fa75cab035860dd865eedd72527a92dac1a9ca0fcf76bbb5a2b731e368,,2011/2024,observed,csv_row_2012_age_39_col_Male,annual_estimates_observed_v1,2012,39,male,720,reported,
1.0,annual_population_estimates_by_age_sex_csv,1b7b14fa75cab035860dd865eedd72527a92dac1a9ca0fcf76bbb5a2b731e368,,2011/2024,observed,csv_row_2012_age_39_col_Female,annual_estimates_observed_v1,2012,39,female,710,reported,
1.0,annual_population_estimates_by_age_sex_csv,1b7b14fa75cab035860dd865eedd72527a92dac1a9ca0fcf76bbb5a2b731e368,,2011/2024,derived,derived_from_2012_age_39_Male_and_Female,annual_estimates_sex_sum_v1,2012,39,all,1430,reported,
1.0,annual_population_estimates_by_age_sex_csv,1b7b14fa75cab035860dd865eedd72527a92dac1a9ca0fcf76bbb5a2b731e368,,2011/2024,observed,csv_row_2012_age_40_col_Male,annual_estimates_observed_v1,2012,40,male,710,reported,
1.0,annual_population_estimates_by_age_sex_csv,1b7b14fa75cab035860dd865eedd72527a92dac1a9ca0fcf76bbb5a2b731e368,,2011/2024,observed,csv_row_2012_age_40_col_Female,annual_estimates_observed_v1,2012,40,female,720,reported,
1.0,annual_population_estimates_by_age_sex_csv,1b7b14fa75cab035860dd865eedd72527a92dac1a9ca0fcf76bbb5a2b731e368,,2011/2024,derived,derived_from_2012_age_40_Male_and_Female,annual_estimates_sex_sum_v1,2012,40,all,1430,reported,
1.0,annual_population_estimates_by_age_sex_csv,1b7b14fa75cab035860dd865eedd72527a92dac1a9ca0fcf76bbb5a2b731e368,,2011/2024,observed,csv_row_2012_age_41_col_Male,annual_estimates_observed_v1,2012,41,male,790,reported,
1.0,annual_population_estimates_by_age_sex_csv,1b7b14fa75cab035860dd865eedd72527a92dac1a9ca0fcf76bbb5a2b731e368,,2011/2024,observed,csv_row_2012_age_41_col_Female,annual_estimates_observed_v1,2012,41,female,790,reported,
1.0,annual_population_estimates_by_age_sex_csv,1b7b14fa75cab035860dd865eedd72527a92dac1a9ca0fcf76bbb5a2b731e368,,2011/2024,derived,derived_from_2012_age_41_Male_and_Female,annual_estimates_sex_sum_v1,2012,41,all,1580,reported,
1.0,annual_population_estimates_by_age_sex_csv,1b7b14fa75cab035860dd865eedd72527a92dac1a9ca0fcf76bbb5a2b731e368,,2011/2024,observed,csv_row_2012_age_42_col_Male,annual_estimates_observed_v1,2012,42,male,800,reported,
1.0,annual_population_estimates_by_age_sex_csv,1b7b14fa75cab035860dd865eedd72527a92dac1a9ca0fcf76bbb5a2b731e368,,2011/2024,observed,csv_row_2012_age_42_col_Female,annual_estimates_observed_v1,2012,42,female,800,reported,
1.0,annual_population_estimates_by_age_sex_csv,1b7b14fa75cab035860dd865eedd72527a92dac1a9ca0fcf76bbb5a2b731e368,,2011/2024,derived,derived_from_2012_age_42_Male_and_Female,annual_estimates_sex_sum_v1,2012,42,all,1600,reported,
1.0,annual_population_estimates_by_age_sex_csv,1b7b14fa75cab035860dd865eedd72527a92dac1a9ca0fcf76bbb5a2b731e368,,2011/2024,observed,csv_row_2012_age_43_col_Male,annual_estimates_observed_v1,2012,43,male,800,reported,
1.0,annual_population_estimates_by_age_sex_csv,1b7b14fa75cab035860dd865eedd72527a92dac1a9ca0fcf76bbb5a2b731e368,,2011/2024,observed,csv_row_2012_age_43_col_Female,annual_estimates_observed_v1,2012,43,female,860,reported,
1.0,annual_population_estimates_by_age_sex_csv,1b7b14fa75cab035860dd865eedd72527a92dac1a9ca0fcf76bbb5a2b731e368,,2011/2024,derived,derived_from_2012_age_43_Male_and_Female,annual_estimates_sex_sum_v1,2012,43,all,1660,reported,
1.0,annual_population_estimates_by_age_sex_csv,1b7b14fa75cab035860dd865eedd72527a92dac1a9ca0fcf76bbb5a2b731e368,,2011/2024,observed,csv_row_2012_age_44_col_Male,annual_estimates_observed_v1,2012,44,male,920,reported,
1.0,annual_population_estimates_by_age_sex_csv,1b7b14fa75cab035860dd865eedd72527a92dac1a9ca0fcf76bbb5a2b731e368,,2011/2024,observed,csv_row_2012_age_44_col_Female,annual_estimates_observed_v1,2012,44,female,800,reported,
1.0,annual_population_estimates_by_age_sex_csv,1b7b14fa75cab035860dd865eedd72527a92dac1a9ca0fcf76bbb5a2b731e368,,2011/2024,derived,derived_from_2012_age_44_Male_and_Female,annual_estimates_sex_sum_v1,2012,44,all,1720,reported,
1.0,annual_population_estimates_by_age_sex_csv,1b7b14fa75cab035860dd865eedd72527a92dac1a9ca0fcf76bbb5a2b731e368,,2011/2024,observed,csv_row_2012_age_45_col_Male,annual_estimates_observed_v1,2012,45,male,820,reported,
1.0,annual_population_estimates_by_age_sex_csv,1b7b14fa75cab035860dd865eedd72527a92dac1a9ca0fcf76bbb5a2b731e368,,2011/2024,observed,csv_row_2012_age_45_col_Female,annual_estimates_observed_v1,2012,45,female,870,reported,
1.0,annual_population_estimates_by_age_sex_csv,1b7b14fa75cab035860dd865eedd72527a92dac1a9ca0fcf76bbb5a2b731e368,,2011/2024,derived,derived_from_2012_age_45_Male_and_Female,annual_estimates_sex_sum_v1,2012,45,all,1690,reported,
1.0,annual_population_estimates_by_age_sex_csv,1b7b14fa75cab035860dd865eedd72527a92dac1a9ca0fcf76bbb5a2b731e368,,2011/2024,observed,csv_row_2012_age_46_col_Male,annual_estimates_observed_v1,2012,46,male,840,reported,
1.0,annual_population_estimates_by_age_sex_csv,1b7b14fa75cab035860dd865eedd72527a92dac1a9ca0fcf76bbb5a2b731e368,,2011/2024,observed,csv_row_2012_age_46_col_Female,annual_estimates_observed_v1,2012,46,female,880,reported,
1.0,annual_population_estimates_by_age_sex_csv,1b7b14fa75cab035860dd865eedd72527a92dac1a9ca0fcf76bbb5a2b731e368,,2011/2024,derived,derived_from_2012_age_46_Male_and_Female,annual_estimates_sex_sum_v1,2012,46,all,1720,reported,
1.0,annual_population_estimates_by_age_sex_csv,1b7b14fa75cab035860dd865eedd72527a92dac1a9ca0fcf76bbb5a2b731e368,,2011/2024,observed,csv_row_2012_age_47_col_Male,annual_estimates_observed_v1,2012,47,male,870,reported,
1.0,annual_population_estimates_by_age_sex_csv,1b7b14fa75cab035860dd865eedd72527a92dac1a9ca0fcf76bbb5a2b731e368,,2011/2024,observed,csv_row_2012_age_47_col_Female,annual_estimates_observed_v1,2012,47,female,850,reported,
1.0,annual_population_estimates_by_age_sex_csv,1b7b14fa75cab035860dd865eedd72527a92dac1a9ca0fcf76bbb5a2b731e368,,2011/2024,derived,derived_from_2012_age_47_Male_and_Female,annual_estimates_sex_sum_v1,2012,47,all,1720,reported,
1.0,annual_population_estimates_by_age_sex_csv,1b7b14fa75cab035860dd865eedd72527a92dac1a9ca0fcf76bbb5a2b731e368,,2011/2024,observed,csv_row_2012_age_48_col_Male,annual_estimates_observed_v1,2012,48,male,870,reported,
1.0,annual_population_estimates_by_age_sex_csv,1b7b14fa75cab035860dd865eedd72527a92dac1a9ca0fcf76bbb5a2b731e368,,2011/2024,observed,csv_row_2012_age_48_col_Female,annual_estimates_observed_v1,2012,48,female,870,reported,
1.0,annual_population_estimates_by_age_sex_csv,1b7b14fa75cab035860dd865eedd72527a92dac1a9ca0fcf76bbb5a2b731e368,,2011/2024,derived,derived_from_2012_age_48_Male_and_Female,annual_estimates_sex_sum_v1,2012,48,all,1740,reported,
1.0,annual_population_estimates_by_age_sex_csv,1b7b14fa75cab035860dd865eedd72527a92dac1a9ca0fcf76bbb5a2b731e368,,2011/2024,observed,csv_row_2012_age_49_col_Male,annual_estimates_observed_v1,2012,49,male,860,reported,
1.0,annual_population_estimates_by_age_sex_csv,1b7b14fa75cab035860dd865eedd72527a92dac1a9ca0fcf76bbb5a2b731e368,,2011/2024,observed,csv_row_2012_age_49_col_Female,annual_estimates_observed_v1,2012,49,female,820,reported,
1.0,annual_population_estimates_by_age_sex_csv,1b7b14fa75cab035860dd865eedd72527a92dac1a9ca0fcf76bbb5a2b731e368,,2011/2024,derived,derived_from_2012_age_49_Male_and_Female,annual_estimates_sex_sum_v1,2012,49,all,1680,reported,
1.0,annual_population_estimates_by_age_sex_csv,1b7b14fa75cab035860dd865eedd72527a92dac1a9ca0fcf76bbb5a2b731e368,,2011/2024,observed,csv_row_2012_age_50_col_Male,annual_estimates_observed_v1,2012,50,male,800,reported,
1.0,annual_population_estimates_by_age_sex_csv,1b7b14fa75cab035860dd865eedd72527a92dac1a9ca0fcf76bbb5a2b731e368,,2011/2024,observed,csv_row_2012_age_50_col_Female,annual_estimates_observed_v1,2012,50,female,810,reported,
1.0,annual_population_estimates_by_age_sex_csv,1b7b14fa75cab035860dd865eedd72527a92dac1a9ca0fcf76bbb5a2b731e368,,2011/2024,derived,derived_from_2012_age_50_Male_and_Female,annual_estimates_sex_sum_v1,2012,50,all,1610,reported,
1.0,annual_population_estimates_by_age_sex_csv,1b7b14fa75cab035860dd865eedd72527a92dac1a9ca0fcf76bbb5a2b731e368,,2011/2024,observed,csv_row_2012_age_51_col_Male,annual_estimates_observed_v1,2012,51,male,740,reported,
1.0,annual_population_estimates_by_age_sex_csv,1b7b14fa75cab035860dd865eedd72527a92dac1a9ca0fcf76bbb5a2b731e368,,2011/2024,observed,csv_row_2012_age_51_col_Female,annual_estimates_observed_v1,2012,51,female,750,reported,
1.0,annual_population_estimates_by_age_sex_csv,1b7b14fa75cab035860dd865eedd72527a92dac1a9ca0fcf76bbb5a2b731e368,,2011/2024,derived,derived_from_2012_age_51_Male_and_Female,annual_estimates_sex_sum_v1,2012,51,all,1490,reported,
1.0,annual_population_estimates_by_age_sex_csv,1b7b14fa75cab035860dd865eedd72527a92dac1a9ca0fcf76bbb5a2b731e368,,2011/2024,observed,csv_row_2012_age_52_col_Male,annual_estimates_observed_v1,2012,52,male,750,reported,
1.0,annual_population_estimates_by_age_sex_csv,1b7b14fa75cab035860dd865eedd72527a92dac1a9ca0fcf76bbb5a2b731e368,,2011/2024,observed,csv_row_2012_age_52_col_Female,annual_estimates_observed_v1,2012,52,female,730,reported,
1.0,annual_population_estimates_by_age_sex_csv,1b7b14fa75cab035860dd865eedd72527a92dac1a9ca0fcf76bbb5a2b731e368,,2011/2024,derived,derived_from_2012_age_52_Male_and_Female,annual_estimates_sex_sum_v1,2012,52,all,1480,reported,
1.0,annual_population_estimates_by_age_sex_csv,1b7b14fa75cab035860dd865eedd72527a92dac1a9ca0fcf76bbb5a2b731e368,,2011/2024,observed,csv_row_2012_age_53_col_Male,annual_estimates_observed_v1,2012,53,male,700,reported,
1.0,annual_population_estimates_by_age_sex_csv,1b7b14fa75cab035860dd865eedd72527a92dac1a9ca0fcf76bbb5a2b731e368,,2011/2024,observed,csv_row_2012_age_53_col_Female,annual_estimates_observed_v1,2012,53,female,730,reported,
1.0,annual_population_estimates_by_age_sex_csv,1b7b14fa75cab035860dd865eedd72527a92dac1a9ca0fcf76bbb5a2b731e368,,2011/2024,derived,derived_from_2012_age_53_Male_and_Female,annual_estimates_sex_sum_v1,2012,53,all,1430,reported,
1.0,annual_population_estimates_by_age_sex_csv,1b7b14fa75cab035860dd865eedd72527a92dac1a9ca0fcf76bbb5a2b731e368,,2011/2024,observed,csv_row_2012_age_54_col_Male,annual_estimates_observed_v1,2012,54,male,710,reported,
1.0,annual_population_estimates_by_age_sex_csv,1b7b14fa75cab035860dd865eedd72527a92dac1a9ca0fcf76bbb5a2b731e368,,2011/2024,observed,csv_row_2012_age_54_col_Female,annual_estimates_observed_v1,2012,54,female,760,reported,
1.0,annual_population_estimates_by_age_sex_csv,1b7b14fa75cab035860dd865eedd72527a92dac1a9ca0fcf76bbb5a2b731e368,,2011/2024,derived,derived_from_2012_age_54_Male_and_Female,annual_estimates_sex_sum_v1,2012,54,all,1470,reported,
1.0,annual_population_estimates_by_age_sex_csv,1b7b14fa75cab035860dd865eedd72527a92dac1a9ca0fcf76bbb5a2b731e368,,2011/2024,observed,csv_row_2012_age_55_col_Male,annual_estimates_observed_v1,2012,55,male,670,reported,
1.0,annual_population_estimates_by_age_sex_csv,1b7b14fa75cab035860dd865eedd72527a92dac1a9ca0fcf76bbb5a2b731e368,,2011/2024,observed,csv_row_2012_age_55_col_Female,annual_estimates_observed_v1,2012,55,female,690,reported,
1.0,annual_population_estimates_by_age_sex_csv,1b7b14fa75cab035860dd865eedd72527a92dac1a9ca0fcf76bbb5a2b731e368,,2011/2024,derived,derived_from_2012_age_55_Male_and_Female,annual_estimates_sex_sum_v1,2012,55,all,1360,reported,
1.0,annual_population_estimates_by_age_sex_csv,1b7b14fa75cab035860dd865eedd72527a92dac1a9ca0fcf76bbb5a2b731e368,,2011/2024,observed,csv_row_2012_age_56_col_Male,annual_estimates_observed_v1,2012,56,male,660,reported,
1.0,annual_population_estimates_by_age_sex_csv,1b7b14fa75cab035860dd865eedd72527a92dac1a9ca0fcf76bbb5a2b731e368,,2011/2024,observed,csv_row_2012_age_56_col_Female,annual_estimates_observed_v1,2012,56,female,660,reported,
1.0,annual_population_estimates_by_age_sex_csv,1b7b14fa75cab035860dd865eedd72527a92dac1a9ca0fcf76bbb5a2b731e368,,2011/2024,derived,derived_from_2012_age_56_Male_and_Female,annual_estimates_sex_sum_v1,2012,56,all,1320,reported,
1.0,annual_population_estimates_by_age_sex_csv,1b7b14fa75cab035860dd865eedd72527a92dac1a9ca0fcf76bbb5a2b731e368,,2011/2024,observed,csv_row_2012_age_57_col_Male,annual_estimates_observed_v1,2012,57,male,570,reported,
1.0,annual_population_estimates_by_age_sex_csv,1b7b14fa75cab035860dd865eedd72527a92dac1a9ca0fcf76bbb5a2b731e368,,2011/2024,observed,csv_row_2012_age_57_col_Female,annual_estimates_observed_v1,2012,57,female,630,reported,
1.0,annual_population_estimates_by_age_sex_csv,1b7b14fa75cab035860dd865eedd72527a92dac1a9ca0fcf76bbb5a2b731e368,,2011/2024,derived,derived_from_2012_age_57_Male_and_Female,annual_estimates_sex_sum_v1,2012,57,all,1200,reported,
1.0,annual_population_estimates_by_age_sex_csv,1b7b14fa75cab035860dd865eedd72527a92dac1a9ca0fcf76bbb5a2b731e368,,2011/2024,observed,csv_row_2012_age_58_col_Male,annual_estimates_observed_v1,2012,58,male,610,reported,
1.0,annual_population_estimates_by_age_sex_csv,1b7b14fa75cab035860dd865eedd72527a92dac1a9ca0fcf76bbb5a2b731e368,,2011/2024,observed,csv_row_2012_age_58_col_Female,annual_estimates_observed_v1,2012,58,female,590,reported,
1.0,annual_population_estimates_by_age_sex_csv,1b7b14fa75cab035860dd865eedd72527a92dac1a9ca0fcf76bbb5a2b731e368,,2011/2024,derived,derived_from_2012_age_58_Male_and_Female,annual_estimates_sex_sum_v1,2012,58,all,1200,reported,
1.0,annual_population_estimates_by_age_sex_csv,1b7b14fa75cab035860dd865eedd72527a92dac1a9ca0fcf76bbb5a2b731e368,,2011/2024,observed,csv_row_2012_age_59_col_Male,annual_estimates_observed_v1,2012,59,male,580,reported,
1.0,annual_population_estimates_by_age_sex_csv,1b7b14fa75cab035860dd865eedd72527a92dac1a9ca0fcf76bbb5a2b731e368,,2011/2024,observed,csv_row_2012_age_59_col_Female,annual_estimates_observed_v1,2012,59,female,580,reported,
1.0,annual_population_estimates_by_age_sex_csv,1b7b14fa75cab035860dd865eedd72527a92dac1a9ca0fcf76bbb5a2b731e368,,2011/2024,derived,derived_from_2012_age_59_Male_and_Female,annual_estimates_sex_sum_v1,2012,59,all,1160,reported,
1.0,annual_population_estimates_by_age_sex_csv,1b7b14fa75cab035860dd865eedd72527a92dac1a9ca0fcf76bbb5a2b731e368,,2011/2024,observed,csv_row_2012_age_60_col_Male,annual_estimates_observed_v1,2012,60,male,530,reported,
1.0,annual_population_estimates_by_age_sex_csv,1b7b14fa75cab035860dd865eedd72527a92dac1a9ca0fcf76bbb5a2b731e368,,2011/2024,observed,csv_row_2012_age_60_col_Female,annual_estimates_observed_v1,2012,60,female,620,reported,
1.0,annual_population_estimates_by_age_sex_csv,1b7b14fa75cab035860dd865eedd72527a92dac1a9ca0fcf76bbb5a2b731e368,,2011/2024,derived,derived_from_2012_age_60_Male_and_Female,annual_estimates_sex_sum_v1,2012,60,all,1150,reported,
1.0,annual_population_estimates_by_age_sex_csv,1b7b14fa75cab035860dd865eedd72527a92dac1a9ca0fcf76bbb5a2b731e368,,2011/2024,observed,csv_row_2012_age_61_col_Male,annual_estimates_observed_v1,2012,61,male,570,reported,
1.0,annual_population_estimates_by_age_sex_csv,1b7b14fa75cab035860dd865eedd72527a92dac1a9ca0fcf76bbb5a2b731e368,,2011/2024,observed,csv_row_2012_age_61_col_Female,annual_estimates_observed_v1,2012,61,female,580,reported,
1.0,annual_population_estimates_by_age_sex_csv,1b7b14fa75cab035860dd865eedd72527a92dac1a9ca0fcf76bbb5a2b731e368,,2011/2024,derived,derived_from_2012_age_61_Male_and_Female,annual_estimates_sex_sum_v1,2012,61,all,1150,reported,
1.0,annual_population_estimates_by_age_sex_csv,1b7b14fa75cab035860dd865eedd72527a92dac1a9ca0fcf76bbb5a2b731e368,,2011/2024,observed,csv_row_2012_age_62_col_Male,annual_estimates_observed_v1,2012,62,male,560,reported,
1.0,annual_population_estimates_by_age_sex_csv,1b7b14fa75cab035860dd865eedd72527a92dac1a9ca0fcf76bbb5a2b731e368,,2011/2024,observed,csv_row_2012_age_62_col_Female,annual_estimates_observed_v1,2012,62,female,540,reported,
1.0,annual_population_estimates_by_age_sex_csv,1b7b14fa75cab035860dd865eedd72527a92dac1a9ca0fcf76bbb5a2b731e368,,2011/2024,derived,derived_from_2012_age_62_Male_and_Female,annual_estimates_sex_sum_v1,2012,62,all,1100,reported,
1.0,annual_population_estimates_by_age_sex_csv,1b7b14fa75cab035860dd865eedd72527a92dac1a9ca0fcf76bbb5a2b731e368,,2011/2024,observed,csv_row_2012_age_63_col_Male,annual_estimates_observed_v1,2012,63,male,530,reported,
1.0,annual_population_estimates_by_age_sex_csv,1b7b14fa75cab035860dd865eedd72527a92dac1a9ca0fcf76bbb5a2b731e368,,2011/2024,observed,csv_row_2012_age_63_col_Female,annual_estimates_observed_v1,2012,63,female,530,reported,
1.0,annual_population_estimates_by_age_sex_csv,1b7b14fa75cab035860dd865eedd72527a92dac1a9ca0fcf76bbb5a2b731e368,,2011/2024,derived,derived_from_2012_age_63_Male_and_Female,annual_estimates_sex_sum_v1,2012,63,all,1060,reported,
1.0,annual_population_estimates_by_age_sex_csv,1b7b14fa75cab035860dd865eedd72527a92dac1a9ca0fcf76bbb5a2b731e368,,2011/2024,observed,csv_row_2012_age_64_col_Male,annual_estimates_observed_v1,2012,64,male,540,reported,
1.0,annual_population_estimates_by_age_sex_csv,1b7b14fa75cab035860dd865eedd72527a92dac1a9ca0fcf76bbb5a2b731e368,,2011/2024,observed,csv_row_2012_age_64_col_Female,annual_estimates_observed_v1,2012,64,female,550,reported,
1.0,annual_population_estimates_by_age_sex_csv,1b7b14fa75cab035860dd865eedd72527a92dac1a9ca0fcf76bbb5a2b731e368,,2011/2024,derived,derived_from_2012_age_64_Male_and_Female,annual_estimates_sex_sum_v1,2012,64,all,1090,reported,
1.0,annual_population_estimates_by_age_sex_csv,1b7b14fa75cab035860dd865eedd72527a92dac1a9ca0fcf76bbb5a2b731e368,,2011/2024,observed,csv_row_2012_age_65_col_Male,annual_estimates_observed_v1,2012,65,male,580,reported,
1.0,annual_population_estimates_by_age_sex_csv,1b7b14fa75cab035860dd865eedd72527a92dac1a9ca0fcf76bbb5a2b731e368,,2011/2024,observed,csv_row_2012_age_65_col_Female,annual_estimates_observed_v1,2012,65,female,570,reported,
1.0,annual_population_estimates_by_age_sex_csv,1b7b14fa75cab035860dd865eedd72527a92dac1a9ca0fcf76bbb5a2b731e368,,2011/2024,derived,derived_from_2012_age_65_Male_and_Female,annual_estimates_sex_sum_v1,2012,65,all,1150,reported,
1.0,annual_population_estimates_by_age_sex_csv,1b7b14fa75cab035860dd865eedd72527a92dac1a9ca0fcf76bbb5a2b731e368,,2011/2024,observed,csv_row_2012_age_66_col_Male,annual_estimates_observed_v1,2012,66,male,500,reported,
1.0,annual_population_estimates_by_age_sex_csv,1b7b14fa75cab035860dd865eedd72527a92dac1a9ca0fcf76bbb5a2b731e368,,2011/2024,observed,csv_row_2012_age_66_col_Female,annual_estimates_observed_v1,2012,66,female,560,reported,
1.0,annual_population_estimates_by_age_sex_csv,1b7b14fa75cab035860dd865eedd72527a92dac1a9ca0fcf76bbb5a2b731e368,,2011/2024,derived,derived_from_2012_age_66_Male_and_Female,annual_estimates_sex_sum_v1,2012,66,all,1060,reported,
1.0,annual_population_estimates_by_age_sex_csv,1b7b14fa75cab035860dd865eedd72527a92dac1a9ca0fcf76bbb5a2b731e368,,2011/2024,observed,csv_row_2012_age_67_col_Male,annual_estimates_observed_v1,2012,67,male,410,reported,
1.0,annual_population_estimates_by_age_sex_csv,1b7b14fa75cab035860dd865eedd72527a92dac1a9ca0fcf76bbb5a2b731e368,,2011/2024,observed,csv_row_2012_age_67_col_Female,annual_estimates_observed_v1,2012,67,female,440,reported,
1.0,annual_population_estimates_by_age_sex_csv,1b7b14fa75cab035860dd865eedd72527a92dac1a9ca0fcf76bbb5a2b731e368,,2011/2024,derived,derived_from_2012_age_67_Male_and_Female,annual_estimates_sex_sum_v1,2012,67,all,850,reported,
1.0,annual_population_estimates_by_age_sex_csv,1b7b14fa75cab035860dd865eedd72527a92dac1a9ca0fcf76bbb5a2b731e368,,2011/2024,observed,csv_row_2012_age_68_col_Male,annual_estimates_observed_v1,2012,68,male,430,reported,
1.0,annual_population_estimates_by_age_sex_csv,1b7b14fa75cab035860dd865eedd72527a92dac1a9ca0fcf76bbb5a2b731e368,,2011/2024,observed,csv_row_2012_age_68_col_Female,annual_estimates_observed_v1,2012,68,female,470,reported,
1.0,annual_population_estimates_by_age_sex_csv,1b7b14fa75cab035860dd865eedd72527a92dac1a9ca0fcf76bbb5a2b731e368,,2011/2024,derived,derived_from_2012_age_68_Male_and_Female,annual_estimates_sex_sum_v1,2012,68,all,900,reported,
1.0,annual_population_estimates_by_age_sex_csv,1b7b14fa75cab035860dd865eedd72527a92dac1a9ca0fcf76bbb5a2b731e368,,2011/2024,observed,csv_row_2012_age_69_col_Male,annual_estimates_observed_v1,2012,69,male,380,reported,
1.0,annual_population_estimates_by_age_sex_csv,1b7b14fa75cab035860dd865eedd72527a92dac1a9ca0fcf76bbb5a2b731e368,,2011/2024,observed,csv_row_2012_age_69_col_Female,annual_estimates_observed_v1,2012,69,female,410,reported,
1.0,annual_population_estimates_by_age_sex_csv,1b7b14fa75cab035860dd865eedd72527a92dac1a9ca0fcf76bbb5a2b731e368,,2011/2024,derived,derived_from_2012_age_69_Male_and_Female,annual_estimates_sex_sum_v1,2012,69,all,790,reported,
1.0,annual_population_estimates_by_age_sex_csv,1b7b14fa75cab035860dd865eedd72527a92dac1a9ca0fcf76bbb5a2b731e368,,2011/2024,observed,csv_row_2012_age_70_col_Male,annual_estimates_observed_v1,2012,70,male,330,reported,
1.0,annual_population_estimates_by_age_sex_csv,1b7b14fa75cab035860dd865eedd72527a92dac1a9ca0fcf76bbb5a2b731e368,,2011/2024,observed,csv_row_2012_age_70_col_Female,annual_estimates_observed_v1,2012,70,female,360,reported,
1.0,annual_population_estimates_by_age_sex_csv,1b7b14fa75cab035860dd865eedd72527a92dac1a9ca0fcf76bbb5a2b731e368,,2011/2024,derived,derived_from_2012_age_70_Male_and_Female,annual_estimates_sex_sum_v1,2012,70,all,690,reported,
1.0,annual_population_estimates_by_age_sex_csv,1b7b14fa75cab035860dd865eedd72527a92dac1a9ca0fcf76bbb5a2b731e368,,2011/2024,observed,csv_row_2012_age_71_col_Male,annual_estimates_observed_v1,2012,71,male,300,reported,
1.0,annual_population_estimates_by_age_sex_csv,1b7b14fa75cab035860dd865eedd72527a92dac1a9ca0fcf76bbb5a2b731e368,,2011/2024,observed,csv_row_2012_age_71_col_Female,annual_estimates_observed_v1,2012,71,female,370,reported,
1.0,annual_population_estimates_by_age_sex_csv,1b7b14fa75cab035860dd865eedd72527a92dac1a9ca0fcf76bbb5a2b731e368,,2011/2024,derived,derived_from_2012_age_71_Male_and_Female,annual_estimates_sex_sum_v1,2012,71,all,670,reported,
1.0,annual_population_estimates_by_age_sex_csv,1b7b14fa75cab035860dd865eedd72527a92dac1a9ca0fcf76bbb5a2b731e368,,2011/2024,observed,csv_row_2012_age_72_col_Male,annual_estimates_observed_v1,2012,72,male,360,reported,
1.0,annual_population_estimates_by_age_sex_csv,1b7b14fa75cab035860dd865eedd72527a92dac1a9ca0fcf76bbb5a2b731e368,,2011/2024,observed,csv_row_2012_age_72_col_Female,annual_estimates_observed_v1,2012,72,female,400,reported,
1.0,annual_population_estimates_by_age_sex_csv,1b7b14fa75cab035860dd865eedd72527a92dac1a9ca0fcf76bbb5a2b731e368,,2011/2024,derived,derived_from_2012_age_72_Male_and_Female,annual_estimates_sex_sum_v1,2012,72,all,760,reported,
1.0,annual_population_estimates_by_age_sex_csv,1b7b14fa75cab035860dd865eedd72527a92dac1a9ca0fcf76bbb5a2b731e368,,2011/2024,observed,csv_row_2012_age_73_col_Male,annual_estimates_observed_v1,2012,73,male,360,reported,
1.0,annual_population_estimates_by_age_sex_csv,1b7b14fa75cab035860dd865eedd72527a92dac1a9ca0fcf76bbb5a2b731e368,,2011/2024,observed,csv_row_2012_age_73_col_Female,annual_estimates_observed_v1,2012,73,female,370,reported,
1.0,annual_population_estimates_by_age_sex_csv,1b7b14fa75cab035860dd865eedd72527a92dac1a9ca0fcf76bbb5a2b731e368,,2011/2024,derived,derived_from_2012_age_73_Male_and_Female,annual_estimates_sex_sum_v1,2012,73,all,730,reported,
1.0,annual_population_estimates_by_age_sex_csv,1b7b14fa75cab035860dd865eedd72527a92dac1a9ca0fcf76bbb5a2b731e368,,2011/2024,observed,csv_row_2012_age_74_col_Male,annual_estimates_observed_v1,2012,74,male,340,reported,
1.0,annual_population_estimates_by_age_sex_csv,1b7b14fa75cab035860dd865eedd72527a92dac1a9ca0fcf76bbb5a2b731e368,,2011/2024,observed,csv_row_2012_age_74_col_Female,annual_estimates_observed_v1,2012,74,female,380,reported,
1.0,annual_population_estimates_by_age_sex_csv,1b7b14fa75cab035860dd865eedd72527a92dac1a9ca0fcf76bbb5a2b731e368,,2011/2024,derived,derived_from_2012_age_74_Male_and_Female,annual_estimates_sex_sum_v1,2012,74,all,720,reported,
1.0,annual_population_estimates_by_age_sex_csv,1b7b14fa75cab035860dd865eedd72527a92dac1a9ca0fcf76bbb5a2b731e368,,2011/2024,observed,csv_row_2012_age_75_col_Male,annual_estimates_observed_v1,2012,75,male,310,reported,
1.0,annual_population_estimates_by_age_sex_csv,1b7b14fa75cab035860dd865eedd72527a92dac1a9ca0fcf76bbb5a2b731e368,,2011/2024,observed,csv_row_2012_age_75_col_Female,annual_estimates_observed_v1,2012,75,female,360,reported,
1.0,annual_population_estimates_by_age_sex_csv,1b7b14fa75cab035860dd865eedd72527a92dac1a9ca0fcf76bbb5a2b731e368,,2011/2024,derived,derived_from_2012_age_75_Male_and_Female,annual_estimates_sex_sum_v1,2012,75,all,670,reported,
1.0,annual_population_estimates_by_age_sex_csv,1b7b14fa75cab035860dd865eedd72527a92dac1a9ca0fcf76bbb5a2b731e368,,2011/2024,observed,csv_row_2012_age_76_col_Male,annual_estimates_observed_v1,2012,76,male,310,reported,
1.0,annual_population_estimates_by_age_sex_csv,1b7b14fa75cab035860dd865eedd72527a92dac1a9ca0fcf76bbb5a2b731e368,,2011/2024,observed,csv_row_2012_age_76_col_Female,annual_estimates_observed_v1,2012,76,female,340,reported,
1.0,annual_population_estimates_by_age_sex_csv,1b7b14fa75cab035860dd865eedd72527a92dac1a9ca0fcf76bbb5a2b731e368,,2011/2024,derived,derived_from_2012_age_76_Male_and_Female,annual_estimates_sex_sum_v1,2012,76,all,650,reported,
1.0,annual_population_estimates_by_age_sex_csv,1b7b14fa75cab035860dd865eedd72527a92dac1a9ca0fcf76bbb5a2b731e368,,2011/2024,observed,csv_row_2012_age_77_col_Male,annual_estimates_observed_v1,2012,77,male,300,reported,
1.0,annual_population_estimates_by_age_sex_csv,1b7b14fa75cab035860dd865eedd72527a92dac1a9ca0fcf76bbb5a2b731e368,,2011/2024,observed,csv_row_2012_age_77_col_Female,annual_estimates_observed_v1,2012,77,female,320,reported,
1.0,annual_population_estimates_by_age_sex_csv,1b7b14fa75cab035860dd865eedd72527a92dac1a9ca0fcf76bbb5a2b731e368,,2011/2024,derived,derived_from_2012_age_77_Male_and_Female,annual_estimates_sex_sum_v1,2012,77,all,620,reported,
1.0,annual_population_estimates_by_age_sex_csv,1b7b14fa75cab035860dd865eedd72527a92dac1a9ca0fcf76bbb5a2b731e368,,2011/2024,observed,csv_row_2012_age_78_col_Male,annual_estimates_observed_v1,2012,78,male,270,reported,
1.0,annual_population_estimates_by_age_sex_csv,1b7b14fa75cab035860dd865eedd72527a92dac1a9ca0fcf76bbb5a2b731e368,,2011/2024,observed,csv_row_2012_age_78_col_Female,annual_estimates_observed_v1,2012,78,female,320,reported,
1.0,annual_population_estimates_by_age_sex_csv,1b7b14fa75cab035860dd865eedd72527a92dac1a9ca0fcf76bbb5a2b731e368,,2011/2024,derived,derived_from_2012_age_78_Male_and_Female,annual_estimates_sex_sum_v1,2012,78,all,590,reported,
1.0,annual_population_estimates_by_age_sex_csv,1b7b14fa75cab035860dd865eedd72527a92dac1a9ca0fcf76bbb5a2b731e368,,2011/2024,observed,csv_row_2012_age_79_col_Male,annual_estimates_observed_v1,2012,79,male,250,reported,
1.0,annual_population_estimates_by_age_sex_csv,1b7b14fa75cab035860dd865eedd72527a92dac1a9ca0fcf76bbb5a2b731e368,,2011/2024,observed,csv_row_2012_age_79_col_Female,annual_estimates_observed_v1,2012,79,female,310,reported,
1.0,annual_population_estimates_by_age_sex_csv,1b7b14fa75cab035860dd865eedd72527a92dac1a9ca0fcf76bbb5a2b731e368,,2011/2024,derived,derived_from_2012_age_79_Male_and_Female,annual_estimates_sex_sum_v1,2012,79,all,560,reported,
1.0,annual_population_estimates_by_age_sex_csv,1b7b14fa75cab035860dd865eedd72527a92dac1a9ca0fcf76bbb5a2b731e368,,2011/2024,observed,csv_row_2012_age_80_col_Male,annual_estimates_observed_v1,2012,80,male,190,reported,
1.0,annual_population_estimates_by_age_sex_csv,1b7b14fa75cab035860dd865eedd72527a92dac1a9ca0fcf76bbb5a2b731e368,,2011/2024,observed,csv_row_2012_age_80_col_Female,annual_estimates_observed_v1,2012,80,female,280,reported,
1.0,annual_population_estimates_by_age_sex_csv,1b7b14fa75cab035860dd865eedd72527a92dac1a9ca0fcf76bbb5a2b731e368,,2011/2024,derived,derived_from_2012_age_80_Male_and_Female,annual_estimates_sex_sum_v1,2012,80,all,470,reported,
1.0,annual_population_estimates_by_age_sex_csv,1b7b14fa75cab035860dd865eedd72527a92dac1a9ca0fcf76bbb5a2b731e368,,2011/2024,observed,csv_row_2012_age_81_col_Male,annual_estimates_observed_v1,2012,81,male,200,reported,
1.0,annual_population_estimates_by_age_sex_csv,1b7b14fa75cab035860dd865eedd72527a92dac1a9ca0fcf76bbb5a2b731e368,,2011/2024,observed,csv_row_2012_age_81_col_Female,annual_estimates_observed_v1,2012,81,female,250,reported,
1.0,annual_population_estimates_by_age_sex_csv,1b7b14fa75cab035860dd865eedd72527a92dac1a9ca0fcf76bbb5a2b731e368,,2011/2024,derived,derived_from_2012_age_81_Male_and_Female,annual_estimates_sex_sum_v1,2012,81,all,450,reported,
1.0,annual_population_estimates_by_age_sex_csv,1b7b14fa75cab035860dd865eedd72527a92dac1a9ca0fcf76bbb5a2b731e368,,2011/2024,observed,csv_row_2012_age_82_col_Male,annual_estimates_observed_v1,2012,82,male,180,reported,
1.0,annual_population_estimates_by_age_sex_csv,1b7b14fa75cab035860dd865eedd72527a92dac1a9ca0fcf76bbb5a2b731e368,,2011/2024,observed,csv_row_2012_age_82_col_Female,annual_estimates_observed_v1,2012,82,female,260,reported,
1.0,annual_population_estimates_by_age_sex_csv,1b7b14fa75cab035860dd865eedd72527a92dac1a9ca0fcf76bbb5a2b731e368,,2011/2024,derived,derived_from_2012_age_82_Male_and_Female,annual_estimates_sex_sum_v1,2012,82,all,440,reported,
1.0,annual_population_estimates_by_age_sex_csv,1b7b14fa75cab035860dd865eedd72527a92dac1a9ca0fcf76bbb5a2b731e368,,2011/2024,observed,csv_row_2012_age_83_col_Male,annual_estimates_observed_v1,2012,83,male,150,reported,
1.0,annual_population_estimates_by_age_sex_csv,1b7b14fa75cab035860dd865eedd72527a92dac1a9ca0fcf76bbb5a2b731e368,,2011/2024,observed,csv_row_2012_age_83_col_Female,annual_estimates_observed_v1,2012,83,female,220,reported,
1.0,annual_population_estimates_by_age_sex_csv,1b7b14fa75cab035860dd865eedd72527a92dac1a9ca0fcf76bbb5a2b731e368,,2011/2024,derived,derived_from_2012_age_83_Male_and_Female,annual_estimates_sex_sum_v1,2012,83,all,370,reported,
1.0,annual_population_estimates_by_age_sex_csv,1b7b14fa75cab035860dd865eedd72527a92dac1a9ca0fcf76bbb5a2b731e368,,2011/2024,observed,csv_row_2012_age_84_col_Male,annual_estimates_observed_v1,2012,84,male,130,reported,
1.0,annual_population_estimates_by_age_sex_csv,1b7b14fa75cab035860dd865eedd72527a92dac1a9ca0fcf76bbb5a2b731e368,,2011/2024,observed,csv_row_2012_age_84_col_Female,annual_estimates_observed_v1,2012,84,female,240,reported,
1.0,annual_population_estimates_by_age_sex_csv,1b7b14fa75cab035860dd865eedd72527a92dac1a9ca0fcf76bbb5a2b731e368,,2011/2024,derived,derived_from_2012_age_84_Male_and_Female,annual_estimates_sex_sum_v1,2012,84,all,370,reported,
1.0,annual_population_estimates_by_age_sex_csv,1b7b14fa75cab035860dd865eedd72527a92dac1a9ca0fcf76bbb5a2b731e368,,2011/2024,observed,csv_row_2012_age_85_col_Male,annual_estimates_observed_v1,2012,85,male,130,reported,
1.0,annual_population_estimates_by_age_sex_csv,1b7b14fa75cab035860dd865eedd72527a92dac1a9ca0fcf76bbb5a2b731e368,,2011/2024,observed,csv_row_2012_age_85_col_Female,annual_estimates_observed_v1,2012,85,female,170,reported,
1.0,annual_population_estimates_by_age_sex_csv,1b7b14fa75cab035860dd865eedd72527a92dac1a9ca0fcf76bbb5a2b731e368,,2011/2024,derived,derived_from_2012_age_85_Male_and_Female,annual_estimates_sex_sum_v1,2012,85,all,300,reported,
1.0,annual_population_estimates_by_age_sex_csv,1b7b14fa75cab035860dd865eedd72527a92dac1a9ca0fcf76bbb5a2b731e368,,2011/2024,observed,csv_row_2012_age_86_col_Male,annual_estimates_observed_v1,2012,86,male,110,reported,
1.0,annual_population_estimates_by_age_sex_csv,1b7b14fa75cab035860dd865eedd72527a92dac1a9ca0fcf76bbb5a2b731e368,,2011/2024,observed,csv_row_2012_age_86_col_Female,annual_estimates_observed_v1,2012,86,female,180,reported,
1.0,annual_population_estimates_by_age_sex_csv,1b7b14fa75cab035860dd865eedd72527a92dac1a9ca0fcf76bbb5a2b731e368,,2011/2024,derived,derived_from_2012_age_86_Male_and_Female,annual_estimates_sex_sum_v1,2012,86,all,290,reported,
1.0,annual_population_estimates_by_age_sex_csv,1b7b14fa75cab035860dd865eedd72527a92dac1a9ca0fcf76bbb5a2b731e368,,2011/2024,observed,csv_row_2012_age_87_col_Male,annual_estimates_observed_v1,2012,87,male,100,reported,
1.0,annual_population_estimates_by_age_sex_csv,1b7b14fa75cab035860dd865eedd72527a92dac1a9ca0fcf76bbb5a2b731e368,,2011/2024,observed,csv_row_2012_age_87_col_Female,annual_estimates_observed_v1,2012,87,female,160,reported,
1.0,annual_population_estimates_by_age_sex_csv,1b7b14fa75cab035860dd865eedd72527a92dac1a9ca0fcf76bbb5a2b731e368,,2011/2024,derived,derived_from_2012_age_87_Male_and_Female,annual_estimates_sex_sum_v1,2012,87,all,260,reported,
1.0,annual_population_estimates_by_age_sex_csv,1b7b14fa75cab035860dd865eedd72527a92dac1a9ca0fcf76bbb5a2b731e368,,2011/2024,observed,csv_row_2012_age_88_col_Male,annual_estimates_observed_v1,2012,88,male,80,reported,
1.0,annual_population_estimates_by_age_sex_csv,1b7b14fa75cab035860dd865eedd72527a92dac1a9ca0fcf76bbb5a2b731e368,,2011/2024,observed,csv_row_2012_age_88_col_Female,annual_estimates_observed_v1,2012,88,female,140,reported,
1.0,annual_population_estimates_by_age_sex_csv,1b7b14fa75cab035860dd865eedd72527a92dac1a9ca0fcf76bbb5a2b731e368,,2011/2024,derived,derived_from_2012_age_88_Male_and_Female,annual_estimates_sex_sum_v1,2012,88,all,220,reported,
1.0,annual_population_estimates_by_age_sex_csv,1b7b14fa75cab035860dd865eedd72527a92dac1a9ca0fcf76bbb5a2b731e368,,2011/2024,observed,csv_row_2012_age_89_col_Male,annual_estimates_observed_v1,2012,89,male,60,reported,
1.0,annual_population_estimates_by_age_sex_csv,1b7b14fa75cab035860dd865eedd72527a92dac1a9ca0fcf76bbb5a2b731e368,,2011/2024,observed,csv_row_2012_age_89_col_Female,annual_estimates_observed_v1,2012,89,female,120,reported,
1.0,annual_population_estimates_by_age_sex_csv,1b7b14fa75cab035860dd865eedd72527a92dac1a9ca0fcf76bbb5a2b731e368,,2011/2024,derived,derived_from_2012_age_89_Male_and_Female,annual_estimates_sex_sum_v1,2012,89,all,180,reported,
1.0,annual_population_estimates_by_age_sex_csv,1b7b14fa75cab035860dd865eedd72527a92dac1a9ca0fcf76bbb5a2b731e368,,2011/2024,observed,csv_row_2012_age_90_col_Male,annual_estimates_observed_v1,2012,90,male,60,reported,
1.0,annual_population_estimates_by_age_sex_csv,1b7b14fa75cab035860dd865eedd72527a92dac1a9ca0fcf76bbb5a2b731e368,,2011/2024,observed,csv_row_2012_age_90_col_Female,annual_estimates_observed_v1,2012,90,female,110,reported,
1.0,annual_population_estimates_by_age_sex_csv,1b7b14fa75cab035860dd865eedd72527a92dac1a9ca0fcf76bbb5a2b731e368,,2011/2024,derived,derived_from_2012_age_90_Male_and_Female,annual_estimates_sex_sum_v1,2012,90,all,170,reported,
1.0,annual_population_estimates_by_age_sex_csv,1b7b14fa75cab035860dd865eedd72527a92dac1a9ca0fcf76bbb5a2b731e368,,2011/2024,observed,csv_row_2012_age_91_col_Male,annual_estimates_observed_v1,2012,91,male,40,reported,
1.0,annual_population_estimates_by_age_sex_csv,1b7b14fa75cab035860dd865eedd72527a92dac1a9ca0fcf76bbb5a2b731e368,,2011/2024,observed,csv_row_2012_age_91_col_Female,annual_estimates_observed_v1,2012,91,female,100,reported,
1.0,annual_population_estimates_by_age_sex_csv,1b7b14fa75cab035860dd865eedd72527a92dac1a9ca0fcf76bbb5a2b731e368,,2011/2024,derived,derived_from_2012_age_91_Male_and_Female,annual_estimates_sex_sum_v1,2012,91,all,140,reported,
1.0,annual_population_estimates_by_age_sex_csv,1b7b14fa75cab035860dd865eedd72527a92dac1a9ca0fcf76bbb5a2b731e368,,2011/2024,observed,csv_row_2012_age_92_col_Male,annual_estimates_observed_v1,2012,92,male,30,reported,
1.0,annual_population_estimates_by_age_sex_csv,1b7b14fa75cab035860dd865eedd72527a92dac1a9ca0fcf76bbb5a2b731e368,,2011/2024,observed,csv_row_2012_age_92_col_Female,annual_estimates_observed_v1,2012,92,female,100,reported,
1.0,annual_population_estimates_by_age_sex_csv,1b7b14fa75cab035860dd865eedd72527a92dac1a9ca0fcf76bbb5a2b731e368,,2011/2024,derived,derived_from_2012_age_92_Male_and_Female,annual_estimates_sex_sum_v1,2012,92,all,130,reported,
1.0,annual_population_estimates_by_age_sex_csv,1b7b14fa75cab035860dd865eedd72527a92dac1a9ca0fcf76bbb5a2b731e368,,2011/2024,observed,csv_row_2012_age_93_col_Male,annual_estimates_observed_v1,2012,93,male,20,reported,
1.0,annual_population_estimates_by_age_sex_csv,1b7b14fa75cab035860dd865eedd72527a92dac1a9ca0fcf76bbb5a2b731e368,,2011/2024,observed,csv_row_2012_age_93_col_Female,annual_estimates_observed_v1,2012,93,female,50,reported,
1.0,annual_population_estimates_by_age_sex_csv,1b7b14fa75cab035860dd865eedd72527a92dac1a9ca0fcf76bbb5a2b731e368,,2011/2024,derived,derived_from_2012_age_93_Male_and_Female,annual_estimates_sex_sum_v1,2012,93,all,70,reported,
1.0,annual_population_estimates_by_age_sex_csv,1b7b14fa75cab035860dd865eedd72527a92dac1a9ca0fcf76bbb5a2b731e368,,2011/2024,observed,csv_row_2012_age_94_col_Male,annual_estimates_observed_v1,2012,94,male,10,reported,
1.0,annual_population_estimates_by_age_sex_csv,1b7b14fa75cab035860dd865eedd72527a92dac1a9ca0fcf76bbb5a2b731e368,,2011/2024,observed,csv_row_2012_age_94_col_Female,annual_estimates_observed_v1,2012,94,female,40,reported,
1.0,annual_population_estimates_by_age_sex_csv,1b7b14fa75cab035860dd865eedd72527a92dac1a9ca0fcf76bbb5a2b731e368,,2011/2024,derived,derived_from_2012_age_94_Male_and_Female,annual_estimates_sex_sum_v1,2012,94,all,50,reported,
1.0,annual_population_estimates_by_age_sex_csv,1b7b14fa75cab035860dd865eedd72527a92dac1a9ca0fcf76bbb5a2b731e368,,2011/2024,observed,csv_row_2012_age_95_col_Male,annual_estimates_observed_v1,2012,95,male,0,reported,
1.0,annual_population_estimates_by_age_sex_csv,1b7b14fa75cab035860dd865eedd72527a92dac1a9ca0fcf76bbb5a2b731e368,,2011/2024,observed,csv_row_2012_age_95_col_Female,annual_estimates_observed_v1,2012,95,female,40,reported,
1.0,annual_population_estimates_by_age_sex_csv,1b7b14fa75cab035860dd865eedd72527a92dac1a9ca0fcf76bbb5a2b731e368,,2011/2024,derived,derived_from_2012_age_95_Male_and_Female,annual_estimates_sex_sum_v1,2012,95,all,40,reported,
1.0,annual_population_estimates_by_age_sex_csv,1b7b14fa75cab035860dd865eedd72527a92dac1a9ca0fcf76bbb5a2b731e368,,2011/2024,observed,csv_row_2012_age_96_col_Male,annual_estimates_observed_v1,2012,96,male,10,reported,
1.0,annual_population_estimates_by_age_sex_csv,1b7b14fa75cab035860dd865eedd72527a92dac1a9ca0fcf76bbb5a2b731e368,,2011/2024,observed,csv_row_2012_age_96_col_Female,annual_estimates_observed_v1,2012,96,female,20,reported,
1.0,annual_population_estimates_by_age_sex_csv,1b7b14fa75cab035860dd865eedd72527a92dac1a9ca0fcf76bbb5a2b731e368,,2011/2024,derived,derived_from_2012_age_96_Male_and_Female,annual_estimates_sex_sum_v1,2012,96,all,30,reported,
1.0,annual_population_estimates_by_age_sex_csv,1b7b14fa75cab035860dd865eedd72527a92dac1a9ca0fcf76bbb5a2b731e368,,2011/2024,observed,csv_row_2012_age_97_col_Male,annual_estimates_observed_v1,2012,97,male,0,reported,
1.0,annual_population_estimates_by_age_sex_csv,1b7b14fa75cab035860dd865eedd72527a92dac1a9ca0fcf76bbb5a2b731e368,,2011/2024,observed,csv_row_2012_age_97_col_Female,annual_estimates_observed_v1,2012,97,female,20,reported,
1.0,annual_population_estimates_by_age_sex_csv,1b7b14fa75cab035860dd865eedd72527a92dac1a9ca0fcf76bbb5a2b731e368,,2011/2024,derived,derived_from_2012_age_97_Male_and_Female,annual_estimates_sex_sum_v1,2012,97,all,20,reported,
1.0,annual_population_estimates_by_age_sex_csv,1b7b14fa75cab035860dd865eedd72527a92dac1a9ca0fcf76bbb5a2b731e368,,2011/2024,observed,csv_row_2012_age_98_col_Male,annual_estimates_observed_v1,2012,98,male,0,reported,
1.0,annual_population_estimates_by_age_sex_csv,1b7b14fa75cab035860dd865eedd72527a92dac1a9ca0fcf76bbb5a2b731e368,,2011/2024,observed,csv_row_2012_age_98_col_Female,annual_estimates_observed_v1,2012,98,female,20,reported,
1.0,annual_population_estimates_by_age_sex_csv,1b7b14fa75cab035860dd865eedd72527a92dac1a9ca0fcf76bbb5a2b731e368,,2011/2024,derived,derived_from_2012_age_98_Male_and_Female,annual_estimates_sex_sum_v1,2012,98,all,20,reported,
1.0,annual_population_estimates_by_age_sex_csv,1b7b14fa75cab035860dd865eedd72527a92dac1a9ca0fcf76bbb5a2b731e368,,2011/2024,observed,csv_row_2012_age_99_col_Male,annual_estimates_observed_v1,2012,99,male,0,reported,
1.0,annual_population_estimates_by_age_sex_csv,1b7b14fa75cab035860dd865eedd72527a92dac1a9ca0fcf76bbb5a2b731e368,,2011/2024,observed,csv_row_2012_age_99_col_Female,annual_estimates_observed_v1,2012,99,female,10,reported,
1.0,annual_population_estimates_by_age_sex_csv,1b7b14fa75cab035860dd865eedd72527a92dac1a9ca0fcf76bbb5a2b731e368,,2011/2024,derived,derived_from_2012_age_99_Male_and_Female,annual_estimates_sex_sum_v1,2012,99,all,10,reported,
1.0,annual_population_estimates_by_age_sex_csv,1b7b14fa75cab035860dd865eedd72527a92dac1a9ca0fcf76bbb5a2b731e368,,2011/2024,observed,csv_row_2012_age_100_col_Male,annual_estimates_observed_v1,2012,100,male,0,reported,
1.0,annual_population_estimates_by_age_sex_csv,1b7b14fa75cab035860dd865eedd72527a92dac1a9ca0fcf76bbb5a2b731e368,,2011/2024,observed,csv_row_2012_age_100_col_Female,annual_estimates_observed_v1,2012,100,female,10,reported,
1.0,annual_population_estimates_by_age_sex_csv,1b7b14fa75cab035860dd865eedd72527a92dac1a9ca0fcf76bbb5a2b731e368,,2011/2024,derived,derived_from_2012_age_100_Male_and_Female,annual_estimates_sex_sum_v1,2012,100,all,10,reported,
1.0,annual_population_estimates_by_age_sex_csv,1b7b14fa75cab035860dd865eedd72527a92dac1a9ca0fcf76bbb5a2b731e368,,2011/2024,observed,csv_row_2013_age_0_col_Male,annual_estimates_observed_v1,2013,0,male,530,reported,
1.0,annual_population_estimates_by_age_sex_csv,1b7b14fa75cab035860dd865eedd72527a92dac1a9ca0fcf76bbb5a2b731e368,,2011/2024,observed,csv_row_2013_age_0_col_Female,annual_estimates_observed_v1,2013,0,female,490,reported,
1.0,annual_population_estimates_by_age_sex_csv,1b7b14fa75cab035860dd865eedd72527a92dac1a9ca0fcf76bbb5a2b731e368,,2011/2024,derived,derived_from_2013_age_0_Male_and_Female,annual_estimates_sex_sum_v1,2013,0,all,1020,reported,
1.0,annual_population_estimates_by_age_sex_csv,1b7b14fa75cab035860dd865eedd72527a92dac1a9ca0fcf76bbb5a2b731e368,,2011/2024,observed,csv_row_2013_age_1_col_Male,annual_estimates_observed_v1,2013,1,male,570,reported,
1.0,annual_population_estimates_by_age_sex_csv,1b7b14fa75cab035860dd865eedd72527a92dac1a9ca0fcf76bbb5a2b731e368,,2011/2024,observed,csv_row_2013_age_1_col_Female,annual_estimates_observed_v1,2013,1,female,550,reported,
1.0,annual_population_estimates_by_age_sex_csv,1b7b14fa75cab035860dd865eedd72527a92dac1a9ca0fcf76bbb5a2b731e368,,2011/2024,derived,derived_from_2013_age_1_Male_and_Female,annual_estimates_sex_sum_v1,2013,1,all,1120,reported,
1.0,annual_population_estimates_by_age_sex_csv,1b7b14fa75cab035860dd865eedd72527a92dac1a9ca0fcf76bbb5a2b731e368,,2011/2024,observed,csv_row_2013_age_2_col_Male,annual_estimates_observed_v1,2013,2,male,540,reported,
1.0,annual_population_estimates_by_age_sex_csv,1b7b14fa75cab035860dd865eedd72527a92dac1a9ca0fcf76bbb5a2b731e368,,2011/2024,observed,csv_row_2013_age_2_col_Female,annual_estimates_observed_v1,2013,2,female,530,reported,
1.0,annual_population_estimates_by_age_sex_csv,1b7b14fa75cab035860dd865eedd72527a92dac1a9ca0fcf76bbb5a2b731e368,,2011/2024,derived,derived_from_2013_age_2_Male_and_Female,annual_estimates_sex_sum_v1,2013,2,all,1070,reported,
1.0,annual_population_estimates_by_age_sex_csv,1b7b14fa75cab035860dd865eedd72527a92dac1a9ca0fcf76bbb5a2b731e368,,2011/2024,observed,csv_row_2013_age_3_col_Male,annual_estimates_observed_v1,2013,3,male,520,reported,
1.0,annual_population_estimates_by_age_sex_csv,1b7b14fa75cab035860dd865eedd72527a92dac1a9ca0fcf76bbb5a2b731e368,,2011/2024,observed,csv_row_2013_age_3_col_Female,annual_estimates_observed_v1,2013,3,female,550,reported,
1.0,annual_population_estimates_by_age_sex_csv,1b7b14fa75cab035860dd865eedd72527a92dac1a9ca0fcf76bbb5a2b731e368,,2011/2024,derived,derived_from_2013_age_3_Male_and_Female,annual_estimates_sex_sum_v1,2013,3,all,1070,reported,
1.0,annual_population_estimates_by_age_sex_csv,1b7b14fa75cab035860dd865eedd72527a92dac1a9ca0fcf76bbb5a2b731e368,,2011/2024,observed,csv_row_2013_age_4_col_Male,annual_estimates_observed_v1,2013,4,male,500,reported,
1.0,annual_population_estimates_by_age_sex_csv,1b7b14fa75cab035860dd865eedd72527a92dac1a9ca0fcf76bbb5a2b731e368,,2011/2024,observed,csv_row_2013_age_4_col_Female,annual_estimates_observed_v1,2013,4,female,490,reported,
1.0,annual_population_estimates_by_age_sex_csv,1b7b14fa75cab035860dd865eedd72527a92dac1a9ca0fcf76bbb5a2b731e368,,2011/2024,derived,derived_from_2013_age_4_Male_and_Female,annual_estimates_sex_sum_v1,2013,4,all,990,reported,
1.0,annual_population_estimates_by_age_sex_csv,1b7b14fa75cab035860dd865eedd72527a92dac1a9ca0fcf76bbb5a2b731e368,,2011/2024,observed,csv_row_2013_age_5_col_Male,annual_estimates_observed_v1,2013,5,male,500,reported,
1.0,annual_population_estimates_by_age_sex_csv,1b7b14fa75cab035860dd865eedd72527a92dac1a9ca0fcf76bbb5a2b731e368,,2011/2024,observed,csv_row_2013_age_5_col_Female,annual_estimates_observed_v1,2013,5,female,530,reported,
1.0,annual_population_estimates_by_age_sex_csv,1b7b14fa75cab035860dd865eedd72527a92dac1a9ca0fcf76bbb5a2b731e368,,2011/2024,derived,derived_from_2013_age_5_Male_and_Female,annual_estimates_sex_sum_v1,2013,5,all,1030,reported,
1.0,annual_population_estimates_by_age_sex_csv,1b7b14fa75cab035860dd865eedd72527a92dac1a9ca0fcf76bbb5a2b731e368,,2011/2024,observed,csv_row_2013_age_6_col_Male,annual_estimates_observed_v1,2013,6,male,510,reported,
1.0,annual_population_estimates_by_age_sex_csv,1b7b14fa75cab035860dd865eedd72527a92dac1a9ca0fcf76bbb5a2b731e368,,2011/2024,observed,csv_row_2013_age_6_col_Female,annual_estimates_observed_v1,2013,6,female,510,reported,
1.0,annual_population_estimates_by_age_sex_csv,1b7b14fa75cab035860dd865eedd72527a92dac1a9ca0fcf76bbb5a2b731e368,,2011/2024,derived,derived_from_2013_age_6_Male_and_Female,annual_estimates_sex_sum_v1,2013,6,all,1020,reported,
1.0,annual_population_estimates_by_age_sex_csv,1b7b14fa75cab035860dd865eedd72527a92dac1a9ca0fcf76bbb5a2b731e368,,2011/2024,observed,csv_row_2013_age_7_col_Male,annual_estimates_observed_v1,2013,7,male,490,reported,
1.0,annual_population_estimates_by_age_sex_csv,1b7b14fa75cab035860dd865eedd72527a92dac1a9ca0fcf76bbb5a2b731e368,,2011/2024,observed,csv_row_2013_age_7_col_Female,annual_estimates_observed_v1,2013,7,female,510,reported,
1.0,annual_population_estimates_by_age_sex_csv,1b7b14fa75cab035860dd865eedd72527a92dac1a9ca0fcf76bbb5a2b731e368,,2011/2024,derived,derived_from_2013_age_7_Male_and_Female,annual_estimates_sex_sum_v1,2013,7,all,1000,reported,
1.0,annual_population_estimates_by_age_sex_csv,1b7b14fa75cab035860dd865eedd72527a92dac1a9ca0fcf76bbb5a2b731e368,,2011/2024,observed,csv_row_2013_age_8_col_Male,annual_estimates_observed_v1,2013,8,male,490,reported,
1.0,annual_population_estimates_by_age_sex_csv,1b7b14fa75cab035860dd865eedd72527a92dac1a9ca0fcf76bbb5a2b731e368,,2011/2024,observed,csv_row_2013_age_8_col_Female,annual_estimates_observed_v1,2013,8,female,480,reported,
1.0,annual_population_estimates_by_age_sex_csv,1b7b14fa75cab035860dd865eedd72527a92dac1a9ca0fcf76bbb5a2b731e368,,2011/2024,derived,derived_from_2013_age_8_Male_and_Female,annual_estimates_sex_sum_v1,2013,8,all,970,reported,
1.0,annual_population_estimates_by_age_sex_csv,1b7b14fa75cab035860dd865eedd72527a92dac1a9ca0fcf76bbb5a2b731e368,,2011/2024,observed,csv_row_2013_age_9_col_Male,annual_estimates_observed_v1,2013,9,male,500,reported,
1.0,annual_population_estimates_by_age_sex_csv,1b7b14fa75cab035860dd865eedd72527a92dac1a9ca0fcf76bbb5a2b731e368,,2011/2024,observed,csv_row_2013_age_9_col_Female,annual_estimates_observed_v1,2013,9,female,480,reported,
1.0,annual_population_estimates_by_age_sex_csv,1b7b14fa75cab035860dd865eedd72527a92dac1a9ca0fcf76bbb5a2b731e368,,2011/2024,derived,derived_from_2013_age_9_Male_and_Female,annual_estimates_sex_sum_v1,2013,9,all,980,reported,
1.0,annual_population_estimates_by_age_sex_csv,1b7b14fa75cab035860dd865eedd72527a92dac1a9ca0fcf76bbb5a2b731e368,,2011/2024,observed,csv_row_2013_age_10_col_Male,annual_estimates_observed_v1,2013,10,male,530,reported,
1.0,annual_population_estimates_by_age_sex_csv,1b7b14fa75cab035860dd865eedd72527a92dac1a9ca0fcf76bbb5a2b731e368,,2011/2024,observed,csv_row_2013_age_10_col_Female,annual_estimates_observed_v1,2013,10,female,490,reported,
1.0,annual_population_estimates_by_age_sex_csv,1b7b14fa75cab035860dd865eedd72527a92dac1a9ca0fcf76bbb5a2b731e368,,2011/2024,derived,derived_from_2013_age_10_Male_and_Female,annual_estimates_sex_sum_v1,2013,10,all,1020,reported,
1.0,annual_population_estimates_by_age_sex_csv,1b7b14fa75cab035860dd865eedd72527a92dac1a9ca0fcf76bbb5a2b731e368,,2011/2024,observed,csv_row_2013_age_11_col_Male,annual_estimates_observed_v1,2013,11,male,450,reported,
1.0,annual_population_estimates_by_age_sex_csv,1b7b14fa75cab035860dd865eedd72527a92dac1a9ca0fcf76bbb5a2b731e368,,2011/2024,observed,csv_row_2013_age_11_col_Female,annual_estimates_observed_v1,2013,11,female,480,reported,
1.0,annual_population_estimates_by_age_sex_csv,1b7b14fa75cab035860dd865eedd72527a92dac1a9ca0fcf76bbb5a2b731e368,,2011/2024,derived,derived_from_2013_age_11_Male_and_Female,annual_estimates_sex_sum_v1,2013,11,all,930,reported,
1.0,annual_population_estimates_by_age_sex_csv,1b7b14fa75cab035860dd865eedd72527a92dac1a9ca0fcf76bbb5a2b731e368,,2011/2024,observed,csv_row_2013_age_12_col_Male,annual_estimates_observed_v1,2013,12,male,520,reported,
1.0,annual_population_estimates_by_age_sex_csv,1b7b14fa75cab035860dd865eedd72527a92dac1a9ca0fcf76bbb5a2b731e368,,2011/2024,observed,csv_row_2013_age_12_col_Female,annual_estimates_observed_v1,2013,12,female,490,reported,
1.0,annual_population_estimates_by_age_sex_csv,1b7b14fa75cab035860dd865eedd72527a92dac1a9ca0fcf76bbb5a2b731e368,,2011/2024,derived,derived_from_2013_age_12_Male_and_Female,annual_estimates_sex_sum_v1,2013,12,all,1010,reported,
1.0,annual_population_estimates_by_age_sex_csv,1b7b14fa75cab035860dd865eedd72527a92dac1a9ca0fcf76bbb5a2b731e368,,2011/2024,observed,csv_row_2013_age_13_col_Male,annual_estimates_observed_v1,2013,13,male,480,reported,
1.0,annual_population_estimates_by_age_sex_csv,1b7b14fa75cab035860dd865eedd72527a92dac1a9ca0fcf76bbb5a2b731e368,,2011/2024,observed,csv_row_2013_age_13_col_Female,annual_estimates_observed_v1,2013,13,female,480,reported,
1.0,annual_population_estimates_by_age_sex_csv,1b7b14fa75cab035860dd865eedd72527a92dac1a9ca0fcf76bbb5a2b731e368,,2011/2024,derived,derived_from_2013_age_13_Male_and_Female,annual_estimates_sex_sum_v1,2013,13,all,960,reported,
1.0,annual_population_estimates_by_age_sex_csv,1b7b14fa75cab035860dd865eedd72527a92dac1a9ca0fcf76bbb5a2b731e368,,2011/2024,observed,csv_row_2013_age_14_col_Male,annual_estimates_observed_v1,2013,14,male,560,reported,
1.0,annual_population_estimates_by_age_sex_csv,1b7b14fa75cab035860dd865eedd72527a92dac1a9ca0fcf76bbb5a2b731e368,,2011/2024,observed,csv_row_2013_age_14_col_Female,annual_estimates_observed_v1,2013,14,female,500,reported,
1.0,annual_population_estimates_by_age_sex_csv,1b7b14fa75cab035860dd865eedd72527a92dac1a9ca0fcf76bbb5a2b731e368,,2011/2024,derived,derived_from_2013_age_14_Male_and_Female,annual_estimates_sex_sum_v1,2013,14,all,1060,reported,
1.0,annual_population_estimates_by_age_sex_csv,1b7b14fa75cab035860dd865eedd72527a92dac1a9ca0fcf76bbb5a2b731e368,,2011/2024,observed,csv_row_2013_age_15_col_Male,annual_estimates_observed_v1,2013,15,male,540,reported,
1.0,annual_population_estimates_by_age_sex_csv,1b7b14fa75cab035860dd865eedd72527a92dac1a9ca0fcf76bbb5a2b731e368,,2011/2024,observed,csv_row_2013_age_15_col_Female,annual_estimates_observed_v1,2013,15,female,550,reported,
1.0,annual_population_estimates_by_age_sex_csv,1b7b14fa75cab035860dd865eedd72527a92dac1a9ca0fcf76bbb5a2b731e368,,2011/2024,derived,derived_from_2013_age_15_Male_and_Female,annual_estimates_sex_sum_v1,2013,15,all,1090,reported,
1.0,annual_population_estimates_by_age_sex_csv,1b7b14fa75cab035860dd865eedd72527a92dac1a9ca0fcf76bbb5a2b731e368,,2011/2024,observed,csv_row_2013_age_16_col_Male,annual_estimates_observed_v1,2013,16,male,580,reported,
1.0,annual_population_estimates_by_age_sex_csv,1b7b14fa75cab035860dd865eedd72527a92dac1a9ca0fcf76bbb5a2b731e368,,2011/2024,observed,csv_row_2013_age_16_col_Female,annual_estimates_observed_v1,2013,16,female,520,reported,
1.0,annual_population_estimates_by_age_sex_csv,1b7b14fa75cab035860dd865eedd72527a92dac1a9ca0fcf76bbb5a2b731e368,,2011/2024,derived,derived_from_2013_age_16_Male_and_Female,annual_estimates_sex_sum_v1,2013,16,all,1100,reported,
1.0,annual_population_estimates_by_age_sex_csv,1b7b14fa75cab035860dd865eedd72527a92dac1a9ca0fcf76bbb5a2b731e368,,2011/2024,observed,csv_row_2013_age_17_col_Male,annual_estimates_observed_v1,2013,17,male,590,reported,
1.0,annual_population_estimates_by_age_sex_csv,1b7b14fa75cab035860dd865eedd72527a92dac1a9ca0fcf76bbb5a2b731e368,,2011/2024,observed,csv_row_2013_age_17_col_Female,annual_estimates_observed_v1,2013,17,female,570,reported,
1.0,annual_population_estimates_by_age_sex_csv,1b7b14fa75cab035860dd865eedd72527a92dac1a9ca0fcf76bbb5a2b731e368,,2011/2024,derived,derived_from_2013_age_17_Male_and_Female,annual_estimates_sex_sum_v1,2013,17,all,1160,reported,
1.0,annual_population_estimates_by_age_sex_csv,1b7b14fa75cab035860dd865eedd72527a92dac1a9ca0fcf76bbb5a2b731e368,,2011/2024,observed,csv_row_2013_age_18_col_Male,annual_estimates_observed_v1,2013,18,male,590,reported,
1.0,annual_population_estimates_by_age_sex_csv,1b7b14fa75cab035860dd865eedd72527a92dac1a9ca0fcf76bbb5a2b731e368,,2011/2024,observed,csv_row_2013_age_18_col_Female,annual_estimates_observed_v1,2013,18,female,510,reported,
1.0,annual_population_estimates_by_age_sex_csv,1b7b14fa75cab035860dd865eedd72527a92dac1a9ca0fcf76bbb5a2b731e368,,2011/2024,derived,derived_from_2013_age_18_Male_and_Female,annual_estimates_sex_sum_v1,2013,18,all,1100,reported,
1.0,annual_population_estimates_by_age_sex_csv,1b7b14fa75cab035860dd865eedd72527a92dac1a9ca0fcf76bbb5a2b731e368,,2011/2024,observed,csv_row_2013_age_19_col_Male,annual_estimates_observed_v1,2013,19,male,590,reported,
1.0,annual_population_estimates_by_age_sex_csv,1b7b14fa75cab035860dd865eedd72527a92dac1a9ca0fcf76bbb5a2b731e368,,2011/2024,observed,csv_row_2013_age_19_col_Female,annual_estimates_observed_v1,2013,19,female,570,reported,
1.0,annual_population_estimates_by_age_sex_csv,1b7b14fa75cab035860dd865eedd72527a92dac1a9ca0fcf76bbb5a2b731e368,,2011/2024,derived,derived_from_2013_age_19_Male_and_Female,annual_estimates_sex_sum_v1,2013,19,all,1160,reported,
1.0,annual_population_estimates_by_age_sex_csv,1b7b14fa75cab035860dd865eedd72527a92dac1a9ca0fcf76bbb5a2b731e368,,2011/2024,observed,csv_row_2013_age_20_col_Male,annual_estimates_observed_v1,2013,20,male,560,reported,
1.0,annual_population_estimates_by_age_sex_csv,1b7b14fa75cab035860dd865eedd72527a92dac1a9ca0fcf76bbb5a2b731e368,,2011/2024,observed,csv_row_2013_age_20_col_Female,annual_estimates_observed_v1,2013,20,female,510,reported,
1.0,annual_population_estimates_by_age_sex_csv,1b7b14fa75cab035860dd865eedd72527a92dac1a9ca0fcf76bbb5a2b731e368,,2011/2024,derived,derived_from_2013_age_20_Male_and_Female,annual_estimates_sex_sum_v1,2013,20,all,1070,reported,
1.0,annual_population_estimates_by_age_sex_csv,1b7b14fa75cab035860dd865eedd72527a92dac1a9ca0fcf76bbb5a2b731e368,,2011/2024,observed,csv_row_2013_age_21_col_Male,annual_estimates_observed_v1,2013,21,male,610,reported,
1.0,annual_population_estimates_by_age_sex_csv,1b7b14fa75cab035860dd865eedd72527a92dac1a9ca0fcf76bbb5a2b731e368,,2011/2024,observed,csv_row_2013_age_21_col_Female,annual_estimates_observed_v1,2013,21,female,560,reported,
1.0,annual_population_estimates_by_age_sex_csv,1b7b14fa75cab035860dd865eedd72527a92dac1a9ca0fcf76bbb5a2b731e368,,2011/2024,derived,derived_from_2013_age_21_Male_and_Female,annual_estimates_sex_sum_v1,2013,21,all,1170,reported,
1.0,annual_population_estimates_by_age_sex_csv,1b7b14fa75cab035860dd865eedd72527a92dac1a9ca0fcf76bbb5a2b731e368,,2011/2024,observed,csv_row_2013_age_22_col_Male,annual_estimates_observed_v1,2013,22,male,570,reported,
1.0,annual_population_estimates_by_age_sex_csv,1b7b14fa75cab035860dd865eedd72527a92dac1a9ca0fcf76bbb5a2b731e368,,2011/2024,observed,csv_row_2013_age_22_col_Female,annual_estimates_observed_v1,2013,22,female,580,reported,
1.0,annual_population_estimates_by_age_sex_csv,1b7b14fa75cab035860dd865eedd72527a92dac1a9ca0fcf76bbb5a2b731e368,,2011/2024,derived,derived_from_2013_age_22_Male_and_Female,annual_estimates_sex_sum_v1,2013,22,all,1150,reported,
1.0,annual_population_estimates_by_age_sex_csv,1b7b14fa75cab035860dd865eedd72527a92dac1a9ca0fcf76bbb5a2b731e368,,2011/2024,observed,csv_row_2013_age_23_col_Male,annual_estimates_observed_v1,2013,23,male,610,reported,
1.0,annual_population_estimates_by_age_sex_csv,1b7b14fa75cab035860dd865eedd72527a92dac1a9ca0fcf76bbb5a2b731e368,,2011/2024,observed,csv_row_2013_age_23_col_Female,annual_estimates_observed_v1,2013,23,female,600,reported,
1.0,annual_population_estimates_by_age_sex_csv,1b7b14fa75cab035860dd865eedd72527a92dac1a9ca0fcf76bbb5a2b731e368,,2011/2024,derived,derived_from_2013_age_23_Male_and_Female,annual_estimates_sex_sum_v1,2013,23,all,1210,reported,
1.0,annual_population_estimates_by_age_sex_csv,1b7b14fa75cab035860dd865eedd72527a92dac1a9ca0fcf76bbb5a2b731e368,,2011/2024,observed,csv_row_2013_age_24_col_Male,annual_estimates_observed_v1,2013,24,male,590,reported,
1.0,annual_population_estimates_by_age_sex_csv,1b7b14fa75cab035860dd865eedd72527a92dac1a9ca0fcf76bbb5a2b731e368,,2011/2024,observed,csv_row_2013_age_24_col_Female,annual_estimates_observed_v1,2013,24,female,610,reported,
1.0,annual_population_estimates_by_age_sex_csv,1b7b14fa75cab035860dd865eedd72527a92dac1a9ca0fcf76bbb5a2b731e368,,2011/2024,derived,derived_from_2013_age_24_Male_and_Female,annual_estimates_sex_sum_v1,2013,24,all,1200,reported,
1.0,annual_population_estimates_by_age_sex_csv,1b7b14fa75cab035860dd865eedd72527a92dac1a9ca0fcf76bbb5a2b731e368,,2011/2024,observed,csv_row_2013_age_25_col_Male,annual_estimates_observed_v1,2013,25,male,620,reported,
1.0,annual_population_estimates_by_age_sex_csv,1b7b14fa75cab035860dd865eedd72527a92dac1a9ca0fcf76bbb5a2b731e368,,2011/2024,observed,csv_row_2013_age_25_col_Female,annual_estimates_observed_v1,2013,25,female,610,reported,
1.0,annual_population_estimates_by_age_sex_csv,1b7b14fa75cab035860dd865eedd72527a92dac1a9ca0fcf76bbb5a2b731e368,,2011/2024,derived,derived_from_2013_age_25_Male_and_Female,annual_estimates_sex_sum_v1,2013,25,all,1230,reported,
1.0,annual_population_estimates_by_age_sex_csv,1b7b14fa75cab035860dd865eedd72527a92dac1a9ca0fcf76bbb5a2b731e368,,2011/2024,observed,csv_row_2013_age_26_col_Male,annual_estimates_observed_v1,2013,26,male,660,reported,
1.0,annual_population_estimates_by_age_sex_csv,1b7b14fa75cab035860dd865eedd72527a92dac1a9ca0fcf76bbb5a2b731e368,,2011/2024,observed,csv_row_2013_age_26_col_Female,annual_estimates_observed_v1,2013,26,female,580,reported,
1.0,annual_population_estimates_by_age_sex_csv,1b7b14fa75cab035860dd865eedd72527a92dac1a9ca0fcf76bbb5a2b731e368,,2011/2024,derived,derived_from_2013_age_26_Male_and_Female,annual_estimates_sex_sum_v1,2013,26,all,1240,reported,
1.0,annual_population_estimates_by_age_sex_csv,1b7b14fa75cab035860dd865eedd72527a92dac1a9ca0fcf76bbb5a2b731e368,,2011/2024,observed,csv_row_2013_age_27_col_Male,annual_estimates_observed_v1,2013,27,male,580,reported,
1.0,annual_population_estimates_by_age_sex_csv,1b7b14fa75cab035860dd865eedd72527a92dac1a9ca0fcf76bbb5a2b731e368,,2011/2024,observed,csv_row_2013_age_27_col_Female,annual_estimates_observed_v1,2013,27,female,610,reported,
1.0,annual_population_estimates_by_age_sex_csv,1b7b14fa75cab035860dd865eedd72527a92dac1a9ca0fcf76bbb5a2b731e368,,2011/2024,derived,derived_from_2013_age_27_Male_and_Female,annual_estimates_sex_sum_v1,2013,27,all,1190,reported,
1.0,annual_population_estimates_by_age_sex_csv,1b7b14fa75cab035860dd865eedd72527a92dac1a9ca0fcf76bbb5a2b731e368,,2011/2024,observed,csv_row_2013_age_28_col_Male,annual_estimates_observed_v1,2013,28,male,660,reported,
1.0,annual_population_estimates_by_age_sex_csv,1b7b14fa75cab035860dd865eedd72527a92dac1a9ca0fcf76bbb5a2b731e368,,2011/2024,observed,csv_row_2013_age_28_col_Female,annual_estimates_observed_v1,2013,28,female,610,reported,
1.0,annual_population_estimates_by_age_sex_csv,1b7b14fa75cab035860dd865eedd72527a92dac1a9ca0fcf76bbb5a2b731e368,,2011/2024,derived,derived_from_2013_age_28_Male_and_Female,annual_estimates_sex_sum_v1,2013,28,all,1270,reported,
1.0,annual_population_estimates_by_age_sex_csv,1b7b14fa75cab035860dd865eedd72527a92dac1a9ca0fcf76bbb5a2b731e368,,2011/2024,observed,csv_row_2013_age_29_col_Male,annual_estimates_observed_v1,2013,29,male,680,reported,
1.0,annual_population_estimates_by_age_sex_csv,1b7b14fa75cab035860dd865eedd72527a92dac1a9ca0fcf76bbb5a2b731e368,,2011/2024,observed,csv_row_2013_age_29_col_Female,annual_estimates_observed_v1,2013,29,female,700,reported,
1.0,annual_population_estimates_by_age_sex_csv,1b7b14fa75cab035860dd865eedd72527a92dac1a9ca0fcf76bbb5a2b731e368,,2011/2024,derived,derived_from_2013_age_29_Male_and_Female,annual_estimates_sex_sum_v1,2013,29,all,1380,reported,
1.0,annual_population_estimates_by_age_sex_csv,1b7b14fa75cab035860dd865eedd72527a92dac1a9ca0fcf76bbb5a2b731e368,,2011/2024,observed,csv_row_2013_age_30_col_Male,annual_estimates_observed_v1,2013,30,male,700,reported,
1.0,annual_population_estimates_by_age_sex_csv,1b7b14fa75cab035860dd865eedd72527a92dac1a9ca0fcf76bbb5a2b731e368,,2011/2024,observed,csv_row_2013_age_30_col_Female,annual_estimates_observed_v1,2013,30,female,700,reported,
1.0,annual_population_estimates_by_age_sex_csv,1b7b14fa75cab035860dd865eedd72527a92dac1a9ca0fcf76bbb5a2b731e368,,2011/2024,derived,derived_from_2013_age_30_Male_and_Female,annual_estimates_sex_sum_v1,2013,30,all,1400,reported,
1.0,annual_population_estimates_by_age_sex_csv,1b7b14fa75cab035860dd865eedd72527a92dac1a9ca0fcf76bbb5a2b731e368,,2011/2024,observed,csv_row_2013_age_31_col_Male,annual_estimates_observed_v1,2013,31,male,730,reported,
1.0,annual_population_estimates_by_age_sex_csv,1b7b14fa75cab035860dd865eedd72527a92dac1a9ca0fcf76bbb5a2b731e368,,2011/2024,observed,csv_row_2013_age_31_col_Female,annual_estimates_observed_v1,2013,31,female,680,reported,
1.0,annual_population_estimates_by_age_sex_csv,1b7b14fa75cab035860dd865eedd72527a92dac1a9ca0fcf76bbb5a2b731e368,,2011/2024,derived,derived_from_2013_age_31_Male_and_Female,annual_estimates_sex_sum_v1,2013,31,all,1410,reported,
1.0,annual_population_estimates_by_age_sex_csv,1b7b14fa75cab035860dd865eedd72527a92dac1a9ca0fcf76bbb5a2b731e368,,2011/2024,observed,csv_row_2013_age_32_col_Male,annual_estimates_observed_v1,2013,32,male,720,reported,
1.0,annual_population_estimates_by_age_sex_csv,1b7b14fa75cab035860dd865eedd72527a92dac1a9ca0fcf76bbb5a2b731e368,,2011/2024,observed,csv_row_2013_age_32_col_Female,annual_estimates_observed_v1,2013,32,female,770,reported,
1.0,annual_population_estimates_by_age_sex_csv,1b7b14fa75cab035860dd865eedd72527a92dac1a9ca0fcf76bbb5a2b731e368,,2011/2024,derived,derived_from_2013_age_32_Male_and_Female,annual_estimates_sex_sum_v1,2013,32,all,1490,reported,
1.0,annual_population_estimates_by_age_sex_csv,1b7b14fa75cab035860dd865eedd72527a92dac1a9ca0fcf76bbb5a2b731e368,,2011/2024,observed,csv_row_2013_age_33_col_Male,annual_estimates_observed_v1,2013,33,male,750,reported,
1.0,annual_population_estimates_by_age_sex_csv,1b7b14fa75cab035860dd865eedd72527a92dac1a9ca0fcf76bbb5a2b731e368,,2011/2024,observed,csv_row_2013_age_33_col_Female,annual_estimates_observed_v1,2013,33,female,750,reported,
1.0,annual_population_estimates_by_age_sex_csv,1b7b14fa75cab035860dd865eedd72527a92dac1a9ca0fcf76bbb5a2b731e368,,2011/2024,derived,derived_from_2013_age_33_Male_and_Female,annual_estimates_sex_sum_v1,2013,33,all,1500,reported,
1.0,annual_population_estimates_by_age_sex_csv,1b7b14fa75cab035860dd865eedd72527a92dac1a9ca0fcf76bbb5a2b731e368,,2011/2024,observed,csv_row_2013_age_34_col_Male,annual_estimates_observed_v1,2013,34,male,740,reported,
1.0,annual_population_estimates_by_age_sex_csv,1b7b14fa75cab035860dd865eedd72527a92dac1a9ca0fcf76bbb5a2b731e368,,2011/2024,observed,csv_row_2013_age_34_col_Female,annual_estimates_observed_v1,2013,34,female,760,reported,
1.0,annual_population_estimates_by_age_sex_csv,1b7b14fa75cab035860dd865eedd72527a92dac1a9ca0fcf76bbb5a2b731e368,,2011/2024,derived,derived_from_2013_age_34_Male_and_Female,annual_estimates_sex_sum_v1,2013,34,all,1500,reported,
1.0,annual_population_estimates_by_age_sex_csv,1b7b14fa75cab035860dd865eedd72527a92dac1a9ca0fcf76bbb5a2b731e368,,2011/2024,observed,csv_row_2013_age_35_col_Male,annual_estimates_observed_v1,2013,35,male,700,reported,
1.0,annual_population_estimates_by_age_sex_csv,1b7b14fa75cab035860dd865eedd72527a92dac1a9ca0fcf76bbb5a2b731e368,,2011/2024,observed,csv_row_2013_age_35_col_Female,annual_estimates_observed_v1,2013,35,female,690,reported,
1.0,annual_population_estimates_by_age_sex_csv,1b7b14fa75cab035860dd865eedd72527a92dac1a9ca0fcf76bbb5a2b731e368,,2011/2024,derived,derived_from_2013_age_35_Male_and_Female,annual_estimates_sex_sum_v1,2013,35,all,1390,reported,
1.0,annual_population_estimates_by_age_sex_csv,1b7b14fa75cab035860dd865eedd72527a92dac1a9ca0fcf76bbb5a2b731e368,,2011/2024,observed,csv_row_2013_age_36_col_Male,annual_estimates_observed_v1,2013,36,male,750,reported,
1.0,annual_population_estimates_by_age_sex_csv,1b7b14fa75cab035860dd865eedd72527a92dac1a9ca0fcf76bbb5a2b731e368,,2011/2024,observed,csv_row_2013_age_36_col_Female,annual_estimates_observed_v1,2013,36,female,720,reported,
1.0,annual_population_estimates_by_age_sex_csv,1b7b14fa75cab035860dd865eedd72527a92dac1a9ca0fcf76bbb5a2b731e368,,2011/2024,derived,derived_from_2013_age_36_Male_and_Female,annual_estimates_sex_sum_v1,2013,36,all,1470,reported,
1.0,annual_population_estimates_by_age_sex_csv,1b7b14fa75cab035860dd865eedd72527a92dac1a9ca0fcf76bbb5a2b731e368,,2011/2024,observed,csv_row_2013_age_37_col_Male,annual_estimates_observed_v1,2013,37,male,730,reported,
1.0,annual_population_estimates_by_age_sex_csv,1b7b14fa75cab035860dd865eedd72527a92dac1a9ca0fcf76bbb5a2b731e368,,2011/2024,observed,csv_row_2013_age_37_col_Female,annual_estimates_observed_v1,2013,37,female,680,reported,
1.0,annual_population_estimates_by_age_sex_csv,1b7b14fa75cab035860dd865eedd72527a92dac1a9ca0fcf76bbb5a2b731e368,,2011/2024,derived,derived_from_2013_age_37_Male_and_Female,annual_estimates_sex_sum_v1,2013,37,all,1410,reported,
1.0,annual_population_estimates_by_age_sex_csv,1b7b14fa75cab035860dd865eedd72527a92dac1a9ca0fcf76bbb5a2b731e368,,2011/2024,observed,csv_row_2013_age_38_col_Male,annual_estimates_observed_v1,2013,38,male,720,reported,
1.0,annual_population_estimates_by_age_sex_csv,1b7b14fa75cab035860dd865eedd72527a92dac1a9ca0fcf76bbb5a2b731e368,,2011/2024,observed,csv_row_2013_age_38_col_Female,annual_estimates_observed_v1,2013,38,female,720,reported,
1.0,annual_population_estimates_by_age_sex_csv,1b7b14fa75cab035860dd865eedd72527a92dac1a9ca0fcf76bbb5a2b731e368,,2011/2024,derived,derived_from_2013_age_38_Male_and_Female,annual_estimates_sex_sum_v1,2013,38,all,1440,reported,
1.0,annual_population_estimates_by_age_sex_csv,1b7b14fa75cab035860dd865eedd72527a92dac1a9ca0fcf76bbb5a2b731e368,,2011/2024,observed,csv_row_2013_age_39_col_Male,annual_estimates_observed_v1,2013,39,male,700,reported,
1.0,annual_population_estimates_by_age_sex_csv,1b7b14fa75cab035860dd865eedd72527a92dac1a9ca0fcf76bbb5a2b731e368,,2011/2024,observed,csv_row_2013_age_39_col_Female,annual_estimates_observed_v1,2013,39,female,710,reported,
1.0,annual_population_estimates_by_age_sex_csv,1b7b14fa75cab035860dd865eedd72527a92dac1a9ca0fcf76bbb5a2b731e368,,2011/2024,derived,derived_from_2013_age_39_Male_and_Female,annual_estimates_sex_sum_v1,2013,39,all,1410,reported,
1.0,annual_population_estimates_by_age_sex_csv,1b7b14fa75cab035860dd865eedd72527a92dac1a9ca0fcf76bbb5a2b731e368,,2011/2024,observed,csv_row_2013_age_40_col_Male,annual_estimates_observed_v1,2013,40,male,730,reported,
1.0,annual_population_estimates_by_age_sex_csv,1b7b14fa75cab035860dd865eedd72527a92dac1a9ca0fcf76bbb5a2b731e368,,2011/2024,observed,csv_row_2013_age_40_col_Female,annual_estimates_observed_v1,2013,40,female,710,reported,
1.0,annual_population_estimates_by_age_sex_csv,1b7b14fa75cab035860dd865eedd72527a92dac1a9ca0fcf76bbb5a2b731e368,,2011/2024,derived,derived_from_2013_age_40_Male_and_Female,annual_estimates_sex_sum_v1,2013,40,all,1440,reported,
1.0,annual_population_estimates_by_age_sex_csv,1b7b14fa75cab035860dd865eedd72527a92dac1a9ca0fcf76bbb5a2b731e368,,2011/2024,observed,csv_row_2013_age_41_col_Male,annual_estimates_observed_v1,2013,41,male,720,reported,
1.0,annual_population_estimates_by_age_sex_csv,1b7b14fa75cab035860dd865eedd72527a92dac1a9ca0fcf76bbb5a2b731e368,,2011/2024,observed,csv_row_2013_age_41_col_Female,annual_estimates_observed_v1,2013,41,female,730,reported,
1.0,annual_population_estimates_by_age_sex_csv,1b7b14fa75cab035860dd865eedd72527a92dac1a9ca0fcf76bbb5a2b731e368,,2011/2024,derived,derived_from_2013_age_41_Male_and_Female,annual_estimates_sex_sum_v1,2013,41,all,1450,reported,
1.0,annual_population_estimates_by_age_sex_csv,1b7b14fa75cab035860dd865eedd72527a92dac1a9ca0fcf76bbb5a2b731e368,,2011/2024,observed,csv_row_2013_age_42_col_Male,annual_estimates_observed_v1,2013,42,male,800,reported,
1.0,annual_population_estimates_by_age_sex_csv,1b7b14fa75cab035860dd865eedd72527a92dac1a9ca0fcf76bbb5a2b731e368,,2011/2024,observed,csv_row_2013_age_42_col_Female,annual_estimates_observed_v1,2013,42,female,800,reported,
1.0,annual_population_estimates_by_age_sex_csv,1b7b14fa75cab035860dd865eedd72527a92dac1a9ca0fcf76bbb5a2b731e368,,2011/2024,derived,derived_from_2013_age_42_Male_and_Female,annual_estimates_sex_sum_v1,2013,42,all,1600,reported,
1.0,annual_population_estimates_by_age_sex_csv,1b7b14fa75cab035860dd865eedd72527a92dac1a9ca0fcf76bbb5a2b731e368,,2011/2024,observed,csv_row_2013_age_43_col_Male,annual_estimates_observed_v1,2013,43,male,800,reported,
1.0,annual_population_estimates_by_age_sex_csv,1b7b14fa75cab035860dd865eedd72527a92dac1a9ca0fcf76bbb5a2b731e368,,2011/2024,observed,csv_row_2013_age_43_col_Female,annual_estimates_observed_v1,2013,43,female,800,reported,
1.0,annual_population_estimates_by_age_sex_csv,1b7b14fa75cab035860dd865eedd72527a92dac1a9ca0fcf76bbb5a2b731e368,,2011/2024,derived,derived_from_2013_age_43_Male_and_Female,annual_estimates_sex_sum_v1,2013,43,all,1600,reported,
1.0,annual_population_estimates_by_age_sex_csv,1b7b14fa75cab035860dd865eedd72527a92dac1a9ca0fcf76bbb5a2b731e368,,2011/2024,observed,csv_row_2013_age_44_col_Male,annual_estimates_observed_v1,2013,44,male,810,reported,
1.0,annual_population_estimates_by_age_sex_csv,1b7b14fa75cab035860dd865eedd72527a92dac1a9ca0fcf76bbb5a2b731e368,,2011/2024,observed,csv_row_2013_age_44_col_Female,annual_estimates_observed_v1,2013,44,female,850,reported,
1.0,annual_population_estimates_by_age_sex_csv,1b7b14fa75cab035860dd865eedd72527a92dac1a9ca0fcf76bbb5a2b731e368,,2011/2024,derived,derived_from_2013_age_44_Male_and_Female,annual_estimates_sex_sum_v1,2013,44,all,1660,reported,
1.0,annual_population_estimates_by_age_sex_csv,1b7b14fa75cab035860dd865eedd72527a92dac1a9ca0fcf76bbb5a2b731e368,,2011/2024,observed,csv_row_2013_age_45_col_Male,annual_estimates_observed_v1,2013,45,male,920,reported,
1.0,annual_population_estimates_by_age_sex_csv,1b7b14fa75cab035860dd865eedd72527a92dac1a9ca0fcf76bbb5a2b731e368,,2011/2024,observed,csv_row_2013_age_45_col_Female,annual_estimates_observed_v1,2013,45,female,800,reported,
1.0,annual_population_estimates_by_age_sex_csv,1b7b14fa75cab035860dd865eedd72527a92dac1a9ca0fcf76bbb5a2b731e368,,2011/2024,derived,derived_from_2013_age_45_Male_and_Female,annual_estimates_sex_sum_v1,2013,45,all,1720,reported,
1.0,annual_population_estimates_by_age_sex_csv,1b7b14fa75cab035860dd865eedd72527a92dac1a9ca0fcf76bbb5a2b731e368,,2011/2024,observed,csv_row_2013_age_46_col_Male,annual_estimates_observed_v1,2013,46,male,820,reported,
1.0,annual_population_estimates_by_age_sex_csv,1b7b14fa75cab035860dd865eedd72527a92dac1a9ca0fcf76bbb5a2b731e368,,2011/2024,observed,csv_row_2013_age_46_col_Female,annual_estimates_observed_v1,2013,46,female,870,reported,
1.0,annual_population_estimates_by_age_sex_csv,1b7b14fa75cab035860dd865eedd72527a92dac1a9ca0fcf76bbb5a2b731e368,,2011/2024,derived,derived_from_2013_age_46_Male_and_Female,annual_estimates_sex_sum_v1,2013,46,all,1690,reported,
1.0,annual_population_estimates_by_age_sex_csv,1b7b14fa75cab035860dd865eedd72527a92dac1a9ca0fcf76bbb5a2b731e368,,2011/2024,observed,csv_row_2013_age_47_col_Male,annual_estimates_observed_v1,2013,47,male,840,reported,
1.0,annual_population_estimates_by_age_sex_csv,1b7b14fa75cab035860dd865eedd72527a92dac1a9ca0fcf76bbb5a2b731e368,,2011/2024,observed,csv_row_2013_age_47_col_Female,annual_estimates_observed_v1,2013,47,female,870,reported,
1.0,annual_population_estimates_by_age_sex_csv,1b7b14fa75cab035860dd865eedd72527a92dac1a9ca0fcf76bbb5a2b731e368,,2011/2024,derived,derived_from_2013_age_47_Male_and_Female,annual_estimates_sex_sum_v1,2013,47,all,1710,reported,
1.0,annual_population_estimates_by_age_sex_csv,1b7b14fa75cab035860dd865eedd72527a92dac1a9ca0fcf76bbb5a2b731e368,,2011/2024,observed,csv_row_2013_age_48_col_Male,annual_estimates_observed_v1,2013,48,male,870,reported,
1.0,annual_population_estimates_by_age_sex_csv,1b7b14fa75cab035860dd865eedd72527a92dac1a9ca0fcf76bbb5a2b731e368,,2011/2024,observed,csv_row_2013_age_48_col_Female,annual_estimates_observed_v1,2013,48,female,850,reported,
1.0,annual_population_estimates_by_age_sex_csv,1b7b14fa75cab035860dd865eedd72527a92dac1a9ca0fcf76bbb5a2b731e368,,2011/2024,derived,derived_from_2013_age_48_Male_and_Female,annual_estimates_sex_sum_v1,2013,48,all,1720,reported,
1.0,annual_population_estimates_by_age_sex_csv,1b7b14fa75cab035860dd865eedd72527a92dac1a9ca0fcf76bbb5a2b731e368,,2011/2024,observed,csv_row_2013_age_49_col_Male,annual_estimates_observed_v1,2013,49,male,870,reported,
1.0,annual_population_estimates_by_age_sex_csv,1b7b14fa75cab035860dd865eedd72527a92dac1a9ca0fcf76bbb5a2b731e368,,2011/2024,observed,csv_row_2013_age_49_col_Female,annual_estimates_observed_v1,2013,49,female,860,reported,
1.0,annual_population_estimates_by_age_sex_csv,1b7b14fa75cab035860dd865eedd72527a92dac1a9ca0fcf76bbb5a2b731e368,,2011/2024,derived,derived_from_2013_age_49_Male_and_Female,annual_estimates_sex_sum_v1,2013,49,all,1730,reported,
1.0,annual_population_estimates_by_age_sex_csv,1b7b14fa75cab035860dd865eedd72527a92dac1a9ca0fcf76bbb5a2b731e368,,2011/2024,observed,csv_row_2013_age_50_col_Male,annual_estimates_observed_v1,2013,50,male,850,reported,
1.0,annual_population_estimates_by_age_sex_csv,1b7b14fa75cab035860dd865eedd72527a92dac1a9ca0fcf76bbb5a2b731e368,,2011/2024,observed,csv_row_2013_age_50_col_Female,annual_estimates_observed_v1,2013,50,female,820,reported,
1.0,annual_population_estimates_by_age_sex_csv,1b7b14fa75cab035860dd865eedd72527a92dac1a9ca0fcf76bbb5a2b731e368,,2011/2024,derived,derived_from_2013_age_50_Male_and_Female,annual_estimates_sex_sum_v1,2013,50,all,1670,reported,
1.0,annual_population_estimates_by_age_sex_csv,1b7b14fa75cab035860dd865eedd72527a92dac1a9ca0fcf76bbb5a2b731e368,,2011/2024,observed,csv_row_2013_age_51_col_Male,annual_estimates_observed_v1,2013,51,male,800,reported,
1.0,annual_population_estimates_by_age_sex_csv,1b7b14fa75cab035860dd865eedd72527a92dac1a9ca0fcf76bbb5a2b731e368,,2011/2024,observed,csv_row_2013_age_51_col_Female,annual_estimates_observed_v1,2013,51,female,800,reported,
1.0,annual_population_estimates_by_age_sex_csv,1b7b14fa75cab035860dd865eedd72527a92dac1a9ca0fcf76bbb5a2b731e368,,2011/2024,derived,derived_from_2013_age_51_Male_and_Female,annual_estimates_sex_sum_v1,2013,51,all,1600,reported,
1.0,annual_population_estimates_by_age_sex_csv,1b7b14fa75cab035860dd865eedd72527a92dac1a9ca0fcf76bbb5a2b731e368,,2011/2024,observed,csv_row_2013_age_52_col_Male,annual_estimates_observed_v1,2013,52,male,740,reported,
1.0,annual_population_estimates_by_age_sex_csv,1b7b14fa75cab035860dd865eedd72527a92dac1a9ca0fcf76bbb5a2b731e368,,2011/2024,observed,csv_row_2013_age_52_col_Female,annual_estimates_observed_v1,2013,52,female,740,reported,
1.0,annual_population_estimates_by_age_sex_csv,1b7b14fa75cab035860dd865eedd72527a92dac1a9ca0fcf76bbb5a2b731e368,,2011/2024,derived,derived_from_2013_age_52_Male_and_Female,annual_estimates_sex_sum_v1,2013,52,all,1480,reported,
1.0,annual_population_estimates_by_age_sex_csv,1b7b14fa75cab035860dd865eedd72527a92dac1a9ca0fcf76bbb5a2b731e368,,2011/2024,observed,csv_row_2013_age_53_col_Male,annual_estimates_observed_v1,2013,53,male,750,reported,
1.0,annual_population_estimates_by_age_sex_csv,1b7b14fa75cab035860dd865eedd72527a92dac1a9ca0fcf76bbb5a2b731e368,,2011/2024,observed,csv_row_2013_age_53_col_Female,annual_estimates_observed_v1,2013,53,female,720,reported,
1.0,annual_population_estimates_by_age_sex_csv,1b7b14fa75cab035860dd865eedd72527a92dac1a9ca0fcf76bbb5a2b731e368,,2011/2024,derived,derived_from_2013_age_53_Male_and_Female,annual_estimates_sex_sum_v1,2013,53,all,1470,reported,
1.0,annual_population_estimates_by_age_sex_csv,1b7b14fa75cab035860dd865eedd72527a92dac1a9ca0fcf76bbb5a2b731e368,,2011/2024,observed,csv_row_2013_age_54_col_Male,annual_estimates_observed_v1,2013,54,male,700,reported,
1.0,annual_population_estimates_by_age_sex_csv,1b7b14fa75cab035860dd865eedd72527a92dac1a9ca0fcf76bbb5a2b731e368,,2011/2024,observed,csv_row_2013_age_54_col_Female,annual_estimates_observed_v1,2013,54,female,720,reported,
1.0,annual_population_estimates_by_age_sex_csv,1b7b14fa75cab035860dd865eedd72527a92dac1a9ca0fcf76bbb5a2b731e368,,2011/2024,derived,derived_from_2013_age_54_Male_and_Female,annual_estimates_sex_sum_v1,2013,54,all,1420,reported,
1.0,annual_population_estimates_by_age_sex_csv,1b7b14fa75cab035860dd865eedd72527a92dac1a9ca0fcf76bbb5a2b731e368,,2011/2024,observed,csv_row_2013_age_55_col_Male,annual_estimates_observed_v1,2013,55,male,710,reported,
1.0,annual_population_estimates_by_age_sex_csv,1b7b14fa75cab035860dd865eedd72527a92dac1a9ca0fcf76bbb5a2b731e368,,2011/2024,observed,csv_row_2013_age_55_col_Female,annual_estimates_observed_v1,2013,55,female,750,reported,
1.0,annual_population_estimates_by_age_sex_csv,1b7b14fa75cab035860dd865eedd72527a92dac1a9ca0fcf76bbb5a2b731e368,,2011/2024,derived,derived_from_2013_age_55_Male_and_Female,annual_estimates_sex_sum_v1,2013,55,all,1460,reported,
1.0,annual_population_estimates_by_age_sex_csv,1b7b14fa75cab035860dd865eedd72527a92dac1a9ca0fcf76bbb5a2b731e368,,2011/2024,observed,csv_row_2013_age_56_col_Male,annual_estimates_observed_v1,2013,56,male,670,reported,
1.0,annual_population_estimates_by_age_sex_csv,1b7b14fa75cab035860dd865eedd72527a92dac1a9ca0fcf76bbb5a2b731e368,,2011/2024,observed,csv_row_2013_age_56_col_Female,annual_estimates_observed_v1,2013,56,female,690,reported,
1.0,annual_population_estimates_by_age_sex_csv,1b7b14fa75cab035860dd865eedd72527a92dac1a9ca0fcf76bbb5a2b731e368,,2011/2024,derived,derived_from_2013_age_56_Male_and_Female,annual_estimates_sex_sum_v1,2013,56,all,1360,reported,
1.0,annual_population_estimates_by_age_sex_csv,1b7b14fa75cab035860dd865eedd72527a92dac1a9ca0fcf76bbb5a2b731e368,,2011/2024,observed,csv_row_2013_age_57_col_Male,annual_estimates_observed_v1,2013,57,male,650,reported,
1.0,annual_population_estimates_by_age_sex_csv,1b7b14fa75cab035860dd865eedd72527a92dac1a9ca0fcf76bbb5a2b731e368,,2011/2024,observed,csv_row_2013_age_57_col_Female,annual_estimates_observed_v1,2013,57,female,650,reported,
1.0,annual_population_estimates_by_age_sex_csv,1b7b14fa75cab035860dd865eedd72527a92dac1a9ca0fcf76bbb5a2b731e368,,2011/2024,derived,derived_from_2013_age_57_Male_and_Female,annual_estimates_sex_sum_v1,2013,57,all,1300,reported,
1.0,annual_population_estimates_by_age_sex_csv,1b7b14fa75cab035860dd865eedd72527a92dac1a9ca0fcf76bbb5a2b731e368,,2011/2024,observed,csv_row_2013_age_58_col_Male,annual_estimates_observed_v1,2013,58,male,560,reported,
1.0,annual_population_estimates_by_age_sex_csv,1b7b14fa75cab035860dd865eedd72527a92dac1a9ca0fcf76bbb5a2b731e368,,2011/2024,observed,csv_row_2013_age_58_col_Female,annual_estimates_observed_v1,2013,58,female,620,reported,
1.0,annual_population_estimates_by_age_sex_csv,1b7b14fa75cab035860dd865eedd72527a92dac1a9ca0fcf76bbb5a2b731e368,,2011/2024,derived,derived_from_2013_age_58_Male_and_Female,annual_estimates_sex_sum_v1,2013,58,all,1180,reported,
1.0,annual_population_estimates_by_age_sex_csv,1b7b14fa75cab035860dd865eedd72527a92dac1a9ca0fcf76bbb5a2b731e368,,2011/2024,observed,csv_row_2013_age_59_col_Male,annual_estimates_observed_v1,2013,59,male,600,reported,
1.0,annual_population_estimates_by_age_sex_csv,1b7b14fa75cab035860dd865eedd72527a92dac1a9ca0fcf76bbb5a2b731e368,,2011/2024,observed,csv_row_2013_age_59_col_Female,annual_estimates_observed_v1,2013,59,female,580,reported,
1.0,annual_population_estimates_by_age_sex_csv,1b7b14fa75cab035860dd865eedd72527a92dac1a9ca0fcf76bbb5a2b731e368,,2011/2024,derived,derived_from_2013_age_59_Male_and_Female,annual_estimates_sex_sum_v1,2013,59,all,1180,reported,
1.0,annual_population_estimates_by_age_sex_csv,1b7b14fa75cab035860dd865eedd72527a92dac1a9ca0fcf76bbb5a2b731e368,,2011/2024,observed,csv_row_2013_age_60_col_Male,annual_estimates_observed_v1,2013,60,male,570,reported,
1.0,annual_population_estimates_by_age_sex_csv,1b7b14fa75cab035860dd865eedd72527a92dac1a9ca0fcf76bbb5a2b731e368,,2011/2024,observed,csv_row_2013_age_60_col_Female,annual_estimates_observed_v1,2013,60,female,570,reported,
1.0,annual_population_estimates_by_age_sex_csv,1b7b14fa75cab035860dd865eedd72527a92dac1a9ca0fcf76bbb5a2b731e368,,2011/2024,derived,derived_from_2013_age_60_Male_and_Female,annual_estimates_sex_sum_v1,2013,60,all,1140,reported,
1.0,annual_population_estimates_by_age_sex_csv,1b7b14fa75cab035860dd865eedd72527a92dac1a9ca0fcf76bbb5a2b731e368,,2011/2024,observed,csv_row_2013_age_61_col_Male,annual_estimates_observed_v1,2013,61,male,530,reported,
1.0,annual_population_estimates_by_age_sex_csv,1b7b14fa75cab035860dd865eedd72527a92dac1a9ca0fcf76bbb5a2b731e368,,2011/2024,observed,csv_row_2013_age_61_col_Female,annual_estimates_observed_v1,2013,61,female,610,reported,
1.0,annual_population_estimates_by_age_sex_csv,1b7b14fa75cab035860dd865eedd72527a92dac1a9ca0fcf76bbb5a2b731e368,,2011/2024,derived,derived_from_2013_age_61_Male_and_Female,annual_estimates_sex_sum_v1,2013,61,all,1140,reported,
1.0,annual_population_estimates_by_age_sex_csv,1b7b14fa75cab035860dd865eedd72527a92dac1a9ca0fcf76bbb5a2b731e368,,2011/2024,observed,csv_row_2013_age_62_col_Male,annual_estimates_observed_v1,2013,62,male,570,reported,
1.0,annual_population_estimates_by_age_sex_csv,1b7b14fa75cab035860dd865eedd72527a92dac1a9ca0fcf76bbb5a2b731e368,,2011/2024,observed,csv_row_2013_age_62_col_Female,annual_estimates_observed_v1,2013,62,female,580,reported,
1.0,annual_population_estimates_by_age_sex_csv,1b7b14fa75cab035860dd865eedd72527a92dac1a9ca0fcf76bbb5a2b731e368,,2011/2024,derived,derived_from_2013_age_62_Male_and_Female,annual_estimates_sex_sum_v1,2013,62,all,1150,reported,
1.0,annual_population_estimates_by_age_sex_csv,1b7b14fa75cab035860dd865eedd72527a92dac1a9ca0fcf76bbb5a2b731e368,,2011/2024,observed,csv_row_2013_age_63_col_Male,annual_estimates_observed_v1,2013,63,male,550,reported,
1.0,annual_population_estimates_by_age_sex_csv,1b7b14fa75cab035860dd865eedd72527a92dac1a9ca0fcf76bbb5a2b731e368,,2011/2024,observed,csv_row_2013_age_63_col_Female,annual_estimates_observed_v1,2013,63,female,540,reported,
1.0,annual_population_estimates_by_age_sex_csv,1b7b14fa75cab035860dd865eedd72527a92dac1a9ca0fcf76bbb5a2b731e368,,2011/2024,derived,derived_from_2013_age_63_Male_and_Female,annual_estimates_sex_sum_v1,2013,63,all,1090,reported,
1.0,annual_population_estimates_by_age_sex_csv,1b7b14fa75cab035860dd865eedd72527a92dac1a9ca0fcf76bbb5a2b731e368,,2011/2024,observed,csv_row_2013_age_64_col_Male,annual_estimates_observed_v1,2013,64,male,520,reported,
1.0,annual_population_estimates_by_age_sex_csv,1b7b14fa75cab035860dd865eedd72527a92dac1a9ca0fcf76bbb5a2b731e368,,2011/2024,observed,csv_row_2013_age_64_col_Female,annual_estimates_observed_v1,2013,64,female,530,reported,
1.0,annual_population_estimates_by_age_sex_csv,1b7b14fa75cab035860dd865eedd72527a92dac1a9ca0fcf76bbb5a2b731e368,,2011/2024,derived,derived_from_2013_age_64_Male_and_Female,annual_estimates_sex_sum_v1,2013,64,all,1050,reported,
1.0,annual_population_estimates_by_age_sex_csv,1b7b14fa75cab035860dd865eedd72527a92dac1a9ca0fcf76bbb5a2b731e368,,2011/2024,observed,csv_row_2013_age_65_col_Male,annual_estimates_observed_v1,2013,65,male,530,reported,
1.0,annual_population_estimates_by_age_sex_csv,1b7b14fa75cab035860dd865eedd72527a92dac1a9ca0fcf76bbb5a2b731e368,,2011/2024,observed,csv_row_2013_age_65_col_Female,annual_estimates_observed_v1,2013,65,female,540,reported,
1.0,annual_population_estimates_by_age_sex_csv,1b7b14fa75cab035860dd865eedd72527a92dac1a9ca0fcf76bbb5a2b731e368,,2011/2024,derived,derived_from_2013_age_65_Male_and_Female,annual_estimates_sex_sum_v1,2013,65,all,1070,reported,
1.0,annual_population_estimates_by_age_sex_csv,1b7b14fa75cab035860dd865eedd72527a92dac1a9ca0fcf76bbb5a2b731e368,,2011/2024,observed,csv_row_2013_age_66_col_Male,annual_estimates_observed_v1,2013,66,male,570,reported,
1.0,annual_population_estimates_by_age_sex_csv,1b7b14fa75cab035860dd865eedd72527a92dac1a9ca0fcf76bbb5a2b731e368,,2011/2024,observed,csv_row_2013_age_66_col_Female,annual_estimates_observed_v1,2013,66,female,570,reported,
1.0,annual_population_estimates_by_age_sex_csv,1b7b14fa75cab035860dd865eedd72527a92dac1a9ca0fcf76bbb5a2b731e368,,2011/2024,derived,derived_from_2013_age_66_Male_and_Female,annual_estimates_sex_sum_v1,2013,66,all,1140,reported,
1.0,annual_population_estimates_by_age_sex_csv,1b7b14fa75cab035860dd865eedd72527a92dac1a9ca0fcf76bbb5a2b731e368,,2011/2024,observed,csv_row_2013_age_67_col_Male,annual_estimates_observed_v1,2013,67,male,490,reported,
1.0,annual_population_estimates_by_age_sex_csv,1b7b14fa75cab035860dd865eedd72527a92dac1a9ca0fcf76bbb5a2b731e368,,2011/2024,observed,csv_row_2013_age_67_col_Female,annual_estimates_observed_v1,2013,67,female,550,reported,
1.0,annual_population_estimates_by_age_sex_csv,1b7b14fa75cab035860dd865eedd72527a92dac1a9ca0fcf76bbb5a2b731e368,,2011/2024,derived,derived_from_2013_age_67_Male_and_Female,annual_estimates_sex_sum_v1,2013,67,all,1040,reported,
1.0,annual_population_estimates_by_age_sex_csv,1b7b14fa75cab035860dd865eedd72527a92dac1a9ca0fcf76bbb5a2b731e368,,2011/2024,observed,csv_row_2013_age_68_col_Male,annual_estimates_observed_v1,2013,68,male,400,reported,
1.0,annual_population_estimates_by_age_sex_csv,1b7b14fa75cab035860dd865eedd72527a92dac1a9ca0fcf76bbb5a2b731e368,,2011/2024,observed,csv_row_2013_age_68_col_Female,annual_estimates_observed_v1,2013,68,female,430,reported,
1.0,annual_population_estimates_by_age_sex_csv,1b7b14fa75cab035860dd865eedd72527a92dac1a9ca0fcf76bbb5a2b731e368,,2011/2024,derived,derived_from_2013_age_68_Male_and_Female,annual_estimates_sex_sum_v1,2013,68,all,830,reported,
1.0,annual_population_estimates_by_age_sex_csv,1b7b14fa75cab035860dd865eedd72527a92dac1a9ca0fcf76bbb5a2b731e368,,2011/2024,observed,csv_row_2013_age_69_col_Male,annual_estimates_observed_v1,2013,69,male,420,reported,
1.0,annual_population_estimates_by_age_sex_csv,1b7b14fa75cab035860dd865eedd72527a92dac1a9ca0fcf76bbb5a2b731e368,,2011/2024,observed,csv_row_2013_age_69_col_Female,annual_estimates_observed_v1,2013,69,female,470,reported,
1.0,annual_population_estimates_by_age_sex_csv,1b7b14fa75cab035860dd865eedd72527a92dac1a9ca0fcf76bbb5a2b731e368,,2011/2024,derived,derived_from_2013_age_69_Male_and_Female,annual_estimates_sex_sum_v1,2013,69,all,890,reported,
1.0,annual_population_estimates_by_age_sex_csv,1b7b14fa75cab035860dd865eedd72527a92dac1a9ca0fcf76bbb5a2b731e368,,2011/2024,observed,csv_row_2013_age_70_col_Male,annual_estimates_observed_v1,2013,70,male,370,reported,
1.0,annual_population_estimates_by_age_sex_csv,1b7b14fa75cab035860dd865eedd72527a92dac1a9ca0fcf76bbb5a2b731e368,,2011/2024,observed,csv_row_2013_age_70_col_Female,annual_estimates_observed_v1,2013,70,female,410,reported,
1.0,annual_population_estimates_by_age_sex_csv,1b7b14fa75cab035860dd865eedd72527a92dac1a9ca0fcf76bbb5a2b731e368,,2011/2024,derived,derived_from_2013_age_70_Male_and_Female,annual_estimates_sex_sum_v1,2013,70,all,780,reported,
1.0,annual_population_estimates_by_age_sex_csv,1b7b14fa75cab035860dd865eedd72527a92dac1a9ca0fcf76bbb5a2b731e368,,2011/2024,observed,csv_row_2013_age_71_col_Male,annual_estimates_observed_v1,2013,71,male,320,reported,
1.0,annual_population_estimates_by_age_sex_csv,1b7b14fa75cab035860dd865eedd72527a92dac1a9ca0fcf76bbb5a2b731e368,,2011/2024,observed,csv_row_2013_age_71_col_Female,annual_estimates_observed_v1,2013,71,female,360,reported,
1.0,annual_population_estimates_by_age_sex_csv,1b7b14fa75cab035860dd865eedd72527a92dac1a9ca0fcf76bbb5a2b731e368,,2011/2024,derived,derived_from_2013_age_71_Male_and_Female,annual_estimates_sex_sum_v1,2013,71,all,680,reported,
1.0,annual_population_estimates_by_age_sex_csv,1b7b14fa75cab035860dd865eedd72527a92dac1a9ca0fcf76bbb5a2b731e368,,2011/2024,observed,csv_row_2013_age_72_col_Male,annual_estimates_observed_v1,2013,72,male,290,reported,
1.0,annual_population_estimates_by_age_sex_csv,1b7b14fa75cab035860dd865eedd72527a92dac1a9ca0fcf76bbb5a2b731e368,,2011/2024,observed,csv_row_2013_age_72_col_Female,annual_estimates_observed_v1,2013,72,female,360,reported,
1.0,annual_population_estimates_by_age_sex_csv,1b7b14fa75cab035860dd865eedd72527a92dac1a9ca0fcf76bbb5a2b731e368,,2011/2024,derived,derived_from_2013_age_72_Male_and_Female,annual_estimates_sex_sum_v1,2013,72,all,650,reported,
1.0,annual_population_estimates_by_age_sex_csv,1b7b14fa75cab035860dd865eedd72527a92dac1a9ca0fcf76bbb5a2b731e368,,2011/2024,observed,csv_row_2013_age_73_col_Male,annual_estimates_observed_v1,2013,73,male,350,reported,
1.0,annual_population_estimates_by_age_sex_csv,1b7b14fa75cab035860dd865eedd72527a92dac1a9ca0fcf76bbb5a2b731e368,,2011/2024,observed,csv_row_2013_age_73_col_Female,annual_estimates_observed_v1,2013,73,female,390,reported,
1.0,annual_population_estimates_by_age_sex_csv,1b7b14fa75cab035860dd865eedd72527a92dac1a9ca0fcf76bbb5a2b731e368,,2011/2024,derived,derived_from_2013_age_73_Male_and_Female,annual_estimates_sex_sum_v1,2013,73,all,740,reported,
1.0,annual_population_estimates_by_age_sex_csv,1b7b14fa75cab035860dd865eedd72527a92dac1a9ca0fcf76bbb5a2b731e368,,2011/2024,observed,csv_row_2013_age_74_col_Male,annual_estimates_observed_v1,2013,74,male,360,reported,
1.0,annual_population_estimates_by_age_sex_csv,1b7b14fa75cab035860dd865eedd72527a92dac1a9ca0fcf76bbb5a2b731e368,,2011/2024,observed,csv_row_2013_age_74_col_Female,annual_estimates_observed_v1,2013,74,female,360,reported,
1.0,annual_population_estimates_by_age_sex_csv,1b7b14fa75cab035860dd865eedd72527a92dac1a9ca0fcf76bbb5a2b731e368,,2011/2024,derived,derived_from_2013_age_74_Male_and_Female,annual_estimates_sex_sum_v1,2013,74,all,720,reported,
1.0,annual_population_estimates_by_age_sex_csv,1b7b14fa75cab035860dd865eedd72527a92dac1a9ca0fcf76bbb5a2b731e368,,2011/2024,observed,csv_row_2013_age_75_col_Male,annual_estimates_observed_v1,2013,75,male,330,reported,
1.0,annual_population_estimates_by_age_sex_csv,1b7b14fa75cab035860dd865eedd72527a92dac1a9ca0fcf76bbb5a2b731e368,,2011/2024,observed,csv_row_2013_age_75_col_Female,annual_estimates_observed_v1,2013,75,female,370,reported,
1.0,annual_population_estimates_by_age_sex_csv,1b7b14fa75cab035860dd865eedd72527a92dac1a9ca0fcf76bbb5a2b731e368,,2011/2024,derived,derived_from_2013_age_75_Male_and_Female,annual_estimates_sex_sum_v1,2013,75,all,700,reported,
1.0,annual_population_estimates_by_age_sex_csv,1b7b14fa75cab035860dd865eedd72527a92dac1a9ca0fcf76bbb5a2b731e368,,2011/2024,observed,csv_row_2013_age_76_col_Male,annual_estimates_observed_v1,2013,76,male,310,reported,
1.0,annual_population_estimates_by_age_sex_csv,1b7b14fa75cab035860dd865eedd72527a92dac1a9ca0fcf76bbb5a2b731e368,,2011/2024,observed,csv_row_2013_age_76_col_Female,annual_estimates_observed_v1,2013,76,female,360,reported,
1.0,annual_population_estimates_by_age_sex_csv,1b7b14fa75cab035860dd865eedd72527a92dac1a9ca0fcf76bbb5a2b731e368,,2011/2024,derived,derived_from_2013_age_76_Male_and_Female,annual_estimates_sex_sum_v1,2013,76,all,670,reported,
1.0,annual_population_estimates_by_age_sex_csv,1b7b14fa75cab035860dd865eedd72527a92dac1a9ca0fcf76bbb5a2b731e368,,2011/2024,observed,csv_row_2013_age_77_col_Male,annual_estimates_observed_v1,2013,77,male,300,reported,
1.0,annual_population_estimates_by_age_sex_csv,1b7b14fa75cab035860dd865eedd72527a92dac1a9ca0fcf76bbb5a2b731e368,,2011/2024,observed,csv_row_2013_age_77_col_Female,annual_estimates_observed_v1,2013,77,female,330,reported,
1.0,annual_population_estimates_by_age_sex_csv,1b7b14fa75cab035860dd865eedd72527a92dac1a9ca0fcf76bbb5a2b731e368,,2011/2024,derived,derived_from_2013_age_77_Male_and_Female,annual_estimates_sex_sum_v1,2013,77,all,630,reported,
1.0,annual_population_estimates_by_age_sex_csv,1b7b14fa75cab035860dd865eedd72527a92dac1a9ca0fcf76bbb5a2b731e368,,2011/2024,observed,csv_row_2013_age_78_col_Male,annual_estimates_observed_v1,2013,78,male,280,reported,
1.0,annual_population_estimates_by_age_sex_csv,1b7b14fa75cab035860dd865eedd72527a92dac1a9ca0fcf76bbb5a2b731e368,,2011/2024,observed,csv_row_2013_age_78_col_Female,annual_estimates_observed_v1,2013,78,female,310,reported,
1.0,annual_population_estimates_by_age_sex_csv,1b7b14fa75cab035860dd865eedd72527a92dac1a9ca0fcf76bbb5a2b731e368,,2011/2024,derived,derived_from_2013_age_78_Male_and_Female,annual_estimates_sex_sum_v1,2013,78,all,590,reported,
1.0,annual_population_estimates_by_age_sex_csv,1b7b14fa75cab035860dd865eedd72527a92dac1a9ca0fcf76bbb5a2b731e368,,2011/2024,observed,csv_row_2013_age_79_col_Male,annual_estimates_observed_v1,2013,79,male,260,reported,
1.0,annual_population_estimates_by_age_sex_csv,1b7b14fa75cab035860dd865eedd72527a92dac1a9ca0fcf76bbb5a2b731e368,,2011/2024,observed,csv_row_2013_age_79_col_Female,annual_estimates_observed_v1,2013,79,female,310,reported,
1.0,annual_population_estimates_by_age_sex_csv,1b7b14fa75cab035860dd865eedd72527a92dac1a9ca0fcf76bbb5a2b731e368,,2011/2024,derived,derived_from_2013_age_79_Male_and_Female,annual_estimates_sex_sum_v1,2013,79,all,570,reported,
1.0,annual_population_estimates_by_age_sex_csv,1b7b14fa75cab035860dd865eedd72527a92dac1a9ca0fcf76bbb5a2b731e368,,2011/2024,observed,csv_row_2013_age_80_col_Male,annual_estimates_observed_v1,2013,80,male,240,reported,
1.0,annual_population_estimates_by_age_sex_csv,1b7b14fa75cab035860dd865eedd72527a92dac1a9ca0fcf76bbb5a2b731e368,,2011/2024,observed,csv_row_2013_age_80_col_Female,annual_estimates_observed_v1,2013,80,female,300,reported,
1.0,annual_population_estimates_by_age_sex_csv,1b7b14fa75cab035860dd865eedd72527a92dac1a9ca0fcf76bbb5a2b731e368,,2011/2024,derived,derived_from_2013_age_80_Male_and_Female,annual_estimates_sex_sum_v1,2013,80,all,540,reported,
1.0,annual_population_estimates_by_age_sex_csv,1b7b14fa75cab035860dd865eedd72527a92dac1a9ca0fcf76bbb5a2b731e368,,2011/2024,observed,csv_row_2013_age_81_col_Male,annual_estimates_observed_v1,2013,81,male,180,reported,
1.0,annual_population_estimates_by_age_sex_csv,1b7b14fa75cab035860dd865eedd72527a92dac1a9ca0fcf76bbb5a2b731e368,,2011/2024,observed,csv_row_2013_age_81_col_Female,annual_estimates_observed_v1,2013,81,female,270,reported,
1.0,annual_population_estimates_by_age_sex_csv,1b7b14fa75cab035860dd865eedd72527a92dac1a9ca0fcf76bbb5a2b731e368,,2011/2024,derived,derived_from_2013_age_81_Male_and_Female,annual_estimates_sex_sum_v1,2013,81,all,450,reported,
1.0,annual_population_estimates_by_age_sex_csv,1b7b14fa75cab035860dd865eedd72527a92dac1a9ca0fcf76bbb5a2b731e368,,2011/2024,observed,csv_row_2013_age_82_col_Male,annual_estimates_observed_v1,2013,82,male,190,reported,
1.0,annual_population_estimates_by_age_sex_csv,1b7b14fa75cab035860dd865eedd72527a92dac1a9ca0fcf76bbb5a2b731e368,,2011/2024,observed,csv_row_2013_age_82_col_Female,annual_estimates_observed_v1,2013,82,female,250,reported,
1.0,annual_population_estimates_by_age_sex_csv,1b7b14fa75cab035860dd865eedd72527a92dac1a9ca0fcf76bbb5a2b731e368,,2011/2024,derived,derived_from_2013_age_82_Male_and_Female,annual_estimates_sex_sum_v1,2013,82,all,440,reported,
1.0,annual_population_estimates_by_age_sex_csv,1b7b14fa75cab035860dd865eedd72527a92dac1a9ca0fcf76bbb5a2b731e368,,2011/2024,observed,csv_row_2013_age_83_col_Male,annual_estimates_observed_v1,2013,83,male,160,reported,
1.0,annual_population_estimates_by_age_sex_csv,1b7b14fa75cab035860dd865eedd72527a92dac1a9ca0fcf76bbb5a2b731e368,,2011/2024,observed,csv_row_2013_age_83_col_Female,annual_estimates_observed_v1,2013,83,female,250,reported,
1.0,annual_population_estimates_by_age_sex_csv,1b7b14fa75cab035860dd865eedd72527a92dac1a9ca0fcf76bbb5a2b731e368,,2011/2024,derived,derived_from_2013_age_83_Male_and_Female,annual_estimates_sex_sum_v1,2013,83,all,410,reported,
1.0,annual_population_estimates_by_age_sex_csv,1b7b14fa75cab035860dd865eedd72527a92dac1a9ca0fcf76bbb5a2b731e368,,2011/2024,observed,csv_row_2013_age_84_col_Male,annual_estimates_observed_v1,2013,84,male,130,reported,
1.0,annual_population_estimates_by_age_sex_csv,1b7b14fa75cab035860dd865eedd72527a92dac1a9ca0fcf76bbb5a2b731e368,,2011/2024,observed,csv_row_2013_age_84_col_Female,annual_estimates_observed_v1,2013,84,female,210,reported,
1.0,annual_population_estimates_by_age_sex_csv,1b7b14fa75cab035860dd865eedd72527a92dac1a9ca0fcf76bbb5a2b731e368,,2011/2024,derived,derived_from_2013_age_84_Male_and_Female,annual_estimates_sex_sum_v1,2013,84,all,340,reported,
1.0,annual_population_estimates_by_age_sex_csv,1b7b14fa75cab035860dd865eedd72527a92dac1a9ca0fcf76bbb5a2b731e368,,2011/2024,observed,csv_row_2013_age_85_col_Male,annual_estimates_observed_v1,2013,85,male,110,reported,
1.0,annual_population_estimates_by_age_sex_csv,1b7b14fa75cab035860dd865eedd72527a92dac1a9ca0fcf76bbb5a2b731e368,,2011/2024,observed,csv_row_2013_age_85_col_Female,annual_estimates_observed_v1,2013,85,female,220,reported,
1.0,annual_population_estimates_by_age_sex_csv,1b7b14fa75cab035860dd865eedd72527a92dac1a9ca0fcf76bbb5a2b731e368,,2011/2024,derived,derived_from_2013_age_85_Male_and_Female,annual_estimates_sex_sum_v1,2013,85,all,330,reported,
1.0,annual_population_estimates_by_age_sex_csv,1b7b14fa75cab035860dd865eedd72527a92dac1a9ca0fcf76bbb5a2b731e368,,2011/2024,observed,csv_row_2013_age_86_col_Male,annual_estimates_observed_v1,2013,86,male,110,reported,
1.0,annual_population_estimates_by_age_sex_csv,1b7b14fa75cab035860dd865eedd72527a92dac1a9ca0fcf76bbb5a2b731e368,,2011/2024,observed,csv_row_2013_age_86_col_Female,annual_estimates_observed_v1,2013,86,female,160,reported,
1.0,annual_population_estimates_by_age_sex_csv,1b7b14fa75cab035860dd865eedd72527a92dac1a9ca0fcf76bbb5a2b731e368,,2011/2024,derived,derived_from_2013_age_86_Male_and_Female,annual_estimates_sex_sum_v1,2013,86,all,270,reported,
1.0,annual_population_estimates_by_age_sex_csv,1b7b14fa75cab035860dd865eedd72527a92dac1a9ca0fcf76bbb5a2b731e368,,2011/2024,observed,csv_row_2013_age_87_col_Male,annual_estimates_observed_v1,2013,87,male,100,reported,
1.0,annual_population_estimates_by_age_sex_csv,1b7b14fa75cab035860dd865eedd72527a92dac1a9ca0fcf76bbb5a2b731e368,,2011/2024,observed,csv_row_2013_age_87_col_Female,annual_estimates_observed_v1,2013,87,female,170,reported,
1.0,annual_population_estimates_by_age_sex_csv,1b7b14fa75cab035860dd865eedd72527a92dac1a9ca0fcf76bbb5a2b731e368,,2011/2024,derived,derived_from_2013_age_87_Male_and_Female,annual_estimates_sex_sum_v1,2013,87,all,270,reported,
1.0,annual_population_estimates_by_age_sex_csv,1b7b14fa75cab035860dd865eedd72527a92dac1a9ca0fcf76bbb5a2b731e368,,2011/2024,observed,csv_row_2013_age_88_col_Male,annual_estimates_observed_v1,2013,88,male,90,reported,
1.0,annual_population_estimates_by_age_sex_csv,1b7b14fa75cab035860dd865eedd72527a92dac1a9ca0fcf76bbb5a2b731e368,,2011/2024,observed,csv_row_2013_age_88_col_Female,annual_estimates_observed_v1,2013,88,female,150,reported,
1.0,annual_population_estimates_by_age_sex_csv,1b7b14fa75cab035860dd865eedd72527a92dac1a9ca0fcf76bbb5a2b731e368,,2011/2024,derived,derived_from_2013_age_88_Male_and_Female,annual_estimates_sex_sum_v1,2013,88,all,240,reported,
1.0,annual_population_estimates_by_age_sex_csv,1b7b14fa75cab035860dd865eedd72527a92dac1a9ca0fcf76bbb5a2b731e368,,2011/2024,observed,csv_row_2013_age_89_col_Male,annual_estimates_observed_v1,2013,89,male,70,reported,
1.0,annual_population_estimates_by_age_sex_csv,1b7b14fa75cab035860dd865eedd72527a92dac1a9ca0fcf76bbb5a2b731e368,,2011/2024,observed,csv_row_2013_age_89_col_Female,annual_estimates_observed_v1,2013,89,female,120,reported,
1.0,annual_population_estimates_by_age_sex_csv,1b7b14fa75cab035860dd865eedd72527a92dac1a9ca0fcf76bbb5a2b731e368,,2011/2024,derived,derived_from_2013_age_89_Male_and_Female,annual_estimates_sex_sum_v1,2013,89,all,190,reported,
1.0,annual_population_estimates_by_age_sex_csv,1b7b14fa75cab035860dd865eedd72527a92dac1a9ca0fcf76bbb5a2b731e368,,2011/2024,observed,csv_row_2013_age_90_col_Male,annual_estimates_observed_v1,2013,90,male,50,reported,
1.0,annual_population_estimates_by_age_sex_csv,1b7b14fa75cab035860dd865eedd72527a92dac1a9ca0fcf76bbb5a2b731e368,,2011/2024,observed,csv_row_2013_age_90_col_Female,annual_estimates_observed_v1,2013,90,female,110,reported,
1.0,annual_population_estimates_by_age_sex_csv,1b7b14fa75cab035860dd865eedd72527a92dac1a9ca0fcf76bbb5a2b731e368,,2011/2024,derived,derived_from_2013_age_90_Male_and_Female,annual_estimates_sex_sum_v1,2013,90,all,160,reported,
1.0,annual_population_estimates_by_age_sex_csv,1b7b14fa75cab035860dd865eedd72527a92dac1a9ca0fcf76bbb5a2b731e368,,2011/2024,observed,csv_row_2013_age_91_col_Male,annual_estimates_observed_v1,2013,91,male,50,reported,
1.0,annual_population_estimates_by_age_sex_csv,1b7b14fa75cab035860dd865eedd72527a92dac1a9ca0fcf76bbb5a2b731e368,,2011/2024,observed,csv_row_2013_age_91_col_Female,annual_estimates_observed_v1,2013,91,female,100,reported,
1.0,annual_population_estimates_by_age_sex_csv,1b7b14fa75cab035860dd865eedd72527a92dac1a9ca0fcf76bbb5a2b731e368,,2011/2024,derived,derived_from_2013_age_91_Male_and_Female,annual_estimates_sex_sum_v1,2013,91,all,150,reported,
1.0,annual_population_estimates_by_age_sex_csv,1b7b14fa75cab035860dd865eedd72527a92dac1a9ca0fcf76bbb5a2b731e368,,2011/2024,observed,csv_row_2013_age_92_col_Male,annual_estimates_observed_v1,2013,92,male,30,reported,
1.0,annual_population_estimates_by_age_sex_csv,1b7b14fa75cab035860dd865eedd72527a92dac1a9ca0fcf76bbb5a2b731e368,,2011/2024,observed,csv_row_2013_age_92_col_Female,annual_estimates_observed_v1,2013,92,female,80,reported,
1.0,annual_population_estimates_by_age_sex_csv,1b7b14fa75cab035860dd865eedd72527a92dac1a9ca0fcf76bbb5a2b731e368,,2011/2024,derived,derived_from_2013_age_92_Male_and_Female,annual_estimates_sex_sum_v1,2013,92,all,110,reported,
1.0,annual_population_estimates_by_age_sex_csv,1b7b14fa75cab035860dd865eedd72527a92dac1a9ca0fcf76bbb5a2b731e368,,2011/2024,observed,csv_row_2013_age_93_col_Male,annual_estimates_observed_v1,2013,93,male,20,reported,
1.0,annual_population_estimates_by_age_sex_csv,1b7b14fa75cab035860dd865eedd72527a92dac1a9ca0fcf76bbb5a2b731e368,,2011/2024,observed,csv_row_2013_age_93_col_Female,annual_estimates_observed_v1,2013,93,female,80,reported,
1.0,annual_population_estimates_by_age_sex_csv,1b7b14fa75cab035860dd865eedd72527a92dac1a9ca0fcf76bbb5a2b731e368,,2011/2024,derived,derived_from_2013_age_93_Male_and_Female,annual_estimates_sex_sum_v1,2013,93,all,100,reported,
1.0,annual_population_estimates_by_age_sex_csv,1b7b14fa75cab035860dd865eedd72527a92dac1a9ca0fcf76bbb5a2b731e368,,2011/2024,observed,csv_row_2013_age_94_col_Male,annual_estimates_observed_v1,2013,94,male,10,reported,
1.0,annual_population_estimates_by_age_sex_csv,1b7b14fa75cab035860dd865eedd72527a92dac1a9ca0fcf76bbb5a2b731e368,,2011/2024,observed,csv_row_2013_age_94_col_Female,annual_estimates_observed_v1,2013,94,female,40,reported,
1.0,annual_population_estimates_by_age_sex_csv,1b7b14fa75cab035860dd865eedd72527a92dac1a9ca0fcf76bbb5a2b731e368,,2011/2024,derived,derived_from_2013_age_94_Male_and_Female,annual_estimates_sex_sum_v1,2013,94,all,50,reported,
1.0,annual_population_estimates_by_age_sex_csv,1b7b14fa75cab035860dd865eedd72527a92dac1a9ca0fcf76bbb5a2b731e368,,2011/2024,observed,csv_row_2013_age_95_col_Male,annual_estimates_observed_v1,2013,95,male,10,reported,
1.0,annual_population_estimates_by_age_sex_csv,1b7b14fa75cab035860dd865eedd72527a92dac1a9ca0fcf76bbb5a2b731e368,,2011/2024,observed,csv_row_2013_age_95_col_Female,annual_estimates_observed_v1,2013,95,female,30,reported,
1.0,annual_population_estimates_by_age_sex_csv,1b7b14fa75cab035860dd865eedd72527a92dac1a9ca0fcf76bbb5a2b731e368,,2011/2024,derived,derived_from_2013_age_95_Male_and_Female,annual_estimates_sex_sum_v1,2013,95,all,40,reported,
1.0,annual_population_estimates_by_age_sex_csv,1b7b14fa75cab035860dd865eedd72527a92dac1a9ca0fcf76bbb5a2b731e368,,2011/2024,observed,csv_row_2013_age_96_col_Male,annual_estimates_observed_v1,2013,96,male,0,reported,
1.0,annual_population_estimates_by_age_sex_csv,1b7b14fa75cab035860dd865eedd72527a92dac1a9ca0fcf76bbb5a2b731e368,,2011/2024,observed,csv_row_2013_age_96_col_Female,annual_estimates_observed_v1,2013,96,female,30,reported,
1.0,annual_population_estimates_by_age_sex_csv,1b7b14fa75cab035860dd865eedd72527a92dac1a9ca0fcf76bbb5a2b731e368,,2011/2024,derived,derived_from_2013_age_96_Male_and_Female,annual_estimates_sex_sum_v1,2013,96,all,30,reported,
1.0,annual_population_estimates_by_age_sex_csv,1b7b14fa75cab035860dd865eedd72527a92dac1a9ca0fcf76bbb5a2b731e368,,2011/2024,observed,csv_row_2013_age_97_col_Male,annual_estimates_observed_v1,2013,97,male,10,reported,
1.0,annual_population_estimates_by_age_sex_csv,1b7b14fa75cab035860dd865eedd72527a92dac1a9ca0fcf76bbb5a2b731e368,,2011/2024,observed,csv_row_2013_age_97_col_Female,annual_estimates_observed_v1,2013,97,female,20,reported,
1.0,annual_population_estimates_by_age_sex_csv,1b7b14fa75cab035860dd865eedd72527a92dac1a9ca0fcf76bbb5a2b731e368,,2011/2024,derived,derived_from_2013_age_97_Male_and_Female,annual_estimates_sex_sum_v1,2013,97,all,30,reported,
1.0,annual_population_estimates_by_age_sex_csv,1b7b14fa75cab035860dd865eedd72527a92dac1a9ca0fcf76bbb5a2b731e368,,2011/2024,observed,csv_row_2013_age_98_col_Male,annual_estimates_observed_v1,2013,98,male,0,reported,
1.0,annual_population_estimates_by_age_sex_csv,1b7b14fa75cab035860dd865eedd72527a92dac1a9ca0fcf76bbb5a2b731e368,,2011/2024,observed,csv_row_2013_age_98_col_Female,annual_estimates_observed_v1,2013,98,female,10,reported,
1.0,annual_population_estimates_by_age_sex_csv,1b7b14fa75cab035860dd865eedd72527a92dac1a9ca0fcf76bbb5a2b731e368,,2011/2024,derived,derived_from_2013_age_98_Male_and_Female,annual_estimates_sex_sum_v1,2013,98,all,10,reported,
1.0,annual_population_estimates_by_age_sex_csv,1b7b14fa75cab035860dd865eedd72527a92dac1a9ca0fcf76bbb5a2b731e368,,2011/2024,observed,csv_row_2013_age_99_col_Male,annual_estimates_observed_v1,2013,99,male,0,reported,
1.0,annual_population_estimates_by_age_sex_csv,1b7b14fa75cab035860dd865eedd72527a92dac1a9ca0fcf76bbb5a2b731e368,,2011/2024,observed,csv_row_2013_age_99_col_Female,annual_estimates_observed_v1,2013,99,female,10,reported,
1.0,annual_population_estimates_by_age_sex_csv,1b7b14fa75cab035860dd865eedd72527a92dac1a9ca0fcf76bbb5a2b731e368,,2011/2024,derived,derived_from_2013_age_99_Male_and_Female,annual_estimates_sex_sum_v1,2013,99,all,10,reported,
1.0,annual_population_estimates_by_age_sex_csv,1b7b14fa75cab035860dd865eedd72527a92dac1a9ca0fcf76bbb5a2b731e368,,2011/2024,observed,csv_row_2013_age_100_col_Male,annual_estimates_observed_v1,2013,100,male,0,reported,
1.0,annual_population_estimates_by_age_sex_csv,1b7b14fa75cab035860dd865eedd72527a92dac1a9ca0fcf76bbb5a2b731e368,,2011/2024,observed,csv_row_2013_age_100_col_Female,annual_estimates_observed_v1,2013,100,female,10,reported,
1.0,annual_population_estimates_by_age_sex_csv,1b7b14fa75cab035860dd865eedd72527a92dac1a9ca0fcf76bbb5a2b731e368,,2011/2024,derived,derived_from_2013_age_100_Male_and_Female,annual_estimates_sex_sum_v1,2013,100,all,10,reported,
1.0,annual_population_estimates_by_age_sex_csv,1b7b14fa75cab035860dd865eedd72527a92dac1a9ca0fcf76bbb5a2b731e368,,2011/2024,observed,csv_row_2014_age_0_col_Male,annual_estimates_observed_v1,2014,0,male,490,reported,
1.0,annual_population_estimates_by_age_sex_csv,1b7b14fa75cab035860dd865eedd72527a92dac1a9ca0fcf76bbb5a2b731e368,,2011/2024,observed,csv_row_2014_age_0_col_Female,annual_estimates_observed_v1,2014,0,female,490,reported,
1.0,annual_population_estimates_by_age_sex_csv,1b7b14fa75cab035860dd865eedd72527a92dac1a9ca0fcf76bbb5a2b731e368,,2011/2024,derived,derived_from_2014_age_0_Male_and_Female,annual_estimates_sex_sum_v1,2014,0,all,980,reported,
1.0,annual_population_estimates_by_age_sex_csv,1b7b14fa75cab035860dd865eedd72527a92dac1a9ca0fcf76bbb5a2b731e368,,2011/2024,observed,csv_row_2014_age_1_col_Male,annual_estimates_observed_v1,2014,1,male,530,reported,
1.0,annual_population_estimates_by_age_sex_csv,1b7b14fa75cab035860dd865eedd72527a92dac1a9ca0fcf76bbb5a2b731e368,,2011/2024,observed,csv_row_2014_age_1_col_Female,annual_estimates_observed_v1,2014,1,female,490,reported,
1.0,annual_population_estimates_by_age_sex_csv,1b7b14fa75cab035860dd865eedd72527a92dac1a9ca0fcf76bbb5a2b731e368,,2011/2024,derived,derived_from_2014_age_1_Male_and_Female,annual_estimates_sex_sum_v1,2014,1,all,1020,reported,
1.0,annual_population_estimates_by_age_sex_csv,1b7b14fa75cab035860dd865eedd72527a92dac1a9ca0fcf76bbb5a2b731e368,,2011/2024,observed,csv_row_2014_age_2_col_Male,annual_estimates_observed_v1,2014,2,male,570,reported,
1.0,annual_population_estimates_by_age_sex_csv,1b7b14fa75cab035860dd865eedd72527a92dac1a9ca0fcf76bbb5a2b731e368,,2011/2024,observed,csv_row_2014_age_2_col_Female,annual_estimates_observed_v1,2014,2,female,550,reported,
1.0,annual_population_estimates_by_age_sex_csv,1b7b14fa75cab035860dd865eedd72527a92dac1a9ca0fcf76bbb5a2b731e368,,2011/2024,derived,derived_from_2014_age_2_Male_and_Female,annual_estimates_sex_sum_v1,2014,2,all,1120,reported,
1.0,annual_population_estimates_by_age_sex_csv,1b7b14fa75cab035860dd865eedd72527a92dac1a9ca0fcf76bbb5a2b731e368,,2011/2024,observed,csv_row_2014_age_3_col_Male,annual_estimates_observed_v1,2014,3,male,540,reported,
1.0,annual_population_estimates_by_age_sex_csv,1b7b14fa75cab035860dd865eedd72527a92dac1a9ca0fcf76bbb5a2b731e368,,2011/2024,observed,csv_row_2014_age_3_col_Female,annual_estimates_observed_v1,2014,3,female,530,reported,
1.0,annual_population_estimates_by_age_sex_csv,1b7b14fa75cab035860dd865eedd72527a92dac1a9ca0fcf76bbb5a2b731e368,,2011/2024,derived,derived_from_2014_age_3_Male_and_Female,annual_estimates_sex_sum_v1,2014,3,all,1070,reported,
1.0,annual_population_estimates_by_age_sex_csv,1b7b14fa75cab035860dd865eedd72527a92dac1a9ca0fcf76bbb5a2b731e368,,2011/2024,observed,csv_row_2014_age_4_col_Male,annual_estimates_observed_v1,2014,4,male,520,reported,
1.0,annual_population_estimates_by_age_sex_csv,1b7b14fa75cab035860dd865eedd72527a92dac1a9ca0fcf76bbb5a2b731e368,,2011/2024,observed,csv_row_2014_age_4_col_Female,annual_estimates_observed_v1,2014,4,female,550,reported,
1.0,annual_population_estimates_by_age_sex_csv,1b7b14fa75cab035860dd865eedd72527a92dac1a9ca0fcf76bbb5a2b731e368,,2011/2024,derived,derived_from_2014_age_4_Male_and_Female,annual_estimates_sex_sum_v1,2014,4,all,1070,reported,
1.0,annual_population_estimates_by_age_sex_csv,1b7b14fa75cab035860dd865eedd72527a92dac1a9ca0fcf76bbb5a2b731e368,,2011/2024,observed,csv_row_2014_age_5_col_Male,annual_estimates_observed_v1,2014,5,male,510,reported,
1.0,annual_population_estimates_by_age_sex_csv,1b7b14fa75cab035860dd865eedd72527a92dac1a9ca0fcf76bbb5a2b731e368,,2011/2024,observed,csv_row_2014_age_5_col_Female,annual_estimates_observed_v1,2014,5,female,500,reported,
1.0,annual_population_estimates_by_age_sex_csv,1b7b14fa75cab035860dd865eedd72527a92dac1a9ca0fcf76bbb5a2b731e368,,2011/2024,derived,derived_from_2014_age_5_Male_and_Female,annual_estimates_sex_sum_v1,2014,5,all,1010,reported,
1.0,annual_population_estimates_by_age_sex_csv,1b7b14fa75cab035860dd865eedd72527a92dac1a9ca0fcf76bbb5a2b731e368,,2011/2024,observed,csv_row_2014_age_6_col_Male,annual_estimates_observed_v1,2014,6,male,500,reported,
1.0,annual_population_estimates_by_age_sex_csv,1b7b14fa75cab035860dd865eedd72527a92dac1a9ca0fcf76bbb5a2b731e368,,2011/2024,observed,csv_row_2014_age_6_col_Female,annual_estimates_observed_v1,2014,6,female,540,reported,
1.0,annual_population_estimates_by_age_sex_csv,1b7b14fa75cab035860dd865eedd72527a92dac1a9ca0fcf76bbb5a2b731e368,,2011/2024,derived,derived_from_2014_age_6_Male_and_Female,annual_estimates_sex_sum_v1,2014,6,all,1040,reported,
1.0,annual_population_estimates_by_age_sex_csv,1b7b14fa75cab035860dd865eedd72527a92dac1a9ca0fcf76bbb5a2b731e368,,2011/2024,observed,csv_row_2014_age_7_col_Male,annual_estimates_observed_v1,2014,7,male,510,reported,
1.0,annual_population_estimates_by_age_sex_csv,1b7b14fa75cab035860dd865eedd72527a92dac1a9ca0fcf76bbb5a2b731e368,,2011/2024,observed,csv_row_2014_age_7_col_Female,annual_estimates_observed_v1,2014,7,female,510,reported,
1.0,annual_population_estimates_by_age_sex_csv,1b7b14fa75cab035860dd865eedd72527a92dac1a9ca0fcf76bbb5a2b731e368,,2011/2024,derived,derived_from_2014_age_7_Male_and_Female,annual_estimates_sex_sum_v1,2014,7,all,1020,reported,
1.0,annual_population_estimates_by_age_sex_csv,1b7b14fa75cab035860dd865eedd72527a92dac1a9ca0fcf76bbb5a2b731e368,,2011/2024,observed,csv_row_2014_age_8_col_Male,annual_estimates_observed_v1,2014,8,male,490,reported,
1.0,annual_population_estimates_by_age_sex_csv,1b7b14fa75cab035860dd865eedd72527a92dac1a9ca0fcf76bbb5a2b731e368,,2011/2024,observed,csv_row_2014_age_8_col_Female,annual_estimates_observed_v1,2014,8,female,510,reported,
1.0,annual_population_estimates_by_age_sex_csv,1b7b14fa75cab035860dd865eedd72527a92dac1a9ca0fcf76bbb5a2b731e368,,2011/2024,derived,derived_from_2014_age_8_Male_and_Female,annual_estimates_sex_sum_v1,2014,8,all,1000,reported,
1.0,annual_population_estimates_by_age_sex_csv,1b7b14fa75cab035860dd865eedd72527a92dac1a9ca0fcf76bbb5a2b731e368,,2011/2024,observed,csv_row_2014_age_9_col_Male,annual_estimates_observed_v1,2014,9,male,500,reported,
1.0,annual_population_estimates_by_age_sex_csv,1b7b14fa75cab035860dd865eedd72527a92dac1a9ca0fcf76bbb5a2b731e368,,2011/2024,observed,csv_row_2014_age_9_col_Female,annual_estimates_observed_v1,2014,9,female,490,reported,
1.0,annual_population_estimates_by_age_sex_csv,1b7b14fa75cab035860dd865eedd72527a92dac1a9ca0fcf76bbb5a2b731e368,,2011/2024,derived,derived_from_2014_age_9_Male_and_Female,annual_estimates_sex_sum_v1,2014,9,all,990,reported,
1.0,annual_population_estimates_by_age_sex_csv,1b7b14fa75cab035860dd865eedd72527a92dac1a9ca0fcf76bbb5a2b731e368,,2011/2024,observed,csv_row_2014_age_10_col_Male,annual_estimates_observed_v1,2014,10,male,510,reported,
1.0,annual_population_estimates_by_age_sex_csv,1b7b14fa75cab035860dd865eedd72527a92dac1a9ca0fcf76bbb5a2b731e368,,2011/2024,observed,csv_row_2014_age_10_col_Female,annual_estimates_observed_v1,2014,10,female,490,reported,
1.0,annual_population_estimates_by_age_sex_csv,1b7b14fa75cab035860dd865eedd72527a92dac1a9ca0fcf76bbb5a2b731e368,,2011/2024,derived,derived_from_2014_age_10_Male_and_Female,annual_estimates_sex_sum_v1,2014,10,all,1000,reported,
1.0,annual_population_estimates_by_age_sex_csv,1b7b14fa75cab035860dd865eedd72527a92dac1a9ca0fcf76bbb5a2b731e368,,2011/2024,observed,csv_row_2014_age_11_col_Male,annual_estimates_observed_v1,2014,11,male,530,reported,
1.0,annual_population_estimates_by_age_sex_csv,1b7b14fa75cab035860dd865eedd72527a92dac1a9ca0fcf76bbb5a2b731e368,,2011/2024,observed,csv_row_2014_age_11_col_Female,annual_estimates_observed_v1,2014,11,female,490,reported,
1.0,annual_population_estimates_by_age_sex_csv,1b7b14fa75cab035860dd865eedd72527a92dac1a9ca0fcf76bbb5a2b731e368,,2011/2024,derived,derived_from_2014_age_11_Male_and_Female,annual_estimates_sex_sum_v1,2014,11,all,1020,reported,
1.0,annual_population_estimates_by_age_sex_csv,1b7b14fa75cab035860dd865eedd72527a92dac1a9ca0fcf76bbb5a2b731e368,,2011/2024,observed,csv_row_2014_age_12_col_Male,annual_estimates_observed_v1,2014,12,male,460,reported,
1.0,annual_population_estimates_by_age_sex_csv,1b7b14fa75cab035860dd865eedd72527a92dac1a9ca0fcf76bbb5a2b731e368,,2011/2024,observed,csv_row_2014_age_12_col_Female,annual_estimates_observed_v1,2014,12,female,480,reported,
1.0,annual_population_estimates_by_age_sex_csv,1b7b14fa75cab035860dd865eedd72527a92dac1a9ca0fcf76bbb5a2b731e368,,2011/2024,derived,derived_from_2014_age_12_Male_and_Female,annual_estimates_sex_sum_v1,2014,12,all,940,reported,
1.0,annual_population_estimates_by_age_sex_csv,1b7b14fa75cab035860dd865eedd72527a92dac1a9ca0fcf76bbb5a2b731e368,,2011/2024,observed,csv_row_2014_age_13_col_Male,annual_estimates_observed_v1,2014,13,male,520,reported,
1.0,annual_population_estimates_by_age_sex_csv,1b7b14fa75cab035860dd865eedd72527a92dac1a9ca0fcf76bbb5a2b731e368,,2011/2024,observed,csv_row_2014_age_13_col_Female,annual_estimates_observed_v1,2014,13,female,490,reported,
1.0,annual_population_estimates_by_age_sex_csv,1b7b14fa75cab035860dd865eedd72527a92dac1a9ca0fcf76bbb5a2b731e368,,2011/2024,derived,derived_from_2014_age_13_Male_and_Female,annual_estimates_sex_sum_v1,2014,13,all,1010,reported,
1.0,annual_population_estimates_by_age_sex_csv,1b7b14fa75cab035860dd865eedd72527a92dac1a9ca0fcf76bbb5a2b731e368,,2011/2024,observed,csv_row_2014_age_14_col_Male,annual_estimates_observed_v1,2014,14,male,480,reported,
1.0,annual_population_estimates_by_age_sex_csv,1b7b14fa75cab035860dd865eedd72527a92dac1a9ca0fcf76bbb5a2b731e368,,2011/2024,observed,csv_row_2014_age_14_col_Female,annual_estimates_observed_v1,2014,14,female,480,reported,
1.0,annual_population_estimates_by_age_sex_csv,1b7b14fa75cab035860dd865eedd72527a92dac1a9ca0fcf76bbb5a2b731e368,,2011/2024,derived,derived_from_2014_age_14_Male_and_Female,annual_estimates_sex_sum_v1,2014,14,all,960,reported,
1.0,annual_population_estimates_by_age_sex_csv,1b7b14fa75cab035860dd865eedd72527a92dac1a9ca0fcf76bbb5a2b731e368,,2011/2024,observed,csv_row_2014_age_15_col_Male,annual_estimates_observed_v1,2014,15,male,560,reported,
1.0,annual_population_estimates_by_age_sex_csv,1b7b14fa75cab035860dd865eedd72527a92dac1a9ca0fcf76bbb5a2b731e368,,2011/2024,observed,csv_row_2014_age_15_col_Female,annual_estimates_observed_v1,2014,15,female,500,reported,
1.0,annual_population_estimates_by_age_sex_csv,1b7b14fa75cab035860dd865eedd72527a92dac1a9ca0fcf76bbb5a2b731e368,,2011/2024,derived,derived_from_2014_age_15_Male_and_Female,annual_estimates_sex_sum_v1,2014,15,all,1060,reported,
1.0,annual_population_estimates_by_age_sex_csv,1b7b14fa75cab035860dd865eedd72527a92dac1a9ca0fcf76bbb5a2b731e368,,2011/2024,observed,csv_row_2014_age_16_col_Male,annual_estimates_observed_v1,2014,16,male,550,reported,
1.0,annual_population_estimates_by_age_sex_csv,1b7b14fa75cab035860dd865eedd72527a92dac1a9ca0fcf76bbb5a2b731e368,,2011/2024,observed,csv_row_2014_age_16_col_Female,annual_estimates_observed_v1,2014,16,female,550,reported,
1.0,annual_population_estimates_by_age_sex_csv,1b7b14fa75cab035860dd865eedd72527a92dac1a9ca0fcf76bbb5a2b731e368,,2011/2024,derived,derived_from_2014_age_16_Male_and_Female,annual_estimates_sex_sum_v1,2014,16,all,1100,reported,
1.0,annual_population_estimates_by_age_sex_csv,1b7b14fa75cab035860dd865eedd72527a92dac1a9ca0fcf76bbb5a2b731e368,,2011/2024,observed,csv_row_2014_age_17_col_Male,annual_estimates_observed_v1,2014,17,male,590,reported,
1.0,annual_population_estimates_by_age_sex_csv,1b7b14fa75cab035860dd865eedd72527a92dac1a9ca0fcf76bbb5a2b731e368,,2011/2024,observed,csv_row_2014_age_17_col_Female,annual_estimates_observed_v1,2014,17,female,520,reported,
1.0,annual_population_estimates_by_age_sex_csv,1b7b14fa75cab035860dd865eedd72527a92dac1a9ca0fcf76bbb5a2b731e368,,2011/2024,derived,derived_from_2014_age_17_Male_and_Female,annual_estimates_sex_sum_v1,2014,17,all,1110,reported,
1.0,annual_population_estimates_by_age_sex_csv,1b7b14fa75cab035860dd865eedd72527a92dac1a9ca0fcf76bbb5a2b731e368,,2011/2024,observed,csv_row_2014_age_18_col_Male,annual_estimates_observed_v1,2014,18,male,590,reported,
1.0,annual_population_estimates_by_age_sex_csv,1b7b14fa75cab035860dd865eedd72527a92dac1a9ca0fcf76bbb5a2b731e368,,2011/2024,observed,csv_row_2014_age_18_col_Female,annual_estimates_observed_v1,2014,18,female,570,reported,
1.0,annual_population_estimates_by_age_sex_csv,1b7b14fa75cab035860dd865eedd72527a92dac1a9ca0fcf76bbb5a2b731e368,,2011/2024,derived,derived_from_2014_age_18_Male_and_Female,annual_estimates_sex_sum_v1,2014,18,all,1160,reported,
1.0,annual_population_estimates_by_age_sex_csv,1b7b14fa75cab035860dd865eedd72527a92dac1a9ca0fcf76bbb5a2b731e368,,2011/2024,observed,csv_row_2014_age_19_col_Male,annual_estimates_observed_v1,2014,19,male,590,reported,
1.0,annual_population_estimates_by_age_sex_csv,1b7b14fa75cab035860dd865eedd72527a92dac1a9ca0fcf76bbb5a2b731e368,,2011/2024,observed,csv_row_2014_age_19_col_Female,annual_estimates_observed_v1,2014,19,female,510,reported,
1.0,annual_population_estimates_by_age_sex_csv,1b7b14fa75cab035860dd865eedd72527a92dac1a9ca0fcf76bbb5a2b731e368,,2011/2024,derived,derived_from_2014_age_19_Male_and_Female,annual_estimates_sex_sum_v1,2014,19,all,1100,reported,
1.0,annual_population_estimates_by_age_sex_csv,1b7b14fa75cab035860dd865eedd72527a92dac1a9ca0fcf76bbb5a2b731e368,,2011/2024,observed,csv_row_2014_age_20_col_Male,annual_estimates_observed_v1,2014,20,male,600,reported,
1.0,annual_population_estimates_by_age_sex_csv,1b7b14fa75cab035860dd865eedd72527a92dac1a9ca0fcf76bbb5a2b731e368,,2011/2024,observed,csv_row_2014_age_20_col_Female,annual_estimates_observed_v1,2014,20,female,580,reported,
1.0,annual_population_estimates_by_age_sex_csv,1b7b14fa75cab035860dd865eedd72527a92dac1a9ca0fcf76bbb5a2b731e368,,2011/2024,derived,derived_from_2014_age_20_Male_and_Female,annual_estimates_sex_sum_v1,2014,20,all,1180,reported,
1.0,annual_population_estimates_by_age_sex_csv,1b7b14fa75cab035860dd865eedd72527a92dac1a9ca0fcf76bbb5a2b731e368,,2011/2024,observed,csv_row_2014_age_21_col_Male,annual_estimates_observed_v1,2014,21,male,570,reported,
1.0,annual_population_estimates_by_age_sex_csv,1b7b14fa75cab035860dd865eedd72527a92dac1a9ca0fcf76bbb5a2b731e368,,2011/2024,observed,csv_row_2014_age_21_col_Female,annual_estimates_observed_v1,2014,21,female,510,reported,
1.0,annual_population_estimates_by_age_sex_csv,1b7b14fa75cab035860dd865eedd72527a92dac1a9ca0fcf76bbb5a2b731e368,,2011/2024,derived,derived_from_2014_age_21_Male_and_Female,annual_estimates_sex_sum_v1,2014,21,all,1080,reported,
1.0,annual_population_estimates_by_age_sex_csv,1b7b14fa75cab035860dd865eedd72527a92dac1a9ca0fcf76bbb5a2b731e368,,2011/2024,observed,csv_row_2014_age_22_col_Male,annual_estimates_observed_v1,2014,22,male,620,reported,
1.0,annual_population_estimates_by_age_sex_csv,1b7b14fa75cab035860dd865eedd72527a92dac1a9ca0fcf76bbb5a2b731e368,,2011/2024,observed,csv_row_2014_age_22_col_Female,annual_estimates_observed_v1,2014,22,female,560,reported,
1.0,annual_population_estimates_by_age_sex_csv,1b7b14fa75cab035860dd865eedd72527a92dac1a9ca0fcf76bbb5a2b731e368,,2011/2024,derived,derived_from_2014_age_22_Male_and_Female,annual_estimates_sex_sum_v1,2014,22,all,1180,reported,
1.0,annual_population_estimates_by_age_sex_csv,1b7b14fa75cab035860dd865eedd72527a92dac1a9ca0fcf76bbb5a2b731e368,,2011/2024,observed,csv_row_2014_age_23_col_Male,annual_estimates_observed_v1,2014,23,male,580,reported,
1.0,annual_population_estimates_by_age_sex_csv,1b7b14fa75cab035860dd865eedd72527a92dac1a9ca0fcf76bbb5a2b731e368,,2011/2024,observed,csv_row_2014_age_23_col_Female,annual_estimates_observed_v1,2014,23,female,580,reported,
1.0,annual_population_estimates_by_age_sex_csv,1b7b14fa75cab035860dd865eedd72527a92dac1a9ca0fcf76bbb5a2b731e368,,2011/2024,derived,derived_from_2014_age_23_Male_and_Female,annual_estimates_sex_sum_v1,2014,23,all,1160,reported,
1.0,annual_population_estimates_by_age_sex_csv,1b7b14fa75cab035860dd865eedd72527a92dac1a9ca0fcf76bbb5a2b731e368,,2011/2024,observed,csv_row_2014_age_24_col_Male,annual_estimates_observed_v1,2014,24,male,620,reported,
1.0,annual_population_estimates_by_age_sex_csv,1b7b14fa75cab035860dd865eedd72527a92dac1a9ca0fcf76bbb5a2b731e368,,2011/2024,observed,csv_row_2014_age_24_col_Female,annual_estimates_observed_v1,2014,24,female,600,reported,
1.0,annual_population_estimates_by_age_sex_csv,1b7b14fa75cab035860dd865eedd72527a92dac1a9ca0fcf76bbb5a2b731e368,,2011/2024,derived,derived_from_2014_age_24_Male_and_Female,annual_estimates_sex_sum_v1,2014,24,all,1220,reported,
1.0,annual_population_estimates_by_age_sex_csv,1b7b14fa75cab035860dd865eedd72527a92dac1a9ca0fcf76bbb5a2b731e368,,2011/2024,observed,csv_row_2014_age_25_col_Male,annual_estimates_observed_v1,2014,25,male,600,reported,
1.0,annual_population_estimates_by_age_sex_csv,1b7b14fa75cab035860dd865eedd72527a92dac1a9ca0fcf76bbb5a2b731e368,,2011/2024,observed,csv_row_2014_age_25_col_Female,annual_estimates_observed_v1,2014,25,female,610,reported,
1.0,annual_population_estimates_by_age_sex_csv,1b7b14fa75cab035860dd865eedd72527a92dac1a9ca0fcf76bbb5a2b731e368,,2011/2024,derived,derived_from_2014_age_25_Male_and_Female,annual_estimates_sex_sum_v1,2014,25,all,1210,reported,
1.0,annual_population_estimates_by_age_sex_csv,1b7b14fa75cab035860dd865eedd72527a92dac1a9ca0fcf76bbb5a2b731e368,,2011/2024,observed,csv_row_2014_age_26_col_Male,annual_estimates_observed_v1,2014,26,male,630,reported,
1.0,annual_population_estimates_by_age_sex_csv,1b7b14fa75cab035860dd865eedd72527a92dac1a9ca0fcf76bbb5a2b731e368,,2011/2024,observed,csv_row_2014_age_26_col_Female,annual_estimates_observed_v1,2014,26,female,630,reported,
1.0,annual_population_estimates_by_age_sex_csv,1b7b14fa75cab035860dd865eedd72527a92dac1a9ca0fcf76bbb5a2b731e368,,2011/2024,derived,derived_from_2014_age_26_Male_and_Female,annual_estimates_sex_sum_v1,2014,26,all,1260,reported,
1.0,annual_population_estimates_by_age_sex_csv,1b7b14fa75cab035860dd865eedd72527a92dac1a9ca0fcf76bbb5a2b731e368,,2011/2024,observed,csv_row_2014_age_27_col_Male,annual_estimates_observed_v1,2014,27,male,670,reported,
1.0,annual_population_estimates_by_age_sex_csv,1b7b14fa75cab035860dd865eedd72527a92dac1a9ca0fcf76bbb5a2b731e368,,2011/2024,observed,csv_row_2014_age_27_col_Female,annual_estimates_observed_v1,2014,27,female,600,reported,
1.0,annual_population_estimates_by_age_sex_csv,1b7b14fa75cab035860dd865eedd72527a92dac1a9ca0fcf76bbb5a2b731e368,,2011/2024,derived,derived_from_2014_age_27_Male_and_Female,annual_estimates_sex_sum_v1,2014,27,all,1270,reported,
1.0,annual_population_estimates_by_age_sex_csv,1b7b14fa75cab035860dd865eedd72527a92dac1a9ca0fcf76bbb5a2b731e368,,2011/2024,observed,csv_row_2014_age_28_col_Male,annual_estimates_observed_v1,2014,28,male,590,reported,
1.0,annual_population_estimates_by_age_sex_csv,1b7b14fa75cab035860dd865eedd72527a92dac1a9ca0fcf76bbb5a2b731e368,,2011/2024,observed,csv_row_2014_age_28_col_Female,annual_estimates_observed_v1,2014,28,female,620,reported,
1.0,annual_population_estimates_by_age_sex_csv,1b7b14fa75cab035860dd865eedd72527a92dac1a9ca0fcf76bbb5a2b731e368,,2011/2024,derived,derived_from_2014_age_28_Male_and_Female,annual_estimates_sex_sum_v1,2014,28,all,1210,reported,
1.0,annual_population_estimates_by_age_sex_csv,1b7b14fa75cab035860dd865eedd72527a92dac1a9ca0fcf76bbb5a2b731e368,,2011/2024,observed,csv_row_2014_age_29_col_Male,annual_estimates_observed_v1,2014,29,male,670,reported,
1.0,annual_population_estimates_by_age_sex_csv,1b7b14fa75cab035860dd865eedd72527a92dac1a9ca0fcf76bbb5a2b731e368,,2011/2024,observed,csv_row_2014_age_29_col_Female,annual_estimates_observed_v1,2014,29,female,620,reported,
1.0,annual_population_estimates_by_age_sex_csv,1b7b14fa75cab035860dd865eedd72527a92dac1a9ca0fcf76bbb5a2b731e368,,2011/2024,derived,derived_from_2014_age_29_Male_and_Female,annual_estimates_sex_sum_v1,2014,29,all,1290,reported,
1.0,annual_population_estimates_by_age_sex_csv,1b7b14fa75cab035860dd865eedd72527a92dac1a9ca0fcf76bbb5a2b731e368,,2011/2024,observed,csv_row_2014_age_30_col_Male,annual_estimates_observed_v1,2014,30,male,700,reported,
1.0,annual_population_estimates_by_age_sex_csv,1b7b14fa75cab035860dd865eedd72527a92dac1a9ca0fcf76bbb5a2b731e368,,2011/2024,observed,csv_row_2014_age_30_col_Female,annual_estimates_observed_v1,2014,30,female,720,reported,
1.0,annual_population_estimates_by_age_sex_csv,1b7b14fa75cab035860dd865eedd72527a92dac1a9ca0fcf76bbb5a2b731e368,,2011/2024,derived,derived_from_2014_age_30_Male_and_Female,annual_estimates_sex_sum_v1,2014,30,all,1420,reported,
1.0,annual_population_estimates_by_age_sex_csv,1b7b14fa75cab035860dd865eedd72527a92dac1a9ca0fcf76bbb5a2b731e368,,2011/2024,observed,csv_row_2014_age_31_col_Male,annual_estimates_observed_v1,2014,31,male,710,reported,
1.0,annual_population_estimates_by_age_sex_csv,1b7b14fa75cab035860dd865eedd72527a92dac1a9ca0fcf76bbb5a2b731e368,,2011/2024,observed,csv_row_2014_age_31_col_Female,annual_estimates_observed_v1,2014,31,female,710,reported,
1.0,annual_population_estimates_by_age_sex_csv,1b7b14fa75cab035860dd865eedd72527a92dac1a9ca0fcf76bbb5a2b731e368,,2011/2024,derived,derived_from_2014_age_31_Male_and_Female,annual_estimates_sex_sum_v1,2014,31,all,1420,reported,
1.0,annual_population_estimates_by_age_sex_csv,1b7b14fa75cab035860dd865eedd72527a92dac1a9ca0fcf76bbb5a2b731e368,,2011/2024,observed,csv_row_2014_age_32_col_Male,annual_estimates_observed_v1,2014,32,male,750,reported,
1.0,annual_population_estimates_by_age_sex_csv,1b7b14fa75cab035860dd865eedd72527a92dac1a9ca0fcf76bbb5a2b731e368,,2011/2024,observed,csv_row_2014_age_32_col_Female,annual_estimates_observed_v1,2014,32,female,690,reported,
1.0,annual_population_estimates_by_age_sex_csv,1b7b14fa75cab035860dd865eedd72527a92dac1a9ca0fcf76bbb5a2b731e368,,2011/2024,derived,derived_from_2014_age_32_Male_and_Female,annual_estimates_sex_sum_v1,2014,32,all,1440,reported,
1.0,annual_population_estimates_by_age_sex_csv,1b7b14fa75cab035860dd865eedd72527a92dac1a9ca0fcf76bbb5a2b731e368,,2011/2024,observed,csv_row_2014_age_33_col_Male,annual_estimates_observed_v1,2014,33,male,730,reported,
1.0,annual_population_estimates_by_age_sex_csv,1b7b14fa75cab035860dd865eedd72527a92dac1a9ca0fcf76bbb5a2b731e368,,2011/2024,observed,csv_row_2014_age_33_col_Female,annual_estimates_observed_v1,2014,33,female,780,reported,
1.0,annual_population_estimates_by_age_sex_csv,1b7b14fa75cab035860dd865eedd72527a92dac1a9ca0fcf76bbb5a2b731e368,,2011/2024,derived,derived_from_2014_age_33_Male_and_Female,annual_estimates_sex_sum_v1,2014,33,all,1510,reported,
1.0,annual_population_estimates_by_age_sex_csv,1b7b14fa75cab035860dd865eedd72527a92dac1a9ca0fcf76bbb5a2b731e368,,2011/2024,observed,csv_row_2014_age_34_col_Male,annual_estimates_observed_v1,2014,34,male,760,reported,
1.0,annual_population_estimates_by_age_sex_csv,1b7b14fa75cab035860dd865eedd72527a92dac1a9ca0fcf76bbb5a2b731e368,,2011/2024,observed,csv_row_2014_age_34_col_Female,annual_estimates_observed_v1,2014,34,female,760,reported,
1.0,annual_population_estimates_by_age_sex_csv,1b7b14fa75cab035860dd865eedd72527a92dac1a9ca0fcf76bbb5a2b731e368,,2011/2024,derived,derived_from_2014_age_34_Male_and_Female,annual_estimates_sex_sum_v1,2014,34,all,1520,reported,
1.0,annual_population_estimates_by_age_sex_csv,1b7b14fa75cab035860dd865eedd72527a92dac1a9ca0fcf76bbb5a2b731e368,,2011/2024,observed,csv_row_2014_age_35_col_Male,annual_estimates_observed_v1,2014,35,male,750,reported,
1.0,annual_population_estimates_by_age_sex_csv,1b7b14fa75cab035860dd865eedd72527a92dac1a9ca0fcf76bbb5a2b731e368,,2011/2024,observed,csv_row_2014_age_35_col_Female,annual_estimates_observed_v1,2014,35,female,760,reported,
1.0,annual_population_estimates_by_age_sex_csv,1b7b14fa75cab035860dd865eedd72527a92dac1a9ca0fcf76bbb5a2b731e368,,2011/2024,derived,derived_from_2014_age_35_Male_and_Female,annual_estimates_sex_sum_v1,2014,35,all,1510,reported,
1.0,annual_population_estimates_by_age_sex_csv,1b7b14fa75cab035860dd865eedd72527a92dac1a9ca0fcf76bbb5a2b731e368,,2011/2024,observed,csv_row_2014_age_36_col_Male,annual_estimates_observed_v1,2014,36,male,710,reported,
1.0,annual_population_estimates_by_age_sex_csv,1b7b14fa75cab035860dd865eedd72527a92dac1a9ca0fcf76bbb5a2b731e368,,2011/2024,observed,csv_row_2014_age_36_col_Female,annual_estimates_observed_v1,2014,36,female,690,reported,
1.0,annual_population_estimates_by_age_sex_csv,1b7b14fa75cab035860dd865eedd72527a92dac1a9ca0fcf76bbb5a2b731e368,,2011/2024,derived,derived_from_2014_age_36_Male_and_Female,annual_estimates_sex_sum_v1,2014,36,all,1400,reported,
1.0,annual_population_estimates_by_age_sex_csv,1b7b14fa75cab035860dd865eedd72527a92dac1a9ca0fcf76bbb5a2b731e368,,2011/2024,observed,csv_row_2014_age_37_col_Male,annual_estimates_observed_v1,2014,37,male,750,reported,
1.0,annual_population_estimates_by_age_sex_csv,1b7b14fa75cab035860dd865eedd72527a92dac1a9ca0fcf76bbb5a2b731e368,,2011/2024,observed,csv_row_2014_age_37_col_Female,annual_estimates_observed_v1,2014,37,female,720,reported,
1.0,annual_population_estimates_by_age_sex_csv,1b7b14fa75cab035860dd865eedd72527a92dac1a9ca0fcf76bbb5a2b731e368,,2011/2024,derived,derived_from_2014_age_37_Male_and_Female,annual_estimates_sex_sum_v1,2014,37,all,1470,reported,
1.0,annual_population_estimates_by_age_sex_csv,1b7b14fa75cab035860dd865eedd72527a92dac1a9ca0fcf76bbb5a2b731e368,,2011/2024,observed,csv_row_2014_age_38_col_Male,annual_estimates_observed_v1,2014,38,male,730,reported,
1.0,annual_population_estimates_by_age_sex_csv,1b7b14fa75cab035860dd865eedd72527a92dac1a9ca0fcf76bbb5a2b731e368,,2011/2024,observed,csv_row_2014_age_38_col_Female,annual_estimates_observed_v1,2014,38,female,690,reported,
1.0,annual_population_estimates_by_age_sex_csv,1b7b14fa75cab035860dd865eedd72527a92dac1a9ca0fcf76bbb5a2b731e368,,2011/2024,derived,derived_from_2014_age_38_Male_and_Female,annual_estimates_sex_sum_v1,2014,38,all,1420,reported,
1.0,annual_population_estimates_by_age_sex_csv,1b7b14fa75cab035860dd865eedd72527a92dac1a9ca0fcf76bbb5a2b731e368,,2011/2024,observed,csv_row_2014_age_39_col_Male,annual_estimates_observed_v1,2014,39,male,730,reported,
1.0,annual_population_estimates_by_age_sex_csv,1b7b14fa75cab035860dd865eedd72527a92dac1a9ca0fcf76bbb5a2b731e368,,2011/2024,observed,csv_row_2014_age_39_col_Female,annual_estimates_observed_v1,2014,39,female,730,reported,
1.0,annual_population_estimates_by_age_sex_csv,1b7b14fa75cab035860dd865eedd72527a92dac1a9ca0fcf76bbb5a2b731e368,,2011/2024,derived,derived_from_2014_age_39_Male_and_Female,annual_estimates_sex_sum_v1,2014,39,all,1460,reported,
1.0,annual_population_estimates_by_age_sex_csv,1b7b14fa75cab035860dd865eedd72527a92dac1a9ca0fcf76bbb5a2b731e368,,2011/2024,observed,csv_row_2014_age_40_col_Male,annual_estimates_observed_v1,2014,40,male,710,reported,
1.0,annual_population_estimates_by_age_sex_csv,1b7b14fa75cab035860dd865eedd72527a92dac1a9ca0fcf76bbb5a2b731e368,,2011/2024,observed,csv_row_2014_age_40_col_Female,annual_estimates_observed_v1,2014,40,female,710,reported,
1.0,annual_population_estimates_by_age_sex_csv,1b7b14fa75cab035860dd865eedd72527a92dac1a9ca0fcf76bbb5a2b731e368,,2011/2024,derived,derived_from_2014_age_40_Male_and_Female,annual_estimates_sex_sum_v1,2014,40,all,1420,reported,
1.0,annual_population_estimates_by_age_sex_csv,1b7b14fa75cab035860dd865eedd72527a92dac1a9ca0fcf76bbb5a2b731e368,,2011/2024,observed,csv_row_2014_age_41_col_Male,annual_estimates_observed_v1,2014,41,male,730,reported,
1.0,annual_population_estimates_by_age_sex_csv,1b7b14fa75cab035860dd865eedd72527a92dac1a9ca0fcf76bbb5a2b731e368,,2011/2024,observed,csv_row_2014_age_41_col_Female,annual_estimates_observed_v1,2014,41,female,710,reported,
1.0,annual_population_estimates_by_age_sex_csv,1b7b14fa75cab035860dd865eedd72527a92dac1a9ca0fcf76bbb5a2b731e368,,2011/2024,derived,derived_from_2014_age_41_Male_and_Female,annual_estimates_sex_sum_v1,2014,41,all,1440,reported,
1.0,annual_population_estimates_by_age_sex_csv,1b7b14fa75cab035860dd865eedd72527a92dac1a9ca0fcf76bbb5a2b731e368,,2011/2024,observed,csv_row_2014_age_42_col_Male,annual_estimates_observed_v1,2014,42,male,720,reported,
1.0,annual_population_estimates_by_age_sex_csv,1b7b14fa75cab035860dd865eedd72527a92dac1a9ca0fcf76bbb5a2b731e368,,2011/2024,observed,csv_row_2014_age_42_col_Female,annual_estimates_observed_v1,2014,42,female,730,reported,
1.0,annual_population_estimates_by_age_sex_csv,1b7b14fa75cab035860dd865eedd72527a92dac1a9ca0fcf76bbb5a2b731e368,,2011/2024,derived,derived_from_2014_age_42_Male_and_Female,annual_estimates_sex_sum_v1,2014,42,all,1450,reported,
1.0,annual_population_estimates_by_age_sex_csv,1b7b14fa75cab035860dd865eedd72527a92dac1a9ca0fcf76bbb5a2b731e368,,2011/2024,observed,csv_row_2014_age_43_col_Male,annual_estimates_observed_v1,2014,43,male,800,reported,
1.0,annual_population_estimates_by_age_sex_csv,1b7b14fa75cab035860dd865eedd72527a92dac1a9ca0fcf76bbb5a2b731e368,,2011/2024,observed,csv_row_2014_age_43_col_Female,annual_estimates_observed_v1,2014,43,female,800,reported,
1.0,annual_population_estimates_by_age_sex_csv,1b7b14fa75cab035860dd865eedd72527a92dac1a9ca0fcf76bbb5a2b731e368,,2011/2024,derived,derived_from_2014_age_43_Male_and_Female,annual_estimates_sex_sum_v1,2014,43,all,1600,reported,
1.0,annual_population_estimates_by_age_sex_csv,1b7b14fa75cab035860dd865eedd72527a92dac1a9ca0fcf76bbb5a2b731e368,,2011/2024,observed,csv_row_2014_age_44_col_Male,annual_estimates_observed_v1,2014,44,male,800,reported,
1.0,annual_population_estimates_by_age_sex_csv,1b7b14fa75cab035860dd865eedd72527a92dac1a9ca0fcf76bbb5a2b731e368,,2011/2024,observed,csv_row_2014_age_44_col_Female,annual_estimates_observed_v1,2014,44,female,810,reported,
1.0,annual_population_estimates_by_age_sex_csv,1b7b14fa75cab035860dd865eedd72527a92dac1a9ca0fcf76bbb5a2b731e368,,2011/2024,derived,derived_from_2014_age_44_Male_and_Female,annual_estimates_sex_sum_v1,2014,44,all,1610,reported,
1.0,annual_population_estimates_by_age_sex_csv,1b7b14fa75cab035860dd865eedd72527a92dac1a9ca0fcf76bbb5a2b731e368,,2011/2024,observed,csv_row_2014_age_45_col_Male,annual_estimates_observed_v1,2014,45,male,810,reported,
1.0,annual_population_estimates_by_age_sex_csv,1b7b14fa75cab035860dd865eedd72527a92dac1a9ca0fcf76bbb5a2b731e368,,2011/2024,observed,csv_row_2014_age_45_col_Female,annual_estimates_observed_v1,2014,45,female,850,reported,
1.0,annual_population_estimates_by_age_sex_csv,1b7b14fa75cab035860dd865eedd72527a92dac1a9ca0fcf76bbb5a2b731e368,,2011/2024,derived,derived_from_2014_age_45_Male_and_Female,annual_estimates_sex_sum_v1,2014,45,all,1660,reported,
1.0,annual_population_estimates_by_age_sex_csv,1b7b14fa75cab035860dd865eedd72527a92dac1a9ca0fcf76bbb5a2b731e368,,2011/2024,observed,csv_row_2014_age_46_col_Male,annual_estimates_observed_v1,2014,46,male,920,reported,
1.0,annual_population_estimates_by_age_sex_csv,1b7b14fa75cab035860dd865eedd72527a92dac1a9ca0fcf76bbb5a2b731e368,,2011/2024,observed,csv_row_2014_age_46_col_Female,annual_estimates_observed_v1,2014,46,female,800,reported,
1.0,annual_population_estimates_by_age_sex_csv,1b7b14fa75cab035860dd865eedd72527a92dac1a9ca0fcf76bbb5a2b731e368,,2011/2024,derived,derived_from_2014_age_46_Male_and_Female,annual_estimates_sex_sum_v1,2014,46,all,1720,reported,
1.0,annual_population_estimates_by_age_sex_csv,1b7b14fa75cab035860dd865eedd72527a92dac1a9ca0fcf76bbb5a2b731e368,,2011/2024,observed,csv_row_2014_age_47_col_Male,annual_estimates_observed_v1,2014,47,male,820,reported,
1.0,annual_population_estimates_by_age_sex_csv,1b7b14fa75cab035860dd865eedd72527a92dac1a9ca0fcf76bbb5a2b731e368,,2011/2024,observed,csv_row_2014_age_47_col_Female,annual_estimates_observed_v1,2014,47,female,870,reported,
1.0,annual_population_estimates_by_age_sex_csv,1b7b14fa75cab035860dd865eedd72527a92dac1a9ca0fcf76bbb5a2b731e368,,2011/2024,derived,derived_from_2014_age_47_Male_and_Female,annual_estimates_sex_sum_v1,2014,47,all,1690,reported,
1.0,annual_population_estimates_by_age_sex_csv,1b7b14fa75cab035860dd865eedd72527a92dac1a9ca0fcf76bbb5a2b731e368,,2011/2024,observed,csv_row_2014_age_48_col_Male,annual_estimates_observed_v1,2014,48,male,840,reported,
1.0,annual_population_estimates_by_age_sex_csv,1b7b14fa75cab035860dd865eedd72527a92dac1a9ca0fcf76bbb5a2b731e368,,2011/2024,observed,csv_row_2014_age_48_col_Female,annual_estimates_observed_v1,2014,48,female,870,reported,
1.0,annual_population_estimates_by_age_sex_csv,1b7b14fa75cab035860dd865eedd72527a92dac1a9ca0fcf76bbb5a2b731e368,,2011/2024,derived,derived_from_2014_age_48_Male_and_Female,annual_estimates_sex_sum_v1,2014,48,all,1710,reported,
1.0,annual_population_estimates_by_age_sex_csv,1b7b14fa75cab035860dd865eedd72527a92dac1a9ca0fcf76bbb5a2b731e368,,2011/2024,observed,csv_row_2014_age_49_col_Male,annual_estimates_observed_v1,2014,49,male,870,reported,
1.0,annual_population_estimates_by_age_sex_csv,1b7b14fa75cab035860dd865eedd72527a92dac1a9ca0fcf76bbb5a2b731e368,,2011/2024,observed,csv_row_2014_age_49_col_Female,annual_estimates_observed_v1,2014,49,female,850,reported,
1.0,annual_population_estimates_by_age_sex_csv,1b7b14fa75cab035860dd865eedd72527a92dac1a9ca0fcf76bbb5a2b731e368,,2011/2024,derived,derived_from_2014_age_49_Male_and_Female,annual_estimates_sex_sum_v1,2014,49,all,1720,reported,
1.0,annual_population_estimates_by_age_sex_csv,1b7b14fa75cab035860dd865eedd72527a92dac1a9ca0fcf76bbb5a2b731e368,,2011/2024,observed,csv_row_2014_age_50_col_Male,annual_estimates_observed_v1,2014,50,male,870,reported,
1.0,annual_population_estimates_by_age_sex_csv,1b7b14fa75cab035860dd865eedd72527a92dac1a9ca0fcf76bbb5a2b731e368,,2011/2024,observed,csv_row_2014_age_50_col_Female,annual_estimates_observed_v1,2014,50,female,860,reported,
1.0,annual_population_estimates_by_age_sex_csv,1b7b14fa75cab035860dd865eedd72527a92dac1a9ca0fcf76bbb5a2b731e368,,2011/2024,derived,derived_from_2014_age_50_Male_and_Female,annual_estimates_sex_sum_v1,2014,50,all,1730,reported,
1.0,annual_population_estimates_by_age_sex_csv,1b7b14fa75cab035860dd865eedd72527a92dac1a9ca0fcf76bbb5a2b731e368,,2011/2024,observed,csv_row_2014_age_51_col_Male,annual_estimates_observed_v1,2014,51,male,850,reported,
1.0,annual_population_estimates_by_age_sex_csv,1b7b14fa75cab035860dd865eedd72527a92dac1a9ca0fcf76bbb5a2b731e368,,2011/2024,observed,csv_row_2014_age_51_col_Female,annual_estimates_observed_v1,2014,51,female,820,reported,
1.0,annual_population_estimates_by_age_sex_csv,1b7b14fa75cab035860dd865eedd72527a92dac1a9ca0fcf76bbb5a2b731e368,,2011/2024,derived,derived_from_2014_age_51_Male_and_Female,annual_estimates_sex_sum_v1,2014,51,all,1670,reported,
1.0,annual_population_estimates_by_age_sex_csv,1b7b14fa75cab035860dd865eedd72527a92dac1a9ca0fcf76bbb5a2b731e368,,2011/2024,observed,csv_row_2014_age_52_col_Male,annual_estimates_observed_v1,2014,52,male,800,reported,
1.0,annual_population_estimates_by_age_sex_csv,1b7b14fa75cab035860dd865eedd72527a92dac1a9ca0fcf76bbb5a2b731e368,,2011/2024,observed,csv_row_2014_age_52_col_Female,annual_estimates_observed_v1,2014,52,female,800,reported,
1.0,annual_population_estimates_by_age_sex_csv,1b7b14fa75cab035860dd865eedd72527a92dac1a9ca0fcf76bbb5a2b731e368,,2011/2024,derived,derived_from_2014_age_52_Male_and_Female,annual_estimates_sex_sum_v1,2014,52,all,1600,reported,
1.0,annual_population_estimates_by_age_sex_csv,1b7b14fa75cab035860dd865eedd72527a92dac1a9ca0fcf76bbb5a2b731e368,,2011/2024,observed,csv_row_2014_age_53_col_Male,annual_estimates_observed_v1,2014,53,male,740,reported,
1.0,annual_population_estimates_by_age_sex_csv,1b7b14fa75cab035860dd865eedd72527a92dac1a9ca0fcf76bbb5a2b731e368,,2011/2024,observed,csv_row_2014_age_53_col_Female,annual_estimates_observed_v1,2014,53,female,730,reported,
1.0,annual_population_estimates_by_age_sex_csv,1b7b14fa75cab035860dd865eedd72527a92dac1a9ca0fcf76bbb5a2b731e368,,2011/2024,derived,derived_from_2014_age_53_Male_and_Female,annual_estimates_sex_sum_v1,2014,53,all,1470,reported,
1.0,annual_population_estimates_by_age_sex_csv,1b7b14fa75cab035860dd865eedd72527a92dac1a9ca0fcf76bbb5a2b731e368,,2011/2024,observed,csv_row_2014_age_54_col_Male,annual_estimates_observed_v1,2014,54,male,750,reported,
1.0,annual_population_estimates_by_age_sex_csv,1b7b14fa75cab035860dd865eedd72527a92dac1a9ca0fcf76bbb5a2b731e368,,2011/2024,observed,csv_row_2014_age_54_col_Female,annual_estimates_observed_v1,2014,54,female,720,reported,
1.0,annual_population_estimates_by_age_sex_csv,1b7b14fa75cab035860dd865eedd72527a92dac1a9ca0fcf76bbb5a2b731e368,,2011/2024,derived,derived_from_2014_age_54_Male_and_Female,annual_estimates_sex_sum_v1,2014,54,all,1470,reported,
1.0,annual_population_estimates_by_age_sex_csv,1b7b14fa75cab035860dd865eedd72527a92dac1a9ca0fcf76bbb5a2b731e368,,2011/2024,observed,csv_row_2014_age_55_col_Male,annual_estimates_observed_v1,2014,55,male,690,reported,
1.0,annual_population_estimates_by_age_sex_csv,1b7b14fa75cab035860dd865eedd72527a92dac1a9ca0fcf76bbb5a2b731e368,,2011/2024,observed,csv_row_2014_age_55_col_Female,annual_estimates_observed_v1,2014,55,female,710,reported,
1.0,annual_population_estimates_by_age_sex_csv,1b7b14fa75cab035860dd865eedd72527a92dac1a9ca0fcf76bbb5a2b731e368,,2011/2024,derived,derived_from_2014_age_55_Male_and_Female,annual_estimates_sex_sum_v1,2014,55,all,1400,reported,
1.0,annual_population_estimates_by_age_sex_csv,1b7b14fa75cab035860dd865eedd72527a92dac1a9ca0fcf76bbb5a2b731e368,,2011/2024,observed,csv_row_2014_age_56_col_Male,annual_estimates_observed_v1,2014,56,male,710,reported,
1.0,annual_population_estimates_by_age_sex_csv,1b7b14fa75cab035860dd865eedd72527a92dac1a9ca0fcf76bbb5a2b731e368,,2011/2024,observed,csv_row_2014_age_56_col_Female,annual_estimates_observed_v1,2014,56,female,740,reported,
1.0,annual_population_estimates_by_age_sex_csv,1b7b14fa75cab035860dd865eedd72527a92dac1a9ca0fcf76bbb5a2b731e368,,2011/2024,derived,derived_from_2014_age_56_Male_and_Female,annual_estimates_sex_sum_v1,2014,56,all,1450,reported,
1.0,annual_population_estimates_by_age_sex_csv,1b7b14fa75cab035860dd865eedd72527a92dac1a9ca0fcf76bbb5a2b731e368,,2011/2024,observed,csv_row_2014_age_57_col_Male,annual_estimates_observed_v1,2014,57,male,660,reported,
1.0,annual_population_estimates_by_age_sex_csv,1b7b14fa75cab035860dd865eedd72527a92dac1a9ca0fcf76bbb5a2b731e368,,2011/2024,observed,csv_row_2014_age_57_col_Female,annual_estimates_observed_v1,2014,57,female,680,reported,
1.0,annual_population_estimates_by_age_sex_csv,1b7b14fa75cab035860dd865eedd72527a92dac1a9ca0fcf76bbb5a2b731e368,,2011/2024,derived,derived_from_2014_age_57_Male_and_Female,annual_estimates_sex_sum_v1,2014,57,all,1340,reported,
1.0,annual_population_estimates_by_age_sex_csv,1b7b14fa75cab035860dd865eedd72527a92dac1a9ca0fcf76bbb5a2b731e368,,2011/2024,observed,csv_row_2014_age_58_col_Male,annual_estimates_observed_v1,2014,58,male,650,reported,
1.0,annual_population_estimates_by_age_sex_csv,1b7b14fa75cab035860dd865eedd72527a92dac1a9ca0fcf76bbb5a2b731e368,,2011/2024,observed,csv_row_2014_age_58_col_Female,annual_estimates_observed_v1,2014,58,female,650,reported,
1.0,annual_population_estimates_by_age_sex_csv,1b7b14fa75cab035860dd865eedd72527a92dac1a9ca0fcf76bbb5a2b731e368,,2011/2024,derived,derived_from_2014_age_58_Male_and_Female,annual_estimates_sex_sum_v1,2014,58,all,1300,reported,
1.0,annual_population_estimates_by_age_sex_csv,1b7b14fa75cab035860dd865eedd72527a92dac1a9ca0fcf76bbb5a2b731e368,,2011/2024,observed,csv_row_2014_age_59_col_Male,annual_estimates_observed_v1,2014,59,male,560,reported,
1.0,annual_population_estimates_by_age_sex_csv,1b7b14fa75cab035860dd865eedd72527a92dac1a9ca0fcf76bbb5a2b731e368,,2011/2024,observed,csv_row_2014_age_59_col_Female,annual_estimates_observed_v1,2014,59,female,620,reported,
1.0,annual_population_estimates_by_age_sex_csv,1b7b14fa75cab035860dd865eedd72527a92dac1a9ca0fcf76bbb5a2b731e368,,2011/2024,derived,derived_from_2014_age_59_Male_and_Female,annual_estimates_sex_sum_v1,2014,59,all,1180,reported,
1.0,annual_population_estimates_by_age_sex_csv,1b7b14fa75cab035860dd865eedd72527a92dac1a9ca0fcf76bbb5a2b731e368,,2011/2024,observed,csv_row_2014_age_60_col_Male,annual_estimates_observed_v1,2014,60,male,590,reported,
1.0,annual_population_estimates_by_age_sex_csv,1b7b14fa75cab035860dd865eedd72527a92dac1a9ca0fcf76bbb5a2b731e368,,2011/2024,observed,csv_row_2014_age_60_col_Female,annual_estimates_observed_v1,2014,60,female,580,reported,
1.0,annual_population_estimates_by_age_sex_csv,1b7b14fa75cab035860dd865eedd72527a92dac1a9ca0fcf76bbb5a2b731e368,,2011/2024,derived,derived_from_2014_age_60_Male_and_Female,annual_estimates_sex_sum_v1,2014,60,all,1170,reported,
1.0,annual_population_estimates_by_age_sex_csv,1b7b14fa75cab035860dd865eedd72527a92dac1a9ca0fcf76bbb5a2b731e368,,2011/2024,observed,csv_row_2014_age_61_col_Male,annual_estimates_observed_v1,2014,61,male,570,reported,
1.0,annual_population_estimates_by_age_sex_csv,1b7b14fa75cab035860dd865eedd72527a92dac1a9ca0fcf76bbb5a2b731e368,,2011/2024,observed,csv_row_2014_age_61_col_Female,annual_estimates_observed_v1,2014,61,female,570,reported,
1.0,annual_population_estimates_by_age_sex_csv,1b7b14fa75cab035860dd865eedd72527a92dac1a9ca0fcf76bbb5a2b731e368,,2011/2024,derived,derived_from_2014_age_61_Male_and_Female,annual_estimates_sex_sum_v1,2014,61,all,1140,reported,
1.0,annual_population_estimates_by_age_sex_csv,1b7b14fa75cab035860dd865eedd72527a92dac1a9ca0fcf76bbb5a2b731e368,,2011/2024,observed,csv_row_2014_age_62_col_Male,annual_estimates_observed_v1,2014,62,male,520,reported,
1.0,annual_population_estimates_by_age_sex_csv,1b7b14fa75cab035860dd865eedd72527a92dac1a9ca0fcf76bbb5a2b731e368,,2011/2024,observed,csv_row_2014_age_62_col_Female,annual_estimates_observed_v1,2014,62,female,600,reported,
1.0,annual_population_estimates_by_age_sex_csv,1b7b14fa75cab035860dd865eedd72527a92dac1a9ca0fcf76bbb5a2b731e368,,2011/2024,derived,derived_from_2014_age_62_Male_and_Female,annual_estimates_sex_sum_v1,2014,62,all,1120,reported,
1.0,annual_population_estimates_by_age_sex_csv,1b7b14fa75cab035860dd865eedd72527a92dac1a9ca0fcf76bbb5a2b731e368,,2011/2024,observed,csv_row_2014_age_63_col_Male,annual_estimates_observed_v1,2014,63,male,560,reported,
1.0,annual_population_estimates_by_age_sex_csv,1b7b14fa75cab035860dd865eedd72527a92dac1a9ca0fcf76bbb5a2b731e368,,2011/2024,observed,csv_row_2014_age_63_col_Female,annual_estimates_observed_v1,2014,63,female,570,reported,
1.0,annual_population_estimates_by_age_sex_csv,1b7b14fa75cab035860dd865eedd72527a92dac1a9ca0fcf76bbb5a2b731e368,,2011/2024,derived,derived_from_2014_age_63_Male_and_Female,annual_estimates_sex_sum_v1,2014,63,all,1130,reported,
1.0,annual_population_estimates_by_age_sex_csv,1b7b14fa75cab035860dd865eedd72527a92dac1a9ca0fcf76bbb5a2b731e368,,2011/2024,observed,csv_row_2014_age_64_col_Male,annual_estimates_observed_v1,2014,64,male,550,reported,
1.0,annual_population_estimates_by_age_sex_csv,1b7b14fa75cab035860dd865eedd72527a92dac1a9ca0fcf76bbb5a2b731e368,,2011/2024,observed,csv_row_2014_age_64_col_Female,annual_estimates_observed_v1,2014,64,female,530,reported,
1.0,annual_population_estimates_by_age_sex_csv,1b7b14fa75cab035860dd865eedd72527a92dac1a9ca0fcf76bbb5a2b731e368,,2011/2024,derived,derived_from_2014_age_64_Male_and_Female,annual_estimates_sex_sum_v1,2014,64,all,1080,reported,
1.0,annual_population_estimates_by_age_sex_csv,1b7b14fa75cab035860dd865eedd72527a92dac1a9ca0fcf76bbb5a2b731e368,,2011/2024,observed,csv_row_2014_age_65_col_Male,annual_estimates_observed_v1,2014,65,male,520,reported,
1.0,annual_population_estimates_by_age_sex_csv,1b7b14fa75cab035860dd865eedd72527a92dac1a9ca0fcf76bbb5a2b731e368,,2011/2024,observed,csv_row_2014_age_65_col_Female,annual_estimates_observed_v1,2014,65,female,530,reported,
1.0,annual_population_estimates_by_age_sex_csv,1b7b14fa75cab035860dd865eedd72527a92dac1a9ca0fcf76bbb5a2b731e368,,2011/2024,derived,derived_from_2014_age_65_Male_and_Female,annual_estimates_sex_sum_v1,2014,65,all,1050,reported,
1.0,annual_population_estimates_by_age_sex_csv,1b7b14fa75cab035860dd865eedd72527a92dac1a9ca0fcf76bbb5a2b731e368,,2011/2024,observed,csv_row_2014_age_66_col_Male,annual_estimates_observed_v1,2014,66,male,520,reported,
1.0,annual_population_estimates_by_age_sex_csv,1b7b14fa75cab035860dd865eedd72527a92dac1a9ca0fcf76bbb5a2b731e368,,2011/2024,observed,csv_row_2014_age_66_col_Female,annual_estimates_observed_v1,2014,66,female,540,reported,
1.0,annual_population_estimates_by_age_sex_csv,1b7b14fa75cab035860dd865eedd72527a92dac1a9ca0fcf76bbb5a2b731e368,,2011/2024,derived,derived_from_2014_age_66_Male_and_Female,annual_estimates_sex_sum_v1,2014,66,all,1060,reported,
1.0,annual_population_estimates_by_age_sex_csv,1b7b14fa75cab035860dd865eedd72527a92dac1a9ca0fcf76bbb5a2b731e368,,2011/2024,observed,csv_row_2014_age_67_col_Male,annual_estimates_observed_v1,2014,67,male,560,reported,
1.0,annual_population_estimates_by_age_sex_csv,1b7b14fa75cab035860dd865eedd72527a92dac1a9ca0fcf76bbb5a2b731e368,,2011/2024,observed,csv_row_2014_age_67_col_Female,annual_estimates_observed_v1,2014,67,female,560,reported,
1.0,annual_population_estimates_by_age_sex_csv,1b7b14fa75cab035860dd865eedd72527a92dac1a9ca0fcf76bbb5a2b731e368,,2011/2024,derived,derived_from_2014_age_67_Male_and_Female,annual_estimates_sex_sum_v1,2014,67,all,1120,reported,
1.0,annual_population_estimates_by_age_sex_csv,1b7b14fa75cab035860dd865eedd72527a92dac1a9ca0fcf76bbb5a2b731e368,,2011/2024,observed,csv_row_2014_age_68_col_Male,annual_estimates_observed_v1,2014,68,male,490,reported,
1.0,annual_population_estimates_by_age_sex_csv,1b7b14fa75cab035860dd865eedd72527a92dac1a9ca0fcf76bbb5a2b731e368,,2011/2024,observed,csv_row_2014_age_68_col_Female,annual_estimates_observed_v1,2014,68,female,550,reported,
1.0,annual_population_estimates_by_age_sex_csv,1b7b14fa75cab035860dd865eedd72527a92dac1a9ca0fcf76bbb5a2b731e368,,2011/2024,derived,derived_from_2014_age_68_Male_and_Female,annual_estimates_sex_sum_v1,2014,68,all,1040,reported,
1.0,annual_population_estimates_by_age_sex_csv,1b7b14fa75cab035860dd865eedd72527a92dac1a9ca0fcf76bbb5a2b731e368,,2011/2024,observed,csv_row_2014_age_69_col_Male,annual_estimates_observed_v1,2014,69,male,390,reported,
1.0,annual_population_estimates_by_age_sex_csv,1b7b14fa75cab035860dd865eedd72527a92dac1a9ca0fcf76bbb5a2b731e368,,2011/2024,observed,csv_row_2014_age_69_col_Female,annual_estimates_observed_v1,2014,69,female,430,reported,
1.0,annual_population_estimates_by_age_sex_csv,1b7b14fa75cab035860dd865eedd72527a92dac1a9ca0fcf76bbb5a2b731e368,,2011/2024,derived,derived_from_2014_age_69_Male_and_Female,annual_estimates_sex_sum_v1,2014,69,all,820,reported,
1.0,annual_population_estimates_by_age_sex_csv,1b7b14fa75cab035860dd865eedd72527a92dac1a9ca0fcf76bbb5a2b731e368,,2011/2024,observed,csv_row_2014_age_70_col_Male,annual_estimates_observed_v1,2014,70,male,420,reported,
1.0,annual_population_estimates_by_age_sex_csv,1b7b14fa75cab035860dd865eedd72527a92dac1a9ca0fcf76bbb5a2b731e368,,2011/2024,observed,csv_row_2014_age_70_col_Female,annual_estimates_observed_v1,2014,70,female,470,reported,
1.0,annual_population_estimates_by_age_sex_csv,1b7b14fa75cab035860dd865eedd72527a92dac1a9ca0fcf76bbb5a2b731e368,,2011/2024,derived,derived_from_2014_age_70_Male_and_Female,annual_estimates_sex_sum_v1,2014,70,all,890,reported,
1.0,annual_population_estimates_by_age_sex_csv,1b7b14fa75cab035860dd865eedd72527a92dac1a9ca0fcf76bbb5a2b731e368,,2011/2024,observed,csv_row_2014_age_71_col_Male,annual_estimates_observed_v1,2014,71,male,370,reported,
1.0,annual_population_estimates_by_age_sex_csv,1b7b14fa75cab035860dd865eedd72527a92dac1a9ca0fcf76bbb5a2b731e368,,2011/2024,observed,csv_row_2014_age_71_col_Female,annual_estimates_observed_v1,2014,71,female,410,reported,
1.0,annual_population_estimates_by_age_sex_csv,1b7b14fa75cab035860dd865eedd72527a92dac1a9ca0fcf76bbb5a2b731e368,,2011/2024,derived,derived_from_2014_age_71_Male_and_Female,annual_estimates_sex_sum_v1,2014,71,all,780,reported,
1.0,annual_population_estimates_by_age_sex_csv,1b7b14fa75cab035860dd865eedd72527a92dac1a9ca0fcf76bbb5a2b731e368,,2011/2024,observed,csv_row_2014_age_72_col_Male,annual_estimates_observed_v1,2014,72,male,310,reported,
1.0,annual_population_estimates_by_age_sex_csv,1b7b14fa75cab035860dd865eedd72527a92dac1a9ca0fcf76bbb5a2b731e368,,2011/2024,observed,csv_row_2014_age_72_col_Female,annual_estimates_observed_v1,2014,72,female,350,reported,
1.0,annual_population_estimates_by_age_sex_csv,1b7b14fa75cab035860dd865eedd72527a92dac1a9ca0fcf76bbb5a2b731e368,,2011/2024,derived,derived_from_2014_age_72_Male_and_Female,annual_estimates_sex_sum_v1,2014,72,all,660,reported,
1.0,annual_population_estimates_by_age_sex_csv,1b7b14fa75cab035860dd865eedd72527a92dac1a9ca0fcf76bbb5a2b731e368,,2011/2024,observed,csv_row_2014_age_73_col_Male,annual_estimates_observed_v1,2014,73,male,290,reported,
1.0,annual_population_estimates_by_age_sex_csv,1b7b14fa75cab035860dd865eedd72527a92dac1a9ca0fcf76bbb5a2b731e368,,2011/2024,observed,csv_row_2014_age_73_col_Female,annual_estimates_observed_v1,2014,73,female,360,reported,
1.0,annual_population_estimates_by_age_sex_csv,1b7b14fa75cab035860dd865eedd72527a92dac1a9ca0fcf76bbb5a2b731e368,,2011/2024,derived,derived_from_2014_age_73_Male_and_Female,annual_estimates_sex_sum_v1,2014,73,all,650,reported,
1.0,annual_population_estimates_by_age_sex_csv,1b7b14fa75cab035860dd865eedd72527a92dac1a9ca0fcf76bbb5a2b731e368,,2011/2024,observed,csv_row_2014_age_74_col_Male,annual_estimates_observed_v1,2014,74,male,350,reported,
1.0,annual_population_estimates_by_age_sex_csv,1b7b14fa75cab035860dd865eedd72527a92dac1a9ca0fcf76bbb5a2b731e368,,2011/2024,observed,csv_row_2014_age_74_col_Female,annual_estimates_observed_v1,2014,74,female,390,reported,
1.0,annual_population_estimates_by_age_sex_csv,1b7b14fa75cab035860dd865eedd72527a92dac1a9ca0fcf76bbb5a2b731e368,,2011/2024,derived,derived_from_2014_age_74_Male_and_Female,annual_estimates_sex_sum_v1,2014,74,all,740,reported,
1.0,annual_population_estimates_by_age_sex_csv,1b7b14fa75cab035860dd865eedd72527a92dac1a9ca0fcf76bbb5a2b731e368,,2011/2024,observed,csv_row_2014_age_75_col_Male,annual_estimates_observed_v1,2014,75,male,360,reported,
1.0,annual_population_estimates_by_age_sex_csv,1b7b14fa75cab035860dd865eedd72527a92dac1a9ca0fcf76bbb5a2b731e368,,2011/2024,observed,csv_row_2014_age_75_col_Female,annual_estimates_observed_v1,2014,75,female,360,reported,
1.0,annual_population_estimates_by_age_sex_csv,1b7b14fa75cab035860dd865eedd72527a92dac1a9ca0fcf76bbb5a2b731e368,,2011/2024,derived,derived_from_2014_age_75_Male_and_Female,annual_estimates_sex_sum_v1,2014,75,all,720,reported,
1.0,annual_population_estimates_by_age_sex_csv,1b7b14fa75cab035860dd865eedd72527a92dac1a9ca0fcf76bbb5a2b731e368,,2011/2024,observed,csv_row_2014_age_76_col_Male,annual_estimates_observed_v1,2014,76,male,320,reported,
1.0,annual_population_estimates_by_age_sex_csv,1b7b14fa75cab035860dd865eedd72527a92dac1a9ca0fcf76bbb5a2b731e368,,2011/2024,observed,csv_row_2014_age_76_col_Female,annual_estimates_observed_v1,2014,76,female,360,reported,
1.0,annual_population_estimates_by_age_sex_csv,1b7b14fa75cab035860dd865eedd72527a92dac1a9ca0fcf76bbb5a2b731e368,,2011/2024,derived,derived_from_2014_age_76_Male_and_Female,annual_estimates_sex_sum_v1,2014,76,all,680,reported,
1.0,annual_population_estimates_by_age_sex_csv,1b7b14fa75cab035860dd865eedd72527a92dac1a9ca0fcf76bbb5a2b731e368,,2011/2024,observed,csv_row_2014_age_77_col_Male,annual_estimates_observed_v1,2014,77,male,300,reported,
1.0,annual_population_estimates_by_age_sex_csv,1b7b14fa75cab035860dd865eedd72527a92dac1a9ca0fcf76bbb5a2b731e368,,2011/2024,observed,csv_row_2014_age_77_col_Female,annual_estimates_observed_v1,2014,77,female,350,reported,
1.0,annual_population_estimates_by_age_sex_csv,1b7b14fa75cab035860dd865eedd72527a92dac1a9ca0fcf76bbb5a2b731e368,,2011/2024,derived,derived_from_2014_age_77_Male_and_Female,annual_estimates_sex_sum_v1,2014,77,all,650,reported,
1.0,annual_population_estimates_by_age_sex_csv,1b7b14fa75cab035860dd865eedd72527a92dac1a9ca0fcf76bbb5a2b731e368,,2011/2024,observed,csv_row_2014_age_78_col_Male,annual_estimates_observed_v1,2014,78,male,280,reported,
1.0,annual_population_estimates_by_age_sex_csv,1b7b14fa75cab035860dd865eedd72527a92dac1a9ca0fcf76bbb5a2b731e368,,2011/2024,observed,csv_row_2014_age_78_col_Female,annual_estimates_observed_v1,2014,78,female,330,reported,
1.0,annual_population_estimates_by_age_sex_csv,1b7b14fa75cab035860dd865eedd72527a92dac1a9ca0fcf76bbb5a2b731e368,,2011/2024,derived,derived_from_2014_age_78_Male_and_Female,annual_estimates_sex_sum_v1,2014,78,all,610,reported,
1.0,annual_population_estimates_by_age_sex_csv,1b7b14fa75cab035860dd865eedd72527a92dac1a9ca0fcf76bbb5a2b731e368,,2011/2024,observed,csv_row_2014_age_79_col_Male,annual_estimates_observed_v1,2014,79,male,270,reported,
1.0,annual_population_estimates_by_age_sex_csv,1b7b14fa75cab035860dd865eedd72527a92dac1a9ca0fcf76bbb5a2b731e368,,2011/2024,observed,csv_row_2014_age_79_col_Female,annual_estimates_observed_v1,2014,79,female,300,reported,
1.0,annual_population_estimates_by_age_sex_csv,1b7b14fa75cab035860dd865eedd72527a92dac1a9ca0fcf76bbb5a2b731e368,,2011/2024,derived,derived_from_2014_age_79_Male_and_Female,annual_estimates_sex_sum_v1,2014,79,all,570,reported,
1.0,annual_population_estimates_by_age_sex_csv,1b7b14fa75cab035860dd865eedd72527a92dac1a9ca0fcf76bbb5a2b731e368,,2011/2024,observed,csv_row_2014_age_80_col_Male,annual_estimates_observed_v1,2014,80,male,250,reported,
1.0,annual_population_estimates_by_age_sex_csv,1b7b14fa75cab035860dd865eedd72527a92dac1a9ca0fcf76bbb5a2b731e368,,2011/2024,observed,csv_row_2014_age_80_col_Female,annual_estimates_observed_v1,2014,80,female,300,reported,
1.0,annual_population_estimates_by_age_sex_csv,1b7b14fa75cab035860dd865eedd72527a92dac1a9ca0fcf76bbb5a2b731e368,,2011/2024,derived,derived_from_2014_age_80_Male_and_Female,annual_estimates_sex_sum_v1,2014,80,all,550,reported,
1.0,annual_population_estimates_by_age_sex_csv,1b7b14fa75cab035860dd865eedd72527a92dac1a9ca0fcf76bbb5a2b731e368,,2011/2024,observed,csv_row_2014_age_81_col_Male,annual_estimates_observed_v1,2014,81,male,230,reported,
1.0,annual_population_estimates_by_age_sex_csv,1b7b14fa75cab035860dd865eedd72527a92dac1a9ca0fcf76bbb5a2b731e368,,2011/2024,observed,csv_row_2014_age_81_col_Female,annual_estimates_observed_v1,2014,81,female,290,reported,
1.0,annual_population_estimates_by_age_sex_csv,1b7b14fa75cab035860dd865eedd72527a92dac1a9ca0fcf76bbb5a2b731e368,,2011/2024,derived,derived_from_2014_age_81_Male_and_Female,annual_estimates_sex_sum_v1,2014,81,all,520,reported,
1.0,annual_population_estimates_by_age_sex_csv,1b7b14fa75cab035860dd865eedd72527a92dac1a9ca0fcf76bbb5a2b731e368,,2011/2024,observed,csv_row_2014_age_82_col_Male,annual_estimates_observed_v1,2014,82,male,170,reported,
1.0,annual_population_estimates_by_age_sex_csv,1b7b14fa75cab035860dd865eedd72527a92dac1a9ca0fcf76bbb5a2b731e368,,2011/2024,observed,csv_row_2014_age_82_col_Female,annual_estimates_observed_v1,2014,82,female,260,reported,
1.0,annual_population_estimates_by_age_sex_csv,1b7b14fa75cab035860dd865eedd72527a92dac1a9ca0fcf76bbb5a2b731e368,,2011/2024,derived,derived_from_2014_age_82_Male_and_Female,annual_estimates_sex_sum_v1,2014,82,all,430,reported,
1.0,annual_population_estimates_by_age_sex_csv,1b7b14fa75cab035860dd865eedd72527a92dac1a9ca0fcf76bbb5a2b731e368,,2011/2024,observed,csv_row_2014_age_83_col_Male,annual_estimates_observed_v1,2014,83,male,180,reported,
1.0,annual_population_estimates_by_age_sex_csv,1b7b14fa75cab035860dd865eedd72527a92dac1a9ca0fcf76bbb5a2b731e368,,2011/2024,observed,csv_row_2014_age_83_col_Female,annual_estimates_observed_v1,2014,83,female,240,reported,
1.0,annual_population_estimates_by_age_sex_csv,1b7b14fa75cab035860dd865eedd72527a92dac1a9ca0fcf76bbb5a2b731e368,,2011/2024,derived,derived_from_2014_age_83_Male_and_Female,annual_estimates_sex_sum_v1,2014,83,all,420,reported,
1.0,annual_population_estimates_by_age_sex_csv,1b7b14fa75cab035860dd865eedd72527a92dac1a9ca0fcf76bbb5a2b731e368,,2011/2024,observed,csv_row_2014_age_84_col_Male,annual_estimates_observed_v1,2014,84,male,150,reported,
1.0,annual_population_estimates_by_age_sex_csv,1b7b14fa75cab035860dd865eedd72527a92dac1a9ca0fcf76bbb5a2b731e368,,2011/2024,observed,csv_row_2014_age_84_col_Female,annual_estimates_observed_v1,2014,84,female,230,reported,
1.0,annual_population_estimates_by_age_sex_csv,1b7b14fa75cab035860dd865eedd72527a92dac1a9ca0fcf76bbb5a2b731e368,,2011/2024,derived,derived_from_2014_age_84_Male_and_Female,annual_estimates_sex_sum_v1,2014,84,all,380,reported,
1.0,annual_population_estimates_by_age_sex_csv,1b7b14fa75cab035860dd865eedd72527a92dac1a9ca0fcf76bbb5a2b731e368,,2011/2024,observed,csv_row_2014_age_85_col_Male,annual_estimates_observed_v1,2014,85,male,130,reported,
1.0,annual_population_estimates_by_age_sex_csv,1b7b14fa75cab035860dd865eedd72527a92dac1a9ca0fcf76bbb5a2b731e368,,2011/2024,observed,csv_row_2014_age_85_col_Female,annual_estimates_observed_v1,2014,85,female,200,reported,
1.0,annual_population_estimates_by_age_sex_csv,1b7b14fa75cab035860dd865eedd72527a92dac1a9ca0fcf76bbb5a2b731e368,,2011/2024,derived,derived_from_2014_age_85_Male_and_Female,annual_estimates_sex_sum_v1,2014,85,all,330,reported,
1.0,annual_population_estimates_by_age_sex_csv,1b7b14fa75cab035860dd865eedd72527a92dac1a9ca0fcf76bbb5a2b731e368,,2011/2024,observed,csv_row_2014_age_86_col_Male,annual_estimates_observed_v1,2014,86,male,100,reported,
1.0,annual_population_estimates_by_age_sex_csv,1b7b14fa75cab035860dd865eedd72527a92dac1a9ca0fcf76bbb5a2b731e368,,2011/2024,observed,csv_row_2014_age_86_col_Female,annual_estimates_observed_v1,2014,86,female,210,reported,
1.0,annual_population_estimates_by_age_sex_csv,1b7b14fa75cab035860dd865eedd72527a92dac1a9ca0fcf76bbb5a2b731e368,,2011/2024,derived,derived_from_2014_age_86_Male_and_Female,annual_estimates_sex_sum_v1,2014,86,all,310,reported,
1.0,annual_population_estimates_by_age_sex_csv,1b7b14fa75cab035860dd865eedd72527a92dac1a9ca0fcf76bbb5a2b731e368,,2011/2024,observed,csv_row_2014_age_87_col_Male,annual_estimates_observed_v1,2014,87,male,100,reported,
1.0,annual_population_estimates_by_age_sex_csv,1b7b14fa75cab035860dd865eedd72527a92dac1a9ca0fcf76bbb5a2b731e368,,2011/2024,observed,csv_row_2014_age_87_col_Female,annual_estimates_observed_v1,2014,87,female,140,reported,
1.0,annual_population_estimates_by_age_sex_csv,1b7b14fa75cab035860dd865eedd72527a92dac1a9ca0fcf76bbb5a2b731e368,,2011/2024,derived,derived_from_2014_age_87_Male_and_Female,annual_estimates_sex_sum_v1,2014,87,all,240,reported,
1.0,annual_population_estimates_by_age_sex_csv,1b7b14fa75cab035860dd865eedd72527a92dac1a9ca0fcf76bbb5a2b731e368,,2011/2024,observed,csv_row_2014_age_88_col_Male,annual_estimates_observed_v1,2014,88,male,90,reported,
1.0,annual_population_estimates_by_age_sex_csv,1b7b14fa75cab035860dd865eedd72527a92dac1a9ca0fcf76bbb5a2b731e368,,2011/2024,observed,csv_row_2014_age_88_col_Female,annual_estimates_observed_v1,2014,88,female,160,reported,
1.0,annual_population_estimates_by_age_sex_csv,1b7b14fa75cab035860dd865eedd72527a92dac1a9ca0fcf76bbb5a2b731e368,,2011/2024,derived,derived_from_2014_age_88_Male_and_Female,annual_estimates_sex_sum_v1,2014,88,all,250,reported,
1.0,annual_population_estimates_by_age_sex_csv,1b7b14fa75cab035860dd865eedd72527a92dac1a9ca0fcf76bbb5a2b731e368,,2011/2024,observed,csv_row_2014_age_89_col_Male,annual_estimates_observed_v1,2014,89,male,80,reported,
1.0,annual_population_estimates_by_age_sex_csv,1b7b14fa75cab035860dd865eedd72527a92dac1a9ca0fcf76bbb5a2b731e368,,2011/2024,observed,csv_row_2014_age_89_col_Female,annual_estimates_observed_v1,2014,89,female,130,reported,
1.0,annual_population_estimates_by_age_sex_csv,1b7b14fa75cab035860dd865eedd72527a92dac1a9ca0fcf76bbb5a2b731e368,,2011/2024,derived,derived_from_2014_age_89_Male_and_Female,annual_estimates_sex_sum_v1,2014,89,all,210,reported,
1.0,annual_population_estimates_by_age_sex_csv,1b7b14fa75cab035860dd865eedd72527a92dac1a9ca0fcf76bbb5a2b731e368,,2011/2024,observed,csv_row_2014_age_90_col_Male,annual_estimates_observed_v1,2014,90,male,60,reported,
1.0,annual_population_estimates_by_age_sex_csv,1b7b14fa75cab035860dd865eedd72527a92dac1a9ca0fcf76bbb5a2b731e368,,2011/2024,observed,csv_row_2014_age_90_col_Female,annual_estimates_observed_v1,2014,90,female,110,reported,
1.0,annual_population_estimates_by_age_sex_csv,1b7b14fa75cab035860dd865eedd72527a92dac1a9ca0fcf76bbb5a2b731e368,,2011/2024,derived,derived_from_2014_age_90_Male_and_Female,annual_estimates_sex_sum_v1,2014,90,all,170,reported,
1.0,annual_population_estimates_by_age_sex_csv,1b7b14fa75cab035860dd865eedd72527a92dac1a9ca0fcf76bbb5a2b731e368,,2011/2024,observed,csv_row_2014_age_91_col_Male,annual_estimates_observed_v1,2014,91,male,50,reported,
1.0,annual_population_estimates_by_age_sex_csv,1b7b14fa75cab035860dd865eedd72527a92dac1a9ca0fcf76bbb5a2b731e368,,2011/2024,observed,csv_row_2014_age_91_col_Female,annual_estimates_observed_v1,2014,91,female,100,reported,
1.0,annual_population_estimates_by_age_sex_csv,1b7b14fa75cab035860dd865eedd72527a92dac1a9ca0fcf76bbb5a2b731e368,,2011/2024,derived,derived_from_2014_age_91_Male_and_Female,annual_estimates_sex_sum_v1,2014,91,all,150,reported,
1.0,annual_population_estimates_by_age_sex_csv,1b7b14fa75cab035860dd865eedd72527a92dac1a9ca0fcf76bbb5a2b731e368,,2011/2024,observed,csv_row_2014_age_92_col_Male,annual_estimates_observed_v1,2014,92,male,50,reported,
1.0,annual_population_estimates_by_age_sex_csv,1b7b14fa75cab035860dd865eedd72527a92dac1a9ca0fcf76bbb5a2b731e368,,2011/2024,observed,csv_row_2014_age_92_col_Female,annual_estimates_observed_v1,2014,92,female,80,reported,
1.0,annual_population_estimates_by_age_sex_csv,1b7b14fa75cab035860dd865eedd72527a92dac1a9ca0fcf76bbb5a2b731e368,,2011/2024,derived,derived_from_2014_age_92_Male_and_Female,annual_estimates_sex_sum_v1,2014,92,all,130,reported,
1.0,annual_population_estimates_by_age_sex_csv,1b7b14fa75cab035860dd865eedd72527a92dac1a9ca0fcf76bbb5a2b731e368,,2011/2024,observed,csv_row_2014_age_93_col_Male,annual_estimates_observed_v1,2014,93,male,20,reported,
1.0,annual_population_estimates_by_age_sex_csv,1b7b14fa75cab035860dd865eedd72527a92dac1a9ca0fcf76bbb5a2b731e368,,2011/2024,observed,csv_row_2014_age_93_col_Female,annual_estimates_observed_v1,2014,93,female,70,reported,
1.0,annual_population_estimates_by_age_sex_csv,1b7b14fa75cab035860dd865eedd72527a92dac1a9ca0fcf76bbb5a2b731e368,,2011/2024,derived,derived_from_2014_age_93_Male_and_Female,annual_estimates_sex_sum_v1,2014,93,all,90,reported,
1.0,annual_population_estimates_by_age_sex_csv,1b7b14fa75cab035860dd865eedd72527a92dac1a9ca0fcf76bbb5a2b731e368,,2011/2024,observed,csv_row_2014_age_94_col_Male,annual_estimates_observed_v1,2014,94,male,20,reported,
1.0,annual_population_estimates_by_age_sex_csv,1b7b14fa75cab035860dd865eedd72527a92dac1a9ca0fcf76bbb5a2b731e368,,2011/2024,observed,csv_row_2014_age_94_col_Female,annual_estimates_observed_v1,2014,94,female,70,reported,
1.0,annual_population_estimates_by_age_sex_csv,1b7b14fa75cab035860dd865eedd72527a92dac1a9ca0fcf76bbb5a2b731e368,,2011/2024,derived,derived_from_2014_age_94_Male_and_Female,annual_estimates_sex_sum_v1,2014,94,all,90,reported,
1.0,annual_population_estimates_by_age_sex_csv,1b7b14fa75cab035860dd865eedd72527a92dac1a9ca0fcf76bbb5a2b731e368,,2011/2024,observed,csv_row_2014_age_95_col_Male,annual_estimates_observed_v1,2014,95,male,10,reported,
1.0,annual_population_estimates_by_age_sex_csv,1b7b14fa75cab035860dd865eedd72527a92dac1a9ca0fcf76bbb5a2b731e368,,2011/2024,observed,csv_row_2014_age_95_col_Female,annual_estimates_observed_v1,2014,95,female,30,reported,
1.0,annual_population_estimates_by_age_sex_csv,1b7b14fa75cab035860dd865eedd72527a92dac1a9ca0fcf76bbb5a2b731e368,,2011/2024,derived,derived_from_2014_age_95_Male_and_Female,annual_estimates_sex_sum_v1,2014,95,all,40,reported,
1.0,annual_population_estimates_by_age_sex_csv,1b7b14fa75cab035860dd865eedd72527a92dac1a9ca0fcf76bbb5a2b731e368,,2011/2024,observed,csv_row_2014_age_96_col_Male,annual_estimates_observed_v1,2014,96,male,10,reported,
1.0,annual_population_estimates_by_age_sex_csv,1b7b14fa75cab035860dd865eedd72527a92dac1a9ca0fcf76bbb5a2b731e368,,2011/2024,observed,csv_row_2014_age_96_col_Female,annual_estimates_observed_v1,2014,96,female,30,reported,
1.0,annual_population_estimates_by_age_sex_csv,1b7b14fa75cab035860dd865eedd72527a92dac1a9ca0fcf76bbb5a2b731e368,,2011/2024,derived,derived_from_2014_age_96_Male_and_Female,annual_estimates_sex_sum_v1,2014,96,all,40,reported,
1.0,annual_population_estimates_by_age_sex_csv,1b7b14fa75cab035860dd865eedd72527a92dac1a9ca0fcf76bbb5a2b731e368,,2011/2024,observed,csv_row_2014_age_97_col_Male,annual_estimates_observed_v1,2014,97,male,0,reported,
1.0,annual_population_estimates_by_age_sex_csv,1b7b14fa75cab035860dd865eedd72527a92dac1a9ca0fcf76bbb5a2b731e368,,2011/2024,observed,csv_row_2014_age_97_col_Female,annual_estimates_observed_v1,2014,97,female,30,reported,
1.0,annual_population_estimates_by_age_sex_csv,1b7b14fa75cab035860dd865eedd72527a92dac1a9ca0fcf76bbb5a2b731e368,,2011/2024,derived,derived_from_2014_age_97_Male_and_Female,annual_estimates_sex_sum_v1,2014,97,all,30,reported,
1.0,annual_population_estimates_by_age_sex_csv,1b7b14fa75cab035860dd865eedd72527a92dac1a9ca0fcf76bbb5a2b731e368,,2011/2024,observed,csv_row_2014_age_98_col_Male,annual_estimates_observed_v1,2014,98,male,10,reported,
1.0,annual_population_estimates_by_age_sex_csv,1b7b14fa75cab035860dd865eedd72527a92dac1a9ca0fcf76bbb5a2b731e368,,2011/2024,observed,csv_row_2014_age_98_col_Female,annual_estimates_observed_v1,2014,98,female,10,reported,
1.0,annual_population_estimates_by_age_sex_csv,1b7b14fa75cab035860dd865eedd72527a92dac1a9ca0fcf76bbb5a2b731e368,,2011/2024,derived,derived_from_2014_age_98_Male_and_Female,annual_estimates_sex_sum_v1,2014,98,all,20,reported,
1.0,annual_population_estimates_by_age_sex_csv,1b7b14fa75cab035860dd865eedd72527a92dac1a9ca0fcf76bbb5a2b731e368,,2011/2024,observed,csv_row_2014_age_99_col_Male,annual_estimates_observed_v1,2014,99,male,0,reported,
1.0,annual_population_estimates_by_age_sex_csv,1b7b14fa75cab035860dd865eedd72527a92dac1a9ca0fcf76bbb5a2b731e368,,2011/2024,observed,csv_row_2014_age_99_col_Female,annual_estimates_observed_v1,2014,99,female,10,reported,
1.0,annual_population_estimates_by_age_sex_csv,1b7b14fa75cab035860dd865eedd72527a92dac1a9ca0fcf76bbb5a2b731e368,,2011/2024,derived,derived_from_2014_age_99_Male_and_Female,annual_estimates_sex_sum_v1,2014,99,all,10,reported,
1.0,annual_population_estimates_by_age_sex_csv,1b7b14fa75cab035860dd865eedd72527a92dac1a9ca0fcf76bbb5a2b731e368,,2011/2024,observed,csv_row_2014_age_100_col_Male,annual_estimates_observed_v1,2014,100,male,0,reported,
1.0,annual_population_estimates_by_age_sex_csv,1b7b14fa75cab035860dd865eedd72527a92dac1a9ca0fcf76bbb5a2b731e368,,2011/2024,observed,csv_row_2014_age_100_col_Female,annual_estimates_observed_v1,2014,100,female,10,reported,
1.0,annual_population_estimates_by_age_sex_csv,1b7b14fa75cab035860dd865eedd72527a92dac1a9ca0fcf76bbb5a2b731e368,,2011/2024,derived,derived_from_2014_age_100_Male_and_Female,annual_estimates_sex_sum_v1,2014,100,all,10,reported,
1.0,annual_population_estimates_by_age_sex_csv,1b7b14fa75cab035860dd865eedd72527a92dac1a9ca0fcf76bbb5a2b731e368,,2011/2024,observed,csv_row_2015_age_0_col_Male,annual_estimates_observed_v1,2015,0,male,520,reported,
1.0,annual_population_estimates_by_age_sex_csv,1b7b14fa75cab035860dd865eedd72527a92dac1a9ca0fcf76bbb5a2b731e368,,2011/2024,observed,csv_row_2015_age_0_col_Female,annual_estimates_observed_v1,2015,0,female,500,reported,
1.0,annual_population_estimates_by_age_sex_csv,1b7b14fa75cab035860dd865eedd72527a92dac1a9ca0fcf76bbb5a2b731e368,,2011/2024,derived,derived_from_2015_age_0_Male_and_Female,annual_estimates_sex_sum_v1,2015,0,all,1020,reported,
1.0,annual_population_estimates_by_age_sex_csv,1b7b14fa75cab035860dd865eedd72527a92dac1a9ca0fcf76bbb5a2b731e368,,2011/2024,observed,csv_row_2015_age_1_col_Male,annual_estimates_observed_v1,2015,1,male,480,reported,
1.0,annual_population_estimates_by_age_sex_csv,1b7b14fa75cab035860dd865eedd72527a92dac1a9ca0fcf76bbb5a2b731e368,,2011/2024,observed,csv_row_2015_age_1_col_Female,annual_estimates_observed_v1,2015,1,female,470,reported,
1.0,annual_population_estimates_by_age_sex_csv,1b7b14fa75cab035860dd865eedd72527a92dac1a9ca0fcf76bbb5a2b731e368,,2011/2024,derived,derived_from_2015_age_1_Male_and_Female,annual_estimates_sex_sum_v1,2015,1,all,950,reported,
1.0,annual_population_estimates_by_age_sex_csv,1b7b14fa75cab035860dd865eedd72527a92dac1a9ca0fcf76bbb5a2b731e368,,2011/2024,observed,csv_row_2015_age_2_col_Male,annual_estimates_observed_v1,2015,2,male,530,reported,
1.0,annual_population_estimates_by_age_sex_csv,1b7b14fa75cab035860dd865eedd72527a92dac1a9ca0fcf76bbb5a2b731e368,,2011/2024,observed,csv_row_2015_age_2_col_Female,annual_estimates_observed_v1,2015,2,female,490,reported,
1.0,annual_population_estimates_by_age_sex_csv,1b7b14fa75cab035860dd865eedd72527a92dac1a9ca0fcf76bbb5a2b731e368,,2011/2024,derived,derived_from_2015_age_2_Male_and_Female,annual_estimates_sex_sum_v1,2015,2,all,1020,reported,
1.0,annual_population_estimates_by_age_sex_csv,1b7b14fa75cab035860dd865eedd72527a92dac1a9ca0fcf76bbb5a2b731e368,,2011/2024,observed,csv_row_2015_age_3_col_Male,annual_estimates_observed_v1,2015,3,male,570,reported,
1.0,annual_population_estimates_by_age_sex_csv,1b7b14fa75cab035860dd865eedd72527a92dac1a9ca0fcf76bbb5a2b731e368,,2011/2024,observed,csv_row_2015_age_3_col_Female,annual_estimates_observed_v1,2015,3,female,560,reported,
1.0,annual_population_estimates_by_age_sex_csv,1b7b14fa75cab035860dd865eedd72527a92dac1a9ca0fcf76bbb5a2b731e368,,2011/2024,derived,derived_from_2015_age_3_Male_and_Female,annual_estimates_sex_sum_v1,2015,3,all,1130,reported,
1.0,annual_population_estimates_by_age_sex_csv,1b7b14fa75cab035860dd865eedd72527a92dac1a9ca0fcf76bbb5a2b731e368,,2011/2024,observed,csv_row_2015_age_4_col_Male,annual_estimates_observed_v1,2015,4,male,540,reported,
1.0,annual_population_estimates_by_age_sex_csv,1b7b14fa75cab035860dd865eedd72527a92dac1a9ca0fcf76bbb5a2b731e368,,2011/2024,observed,csv_row_2015_age_4_col_Female,annual_estimates_observed_v1,2015,4,female,530,reported,
1.0,annual_population_estimates_by_age_sex_csv,1b7b14fa75cab035860dd865eedd72527a92dac1a9ca0fcf76bbb5a2b731e368,,2011/2024,derived,derived_from_2015_age_4_Male_and_Female,annual_estimates_sex_sum_v1,2015,4,all,1070,reported,
1.0,annual_population_estimates_by_age_sex_csv,1b7b14fa75cab035860dd865eedd72527a92dac1a9ca0fcf76bbb5a2b731e368,,2011/2024,observed,csv_row_2015_age_5_col_Male,annual_estimates_observed_v1,2015,5,male,530,reported,
1.0,annual_population_estimates_by_age_sex_csv,1b7b14fa75cab035860dd865eedd72527a92dac1a9ca0fcf76bbb5a2b731e368,,2011/2024,observed,csv_row_2015_age_5_col_Female,annual_estimates_observed_v1,2015,5,female,550,reported,
1.0,annual_population_estimates_by_age_sex_csv,1b7b14fa75cab035860dd865eedd72527a92dac1a9ca0fcf76bbb5a2b731e368,,2011/2024,derived,derived_from_2015_age_5_Male_and_Female,annual_estimates_sex_sum_v1,2015,5,all,1080,reported,
1.0,annual_population_estimates_by_age_sex_csv,1b7b14fa75cab035860dd865eedd72527a92dac1a9ca0fcf76bbb5a2b731e368,,2011/2024,observed,csv_row_2015_age_6_col_Male,annual_estimates_observed_v1,2015,6,male,510,reported,
1.0,annual_population_estimates_by_age_sex_csv,1b7b14fa75cab035860dd865eedd72527a92dac1a9ca0fcf76bbb5a2b731e368,,2011/2024,observed,csv_row_2015_age_6_col_Female,annual_estimates_observed_v1,2015,6,female,500,reported,
1.0,annual_population_estimates_by_age_sex_csv,1b7b14fa75cab035860dd865eedd72527a92dac1a9ca0fcf76bbb5a2b731e368,,2011/2024,derived,derived_from_2015_age_6_Male_and_Female,annual_estimates_sex_sum_v1,2015,6,all,1010,reported,
1.0,annual_population_estimates_by_age_sex_csv,1b7b14fa75cab035860dd865eedd72527a92dac1a9ca0fcf76bbb5a2b731e368,,2011/2024,observed,csv_row_2015_age_7_col_Male,annual_estimates_observed_v1,2015,7,male,500,reported,
1.0,annual_population_estimates_by_age_sex_csv,1b7b14fa75cab035860dd865eedd72527a92dac1a9ca0fcf76bbb5a2b731e368,,2011/2024,observed,csv_row_2015_age_7_col_Female,annual_estimates_observed_v1,2015,7,female,550,reported,
1.0,annual_population_estimates_by_age_sex_csv,1b7b14fa75cab035860dd865eedd72527a92dac1a9ca0fcf76bbb5a2b731e368,,2011/2024,derived,derived_from_2015_age_7_Male_and_Female,annual_estimates_sex_sum_v1,2015,7,all,1050,reported,
1.0,annual_population_estimates_by_age_sex_csv,1b7b14fa75cab035860dd865eedd72527a92dac1a9ca0fcf76bbb5a2b731e368,,2011/2024,observed,csv_row_2015_age_8_col_Male,annual_estimates_observed_v1,2015,8,male,520,reported,
1.0,annual_population_estimates_by_age_sex_csv,1b7b14fa75cab035860dd865eedd72527a92dac1a9ca0fcf76bbb5a2b731e368,,2011/2024,observed,csv_row_2015_age_8_col_Female,annual_estimates_observed_v1,2015,8,female,520,reported,
1.0,annual_population_estimates_by_age_sex_csv,1b7b14fa75cab035860dd865eedd72527a92dac1a9ca0fcf76bbb5a2b731e368,,2011/2024,derived,derived_from_2015_age_8_Male_and_Female,annual_estimates_sex_sum_v1,2015,8,all,1040,reported,
1.0,annual_population_estimates_by_age_sex_csv,1b7b14fa75cab035860dd865eedd72527a92dac1a9ca0fcf76bbb5a2b731e368,,2011/2024,observed,csv_row_2015_age_9_col_Male,annual_estimates_observed_v1,2015,9,male,490,reported,
1.0,annual_population_estimates_by_age_sex_csv,1b7b14fa75cab035860dd865eedd72527a92dac1a9ca0fcf76bbb5a2b731e368,,2011/2024,observed,csv_row_2015_age_9_col_Female,annual_estimates_observed_v1,2015,9,female,510,reported,
1.0,annual_population_estimates_by_age_sex_csv,1b7b14fa75cab035860dd865eedd72527a92dac1a9ca0fcf76bbb5a2b731e368,,2011/2024,derived,derived_from_2015_age_9_Male_and_Female,annual_estimates_sex_sum_v1,2015,9,all,1000,reported,
1.0,annual_population_estimates_by_age_sex_csv,1b7b14fa75cab035860dd865eedd72527a92dac1a9ca0fcf76bbb5a2b731e368,,2011/2024,observed,csv_row_2015_age_10_col_Male,annual_estimates_observed_v1,2015,10,male,500,reported,
1.0,annual_population_estimates_by_age_sex_csv,1b7b14fa75cab035860dd865eedd72527a92dac1a9ca0fcf76bbb5a2b731e368,,2011/2024,observed,csv_row_2015_age_10_col_Female,annual_estimates_observed_v1,2015,10,female,500,reported,
1.0,annual_population_estimates_by_age_sex_csv,1b7b14fa75cab035860dd865eedd72527a92dac1a9ca0fcf76bbb5a2b731e368,,2011/2024,derived,derived_from_2015_age_10_Male_and_Female,annual_estimates_sex_sum_v1,2015,10,all,1000,reported,
1.0,annual_population_estimates_by_age_sex_csv,1b7b14fa75cab035860dd865eedd72527a92dac1a9ca0fcf76bbb5a2b731e368,,2011/2024,observed,csv_row_2015_age_11_col_Male,annual_estimates_observed_v1,2015,11,male,510,reported,
1.0,annual_population_estimates_by_age_sex_csv,1b7b14fa75cab035860dd865eedd72527a92dac1a9ca0fcf76bbb5a2b731e368,,2011/2024,observed,csv_row_2015_age_11_col_Female,annual_estimates_observed_v1,2015,11,female,500,reported,
1.0,annual_population_estimates_by_age_sex_csv,1b7b14fa75cab035860dd865eedd72527a92dac1a9ca0fcf76bbb5a2b731e368,,2011/2024,derived,derived_from_2015_age_11_Male_and_Female,annual_estimates_sex_sum_v1,2015,11,all,1010,reported,
1.0,annual_population_estimates_by_age_sex_csv,1b7b14fa75cab035860dd865eedd72527a92dac1a9ca0fcf76bbb5a2b731e368,,2011/2024,observed,csv_row_2015_age_12_col_Male,annual_estimates_observed_v1,2015,12,male,530,reported,
1.0,annual_population_estimates_by_age_sex_csv,1b7b14fa75cab035860dd865eedd72527a92dac1a9ca0fcf76bbb5a2b731e368,,2011/2024,observed,csv_row_2015_age_12_col_Female,annual_estimates_observed_v1,2015,12,female,490,reported,
1.0,annual_population_estimates_by_age_sex_csv,1b7b14fa75cab035860dd865eedd72527a92dac1a9ca0fcf76bbb5a2b731e368,,2011/2024,derived,derived_from_2015_age_12_Male_and_Female,annual_estimates_sex_sum_v1,2015,12,all,1020,reported,
1.0,annual_population_estimates_by_age_sex_csv,1b7b14fa75cab035860dd865eedd72527a92dac1a9ca0fcf76bbb5a2b731e368,,2011/2024,observed,csv_row_2015_age_13_col_Male,annual_estimates_observed_v1,2015,13,male,460,reported,
1.0,annual_population_estimates_by_age_sex_csv,1b7b14fa75cab035860dd865eedd72527a92dac1a9ca0fcf76bbb5a2b731e368,,2011/2024,observed,csv_row_2015_age_13_col_Female,annual_estimates_observed_v1,2015,13,female,480,reported,
1.0,annual_population_estimates_by_age_sex_csv,1b7b14fa75cab035860dd865eedd72527a92dac1a9ca0fcf76bbb5a2b731e368,,2011/2024,derived,derived_from_2015_age_13_Male_and_Female,annual_estimates_sex_sum_v1,2015,13,all,940,reported,
1.0,annual_population_estimates_by_age_sex_csv,1b7b14fa75cab035860dd865eedd72527a92dac1a9ca0fcf76bbb5a2b731e368,,2011/2024,observed,csv_row_2015_age_14_col_Male,annual_estimates_observed_v1,2015,14,male,520,reported,
1.0,annual_population_estimates_by_age_sex_csv,1b7b14fa75cab035860dd865eedd72527a92dac1a9ca0fcf76bbb5a2b731e368,,2011/2024,observed,csv_row_2015_age_14_col_Female,annual_estimates_observed_v1,2015,14,female,500,reported,
1.0,annual_population_estimates_by_age_sex_csv,1b7b14fa75cab035860dd865eedd72527a92dac1a9ca0fcf76bbb5a2b731e368,,2011/2024,derived,derived_from_2015_age_14_Male_and_Female,annual_estimates_sex_sum_v1,2015,14,all,1020,reported,
1.0,annual_population_estimates_by_age_sex_csv,1b7b14fa75cab035860dd865eedd72527a92dac1a9ca0fcf76bbb5a2b731e368,,2011/2024,observed,csv_row_2015_age_15_col_Male,annual_estimates_observed_v1,2015,15,male,480,reported,
1.0,annual_population_estimates_by_age_sex_csv,1b7b14fa75cab035860dd865eedd72527a92dac1a9ca0fcf76bbb5a2b731e368,,2011/2024,observed,csv_row_2015_age_15_col_Female,annual_estimates_observed_v1,2015,15,female,480,reported,
1.0,annual_population_estimates_by_age_sex_csv,1b7b14fa75cab035860dd865eedd72527a92dac1a9ca0fcf76bbb5a2b731e368,,2011/2024,derived,derived_from_2015_age_15_Male_and_Female,annual_estimates_sex_sum_v1,2015,15,all,960,reported,
1.0,annual_population_estimates_by_age_sex_csv,1b7b14fa75cab035860dd865eedd72527a92dac1a9ca0fcf76bbb5a2b731e368,,2011/2024,observed,csv_row_2015_age_16_col_Male,annual_estimates_observed_v1,2015,16,male,560,reported,
1.0,annual_population_estimates_by_age_sex_csv,1b7b14fa75cab035860dd865eedd72527a92dac1a9ca0fcf76bbb5a2b731e368,,2011/2024,observed,csv_row_2015_age_16_col_Female,annual_estimates_observed_v1,2015,16,female,510,reported,
1.0,annual_population_estimates_by_age_sex_csv,1b7b14fa75cab035860dd865eedd72527a92dac1a9ca0fcf76bbb5a2b731e368,,2011/2024,derived,derived_from_2015_age_16_Male_and_Female,annual_estimates_sex_sum_v1,2015,16,all,1070,reported,
1.0,annual_population_estimates_by_age_sex_csv,1b7b14fa75cab035860dd865eedd72527a92dac1a9ca0fcf76bbb5a2b731e368,,2011/2024,observed,csv_row_2015_age_17_col_Male,annual_estimates_observed_v1,2015,17,male,560,reported,
1.0,annual_population_estimates_by_age_sex_csv,1b7b14fa75cab035860dd865eedd72527a92dac1a9ca0fcf76bbb5a2b731e368,,2011/2024,observed,csv_row_2015_age_17_col_Female,annual_estimates_observed_v1,2015,17,female,560,reported,
1.0,annual_population_estimates_by_age_sex_csv,1b7b14fa75cab035860dd865eedd72527a92dac1a9ca0fcf76bbb5a2b731e368,,2011/2024,derived,derived_from_2015_age_17_Male_and_Female,annual_estimates_sex_sum_v1,2015,17,all,1120,reported,
1.0,annual_population_estimates_by_age_sex_csv,1b7b14fa75cab035860dd865eedd72527a92dac1a9ca0fcf76bbb5a2b731e368,,2011/2024,observed,csv_row_2015_age_18_col_Male,annual_estimates_observed_v1,2015,18,male,590,reported,
1.0,annual_population_estimates_by_age_sex_csv,1b7b14fa75cab035860dd865eedd72527a92dac1a9ca0fcf76bbb5a2b731e368,,2011/2024,observed,csv_row_2015_age_18_col_Female,annual_estimates_observed_v1,2015,18,female,530,reported,
1.0,annual_population_estimates_by_age_sex_csv,1b7b14fa75cab035860dd865eedd72527a92dac1a9ca0fcf76bbb5a2b731e368,,2011/2024,derived,derived_from_2015_age_18_Male_and_Female,annual_estimates_sex_sum_v1,2015,18,all,1120,reported,
1.0,annual_population_estimates_by_age_sex_csv,1b7b14fa75cab035860dd865eedd72527a92dac1a9ca0fcf76bbb5a2b731e368,,2011/2024,observed,csv_row_2015_age_19_col_Male,annual_estimates_observed_v1,2015,19,male,600,reported,
1.0,annual_population_estimates_by_age_sex_csv,1b7b14fa75cab035860dd865eedd72527a92dac1a9ca0fcf76bbb5a2b731e368,,2011/2024,observed,csv_row_2015_age_19_col_Female,annual_estimates_observed_v1,2015,19,female,580,reported,
1.0,annual_population_estimates_by_age_sex_csv,1b7b14fa75cab035860dd865eedd72527a92dac1a9ca0fcf76bbb5a2b731e368,,2011/2024,derived,derived_from_2015_age_19_Male_and_Female,annual_estimates_sex_sum_v1,2015,19,all,1180,reported,
1.0,annual_population_estimates_by_age_sex_csv,1b7b14fa75cab035860dd865eedd72527a92dac1a9ca0fcf76bbb5a2b731e368,,2011/2024,observed,csv_row_2015_age_20_col_Male,annual_estimates_observed_v1,2015,20,male,610,reported,
1.0,annual_population_estimates_by_age_sex_csv,1b7b14fa75cab035860dd865eedd72527a92dac1a9ca0fcf76bbb5a2b731e368,,2011/2024,observed,csv_row_2015_age_20_col_Female,annual_estimates_observed_v1,2015,20,female,530,reported,
1.0,annual_population_estimates_by_age_sex_csv,1b7b14fa75cab035860dd865eedd72527a92dac1a9ca0fcf76bbb5a2b731e368,,2011/2024,derived,derived_from_2015_age_20_Male_and_Female,annual_estimates_sex_sum_v1,2015,20,all,1140,reported,
1.0,annual_population_estimates_by_age_sex_csv,1b7b14fa75cab035860dd865eedd72527a92dac1a9ca0fcf76bbb5a2b731e368,,2011/2024,observed,csv_row_2015_age_21_col_Male,annual_estimates_observed_v1,2015,21,male,610,reported,
1.0,annual_population_estimates_by_age_sex_csv,1b7b14fa75cab035860dd865eedd72527a92dac1a9ca0fcf76bbb5a2b731e368,,2011/2024,observed,csv_row_2015_age_21_col_Female,annual_estimates_observed_v1,2015,21,female,600,reported,
1.0,annual_population_estimates_by_age_sex_csv,1b7b14fa75cab035860dd865eedd72527a92dac1a9ca0fcf76bbb5a2b731e368,,2011/2024,derived,derived_from_2015_age_21_Male_and_Female,annual_estimates_sex_sum_v1,2015,21,all,1210,reported,
1.0,annual_population_estimates_by_age_sex_csv,1b7b14fa75cab035860dd865eedd72527a92dac1a9ca0fcf76bbb5a2b731e368,,2011/2024,observed,csv_row_2015_age_22_col_Male,annual_estimates_observed_v1,2015,22,male,580,reported,
1.0,annual_population_estimates_by_age_sex_csv,1b7b14fa75cab035860dd865eedd72527a92dac1a9ca0fcf76bbb5a2b731e368,,2011/2024,observed,csv_row_2015_age_22_col_Female,annual_estimates_observed_v1,2015,22,female,520,reported,
1.0,annual_population_estimates_by_age_sex_csv,1b7b14fa75cab035860dd865eedd72527a92dac1a9ca0fcf76bbb5a2b731e368,,2011/2024,derived,derived_from_2015_age_22_Male_and_Female,annual_estimates_sex_sum_v1,2015,22,all,1100,reported,
1.0,annual_population_estimates_by_age_sex_csv,1b7b14fa75cab035860dd865eedd72527a92dac1a9ca0fcf76bbb5a2b731e368,,2011/2024,observed,csv_row_2015_age_23_col_Male,annual_estimates_observed_v1,2015,23,male,630,reported,
1.0,annual_population_estimates_by_age_sex_csv,1b7b14fa75cab035860dd865eedd72527a92dac1a9ca0fcf76bbb5a2b731e368,,2011/2024,observed,csv_row_2015_age_23_col_Female,annual_estimates_observed_v1,2015,23,female,570,reported,
1.0,annual_population_estimates_by_age_sex_csv,1b7b14fa75cab035860dd865eedd72527a92dac1a9ca0fcf76bbb5a2b731e368,,2011/2024,derived,derived_from_2015_age_23_Male_and_Female,annual_estimates_sex_sum_v1,2015,23,all,1200,reported,
1.0,annual_population_estimates_by_age_sex_csv,1b7b14fa75cab035860dd865eedd72527a92dac1a9ca0fcf76bbb5a2b731e368,,2011/2024,observed,csv_row_2015_age_24_col_Male,annual_estimates_observed_v1,2015,24,male,580,reported,
1.0,annual_population_estimates_by_age_sex_csv,1b7b14fa75cab035860dd865eedd72527a92dac1a9ca0fcf76bbb5a2b731e368,,2011/2024,observed,csv_row_2015_age_24_col_Female,annual_estimates_observed_v1,2015,24,female,590,reported,
1.0,annual_population_estimates_by_age_sex_csv,1b7b14fa75cab035860dd865eedd72527a92dac1a9ca0fcf76bbb5a2b731e368,,2011/2024,derived,derived_from_2015_age_24_Male_and_Female,annual_estimates_sex_sum_v1,2015,24,all,1170,reported,
1.0,annual_population_estimates_by_age_sex_csv,1b7b14fa75cab035860dd865eedd72527a92dac1a9ca0fcf76bbb5a2b731e368,,2011/2024,observed,csv_row_2015_age_25_col_Male,annual_estimates_observed_v1,2015,25,male,640,reported,
1.0,annual_population_estimates_by_age_sex_csv,1b7b14fa75cab035860dd865eedd72527a92dac1a9ca0fcf76bbb5a2b731e368,,2011/2024,observed,csv_row_2015_age_25_col_Female,annual_estimates_observed_v1,2015,25,female,600,reported,
1.0,annual_population_estimates_by_age_sex_csv,1b7b14fa75cab035860dd865eedd72527a92dac1a9ca0fcf76bbb5a2b731e368,,2011/2024,derived,derived_from_2015_age_25_Male_and_Female,annual_estimates_sex_sum_v1,2015,25,all,1240,reported,
1.0,annual_population_estimates_by_age_sex_csv,1b7b14fa75cab035860dd865eedd72527a92dac1a9ca0fcf76bbb5a2b731e368,,2011/2024,observed,csv_row_2015_age_26_col_Male,annual_estimates_observed_v1,2015,26,male,620,reported,
1.0,annual_population_estimates_by_age_sex_csv,1b7b14fa75cab035860dd865eedd72527a92dac1a9ca0fcf76bbb5a2b731e368,,2011/2024,observed,csv_row_2015_age_26_col_Female,annual_estimates_observed_v1,2015,26,female,620,reported,
1.0,annual_population_estimates_by_age_sex_csv,1b7b14fa75cab035860dd865eedd72527a92dac1a9ca0fcf76bbb5a2b731e368,,2011/2024,derived,derived_from_2015_age_26_Male_and_Female,annual_estimates_sex_sum_v1,2015,26,all,1240,reported,
1.0,annual_population_estimates_by_age_sex_csv,1b7b14fa75cab035860dd865eedd72527a92dac1a9ca0fcf76bbb5a2b731e368,,2011/2024,observed,csv_row_2015_age_27_col_Male,annual_estimates_observed_v1,2015,27,male,640,reported,
1.0,annual_population_estimates_by_age_sex_csv,1b7b14fa75cab035860dd865eedd72527a92dac1a9ca0fcf76bbb5a2b731e368,,2011/2024,observed,csv_row_2015_age_27_col_Female,annual_estimates_observed_v1,2015,27,female,650,reported,
1.0,annual_population_estimates_by_age_sex_csv,1b7b14fa75cab035860dd865eedd72527a92dac1a9ca0fcf76bbb5a2b731e368,,2011/2024,derived,derived_from_2015_age_27_Male_and_Female,annual_estimates_sex_sum_v1,2015,27,all,1290,reported,
1.0,annual_population_estimates_by_age_sex_csv,1b7b14fa75cab035860dd865eedd72527a92dac1a9ca0fcf76bbb5a2b731e368,,2011/2024,observed,csv_row_2015_age_28_col_Male,annual_estimates_observed_v1,2015,28,male,710,reported,
1.0,annual_population_estimates_by_age_sex_csv,1b7b14fa75cab035860dd865eedd72527a92dac1a9ca0fcf76bbb5a2b731e368,,2011/2024,observed,csv_row_2015_age_28_col_Female,annual_estimates_observed_v1,2015,28,female,620,reported,
1.0,annual_population_estimates_by_age_sex_csv,1b7b14fa75cab035860dd865eedd72527a92dac1a9ca0fcf76bbb5a2b731e368,,2011/2024,derived,derived_from_2015_age_28_Male_and_Female,annual_estimates_sex_sum_v1,2015,28,all,1330,reported,
1.0,annual_population_estimates_by_age_sex_csv,1b7b14fa75cab035860dd865eedd72527a92dac1a9ca0fcf76bbb5a2b731e368,,2011/2024,observed,csv_row_2015_age_29_col_Male,annual_estimates_observed_v1,2015,29,male,610,reported,
1.0,annual_population_estimates_by_age_sex_csv,1b7b14fa75cab035860dd865eedd72527a92dac1a9ca0fcf76bbb5a2b731e368,,2011/2024,observed,csv_row_2015_age_29_col_Female,annual_estimates_observed_v1,2015,29,female,650,reported,
1.0,annual_population_estimates_by_age_sex_csv,1b7b14fa75cab035860dd865eedd72527a92dac1a9ca0fcf76bbb5a2b731e368,,2011/2024,derived,derived_from_2015_age_29_Male_and_Female,annual_estimates_sex_sum_v1,2015,29,all,1260,reported,
1.0,annual_population_estimates_by_age_sex_csv,1b7b14fa75cab035860dd865eedd72527a92dac1a9ca0fcf76bbb5a2b731e368,,2011/2024,observed,csv_row_2015_age_30_col_Male,annual_estimates_observed_v1,2015,30,male,690,reported,
1.0,annual_population_estimates_by_age_sex_csv,1b7b14fa75cab035860dd865eedd72527a92dac1a9ca0fcf76bbb5a2b731e368,,2011/2024,observed,csv_row_2015_age_30_col_Female,annual_estimates_observed_v1,2015,30,female,640,reported,
1.0,annual_population_estimates_by_age_sex_csv,1b7b14fa75cab035860dd865eedd72527a92dac1a9ca0fcf76bbb5a2b731e368,,2011/2024,derived,derived_from_2015_age_30_Male_and_Female,annual_estimates_sex_sum_v1,2015,30,all,1330,reported,
1.0,annual_population_estimates_by_age_sex_csv,1b7b14fa75cab035860dd865eedd72527a92dac1a9ca0fcf76bbb5a2b731e368,,2011/2024,observed,csv_row_2015_age_31_col_Male,annual_estimates_observed_v1,2015,31,male,720,reported,
1.0,annual_population_estimates_by_age_sex_csv,1b7b14fa75cab035860dd865eedd72527a92dac1a9ca0fcf76bbb5a2b731e368,,2011/2024,observed,csv_row_2015_age_31_col_Female,annual_estimates_observed_v1,2015,31,female,750,reported,
1.0,annual_population_estimates_by_age_sex_csv,1b7b14fa75cab035860dd865eedd72527a92dac1a9ca0fcf76bbb5a2b731e368,,2011/2024,derived,derived_from_2015_age_31_Male_and_Female,annual_estimates_sex_sum_v1,2015,31,all,1470,reported,
1.0,annual_population_estimates_by_age_sex_csv,1b7b14fa75cab035860dd865eedd72527a92dac1a9ca0fcf76bbb5a2b731e368,,2011/2024,observed,csv_row_2015_age_32_col_Male,annual_estimates_observed_v1,2015,32,male,740,reported,
1.0,annual_population_estimates_by_age_sex_csv,1b7b14fa75cab035860dd865eedd72527a92dac1a9ca0fcf76bbb5a2b731e368,,2011/2024,observed,csv_row_2015_age_32_col_Female,annual_estimates_observed_v1,2015,32,female,730,reported,
1.0,annual_population_estimates_by_age_sex_csv,1b7b14fa75cab035860dd865eedd72527a92dac1a9ca0fcf76bbb5a2b731e368,,2011/2024,derived,derived_from_2015_age_32_Male_and_Female,annual_estimates_sex_sum_v1,2015,32,all,1470,reported,
1.0,annual_population_estimates_by_age_sex_csv,1b7b14fa75cab035860dd865eedd72527a92dac1a9ca0fcf76bbb5a2b731e368,,2011/2024,observed,csv_row_2015_age_33_col_Male,annual_estimates_observed_v1,2015,33,male,780,reported,
1.0,annual_population_estimates_by_age_sex_csv,1b7b14fa75cab035860dd865eedd72527a92dac1a9ca0fcf76bbb5a2b731e368,,2011/2024,observed,csv_row_2015_age_33_col_Female,annual_estimates_observed_v1,2015,33,female,700,reported,
1.0,annual_population_estimates_by_age_sex_csv,1b7b14fa75cab035860dd865eedd72527a92dac1a9ca0fcf76bbb5a2b731e368,,2011/2024,derived,derived_from_2015_age_33_Male_and_Female,annual_estimates_sex_sum_v1,2015,33,all,1480,reported,
1.0,annual_population_estimates_by_age_sex_csv,1b7b14fa75cab035860dd865eedd72527a92dac1a9ca0fcf76bbb5a2b731e368,,2011/2024,observed,csv_row_2015_age_34_col_Male,annual_estimates_observed_v1,2015,34,male,750,reported,
1.0,annual_population_estimates_by_age_sex_csv,1b7b14fa75cab035860dd865eedd72527a92dac1a9ca0fcf76bbb5a2b731e368,,2011/2024,observed,csv_row_2015_age_34_col_Female,annual_estimates_observed_v1,2015,34,female,790,reported,
1.0,annual_population_estimates_by_age_sex_csv,1b7b14fa75cab035860dd865eedd72527a92dac1a9ca0fcf76bbb5a2b731e368,,2011/2024,derived,derived_from_2015_age_34_Male_and_Female,annual_estimates_sex_sum_v1,2015,34,all,1540,reported,
1.0,annual_population_estimates_by_age_sex_csv,1b7b14fa75cab035860dd865eedd72527a92dac1a9ca0fcf76bbb5a2b731e368,,2011/2024,observed,csv_row_2015_age_35_col_Male,annual_estimates_observed_v1,2015,35,male,770,reported,
1.0,annual_population_estimates_by_age_sex_csv,1b7b14fa75cab035860dd865eedd72527a92dac1a9ca0fcf76bbb5a2b731e368,,2011/2024,observed,csv_row_2015_age_35_col_Female,annual_estimates_observed_v1,2015,35,female,770,reported,
1.0,annual_population_estimates_by_age_sex_csv,1b7b14fa75cab035860dd865eedd72527a92dac1a9ca0fcf76bbb5a2b731e368,,2011/2024,derived,derived_from_2015_age_35_Male_and_Female,annual_estimates_sex_sum_v1,2015,35,all,1540,reported,
1.0,annual_population_estimates_by_age_sex_csv,1b7b14fa75cab035860dd865eedd72527a92dac1a9ca0fcf76bbb5a2b731e368,,2011/2024,observed,csv_row_2015_age_36_col_Male,annual_estimates_observed_v1,2015,36,male,760,reported,
1.0,annual_population_estimates_by_age_sex_csv,1b7b14fa75cab035860dd865eedd72527a92dac1a9ca0fcf76bbb5a2b731e368,,2011/2024,observed,csv_row_2015_age_36_col_Female,annual_estimates_observed_v1,2015,36,female,780,reported,
1.0,annual_population_estimates_by_age_sex_csv,1b7b14fa75cab035860dd865eedd72527a92dac1a9ca0fcf76bbb5a2b731e368,,2011/2024,derived,derived_from_2015_age_36_Male_and_Female,annual_estimates_sex_sum_v1,2015,36,all,1540,reported,
1.0,annual_population_estimates_by_age_sex_csv,1b7b14fa75cab035860dd865eedd72527a92dac1a9ca0fcf76bbb5a2b731e368,,2011/2024,observed,csv_row_2015_age_37_col_Male,annual_estimates_observed_v1,2015,37,male,730,reported,
1.0,annual_population_estimates_by_age_sex_csv,1b7b14fa75cab035860dd865eedd72527a92dac1a9ca0fcf76bbb5a2b731e368,,2011/2024,observed,csv_row_2015_age_37_col_Female,annual_estimates_observed_v1,2015,37,female,700,reported,
1.0,annual_population_estimates_by_age_sex_csv,1b7b14fa75cab035860dd865eedd72527a92dac1a9ca0fcf76bbb5a2b731e368,,2011/2024,derived,derived_from_2015_age_37_Male_and_Female,annual_estimates_sex_sum_v1,2015,37,all,1430,reported,
1.0,annual_population_estimates_by_age_sex_csv,1b7b14fa75cab035860dd865eedd72527a92dac1a9ca0fcf76bbb5a2b731e368,,2011/2024,observed,csv_row_2015_age_38_col_Male,annual_estimates_observed_v1,2015,38,male,770,reported,
1.0,annual_population_estimates_by_age_sex_csv,1b7b14fa75cab035860dd865eedd72527a92dac1a9ca0fcf76bbb5a2b731e368,,2011/2024,observed,csv_row_2015_age_38_col_Female,annual_estimates_observed_v1,2015,38,female,730,reported,
1.0,annual_population_estimates_by_age_sex_csv,1b7b14fa75cab035860dd865eedd72527a92dac1a9ca0fcf76bbb5a2b731e368,,2011/2024,derived,derived_from_2015_age_38_Male_and_Female,annual_estimates_sex_sum_v1,2015,38,all,1500,reported,
1.0,annual_population_estimates_by_age_sex_csv,1b7b14fa75cab035860dd865eedd72527a92dac1a9ca0fcf76bbb5a2b731e368,,2011/2024,observed,csv_row_2015_age_39_col_Male,annual_estimates_observed_v1,2015,39,male,730,reported,
1.0,annual_population_estimates_by_age_sex_csv,1b7b14fa75cab035860dd865eedd72527a92dac1a9ca0fcf76bbb5a2b731e368,,2011/2024,observed,csv_row_2015_age_39_col_Female,annual_estimates_observed_v1,2015,39,female,710,reported,
1.0,annual_population_estimates_by_age_sex_csv,1b7b14fa75cab035860dd865eedd72527a92dac1a9ca0fcf76bbb5a2b731e368,,2011/2024,derived,derived_from_2015_age_39_Male_and_Female,annual_estimates_sex_sum_v1,2015,39,all,1440,reported,
1.0,annual_population_estimates_by_age_sex_csv,1b7b14fa75cab035860dd865eedd72527a92dac1a9ca0fcf76bbb5a2b731e368,,2011/2024,observed,csv_row_2015_age_40_col_Male,annual_estimates_observed_v1,2015,40,male,740,reported,
1.0,annual_population_estimates_by_age_sex_csv,1b7b14fa75cab035860dd865eedd72527a92dac1a9ca0fcf76bbb5a2b731e368,,2011/2024,observed,csv_row_2015_age_40_col_Female,annual_estimates_observed_v1,2015,40,female,730,reported,
1.0,annual_population_estimates_by_age_sex_csv,1b7b14fa75cab035860dd865eedd72527a92dac1a9ca0fcf76bbb5a2b731e368,,2011/2024,derived,derived_from_2015_age_40_Male_and_Female,annual_estimates_sex_sum_v1,2015,40,all,1470,reported,
1.0,annual_population_estimates_by_age_sex_csv,1b7b14fa75cab035860dd865eedd72527a92dac1a9ca0fcf76bbb5a2b731e368,,2011/2024,observed,csv_row_2015_age_41_col_Male,annual_estimates_observed_v1,2015,41,male,730,reported,
1.0,annual_population_estimates_by_age_sex_csv,1b7b14fa75cab035860dd865eedd72527a92dac1a9ca0fcf76bbb5a2b731e368,,2011/2024,observed,csv_row_2015_age_41_col_Female,annual_estimates_observed_v1,2015,41,female,730,reported,
1.0,annual_population_estimates_by_age_sex_csv,1b7b14fa75cab035860dd865eedd72527a92dac1a9ca0fcf76bbb5a2b731e368,,2011/2024,derived,derived_from_2015_age_41_Male_and_Female,annual_estimates_sex_sum_v1,2015,41,all,1460,reported,
1.0,annual_population_estimates_by_age_sex_csv,1b7b14fa75cab035860dd865eedd72527a92dac1a9ca0fcf76bbb5a2b731e368,,2011/2024,observed,csv_row_2015_age_42_col_Male,annual_estimates_observed_v1,2015,42,male,750,reported,
1.0,annual_population_estimates_by_age_sex_csv,1b7b14fa75cab035860dd865eedd72527a92dac1a9ca0fcf76bbb5a2b731e368,,2011/2024,observed,csv_row_2015_age_42_col_Female,annual_estimates_observed_v1,2015,42,female,710,reported,
1.0,annual_population_estimates_by_age_sex_csv,1b7b14fa75cab035860dd865eedd72527a92dac1a9ca0fcf76bbb5a2b731e368,,2011/2024,derived,derived_from_2015_age_42_Male_and_Female,annual_estimates_sex_sum_v1,2015,42,all,1460,reported,
1.0,annual_population_estimates_by_age_sex_csv,1b7b14fa75cab035860dd865eedd72527a92dac1a9ca0fcf76bbb5a2b731e368,,2011/2024,observed,csv_row_2015_age_43_col_Male,annual_estimates_observed_v1,2015,43,male,740,reported,
1.0,annual_population_estimates_by_age_sex_csv,1b7b14fa75cab035860dd865eedd72527a92dac1a9ca0fcf76bbb5a2b731e368,,2011/2024,observed,csv_row_2015_age_43_col_Female,annual_estimates_observed_v1,2015,43,female,740,reported,
1.0,annual_population_estimates_by_age_sex_csv,1b7b14fa75cab035860dd865eedd72527a92dac1a9ca0fcf76bbb5a2b731e368,,2011/2024,derived,derived_from_2015_age_43_Male_and_Female,annual_estimates_sex_sum_v1,2015,43,all,1480,reported,
1.0,annual_population_estimates_by_age_sex_csv,1b7b14fa75cab035860dd865eedd72527a92dac1a9ca0fcf76bbb5a2b731e368,,2011/2024,observed,csv_row_2015_age_44_col_Male,annual_estimates_observed_v1,2015,44,male,820,reported,
1.0,annual_population_estimates_by_age_sex_csv,1b7b14fa75cab035860dd865eedd72527a92dac1a9ca0fcf76bbb5a2b731e368,,2011/2024,observed,csv_row_2015_age_44_col_Female,annual_estimates_observed_v1,2015,44,female,810,reported,
1.0,annual_population_estimates_by_age_sex_csv,1b7b14fa75cab035860dd865eedd72527a92dac1a9ca0fcf76bbb5a2b731e368,,2011/2024,derived,derived_from_2015_age_44_Male_and_Female,annual_estimates_sex_sum_v1,2015,44,all,1630,reported,
1.0,annual_population_estimates_by_age_sex_csv,1b7b14fa75cab035860dd865eedd72527a92dac1a9ca0fcf76bbb5a2b731e368,,2011/2024,observed,csv_row_2015_age_45_col_Male,annual_estimates_observed_v1,2015,45,male,800,reported,
1.0,annual_population_estimates_by_age_sex_csv,1b7b14fa75cab035860dd865eedd72527a92dac1a9ca0fcf76bbb5a2b731e368,,2011/2024,observed,csv_row_2015_age_45_col_Female,annual_estimates_observed_v1,2015,45,female,820,reported,
1.0,annual_population_estimates_by_age_sex_csv,1b7b14fa75cab035860dd865eedd72527a92dac1a9ca0fcf76bbb5a2b731e368,,2011/2024,derived,derived_from_2015_age_45_Male_and_Female,annual_estimates_sex_sum_v1,2015,45,all,1620,reported,
1.0,annual_population_estimates_by_age_sex_csv,1b7b14fa75cab035860dd865eedd72527a92dac1a9ca0fcf76bbb5a2b731e368,,2011/2024,observed,csv_row_2015_age_46_col_Male,annual_estimates_observed_v1,2015,46,male,820,reported,
1.0,annual_population_estimates_by_age_sex_csv,1b7b14fa75cab035860dd865eedd72527a92dac1a9ca0fcf76bbb5a2b731e368,,2011/2024,observed,csv_row_2015_age_46_col_Female,annual_estimates_observed_v1,2015,46,female,850,reported,
1.0,annual_population_estimates_by_age_sex_csv,1b7b14fa75cab035860dd865eedd72527a92dac1a9ca0fcf76bbb5a2b731e368,,2011/2024,derived,derived_from_2015_age_46_Male_and_Female,annual_estimates_sex_sum_v1,2015,46,all,1670,reported,
1.0,annual_population_estimates_by_age_sex_csv,1b7b14fa75cab035860dd865eedd72527a92dac1a9ca0fcf76bbb5a2b731e368,,2011/2024,observed,csv_row_2015_age_47_col_Male,annual_estimates_observed_v1,2015,47,male,920,reported,
1.0,annual_population_estimates_by_age_sex_csv,1b7b14fa75cab035860dd865eedd72527a92dac1a9ca0fcf76bbb5a2b731e368,,2011/2024,observed,csv_row_2015_age_47_col_Female,annual_estimates_observed_v1,2015,47,female,800,reported,
1.0,annual_population_estimates_by_age_sex_csv,1b7b14fa75cab035860dd865eedd72527a92dac1a9ca0fcf76bbb5a2b731e368,,2011/2024,derived,derived_from_2015_age_47_Male_and_Female,annual_estimates_sex_sum_v1,2015,47,all,1720,reported,
1.0,annual_population_estimates_by_age_sex_csv,1b7b14fa75cab035860dd865eedd72527a92dac1a9ca0fcf76bbb5a2b731e368,,2011/2024,observed,csv_row_2015_age_48_col_Male,annual_estimates_observed_v1,2015,48,male,830,reported,
1.0,annual_population_estimates_by_age_sex_csv,1b7b14fa75cab035860dd865eedd72527a92dac1a9ca0fcf76bbb5a2b731e368,,2011/2024,observed,csv_row_2015_age_48_col_Female,annual_estimates_observed_v1,2015,48,female,880,reported,
1.0,annual_population_estimates_by_age_sex_csv,1b7b14fa75cab035860dd865eedd72527a92dac1a9ca0fcf76bbb5a2b731e368,,2011/2024,derived,derived_from_2015_age_48_Male_and_Female,annual_estimates_sex_sum_v1,2015,48,all,1710,reported,
1.0,annual_population_estimates_by_age_sex_csv,1b7b14fa75cab035860dd865eedd72527a92dac1a9ca0fcf76bbb5a2b731e368,,2011/2024,observed,csv_row_2015_age_49_col_Male,annual_estimates_observed_v1,2015,49,male,850,reported,
1.0,annual_population_estimates_by_age_sex_csv,1b7b14fa75cab035860dd865eedd72527a92dac1a9ca0fcf76bbb5a2b731e368,,2011/2024,observed,csv_row_2015_age_49_col_Female,annual_estimates_observed_v1,2015,49,female,870,reported,
1.0,annual_population_estimates_by_age_sex_csv,1b7b14fa75cab035860dd865eedd72527a92dac1a9ca0fcf76bbb5a2b731e368,,2011/2024,derived,derived_from_2015_age_49_Male_and_Female,annual_estimates_sex_sum_v1,2015,49,all,1720,reported,
1.0,annual_population_estimates_by_age_sex_csv,1b7b14fa75cab035860dd865eedd72527a92dac1a9ca0fcf76bbb5a2b731e368,,2011/2024,observed,csv_row_2015_age_50_col_Male,annual_estimates_observed_v1,2015,50,male,870,reported,
1.0,annual_population_estimates_by_age_sex_csv,1b7b14fa75cab035860dd865eedd72527a92dac1a9ca0fcf76bbb5a2b731e368,,2011/2024,observed,csv_row_2015_age_50_col_Female,annual_estimates_observed_v1,2015,50,female,860,reported,
1.0,annual_population_estimates_by_age_sex_csv,1b7b14fa75cab035860dd865eedd72527a92dac1a9ca0fcf76bbb5a2b731e368,,2011/2024,derived,derived_from_2015_age_50_Male_and_Female,annual_estimates_sex_sum_v1,2015,50,all,1730,reported,
1.0,annual_population_estimates_by_age_sex_csv,1b7b14fa75cab035860dd865eedd72527a92dac1a9ca0fcf76bbb5a2b731e368,,2011/2024,observed,csv_row_2015_age_51_col_Male,annual_estimates_observed_v1,2015,51,male,870,reported,
1.0,annual_population_estimates_by_age_sex_csv,1b7b14fa75cab035860dd865eedd72527a92dac1a9ca0fcf76bbb5a2b731e368,,2011/2024,observed,csv_row_2015_age_51_col_Female,annual_estimates_observed_v1,2015,51,female,860,reported,
1.0,annual_population_estimates_by_age_sex_csv,1b7b14fa75cab035860dd865eedd72527a92dac1a9ca0fcf76bbb5a2b731e368,,2011/2024,derived,derived_from_2015_age_51_Male_and_Female,annual_estimates_sex_sum_v1,2015,51,all,1730,reported,
1.0,annual_population_estimates_by_age_sex_csv,1b7b14fa75cab035860dd865eedd72527a92dac1a9ca0fcf76bbb5a2b731e368,,2011/2024,observed,csv_row_2015_age_52_col_Male,annual_estimates_observed_v1,2015,52,male,840,reported,
1.0,annual_population_estimates_by_age_sex_csv,1b7b14fa75cab035860dd865eedd72527a92dac1a9ca0fcf76bbb5a2b731e368,,2011/2024,observed,csv_row_2015_age_52_col_Female,annual_estimates_observed_v1,2015,52,female,810,reported,
1.0,annual_population_estimates_by_age_sex_csv,1b7b14fa75cab035860dd865eedd72527a92dac1a9ca0fcf76bbb5a2b731e368,,2011/2024,derived,derived_from_2015_age_52_Male_and_Female,annual_estimates_sex_sum_v1,2015,52,all,1650,reported,
1.0,annual_population_estimates_by_age_sex_csv,1b7b14fa75cab035860dd865eedd72527a92dac1a9ca0fcf76bbb5a2b731e368,,2011/2024,observed,csv_row_2015_age_53_col_Male,annual_estimates_observed_v1,2015,53,male,810,reported,
1.0,annual_population_estimates_by_age_sex_csv,1b7b14fa75cab035860dd865eedd72527a92dac1a9ca0fcf76bbb5a2b731e368,,2011/2024,observed,csv_row_2015_age_53_col_Female,annual_estimates_observed_v1,2015,53,female,800,reported,
1.0,annual_population_estimates_by_age_sex_csv,1b7b14fa75cab035860dd865eedd72527a92dac1a9ca0fcf76bbb5a2b731e368,,2011/2024,derived,derived_from_2015_age_53_Male_and_Female,annual_estimates_sex_sum_v1,2015,53,all,1610,reported,
1.0,annual_population_estimates_by_age_sex_csv,1b7b14fa75cab035860dd865eedd72527a92dac1a9ca0fcf76bbb5a2b731e368,,2011/2024,observed,csv_row_2015_age_54_col_Male,annual_estimates_observed_v1,2015,54,male,750,reported,
1.0,annual_population_estimates_by_age_sex_csv,1b7b14fa75cab035860dd865eedd72527a92dac1a9ca0fcf76bbb5a2b731e368,,2011/2024,observed,csv_row_2015_age_54_col_Female,annual_estimates_observed_v1,2015,54,female,720,reported,
1.0,annual_population_estimates_by_age_sex_csv,1b7b14fa75cab035860dd865eedd72527a92dac1a9ca0fcf76bbb5a2b731e368,,2011/2024,derived,derived_from_2015_age_54_Male_and_Female,annual_estimates_sex_sum_v1,2015,54,all,1470,reported,
1.0,annual_population_estimates_by_age_sex_csv,1b7b14fa75cab035860dd865eedd72527a92dac1a9ca0fcf76bbb5a2b731e368,,2011/2024,observed,csv_row_2015_age_55_col_Male,annual_estimates_observed_v1,2015,55,male,740,reported,
1.0,annual_population_estimates_by_age_sex_csv,1b7b14fa75cab035860dd865eedd72527a92dac1a9ca0fcf76bbb5a2b731e368,,2011/2024,observed,csv_row_2015_age_55_col_Female,annual_estimates_observed_v1,2015,55,female,720,reported,
1.0,annual_population_estimates_by_age_sex_csv,1b7b14fa75cab035860dd865eedd72527a92dac1a9ca0fcf76bbb5a2b731e368,,2011/2024,derived,derived_from_2015_age_55_Male_and_Female,annual_estimates_sex_sum_v1,2015,55,all,1460,reported,
1.0,annual_population_estimates_by_age_sex_csv,1b7b14fa75cab035860dd865eedd72527a92dac1a9ca0fcf76bbb5a2b731e368,,2011/2024,observed,csv_row_2015_age_56_col_Male,annual_estimates_observed_v1,2015,56,male,690,reported,
1.0,annual_population_estimates_by_age_sex_csv,1b7b14fa75cab035860dd865eedd72527a92dac1a9ca0fcf76bbb5a2b731e368,,2011/2024,observed,csv_row_2015_age_56_col_Female,annual_estimates_observed_v1,2015,56,female,710,reported,
1.0,annual_population_estimates_by_age_sex_csv,1b7b14fa75cab035860dd865eedd72527a92dac1a9ca0fcf76bbb5a2b731e368,,2011/2024,derived,derived_from_2015_age_56_Male_and_Female,annual_estimates_sex_sum_v1,2015,56,all,1400,reported,
1.0,annual_population_estimates_by_age_sex_csv,1b7b14fa75cab035860dd865eedd72527a92dac1a9ca0fcf76bbb5a2b731e368,,2011/2024,observed,csv_row_2015_age_57_col_Male,annual_estimates_observed_v1,2015,57,male,710,reported,
1.0,annual_population_estimates_by_age_sex_csv,1b7b14fa75cab035860dd865eedd72527a92dac1a9ca0fcf76bbb5a2b731e368,,2011/2024,observed,csv_row_2015_age_57_col_Female,annual_estimates_observed_v1,2015,57,female,730,reported,
1.0,annual_population_estimates_by_age_sex_csv,1b7b14fa75cab035860dd865eedd72527a92dac1a9ca0fcf76bbb5a2b731e368,,2011/2024,derived,derived_from_2015_age_57_Male_and_Female,annual_estimates_sex_sum_v1,2015,57,all,1440,reported,
1.0,annual_population_estimates_by_age_sex_csv,1b7b14fa75cab035860dd865eedd72527a92dac1a9ca0fcf76bbb5a2b731e368,,2011/2024,observed,csv_row_2015_age_58_col_Male,annual_estimates_observed_v1,2015,58,male,660,reported,
1.0,annual_population_estimates_by_age_sex_csv,1b7b14fa75cab035860dd865eedd72527a92dac1a9ca0fcf76bbb5a2b731e368,,2011/2024,observed,csv_row_2015_age_58_col_Female,annual_estimates_observed_v1,2015,58,female,680,reported,
1.0,annual_population_estimates_by_age_sex_csv,1b7b14fa75cab035860dd865eedd72527a92dac1a9ca0fcf76bbb5a2b731e368,,2011/2024,derived,derived_from_2015_age_58_Male_and_Female,annual_estimates_sex_sum_v1,2015,58,all,1340,reported,
1.0,annual_population_estimates_by_age_sex_csv,1b7b14fa75cab035860dd865eedd72527a92dac1a9ca0fcf76bbb5a2b731e368,,2011/2024,observed,csv_row_2015_age_59_col_Male,annual_estimates_observed_v1,2015,59,male,640,reported,
1.0,annual_population_estimates_by_age_sex_csv,1b7b14fa75cab035860dd865eedd72527a92dac1a9ca0fcf76bbb5a2b731e368,,2011/2024,observed,csv_row_2015_age_59_col_Female,annual_estimates_observed_v1,2015,59,female,640,reported,
1.0,annual_population_estimates_by_age_sex_csv,1b7b14fa75cab035860dd865eedd72527a92dac1a9ca0fcf76bbb5a2b731e368,,2011/2024,derived,derived_from_2015_age_59_Male_and_Female,annual_estimates_sex_sum_v1,2015,59,all,1280,reported,
1.0,annual_population_estimates_by_age_sex_csv,1b7b14fa75cab035860dd865eedd72527a92dac1a9ca0fcf76bbb5a2b731e368,,2011/2024,observed,csv_row_2015_age_60_col_Male,annual_estimates_observed_v1,2015,60,male,560,reported,
1.0,annual_population_estimates_by_age_sex_csv,1b7b14fa75cab035860dd865eedd72527a92dac1a9ca0fcf76bbb5a2b731e368,,2011/2024,observed,csv_row_2015_age_60_col_Female,annual_estimates_observed_v1,2015,60,female,610,reported,
1.0,annual_population_estimates_by_age_sex_csv,1b7b14fa75cab035860dd865eedd72527a92dac1a9ca0fcf76bbb5a2b731e368,,2011/2024,derived,derived_from_2015_age_60_Male_and_Female,annual_estimates_sex_sum_v1,2015,60,all,1170,reported,
1.0,annual_population_estimates_by_age_sex_csv,1b7b14fa75cab035860dd865eedd72527a92dac1a9ca0fcf76bbb5a2b731e368,,2011/2024,observed,csv_row_2015_age_61_col_Male,annual_estimates_observed_v1,2015,61,male,590,reported,
1.0,annual_population_estimates_by_age_sex_csv,1b7b14fa75cab035860dd865eedd72527a92dac1a9ca0fcf76bbb5a2b731e368,,2011/2024,observed,csv_row_2015_age_61_col_Female,annual_estimates_observed_v1,2015,61,female,570,reported,
1.0,annual_population_estimates_by_age_sex_csv,1b7b14fa75cab035860dd865eedd72527a92dac1a9ca0fcf76bbb5a2b731e368,,2011/2024,derived,derived_from_2015_age_61_Male_and_Female,annual_estimates_sex_sum_v1,2015,61,all,1160,reported,
1.0,annual_population_estimates_by_age_sex_csv,1b7b14fa75cab035860dd865eedd72527a92dac1a9ca0fcf76bbb5a2b731e368,,2011/2024,observed,csv_row_2015_age_62_col_Male,annual_estimates_observed_v1,2015,62,male,560,reported,
1.0,annual_population_estimates_by_age_sex_csv,1b7b14fa75cab035860dd865eedd72527a92dac1a9ca0fcf76bbb5a2b731e368,,2011/2024,observed,csv_row_2015_age_62_col_Female,annual_estimates_observed_v1,2015,62,female,560,reported,
1.0,annual_population_estimates_by_age_sex_csv,1b7b14fa75cab035860dd865eedd72527a92dac1a9ca0fcf76bbb5a2b731e368,,2011/2024,derived,derived_from_2015_age_62_Male_and_Female,annual_estimates_sex_sum_v1,2015,62,all,1120,reported,
1.0,annual_population_estimates_by_age_sex_csv,1b7b14fa75cab035860dd865eedd72527a92dac1a9ca0fcf76bbb5a2b731e368,,2011/2024,observed,csv_row_2015_age_63_col_Male,annual_estimates_observed_v1,2015,63,male,520,reported,
1.0,annual_population_estimates_by_age_sex_csv,1b7b14fa75cab035860dd865eedd72527a92dac1a9ca0fcf76bbb5a2b731e368,,2011/2024,observed,csv_row_2015_age_63_col_Female,annual_estimates_observed_v1,2015,63,female,590,reported,
1.0,annual_population_estimates_by_age_sex_csv,1b7b14fa75cab035860dd865eedd72527a92dac1a9ca0fcf76bbb5a2b731e368,,2011/2024,derived,derived_from_2015_age_63_Male_and_Female,annual_estimates_sex_sum_v1,2015,63,all,1110,reported,
1.0,annual_population_estimates_by_age_sex_csv,1b7b14fa75cab035860dd865eedd72527a92dac1a9ca0fcf76bbb5a2b731e368,,2011/2024,observed,csv_row_2015_age_64_col_Male,annual_estimates_observed_v1,2015,64,male,560,reported,
1.0,annual_population_estimates_by_age_sex_csv,1b7b14fa75cab035860dd865eedd72527a92dac1a9ca0fcf76bbb5a2b731e368,,2011/2024,observed,csv_row_2015_age_64_col_Female,annual_estimates_observed_v1,2015,64,female,570,reported,
1.0,annual_population_estimates_by_age_sex_csv,1b7b14fa75cab035860dd865eedd72527a92dac1a9ca0fcf76bbb5a2b731e368,,2011/2024,derived,derived_from_2015_age_64_Male_and_Female,annual_estimates_sex_sum_v1,2015,64,all,1130,reported,
1.0,annual_population_estimates_by_age_sex_csv,1b7b14fa75cab035860dd865eedd72527a92dac1a9ca0fcf76bbb5a2b731e368,,2011/2024,observed,csv_row_2015_age_65_col_Male,annual_estimates_observed_v1,2015,65,male,540,reported,
1.0,annual_population_estimates_by_age_sex_csv,1b7b14fa75cab035860dd865eedd72527a92dac1a9ca0fcf76bbb5a2b731e368,,2011/2024,observed,csv_row_2015_age_65_col_Female,annual_estimates_observed_v1,2015,65,female,530,reported,
1.0,annual_population_estimates_by_age_sex_csv,1b7b14fa75cab035860dd865eedd72527a92dac1a9ca0fcf76bbb5a2b731e368,,2011/2024,derived,derived_from_2015_age_65_Male_and_Female,annual_estimates_sex_sum_v1,2015,65,all,1070,reported,
1.0,annual_population_estimates_by_age_sex_csv,1b7b14fa75cab035860dd865eedd72527a92dac1a9ca0fcf76bbb5a2b731e368,,2011/2024,observed,csv_row_2015_age_66_col_Male,annual_estimates_observed_v1,2015,66,male,510,reported,
1.0,annual_population_estimates_by_age_sex_csv,1b7b14fa75cab035860dd865eedd72527a92dac1a9ca0fcf76bbb5a2b731e368,,2011/2024,observed,csv_row_2015_age_66_col_Female,annual_estimates_observed_v1,2015,66,female,520,reported,
1.0,annual_population_estimates_by_age_sex_csv,1b7b14fa75cab035860dd865eedd72527a92dac1a9ca0fcf76bbb5a2b731e368,,2011/2024,derived,derived_from_2015_age_66_Male_and_Female,annual_estimates_sex_sum_v1,2015,66,all,1030,reported,
1.0,annual_population_estimates_by_age_sex_csv,1b7b14fa75cab035860dd865eedd72527a92dac1a9ca0fcf76bbb5a2b731e368,,2011/2024,observed,csv_row_2015_age_67_col_Male,annual_estimates_observed_v1,2015,67,male,520,reported,
1.0,annual_population_estimates_by_age_sex_csv,1b7b14fa75cab035860dd865eedd72527a92dac1a9ca0fcf76bbb5a2b731e368,,2011/2024,observed,csv_row_2015_age_67_col_Female,annual_estimates_observed_v1,2015,67,female,530,reported,
1.0,annual_population_estimates_by_age_sex_csv,1b7b14fa75cab035860dd865eedd72527a92dac1a9ca0fcf76bbb5a2b731e368,,2011/2024,derived,derived_from_2015_age_67_Male_and_Female,annual_estimates_sex_sum_v1,2015,67,all,1050,reported,
1.0,annual_population_estimates_by_age_sex_csv,1b7b14fa75cab035860dd865eedd72527a92dac1a9ca0fcf76bbb5a2b731e368,,2011/2024,observed,csv_row_2015_age_68_col_Male,annual_estimates_observed_v1,2015,68,male,550,reported,
1.0,annual_population_estimates_by_age_sex_csv,1b7b14fa75cab035860dd865eedd72527a92dac1a9ca0fcf76bbb5a2b731e368,,2011/2024,observed,csv_row_2015_age_68_col_Female,annual_estimates_observed_v1,2015,68,female,550,reported,
1.0,annual_population_estimates_by_age_sex_csv,1b7b14fa75cab035860dd865eedd72527a92dac1a9ca0fcf76bbb5a2b731e368,,2011/2024,derived,derived_from_2015_age_68_Male_and_Female,annual_estimates_sex_sum_v1,2015,68,all,1100,reported,
1.0,annual_population_estimates_by_age_sex_csv,1b7b14fa75cab035860dd865eedd72527a92dac1a9ca0fcf76bbb5a2b731e368,,2011/2024,observed,csv_row_2015_age_69_col_Male,annual_estimates_observed_v1,2015,69,male,480,reported,
1.0,annual_population_estimates_by_age_sex_csv,1b7b14fa75cab035860dd865eedd72527a92dac1a9ca0fcf76bbb5a2b731e368,,2011/2024,observed,csv_row_2015_age_69_col_Female,annual_estimates_observed_v1,2015,69,female,540,reported,
1.0,annual_population_estimates_by_age_sex_csv,1b7b14fa75cab035860dd865eedd72527a92dac1a9ca0fcf76bbb5a2b731e368,,2011/2024,derived,derived_from_2015_age_69_Male_and_Female,annual_estimates_sex_sum_v1,2015,69,all,1020,reported,
1.0,annual_population_estimates_by_age_sex_csv,1b7b14fa75cab035860dd865eedd72527a92dac1a9ca0fcf76bbb5a2b731e368,,2011/2024,observed,csv_row_2015_age_70_col_Male,annual_estimates_observed_v1,2015,70,male,370,reported,
1.0,annual_population_estimates_by_age_sex_csv,1b7b14fa75cab035860dd865eedd72527a92dac1a9ca0fcf76bbb5a2b731e368,,2011/2024,observed,csv_row_2015_age_70_col_Female,annual_estimates_observed_v1,2015,70,female,420,reported,
1.0,annual_population_estimates_by_age_sex_csv,1b7b14fa75cab035860dd865eedd72527a92dac1a9ca0fcf76bbb5a2b731e368,,2011/2024,derived,derived_from_2015_age_70_Male_and_Female,annual_estimates_sex_sum_v1,2015,70,all,790,reported,
1.0,annual_population_estimates_by_age_sex_csv,1b7b14fa75cab035860dd865eedd72527a92dac1a9ca0fcf76bbb5a2b731e368,,2011/2024,observed,csv_row_2015_age_71_col_Male,annual_estimates_observed_v1,2015,71,male,410,reported,
1.0,annual_population_estimates_by_age_sex_csv,1b7b14fa75cab035860dd865eedd72527a92dac1a9ca0fcf76bbb5a2b731e368,,2011/2024,observed,csv_row_2015_age_71_col_Female,annual_estimates_observed_v1,2015,71,female,460,reported,
1.0,annual_population_estimates_by_age_sex_csv,1b7b14fa75cab035860dd865eedd72527a92dac1a9ca0fcf76bbb5a2b731e368,,2011/2024,derived,derived_from_2015_age_71_Male_and_Female,annual_estimates_sex_sum_v1,2015,71,all,870,reported,
1.0,annual_population_estimates_by_age_sex_csv,1b7b14fa75cab035860dd865eedd72527a92dac1a9ca0fcf76bbb5a2b731e368,,2011/2024,observed,csv_row_2015_age_72_col_Male,annual_estimates_observed_v1,2015,72,male,360,reported,
1.0,annual_population_estimates_by_age_sex_csv,1b7b14fa75cab035860dd865eedd72527a92dac1a9ca0fcf76bbb5a2b731e368,,2011/2024,observed,csv_row_2015_age_72_col_Female,annual_estimates_observed_v1,2015,72,female,400,reported,
1.0,annual_population_estimates_by_age_sex_csv,1b7b14fa75cab035860dd865eedd72527a92dac1a9ca0fcf76bbb5a2b731e368,,2011/2024,derived,derived_from_2015_age_72_Male_and_Female,annual_estimates_sex_sum_v1,2015,72,all,760,reported,
1.0,annual_population_estimates_by_age_sex_csv,1b7b14fa75cab035860dd865eedd72527a92dac1a9ca0fcf76bbb5a2b731e368,,2011/2024,observed,csv_row_2015_age_73_col_Male,annual_estimates_observed_v1,2015,73,male,300,reported,
1.0,annual_population_estimates_by_age_sex_csv,1b7b14fa75cab035860dd865eedd72527a92dac1a9ca0fcf76bbb5a2b731e368,,2011/2024,observed,csv_row_2015_age_73_col_Female,annual_estimates_observed_v1,2015,73,female,350,reported,
1.0,annual_population_estimates_by_age_sex_csv,1b7b14fa75cab035860dd865eedd72527a92dac1a9ca0fcf76bbb5a2b731e368,,2011/2024,derived,derived_from_2015_age_73_Male_and_Female,annual_estimates_sex_sum_v1,2015,73,all,650,reported,
1.0,annual_population_estimates_by_age_sex_csv,1b7b14fa75cab035860dd865eedd72527a92dac1a9ca0fcf76bbb5a2b731e368,,2011/2024,observed,csv_row_2015_age_74_col_Male,annual_estimates_observed_v1,2015,74,male,280,reported,
1.0,annual_population_estimates_by_age_sex_csv,1b7b14fa75cab035860dd865eedd72527a92dac1a9ca0fcf76bbb5a2b731e368,,2011/2024,observed,csv_row_2015_age_74_col_Female,annual_estimates_observed_v1,2015,74,female,350,reported,
1.0,annual_population_estimates_by_age_sex_csv,1b7b14fa75cab035860dd865eedd72527a92dac1a9ca0fcf76bbb5a2b731e368,,2011/2024,derived,derived_from_2015_age_74_Male_and_Female,annual_estimates_sex_sum_v1,2015,74,all,630,reported,
1.0,annual_population_estimates_by_age_sex_csv,1b7b14fa75cab035860dd865eedd72527a92dac1a9ca0fcf76bbb5a2b731e368,,2011/2024,observed,csv_row_2015_age_75_col_Male,annual_estimates_observed_v1,2015,75,male,340,reported,
1.0,annual_population_estimates_by_age_sex_csv,1b7b14fa75cab035860dd865eedd72527a92dac1a9ca0fcf76bbb5a2b731e368,,2011/2024,observed,csv_row_2015_age_75_col_Female,annual_estimates_observed_v1,2015,75,female,380,reported,
1.0,annual_population_estimates_by_age_sex_csv,1b7b14fa75cab035860dd865eedd72527a92dac1a9ca0fcf76bbb5a2b731e368,,2011/2024,derived,derived_from_2015_age_75_Male_and_Female,annual_estimates_sex_sum_v1,2015,75,all,720,reported,
1.0,annual_population_estimates_by_age_sex_csv,1b7b14fa75cab035860dd865eedd72527a92dac1a9ca0fcf76bbb5a2b731e368,,2011/2024,observed,csv_row_2015_age_76_col_Male,annual_estimates_observed_v1,2015,76,male,350,reported,
1.0,annual_population_estimates_by_age_sex_csv,1b7b14fa75cab035860dd865eedd72527a92dac1a9ca0fcf76bbb5a2b731e368,,2011/2024,observed,csv_row_2015_age_76_col_Female,annual_estimates_observed_v1,2015,76,female,360,reported,
1.0,annual_population_estimates_by_age_sex_csv,1b7b14fa75cab035860dd865eedd72527a92dac1a9ca0fcf76bbb5a2b731e368,,2011/2024,derived,derived_from_2015_age_76_Male_and_Female,annual_estimates_sex_sum_v1,2015,76,all,710,reported,
1.0,annual_population_estimates_by_age_sex_csv,1b7b14fa75cab035860dd865eedd72527a92dac1a9ca0fcf76bbb5a2b731e368,,2011/2024,observed,csv_row_2015_age_77_col_Male,annual_estimates_observed_v1,2015,77,male,310,reported,
1.0,annual_population_estimates_by_age_sex_csv,1b7b14fa75cab035860dd865eedd72527a92dac1a9ca0fcf76bbb5a2b731e368,,2011/2024,observed,csv_row_2015_age_77_col_Female,annual_estimates_observed_v1,2015,77,female,350,reported,
1.0,annual_population_estimates_by_age_sex_csv,1b7b14fa75cab035860dd865eedd72527a92dac1a9ca0fcf76bbb5a2b731e368,,2011/2024,derived,derived_from_2015_age_77_Male_and_Female,annual_estimates_sex_sum_v1,2015,77,all,660,reported,
1.0,annual_population_estimates_by_age_sex_csv,1b7b14fa75cab035860dd865eedd72527a92dac1a9ca0fcf76bbb5a2b731e368,,2011/2024,observed,csv_row_2015_age_78_col_Male,annual_estimates_observed_v1,2015,78,male,280,reported,
1.0,annual_population_estimates_by_age_sex_csv,1b7b14fa75cab035860dd865eedd72527a92dac1a9ca0fcf76bbb5a2b731e368,,2011/2024,observed,csv_row_2015_age_78_col_Female,annual_estimates_observed_v1,2015,78,female,350,reported,
1.0,annual_population_estimates_by_age_sex_csv,1b7b14fa75cab035860dd865eedd72527a92dac1a9ca0fcf76bbb5a2b731e368,,2011/2024,derived,derived_from_2015_age_78_Male_and_Female,annual_estimates_sex_sum_v1,2015,78,all,630,reported,
1.0,annual_population_estimates_by_age_sex_csv,1b7b14fa75cab035860dd865eedd72527a92dac1a9ca0fcf76bbb5a2b731e368,,2011/2024,observed,csv_row_2015_age_79_col_Male,annual_estimates_observed_v1,2015,79,male,270,reported,
1.0,annual_population_estimates_by_age_sex_csv,1b7b14fa75cab035860dd865eedd72527a92dac1a9ca0fcf76bbb5a2b731e368,,2011/2024,observed,csv_row_2015_age_79_col_Female,annual_estimates_observed_v1,2015,79,female,330,reported,
1.0,annual_population_estimates_by_age_sex_csv,1b7b14fa75cab035860dd865eedd72527a92dac1a9ca0fcf76bbb5a2b731e368,,2011/2024,derived,derived_from_2015_age_79_Male_and_Female,annual_estimates_sex_sum_v1,2015,79,all,600,reported,
1.0,annual_population_estimates_by_age_sex_csv,1b7b14fa75cab035860dd865eedd72527a92dac1a9ca0fcf76bbb5a2b731e368,,2011/2024,observed,csv_row_2015_age_80_col_Male,annual_estimates_observed_v1,2015,80,male,260,reported,
1.0,annual_population_estimates_by_age_sex_csv,1b7b14fa75cab035860dd865eedd72527a92dac1a9ca0fcf76bbb5a2b731e368,,2011/2024,observed,csv_row_2015_age_80_col_Female,annual_estimates_observed_v1,2015,80,female,280,reported,
1.0,annual_population_estimates_by_age_sex_csv,1b7b14fa75cab035860dd865eedd72527a92dac1a9ca0fcf76bbb5a2b731e368,,2011/2024,derived,derived_from_2015_age_80_Male_and_Female,annual_estimates_sex_sum_v1,2015,80,all,540,reported,
1.0,annual_population_estimates_by_age_sex_csv,1b7b14fa75cab035860dd865eedd72527a92dac1a9ca0fcf76bbb5a2b731e368,,2011/2024,observed,csv_row_2015_age_81_col_Male,annual_estimates_observed_v1,2015,81,male,230,reported,
1.0,annual_population_estimates_by_age_sex_csv,1b7b14fa75cab035860dd865eedd72527a92dac1a9ca0fcf76bbb5a2b731e368,,2011/2024,observed,csv_row_2015_age_81_col_Female,annual_estimates_observed_v1,2015,81,female,290,reported,
1.0,annual_population_estimates_by_age_sex_csv,1b7b14fa75cab035860dd865eedd72527a92dac1a9ca0fcf76bbb5a2b731e368,,2011/2024,derived,derived_from_2015_age_81_Male_and_Female,annual_estimates_sex_sum_v1,2015,81,all,520,reported,
1.0,annual_population_estimates_by_age_sex_csv,1b7b14fa75cab035860dd865eedd72527a92dac1a9ca0fcf76bbb5a2b731e368,,2011/2024,observed,csv_row_2015_age_82_col_Male,annual_estimates_observed_v1,2015,82,male,220,reported,
1.0,annual_population_estimates_by_age_sex_csv,1b7b14fa75cab035860dd865eedd72527a92dac1a9ca0fcf76bbb5a2b731e368,,2011/2024,observed,csv_row_2015_age_82_col_Female,annual_estimates_observed_v1,2015,82,female,270,reported,
1.0,annual_population_estimates_by_age_sex_csv,1b7b14fa75cab035860dd865eedd72527a92dac1a9ca0fcf76bbb5a2b731e368,,2011/2024,derived,derived_from_2015_age_82_Male_and_Female,annual_estimates_sex_sum_v1,2015,82,all,490,reported,
1.0,annual_population_estimates_by_age_sex_csv,1b7b14fa75cab035860dd865eedd72527a92dac1a9ca0fcf76bbb5a2b731e368,,2011/2024,observed,csv_row_2015_age_83_col_Male,annual_estimates_observed_v1,2015,83,male,160,reported,
1.0,annual_population_estimates_by_age_sex_csv,1b7b14fa75cab035860dd865eedd72527a92dac1a9ca0fcf76bbb5a2b731e368,,2011/2024,observed,csv_row_2015_age_83_col_Female,annual_estimates_observed_v1,2015,83,female,250,reported,
1.0,annual_population_estimates_by_age_sex_csv,1b7b14fa75cab035860dd865eedd72527a92dac1a9ca0fcf76bbb5a2b731e368,,2011/2024,derived,derived_from_2015_age_83_Male_and_Female,annual_estimates_sex_sum_v1,2015,83,all,410,reported,
1.0,annual_population_estimates_by_age_sex_csv,1b7b14fa75cab035860dd865eedd72527a92dac1a9ca0fcf76bbb5a2b731e368,,2011/2024,observed,csv_row_2015_age_84_col_Male,annual_estimates_observed_v1,2015,84,male,170,reported,
1.0,annual_population_estimates_by_age_sex_csv,1b7b14fa75cab035860dd865eedd72527a92dac1a9ca0fcf76bbb5a2b731e368,,2011/2024,observed,csv_row_2015_age_84_col_Female,annual_estimates_observed_v1,2015,84,female,220,reported,
1.0,annual_population_estimates_by_age_sex_csv,1b7b14fa75cab035860dd865eedd72527a92dac1a9ca0fcf76bbb5a2b731e368,,2011/2024,derived,derived_from_2015_age_84_Male_and_Female,annual_estimates_sex_sum_v1,2015,84,all,390,reported,
1.0,annual_population_estimates_by_age_sex_csv,1b7b14fa75cab035860dd865eedd72527a92dac1a9ca0fcf76bbb5a2b731e368,,2011/2024,observed,csv_row_2015_age_85_col_Male,annual_estimates_observed_v1,2015,85,male,140,reported,
1.0,annual_population_estimates_by_age_sex_csv,1b7b14fa75cab035860dd865eedd72527a92dac1a9ca0fcf76bbb5a2b731e368,,2011/2024,observed,csv_row_2015_age_85_col_Female,annual_estimates_observed_v1,2015,85,female,220,reported,
1.0,annual_population_estimates_by_age_sex_csv,1b7b14fa75cab035860dd865eedd72527a92dac1a9ca0fcf76bbb5a2b731e368,,2011/2024,derived,derived_from_2015_age_85_Male_and_Female,annual_estimates_sex_sum_v1,2015,85,all,360,reported,
1.0,annual_population_estimates_by_age_sex_csv,1b7b14fa75cab035860dd865eedd72527a92dac1a9ca0fcf76bbb5a2b731e368,,2011/2024,observed,csv_row_2015_age_86_col_Male,annual_estimates_observed_v1,2015,86,male,110,reported,
1.0,annual_population_estimates_by_age_sex_csv,1b7b14fa75cab035860dd865eedd72527a92dac1a9ca0fcf76bbb5a2b731e368,,2011/2024,observed,csv_row_2015_age_86_col_Female,annual_estimates_observed_v1,2015,86,female,190,reported,
1.0,annual_population_estimates_by_age_sex_csv,1b7b14fa75cab035860dd865eedd72527a92dac1a9ca0fcf76bbb5a2b731e368,,2011/2024,derived,derived_from_2015_age_86_Male_and_Female,annual_estimates_sex_sum_v1,2015,86,all,300,reported,
1.0,annual_population_estimates_by_age_sex_csv,1b7b14fa75cab035860dd865eedd72527a92dac1a9ca0fcf76bbb5a2b731e368,,2011/2024,observed,csv_row_2015_age_87_col_Male,annual_estimates_observed_v1,2015,87,male,90,reported,
1.0,annual_population_estimates_by_age_sex_csv,1b7b14fa75cab035860dd865eedd72527a92dac1a9ca0fcf76bbb5a2b731e368,,2011/2024,observed,csv_row_2015_age_87_col_Female,annual_estimates_observed_v1,2015,87,female,190,reported,
1.0,annual_population_estimates_by_age_sex_csv,1b7b14fa75cab035860dd865eedd72527a92dac1a9ca0fcf76bbb5a2b731e368,,2011/2024,derived,derived_from_2015_age_87_Male_and_Female,annual_estimates_sex_sum_v1,2015,87,all,280,reported,
1.0,annual_population_estimates_by_age_sex_csv,1b7b14fa75cab035860dd865eedd72527a92dac1a9ca0fcf76bbb5a2b731e368,,2011/2024,observed,csv_row_2015_age_88_col_Male,annual_estimates_observed_v1,2015,88,male,80,reported,
1.0,annual_population_estimates_by_age_sex_csv,1b7b14fa75cab035860dd865eedd72527a92dac1a9ca0fcf76bbb5a2b731e368,,2011/2024,observed,csv_row_2015_age_88_col_Female,annual_estimates_observed_v1,2015,88,female,130,reported,
1.0,annual_population_estimates_by_age_sex_csv,1b7b14fa75cab035860dd865eedd72527a92dac1a9ca0fcf76bbb5a2b731e368,,2011/2024,derived,derived_from_2015_age_88_Male_and_Female,annual_estimates_sex_sum_v1,2015,88,all,210,reported,
1.0,annual_population_estimates_by_age_sex_csv,1b7b14fa75cab035860dd865eedd72527a92dac1a9ca0fcf76bbb5a2b731e368,,2011/2024,observed,csv_row_2015_age_89_col_Male,annual_estimates_observed_v1,2015,89,male,80,reported,
1.0,annual_population_estimates_by_age_sex_csv,1b7b14fa75cab035860dd865eedd72527a92dac1a9ca0fcf76bbb5a2b731e368,,2011/2024,observed,csv_row_2015_age_89_col_Female,annual_estimates_observed_v1,2015,89,female,150,reported,
1.0,annual_population_estimates_by_age_sex_csv,1b7b14fa75cab035860dd865eedd72527a92dac1a9ca0fcf76bbb5a2b731e368,,2011/2024,derived,derived_from_2015_age_89_Male_and_Female,annual_estimates_sex_sum_v1,2015,89,all,230,reported,
1.0,annual_population_estimates_by_age_sex_csv,1b7b14fa75cab035860dd865eedd72527a92dac1a9ca0fcf76bbb5a2b731e368,,2011/2024,observed,csv_row_2015_age_90_col_Male,annual_estimates_observed_v1,2015,90,male,70,reported,
1.0,annual_population_estimates_by_age_sex_csv,1b7b14fa75cab035860dd865eedd72527a92dac1a9ca0fcf76bbb5a2b731e368,,2011/2024,observed,csv_row_2015_age_90_col_Female,annual_estimates_observed_v1,2015,90,female,110,reported,
1.0,annual_population_estimates_by_age_sex_csv,1b7b14fa75cab035860dd865eedd72527a92dac1a9ca0fcf76bbb5a2b731e368,,2011/2024,derived,derived_from_2015_age_90_Male_and_Female,annual_estimates_sex_sum_v1,2015,90,all,180,reported,
1.0,annual_population_estimates_by_age_sex_csv,1b7b14fa75cab035860dd865eedd72527a92dac1a9ca0fcf76bbb5a2b731e368,,2011/2024,observed,csv_row_2015_age_91_col_Male,annual_estimates_observed_v1,2015,91,male,50,reported,
1.0,annual_population_estimates_by_age_sex_csv,1b7b14fa75cab035860dd865eedd72527a92dac1a9ca0fcf76bbb5a2b731e368,,2011/2024,observed,csv_row_2015_age_91_col_Female,annual_estimates_observed_v1,2015,91,female,100,reported,
1.0,annual_population_estimates_by_age_sex_csv,1b7b14fa75cab035860dd865eedd72527a92dac1a9ca0fcf76bbb5a2b731e368,,2011/2024,derived,derived_from_2015_age_91_Male_and_Female,annual_estimates_sex_sum_v1,2015,91,all,150,reported,
1.0,annual_population_estimates_by_age_sex_csv,1b7b14fa75cab035860dd865eedd72527a92dac1a9ca0fcf76bbb5a2b731e368,,2011/2024,observed,csv_row_2015_age_92_col_Male,annual_estimates_observed_v1,2015,92,male,40,reported,
1.0,annual_population_estimates_by_age_sex_csv,1b7b14fa75cab035860dd865eedd72527a92dac1a9ca0fcf76bbb5a2b731e368,,2011/2024,observed,csv_row_2015_age_92_col_Female,annual_estimates_observed_v1,2015,92,female,80,reported,
1.0,annual_population_estimates_by_age_sex_csv,1b7b14fa75cab035860dd865eedd72527a92dac1a9ca0fcf76bbb5a2b731e368,,2011/2024,derived,derived_from_2015_age_92_Male_and_Female,annual_estimates_sex_sum_v1,2015,92,all,120,reported,
1.0,annual_population_estimates_by_age_sex_csv,1b7b14fa75cab035860dd865eedd72527a92dac1a9ca0fcf76bbb5a2b731e368,,2011/2024,observed,csv_row_2015_age_93_col_Male,annual_estimates_observed_v1,2015,93,male,30,reported,
1.0,annual_population_estimates_by_age_sex_csv,1b7b14fa75cab035860dd865eedd72527a92dac1a9ca0fcf76bbb5a2b731e368,,2011/2024,observed,csv_row_2015_age_93_col_Female,annual_estimates_observed_v1,2015,93,female,70,reported,
1.0,annual_population_estimates_by_age_sex_csv,1b7b14fa75cab035860dd865eedd72527a92dac1a9ca0fcf76bbb5a2b731e368,,2011/2024,derived,derived_from_2015_age_93_Male_and_Female,annual_estimates_sex_sum_v1,2015,93,all,100,reported,
1.0,annual_population_estimates_by_age_sex_csv,1b7b14fa75cab035860dd865eedd72527a92dac1a9ca0fcf76bbb5a2b731e368,,2011/2024,observed,csv_row_2015_age_94_col_Male,annual_estimates_observed_v1,2015,94,male,10,reported,
1.0,annual_population_estimates_by_age_sex_csv,1b7b14fa75cab035860dd865eedd72527a92dac1a9ca0fcf76bbb5a2b731e368,,2011/2024,observed,csv_row_2015_age_94_col_Female,annual_estimates_observed_v1,2015,94,female,60,reported,
1.0,annual_population_estimates_by_age_sex_csv,1b7b14fa75cab035860dd865eedd72527a92dac1a9ca0fcf76bbb5a2b731e368,,2011/2024,derived,derived_from_2015_age_94_Male_and_Female,annual_estimates_sex_sum_v1,2015,94,all,70,reported,
1.0,annual_population_estimates_by_age_sex_csv,1b7b14fa75cab035860dd865eedd72527a92dac1a9ca0fcf76bbb5a2b731e368,,2011/2024,observed,csv_row_2015_age_95_col_Male,annual_estimates_observed_v1,2015,95,male,10,reported,
1.0,annual_population_estimates_by_age_sex_csv,1b7b14fa75cab035860dd865eedd72527a92dac1a9ca0fcf76bbb5a2b731e368,,2011/2024,observed,csv_row_2015_age_95_col_Female,annual_estimates_observed_v1,2015,95,female,60,reported,
1.0,annual_population_estimates_by_age_sex_csv,1b7b14fa75cab035860dd865eedd72527a92dac1a9ca0fcf76bbb5a2b731e368,,2011/2024,derived,derived_from_2015_age_95_Male_and_Female,annual_estimates_sex_sum_v1,2015,95,all,70,reported,
1.0,annual_population_estimates_by_age_sex_csv,1b7b14fa75cab035860dd865eedd72527a92dac1a9ca0fcf76bbb5a2b731e368,,2011/2024,observed,csv_row_2015_age_96_col_Male,annual_estimates_observed_v1,2015,96,male,10,reported,
1.0,annual_population_estimates_by_age_sex_csv,1b7b14fa75cab035860dd865eedd72527a92dac1a9ca0fcf76bbb5a2b731e368,,2011/2024,observed,csv_row_2015_age_96_col_Female,annual_estimates_observed_v1,2015,96,female,20,reported,
1.0,annual_population_estimates_by_age_sex_csv,1b7b14fa75cab035860dd865eedd72527a92dac1a9ca0fcf76bbb5a2b731e368,,2011/2024,derived,derived_from_2015_age_96_Male_and_Female,annual_estimates_sex_sum_v1,2015,96,all,30,reported,
1.0,annual_population_estimates_by_age_sex_csv,1b7b14fa75cab035860dd865eedd72527a92dac1a9ca0fcf76bbb5a2b731e368,,2011/2024,observed,csv_row_2015_age_97_col_Male,annual_estimates_observed_v1,2015,97,male,10,reported,
1.0,annual_population_estimates_by_age_sex_csv,1b7b14fa75cab035860dd865eedd72527a92dac1a9ca0fcf76bbb5a2b731e368,,2011/2024,observed,csv_row_2015_age_97_col_Female,annual_estimates_observed_v1,2015,97,female,20,reported,
1.0,annual_population_estimates_by_age_sex_csv,1b7b14fa75cab035860dd865eedd72527a92dac1a9ca0fcf76bbb5a2b731e368,,2011/2024,derived,derived_from_2015_age_97_Male_and_Female,annual_estimates_sex_sum_v1,2015,97,all,30,reported,
1.0,annual_population_estimates_by_age_sex_csv,1b7b14fa75cab035860dd865eedd72527a92dac1a9ca0fcf76bbb5a2b731e368,,2011/2024,observed,csv_row_2015_age_98_col_Male,annual_estimates_observed_v1,2015,98,male,0,reported,
1.0,annual_population_estimates_by_age_sex_csv,1b7b14fa75cab035860dd865eedd72527a92dac1a9ca0fcf76bbb5a2b731e368,,2011/2024,observed,csv_row_2015_age_98_col_Female,annual_estimates_observed_v1,2015,98,female,20,reported,
1.0,annual_population_estimates_by_age_sex_csv,1b7b14fa75cab035860dd865eedd72527a92dac1a9ca0fcf76bbb5a2b731e368,,2011/2024,derived,derived_from_2015_age_98_Male_and_Female,annual_estimates_sex_sum_v1,2015,98,all,20,reported,
1.0,annual_population_estimates_by_age_sex_csv,1b7b14fa75cab035860dd865eedd72527a92dac1a9ca0fcf76bbb5a2b731e368,,2011/2024,observed,csv_row_2015_age_99_col_Male,annual_estimates_observed_v1,2015,99,male,0,reported,
1.0,annual_population_estimates_by_age_sex_csv,1b7b14fa75cab035860dd865eedd72527a92dac1a9ca0fcf76bbb5a2b731e368,,2011/2024,observed,csv_row_2015_age_99_col_Female,annual_estimates_observed_v1,2015,99,female,10,reported,
1.0,annual_population_estimates_by_age_sex_csv,1b7b14fa75cab035860dd865eedd72527a92dac1a9ca0fcf76bbb5a2b731e368,,2011/2024,derived,derived_from_2015_age_99_Male_and_Female,annual_estimates_sex_sum_v1,2015,99,all,10,reported,
1.0,annual_population_estimates_by_age_sex_csv,1b7b14fa75cab035860dd865eedd72527a92dac1a9ca0fcf76bbb5a2b731e368,,2011/2024,observed,csv_row_2015_age_100_col_Male,annual_estimates_observed_v1,2015,100,male,0,reported,
1.0,annual_population_estimates_by_age_sex_csv,1b7b14fa75cab035860dd865eedd72527a92dac1a9ca0fcf76bbb5a2b731e368,,2011/2024,observed,csv_row_2015_age_100_col_Female,annual_estimates_observed_v1,2015,100,female,10,reported,
1.0,annual_population_estimates_by_age_sex_csv,1b7b14fa75cab035860dd865eedd72527a92dac1a9ca0fcf76bbb5a2b731e368,,2011/2024,derived,derived_from_2015_age_100_Male_and_Female,annual_estimates_sex_sum_v1,2015,100,all,10,reported,
1.0,annual_population_estimates_by_age_sex_csv,1b7b14fa75cab035860dd865eedd72527a92dac1a9ca0fcf76bbb5a2b731e368,,2011/2024,observed,csv_row_2016_age_0_col_Male,annual_estimates_observed_v1,2016,0,male,530,reported,
1.0,annual_population_estimates_by_age_sex_csv,1b7b14fa75cab035860dd865eedd72527a92dac1a9ca0fcf76bbb5a2b731e368,,2011/2024,observed,csv_row_2016_age_0_col_Female,annual_estimates_observed_v1,2016,0,female,500,reported,
1.0,annual_population_estimates_by_age_sex_csv,1b7b14fa75cab035860dd865eedd72527a92dac1a9ca0fcf76bbb5a2b731e368,,2011/2024,derived,derived_from_2016_age_0_Male_and_Female,annual_estimates_sex_sum_v1,2016,0,all,1030,reported,
1.0,annual_population_estimates_by_age_sex_csv,1b7b14fa75cab035860dd865eedd72527a92dac1a9ca0fcf76bbb5a2b731e368,,2011/2024,observed,csv_row_2016_age_1_col_Male,annual_estimates_observed_v1,2016,1,male,550,reported,
1.0,annual_population_estimates_by_age_sex_csv,1b7b14fa75cab035860dd865eedd72527a92dac1a9ca0fcf76bbb5a2b731e368,,2011/2024,observed,csv_row_2016_age_1_col_Female,annual_estimates_observed_v1,2016,1,female,510,reported,
1.0,annual_population_estimates_by_age_sex_csv,1b7b14fa75cab035860dd865eedd72527a92dac1a9ca0fcf76bbb5a2b731e368,,2011/2024,derived,derived_from_2016_age_1_Male_and_Female,annual_estimates_sex_sum_v1,2016,1,all,1060,reported,
1.0,annual_population_estimates_by_age_sex_csv,1b7b14fa75cab035860dd865eedd72527a92dac1a9ca0fcf76bbb5a2b731e368,,2011/2024,observed,csv_row_2016_age_2_col_Male,annual_estimates_observed_v1,2016,2,male,460,reported,
1.0,annual_population_estimates_by_age_sex_csv,1b7b14fa75cab035860dd865eedd72527a92dac1a9ca0fcf76bbb5a2b731e368,,2011/2024,observed,csv_row_2016_age_2_col_Female,annual_estimates_observed_v1,2016,2,female,460,reported,
1.0,annual_population_estimates_by_age_sex_csv,1b7b14fa75cab035860dd865eedd72527a92dac1a9ca0fcf76bbb5a2b731e368,,2011/2024,derived,derived_from_2016_age_2_Male_and_Female,annual_estimates_sex_sum_v1,2016,2,all,920,reported,
1.0,annual_population_estimates_by_age_sex_csv,1b7b14fa75cab035860dd865eedd72527a92dac1a9ca0fcf76bbb5a2b731e368,,2011/2024,observed,csv_row_2016_age_3_col_Male,annual_estimates_observed_v1,2016,3,male,530,reported,
1.0,annual_population_estimates_by_age_sex_csv,1b7b14fa75cab035860dd865eedd72527a92dac1a9ca0fcf76bbb5a2b731e368,,2011/2024,observed,csv_row_2016_age_3_col_Female,annual_estimates_observed_v1,2016,3,female,490,reported,
1.0,annual_population_estimates_by_age_sex_csv,1b7b14fa75cab035860dd865eedd72527a92dac1a9ca0fcf76bbb5a2b731e368,,2011/2024,derived,derived_from_2016_age_3_Male_and_Female,annual_estimates_sex_sum_v1,2016,3,all,1020,reported,
1.0,annual_population_estimates_by_age_sex_csv,1b7b14fa75cab035860dd865eedd72527a92dac1a9ca0fcf76bbb5a2b731e368,,2011/2024,observed,csv_row_2016_age_4_col_Male,annual_estimates_observed_v1,2016,4,male,570,reported,
1.0,annual_population_estimates_by_age_sex_csv,1b7b14fa75cab035860dd865eedd72527a92dac1a9ca0fcf76bbb5a2b731e368,,2011/2024,observed,csv_row_2016_age_4_col_Female,annual_estimates_observed_v1,2016,4,female,560,reported,
1.0,annual_population_estimates_by_age_sex_csv,1b7b14fa75cab035860dd865eedd72527a92dac1a9ca0fcf76bbb5a2b731e368,,2011/2024,derived,derived_from_2016_age_4_Male_and_Female,annual_estimates_sex_sum_v1,2016,4,all,1130,reported,
1.0,annual_population_estimates_by_age_sex_csv,1b7b14fa75cab035860dd865eedd72527a92dac1a9ca0fcf76bbb5a2b731e368,,2011/2024,observed,csv_row_2016_age_5_col_Male,annual_estimates_observed_v1,2016,5,male,540,reported,
1.0,annual_population_estimates_by_age_sex_csv,1b7b14fa75cab035860dd865eedd72527a92dac1a9ca0fcf76bbb5a2b731e368,,2011/2024,observed,csv_row_2016_age_5_col_Female,annual_estimates_observed_v1,2016,5,female,530,reported,
1.0,annual_population_estimates_by_age_sex_csv,1b7b14fa75cab035860dd865eedd72527a92dac1a9ca0fcf76bbb5a2b731e368,,2011/2024,derived,derived_from_2016_age_5_Male_and_Female,annual_estimates_sex_sum_v1,2016,5,all,1070,reported,
1.0,annual_population_estimates_by_age_sex_csv,1b7b14fa75cab035860dd865eedd72527a92dac1a9ca0fcf76bbb5a2b731e368,,2011/2024,observed,csv_row_2016_age_6_col_Male,annual_estimates_observed_v1,2016,6,male,530,reported,
1.0,annual_population_estimates_by_age_sex_csv,1b7b14fa75cab035860dd865eedd72527a92dac1a9ca0fcf76bbb5a2b731e368,,2011/2024,observed,csv_row_2016_age_6_col_Female,annual_estimates_observed_v1,2016,6,female,550,reported,
1.0,annual_population_estimates_by_age_sex_csv,1b7b14fa75cab035860dd865eedd72527a92dac1a9ca0fcf76bbb5a2b731e368,,2011/2024,derived,derived_from_2016_age_6_Male_and_Female,annual_estimates_sex_sum_v1,2016,6,all,1080,reported,
1.0,annual_population_estimates_by_age_sex_csv,1b7b14fa75cab035860dd865eedd72527a92dac1a9ca0fcf76bbb5a2b731e368,,2011/2024,observed,csv_row_2016_age_7_col_Male,annual_estimates_observed_v1,2016,7,male,520,reported,
1.0,annual_population_estimates_by_age_sex_csv,1b7b14fa75cab035860dd865eedd72527a92dac1a9ca0fcf76bbb5a2b731e368,,2011/2024,observed,csv_row_2016_age_7_col_Female,annual_estimates_observed_v1,2016,7,female,500,reported,
1.0,annual_population_estimates_by_age_sex_csv,1b7b14fa75cab035860dd865eedd72527a92dac1a9ca0fcf76bbb5a2b731e368,,2011/2024,derived,derived_from_2016_age_7_Male_and_Female,annual_estimates_sex_sum_v1,2016,7,all,1020,reported,
1.0,annual_population_estimates_by_age_sex_csv,1b7b14fa75cab035860dd865eedd72527a92dac1a9ca0fcf76bbb5a2b731e368,,2011/2024,observed,csv_row_2016_age_8_col_Male,annual_estimates_observed_v1,2016,8,male,500,reported,
1.0,annual_population_estimates_by_age_sex_csv,1b7b14fa75cab035860dd865eedd72527a92dac1a9ca0fcf76bbb5a2b731e368,,2011/2024,observed,csv_row_2016_age_8_col_Female,annual_estimates_observed_v1,2016,8,female,560,reported,
1.0,annual_population_estimates_by_age_sex_csv,1b7b14fa75cab035860dd865eedd72527a92dac1a9ca0fcf76bbb5a2b731e368,,2011/2024,derived,derived_from_2016_age_8_Male_and_Female,annual_estimates_sex_sum_v1,2016,8,all,1060,reported,
1.0,annual_population_estimates_by_age_sex_csv,1b7b14fa75cab035860dd865eedd72527a92dac1a9ca0fcf76bbb5a2b731e368,,2011/2024,observed,csv_row_2016_age_9_col_Male,annual_estimates_observed_v1,2016,9,male,520,reported,
1.0,annual_population_estimates_by_age_sex_csv,1b7b14fa75cab035860dd865eedd72527a92dac1a9ca0fcf76bbb5a2b731e368,,2011/2024,observed,csv_row_2016_age_9_col_Female,annual_estimates_observed_v1,2016,9,female,530,reported,
1.0,annual_population_estimates_by_age_sex_csv,1b7b14fa75cab035860dd865eedd72527a92dac1a9ca0fcf76bbb5a2b731e368,,2011/2024,derived,derived_from_2016_age_9_Male_and_Female,annual_estimates_sex_sum_v1,2016,9,all,1050,reported,
1.0,annual_population_estimates_by_age_sex_csv,1b7b14fa75cab035860dd865eedd72527a92dac1a9ca0fcf76bbb5a2b731e368,,2011/2024,observed,csv_row_2016_age_10_col_Male,annual_estimates_observed_v1,2016,10,male,500,reported,
1.0,annual_population_estimates_by_age_sex_csv,1b7b14fa75cab035860dd865eedd72527a92dac1a9ca0fcf76bbb5a2b731e368,,2011/2024,observed,csv_row_2016_age_10_col_Female,annual_estimates_observed_v1,2016,10,female,510,reported,
1.0,annual_population_estimates_by_age_sex_csv,1b7b14fa75cab035860dd865eedd72527a92dac1a9ca0fcf76bbb5a2b731e368,,2011/2024,derived,derived_from_2016_age_10_Male_and_Female,annual_estimates_sex_sum_v1,2016,10,all,1010,reported,
1.0,annual_population_estimates_by_age_sex_csv,1b7b14fa75cab035860dd865eedd72527a92dac1a9ca0fcf76bbb5a2b731e368,,2011/2024,observed,csv_row_2016_age_11_col_Male,annual_estimates_observed_v1,2016,11,male,510,reported,
1.0,annual_population_estimates_by_age_sex_csv,1b7b14fa75cab035860dd865eedd72527a92dac1a9ca0fcf76bbb5a2b731e368,,2011/2024,observed,csv_row_2016_age_11_col_Female,annual_estimates_observed_v1,2016,11,female,510,reported,
1.0,annual_population_estimates_by_age_sex_csv,1b7b14fa75cab035860dd865eedd72527a92dac1a9ca0fcf76bbb5a2b731e368,,2011/2024,derived,derived_from_2016_age_11_Male_and_Female,annual_estimates_sex_sum_v1,2016,11,all,1020,reported,
1.0,annual_population_estimates_by_age_sex_csv,1b7b14fa75cab035860dd865eedd72527a92dac1a9ca0fcf76bbb5a2b731e368,,2011/2024,observed,csv_row_2016_age_12_col_Male,annual_estimates_observed_v1,2016,12,male,520,reported,
1.0,annual_population_estimates_by_age_sex_csv,1b7b14fa75cab035860dd865eedd72527a92dac1a9ca0fcf76bbb5a2b731e368,,2011/2024,observed,csv_row_2016_age_12_col_Female,annual_estimates_observed_v1,2016,12,female,500,reported,
1.0,annual_population_estimates_by_age_sex_csv,1b7b14fa75cab035860dd865eedd72527a92dac1a9ca0fcf76bbb5a2b731e368,,2011/2024,derived,derived_from_2016_age_12_Male_and_Female,annual_estimates_sex_sum_v1,2016,12,all,1020,reported,
1.0,annual_population_estimates_by_age_sex_csv,1b7b14fa75cab035860dd865eedd72527a92dac1a9ca0fcf76bbb5a2b731e368,,2011/2024,observed,csv_row_2016_age_13_col_Male,annual_estimates_observed_v1,2016,13,male,540,reported,
1.0,annual_population_estimates_by_age_sex_csv,1b7b14fa75cab035860dd865eedd72527a92dac1a9ca0fcf76bbb5a2b731e368,,2011/2024,observed,csv_row_2016_age_13_col_Female,annual_estimates_observed_v1,2016,13,female,490,reported,
1.0,annual_population_estimates_by_age_sex_csv,1b7b14fa75cab035860dd865eedd72527a92dac1a9ca0fcf76bbb5a2b731e368,,2011/2024,derived,derived_from_2016_age_13_Male_and_Female,annual_estimates_sex_sum_v1,2016,13,all,1030,reported,
1.0,annual_population_estimates_by_age_sex_csv,1b7b14fa75cab035860dd865eedd72527a92dac1a9ca0fcf76bbb5a2b731e368,,2011/2024,observed,csv_row_2016_age_14_col_Male,annual_estimates_observed_v1,2016,14,male,460,reported,
1.0,annual_population_estimates_by_age_sex_csv,1b7b14fa75cab035860dd865eedd72527a92dac1a9ca0fcf76bbb5a2b731e368,,2011/2024,observed,csv_row_2016_age_14_col_Female,annual_estimates_observed_v1,2016,14,female,490,reported,
1.0,annual_population_estimates_by_age_sex_csv,1b7b14fa75cab035860dd865eedd72527a92dac1a9ca0fcf76bbb5a2b731e368,,2011/2024,derived,derived_from_2016_age_14_Male_and_Female,annual_estimates_sex_sum_v1,2016,14,all,950,reported,
1.0,annual_population_estimates_by_age_sex_csv,1b7b14fa75cab035860dd865eedd72527a92dac1a9ca0fcf76bbb5a2b731e368,,2011/2024,observed,csv_row_2016_age_15_col_Male,annual_estimates_observed_v1,2016,15,male,520,reported,
1.0,annual_population_estimates_by_age_sex_csv,1b7b14fa75cab035860dd865eedd72527a92dac1a9ca0fcf76bbb5a2b731e368,,2011/2024,observed,csv_row_2016_age_15_col_Female,annual_estimates_observed_v1,2016,15,female,500,reported,
1.0,annual_population_estimates_by_age_sex_csv,1b7b14fa75cab035860dd865eedd72527a92dac1a9ca0fcf76bbb5a2b731e368,,2011/2024,derived,derived_from_2016_age_15_Male_and_Female,annual_estimates_sex_sum_v1,2016,15,all,1020,reported,
1.0,annual_population_estimates_by_age_sex_csv,1b7b14fa75cab035860dd865eedd72527a92dac1a9ca0fcf76bbb5a2b731e368,,2011/2024,observed,csv_row_2016_age_16_col_Male,annual_estimates_observed_v1,2016,16,male,490,reported,
1.0,annual_population_estimates_by_age_sex_csv,1b7b14fa75cab035860dd865eedd72527a92dac1a9ca0fcf76bbb5a2b731e368,,2011/2024,observed,csv_row_2016_age_16_col_Female,annual_estimates_observed_v1,2016,16,female,480,reported,
1.0,annual_population_estimates_by_age_sex_csv,1b7b14fa75cab035860dd865eedd72527a92dac1a9ca0fcf76bbb5a2b731e368,,2011/2024,derived,derived_from_2016_age_16_Male_and_Female,annual_estimates_sex_sum_v1,2016,16,all,970,reported,
1.0,annual_population_estimates_by_age_sex_csv,1b7b14fa75cab035860dd865eedd72527a92dac1a9ca0fcf76bbb5a2b731e368,,2011/2024,observed,csv_row_2016_age_17_col_Male,annual_estimates_observed_v1,2016,17,male,560,reported,
1.0,annual_population_estimates_by_age_sex_csv,1b7b14fa75cab035860dd865eedd72527a92dac1a9ca0fcf76bbb5a2b731e368,,2011/2024,observed,csv_row_2016_age_17_col_Female,annual_estimates_observed_v1,2016,17,female,520,reported,
1.0,annual_population_estimates_by_age_sex_csv,1b7b14fa75cab035860dd865eedd72527a92dac1a9ca0fcf76bbb5a2b731e368,,2011/2024,derived,derived_from_2016_age_17_Male_and_Female,annual_estimates_sex_sum_v1,2016,17,all,1080,reported,
1.0,annual_population_estimates_by_age_sex_csv,1b7b14fa75cab035860dd865eedd72527a92dac1a9ca0fcf76bbb5a2b731e368,,2011/2024,observed,csv_row_2016_age_18_col_Male,annual_estimates_observed_v1,2016,18,male,570,reported,
1.0,annual_population_estimates_by_age_sex_csv,1b7b14fa75cab035860dd865eedd72527a92dac1a9ca0fcf76bbb5a2b731e368,,2011/2024,observed,csv_row_2016_age_18_col_Female,annual_estimates_observed_v1,2016,18,female,560,reported,
1.0,annual_population_estimates_by_age_sex_csv,1b7b14fa75cab035860dd865eedd72527a92dac1a9ca0fcf76bbb5a2b731e368,,2011/2024,derived,derived_from_2016_age_18_Male_and_Female,annual_estimates_sex_sum_v1,2016,18,all,1130,reported,
1.0,annual_population_estimates_by_age_sex_csv,1b7b14fa75cab035860dd865eedd72527a92dac1a9ca0fcf76bbb5a2b731e368,,2011/2024,observed,csv_row_2016_age_19_col_Male,annual_estimates_observed_v1,2016,19,male,590,reported,
1.0,annual_population_estimates_by_age_sex_csv,1b7b14fa75cab035860dd865eedd72527a92dac1a9ca0fcf76bbb5a2b731e368,,2011/2024,observed,csv_row_2016_age_19_col_Female,annual_estimates_observed_v1,2016,19,female,540,reported,
1.0,annual_population_estimates_by_age_sex_csv,1b7b14fa75cab035860dd865eedd72527a92dac1a9ca0fcf76bbb5a2b731e368,,2011/2024,derived,derived_from_2016_age_19_Male_and_Female,annual_estimates_sex_sum_v1,2016,19,all,1130,reported,
1.0,annual_population_estimates_by_age_sex_csv,1b7b14fa75cab035860dd865eedd72527a92dac1a9ca0fcf76bbb5a2b731e368,,2011/2024,observed,csv_row_2016_age_20_col_Male,annual_estimates_observed_v1,2016,20,male,610,reported,
1.0,annual_population_estimates_by_age_sex_csv,1b7b14fa75cab035860dd865eedd72527a92dac1a9ca0fcf76bbb5a2b731e368,,2011/2024,observed,csv_row_2016_age_20_col_Female,annual_estimates_observed_v1,2016,20,female,590,reported,
1.0,annual_population_estimates_by_age_sex_csv,1b7b14fa75cab035860dd865eedd72527a92dac1a9ca0fcf76bbb5a2b731e368,,2011/2024,derived,derived_from_2016_age_20_Male_and_Female,annual_estimates_sex_sum_v1,2016,20,all,1200,reported,
1.0,annual_population_estimates_by_age_sex_csv,1b7b14fa75cab035860dd865eedd72527a92dac1a9ca0fcf76bbb5a2b731e368,,2011/2024,observed,csv_row_2016_age_21_col_Male,annual_estimates_observed_v1,2016,21,male,610,reported,
1.0,annual_population_estimates_by_age_sex_csv,1b7b14fa75cab035860dd865eedd72527a92dac1a9ca0fcf76bbb5a2b731e368,,2011/2024,observed,csv_row_2016_age_21_col_Female,annual_estimates_observed_v1,2016,21,female,530,reported,
1.0,annual_population_estimates_by_age_sex_csv,1b7b14fa75cab035860dd865eedd72527a92dac1a9ca0fcf76bbb5a2b731e368,,2011/2024,derived,derived_from_2016_age_21_Male_and_Female,annual_estimates_sex_sum_v1,2016,21,all,1140,reported,
1.0,annual_population_estimates_by_age_sex_csv,1b7b14fa75cab035860dd865eedd72527a92dac1a9ca0fcf76bbb5a2b731e368,,2011/2024,observed,csv_row_2016_age_22_col_Male,annual_estimates_observed_v1,2016,22,male,620,reported,
1.0,annual_population_estimates_by_age_sex_csv,1b7b14fa75cab035860dd865eedd72527a92dac1a9ca0fcf76bbb5a2b731e368,,2011/2024,observed,csv_row_2016_age_22_col_Female,annual_estimates_observed_v1,2016,22,female,610,reported,
1.0,annual_population_estimates_by_age_sex_csv,1b7b14fa75cab035860dd865eedd72527a92dac1a9ca0fcf76bbb5a2b731e368,,2011/2024,derived,derived_from_2016_age_22_Male_and_Female,annual_estimates_sex_sum_v1,2016,22,all,1230,reported,
1.0,annual_population_estimates_by_age_sex_csv,1b7b14fa75cab035860dd865eedd72527a92dac1a9ca0fcf76bbb5a2b731e368,,2011/2024,observed,csv_row_2016_age_23_col_Male,annual_estimates_observed_v1,2016,23,male,590,reported,
1.0,annual_population_estimates_by_age_sex_csv,1b7b14fa75cab035860dd865eedd72527a92dac1a9ca0fcf76bbb5a2b731e368,,2011/2024,observed,csv_row_2016_age_23_col_Female,annual_estimates_observed_v1,2016,23,female,530,reported,
1.0,annual_population_estimates_by_age_sex_csv,1b7b14fa75cab035860dd865eedd72527a92dac1a9ca0fcf76bbb5a2b731e368,,2011/2024,derived,derived_from_2016_age_23_Male_and_Female,annual_estimates_sex_sum_v1,2016,23,all,1120,reported,
1.0,annual_population_estimates_by_age_sex_csv,1b7b14fa75cab035860dd865eedd72527a92dac1a9ca0fcf76bbb5a2b731e368,,2011/2024,observed,csv_row_2016_age_24_col_Male,annual_estimates_observed_v1,2016,24,male,640,reported,
1.0,annual_population_estimates_by_age_sex_csv,1b7b14fa75cab035860dd865eedd72527a92dac1a9ca0fcf76bbb5a2b731e368,,2011/2024,observed,csv_row_2016_age_24_col_Female,annual_estimates_observed_v1,2016,24,female,570,reported,
1.0,annual_population_estimates_by_age_sex_csv,1b7b14fa75cab035860dd865eedd72527a92dac1a9ca0fcf76bbb5a2b731e368,,2011/2024,derived,derived_from_2016_age_24_Male_and_Female,annual_estimates_sex_sum_v1,2016,24,all,1210,reported,
1.0,annual_population_estimates_by_age_sex_csv,1b7b14fa75cab035860dd865eedd72527a92dac1a9ca0fcf76bbb5a2b731e368,,2011/2024,observed,csv_row_2016_age_25_col_Male,annual_estimates_observed_v1,2016,25,male,590,reported,
1.0,annual_population_estimates_by_age_sex_csv,1b7b14fa75cab035860dd865eedd72527a92dac1a9ca0fcf76bbb5a2b731e368,,2011/2024,observed,csv_row_2016_age_25_col_Female,annual_estimates_observed_v1,2016,25,female,600,reported,
1.0,annual_population_estimates_by_age_sex_csv,1b7b14fa75cab035860dd865eedd72527a92dac1a9ca0fcf76bbb5a2b731e368,,2011/2024,derived,derived_from_2016_age_25_Male_and_Female,annual_estimates_sex_sum_v1,2016,25,all,1190,reported,
1.0,annual_population_estimates_by_age_sex_csv,1b7b14fa75cab035860dd865eedd72527a92dac1a9ca0fcf76bbb5a2b731e368,,2011/2024,observed,csv_row_2016_age_26_col_Male,annual_estimates_observed_v1,2016,26,male,660,reported,
1.0,annual_population_estimates_by_age_sex_csv,1b7b14fa75cab035860dd865eedd72527a92dac1a9ca0fcf76bbb5a2b731e368,,2011/2024,observed,csv_row_2016_age_26_col_Female,annual_estimates_observed_v1,2016,26,female,610,reported,
1.0,annual_population_estimates_by_age_sex_csv,1b7b14fa75cab035860dd865eedd72527a92dac1a9ca0fcf76bbb5a2b731e368,,2011/2024,derived,derived_from_2016_age_26_Male_and_Female,annual_estimates_sex_sum_v1,2016,26,all,1270,reported,
1.0,annual_population_estimates_by_age_sex_csv,1b7b14fa75cab035860dd865eedd72527a92dac1a9ca0fcf76bbb5a2b731e368,,2011/2024,observed,csv_row_2016_age_27_col_Male,annual_estimates_observed_v1,2016,27,male,640,reported,
1.0,annual_population_estimates_by_age_sex_csv,1b7b14fa75cab035860dd865eedd72527a92dac1a9ca0fcf76bbb5a2b731e368,,2011/2024,observed,csv_row_2016_age_27_col_Female,annual_estimates_observed_v1,2016,27,female,630,reported,
1.0,annual_population_estimates_by_age_sex_csv,1b7b14fa75cab035860dd865eedd72527a92dac1a9ca0fcf76bbb5a2b731e368,,2011/2024,derived,derived_from_2016_age_27_Male_and_Female,annual_estimates_sex_sum_v1,2016,27,all,1270,reported,
1.0,annual_population_estimates_by_age_sex_csv,1b7b14fa75cab035860dd865eedd72527a92dac1a9ca0fcf76bbb5a2b731e368,,2011/2024,observed,csv_row_2016_age_28_col_Male,annual_estimates_observed_v1,2016,28,male,650,reported,
1.0,annual_population_estimates_by_age_sex_csv,1b7b14fa75cab035860dd865eedd72527a92dac1a9ca0fcf76bbb5a2b731e368,,2011/2024,observed,csv_row_2016_age_28_col_Female,annual_estimates_observed_v1,2016,28,female,680,reported,
1.0,annual_population_estimates_by_age_sex_csv,1b7b14fa75cab035860dd865eedd72527a92dac1a9ca0fcf76bbb5a2b731e368,,2011/2024,derived,derived_from_2016_age_28_Male_and_Female,annual_estimates_sex_sum_v1,2016,28,all,1330,reported,
1.0,annual_population_estimates_by_age_sex_csv,1b7b14fa75cab035860dd865eedd72527a92dac1a9ca0fcf76bbb5a2b731e368,,2011/2024,observed,csv_row_2016_age_29_col_Male,annual_estimates_observed_v1,2016,29,male,740,reported,
1.0,annual_population_estimates_by_age_sex_csv,1b7b14fa75cab035860dd865eedd72527a92dac1a9ca0fcf76bbb5a2b731e368,,2011/2024,observed,csv_row_2016_age_29_col_Female,annual_estimates_observed_v1,2016,29,female,640,reported,
1.0,annual_population_estimates_by_age_sex_csv,1b7b14fa75cab035860dd865eedd72527a92dac1a9ca0fcf76bbb5a2b731e368,,2011/2024,derived,derived_from_2016_age_29_Male_and_Female,annual_estimates_sex_sum_v1,2016,29,all,1380,reported,
1.0,annual_population_estimates_by_age_sex_csv,1b7b14fa75cab035860dd865eedd72527a92dac1a9ca0fcf76bbb5a2b731e368,,2011/2024,observed,csv_row_2016_age_30_col_Male,annual_estimates_observed_v1,2016,30,male,630,reported,
1.0,annual_population_estimates_by_age_sex_csv,1b7b14fa75cab035860dd865eedd72527a92dac1a9ca0fcf76bbb5a2b731e368,,2011/2024,observed,csv_row_2016_age_30_col_Female,annual_estimates_observed_v1,2016,30,female,670,reported,
1.0,annual_population_estimates_by_age_sex_csv,1b7b14fa75cab035860dd865eedd72527a92dac1a9ca0fcf76bbb5a2b731e368,,2011/2024,derived,derived_from_2016_age_30_Male_and_Female,annual_estimates_sex_sum_v1,2016,30,all,1300,reported,
1.0,annual_population_estimates_by_age_sex_csv,1b7b14fa75cab035860dd865eedd72527a92dac1a9ca0fcf76bbb5a2b731e368,,2011/2024,observed,csv_row_2016_age_31_col_Male,annual_estimates_observed_v1,2016,31,male,710,reported,
1.0,annual_population_estimates_by_age_sex_csv,1b7b14fa75cab035860dd865eedd72527a92dac1a9ca0fcf76bbb5a2b731e368,,2011/2024,observed,csv_row_2016_age_31_col_Female,annual_estimates_observed_v1,2016,31,female,660,reported,
1.0,annual_population_estimates_by_age_sex_csv,1b7b14fa75cab035860dd865eedd72527a92dac1a9ca0fcf76bbb5a2b731e368,,2011/2024,derived,derived_from_2016_age_31_Male_and_Female,annual_estimates_sex_sum_v1,2016,31,all,1370,reported,
1.0,annual_population_estimates_by_age_sex_csv,1b7b14fa75cab035860dd865eedd72527a92dac1a9ca0fcf76bbb5a2b731e368,,2011/2024,observed,csv_row_2016_age_32_col_Male,annual_estimates_observed_v1,2016,32,male,740,reported,
1.0,annual_population_estimates_by_age_sex_csv,1b7b14fa75cab035860dd865eedd72527a92dac1a9ca0fcf76bbb5a2b731e368,,2011/2024,observed,csv_row_2016_age_32_col_Female,annual_estimates_observed_v1,2016,32,female,770,reported,
1.0,annual_population_estimates_by_age_sex_csv,1b7b14fa75cab035860dd865eedd72527a92dac1a9ca0fcf76bbb5a2b731e368,,2011/2024,derived,derived_from_2016_age_32_Male_and_Female,annual_estimates_sex_sum_v1,2016,32,all,1510,reported,
1.0,annual_population_estimates_by_age_sex_csv,1b7b14fa75cab035860dd865eedd72527a92dac1a9ca0fcf76bbb5a2b731e368,,2011/2024,observed,csv_row_2016_age_33_col_Male,annual_estimates_observed_v1,2016,33,male,770,reported,
1.0,annual_population_estimates_by_age_sex_csv,1b7b14fa75cab035860dd865eedd72527a92dac1a9ca0fcf76bbb5a2b731e368,,2011/2024,observed,csv_row_2016_age_33_col_Female,annual_estimates_observed_v1,2016,33,female,740,reported,
1.0,annual_population_estimates_by_age_sex_csv,1b7b14fa75cab035860dd865eedd72527a92dac1a9ca0fcf76bbb5a2b731e368,,2011/2024,derived,derived_from_2016_age_33_Male_and_Female,annual_estimates_sex_sum_v1,2016,33,all,1510,reported,
1.0,annual_population_estimates_by_age_sex_csv,1b7b14fa75cab035860dd865eedd72527a92dac1a9ca0fcf76bbb5a2b731e368,,2011/2024,observed,csv_row_2016_age_34_col_Male,annual_estimates_observed_v1,2016,34,male,800,reported,
1.0,annual_population_estimates_by_age_sex_csv,1b7b14fa75cab035860dd865eedd72527a92dac1a9ca0fcf76bbb5a2b731e368,,2011/2024,observed,csv_row_2016_age_34_col_Female,annual_estimates_observed_v1,2016,34,female,710,reported,
1.0,annual_population_estimates_by_age_sex_csv,1b7b14fa75cab035860dd865eedd72527a92dac1a9ca0fcf76bbb5a2b731e368,,2011/2024,derived,derived_from_2016_age_34_Male_and_Female,annual_estimates_sex_sum_v1,2016,34,all,1510,reported,
1.0,annual_population_estimates_by_age_sex_csv,1b7b14fa75cab035860dd865eedd72527a92dac1a9ca0fcf76bbb5a2b731e368,,2011/2024,observed,csv_row_2016_age_35_col_Male,annual_estimates_observed_v1,2016,35,male,770,reported,
1.0,annual_population_estimates_by_age_sex_csv,1b7b14fa75cab035860dd865eedd72527a92dac1a9ca0fcf76bbb5a2b731e368,,2011/2024,observed,csv_row_2016_age_35_col_Female,annual_estimates_observed_v1,2016,35,female,800,reported,
1.0,annual_population_estimates_by_age_sex_csv,1b7b14fa75cab035860dd865eedd72527a92dac1a9ca0fcf76bbb5a2b731e368,,2011/2024,derived,derived_from_2016_age_35_Male_and_Female,annual_estimates_sex_sum_v1,2016,35,all,1570,reported,
1.0,annual_population_estimates_by_age_sex_csv,1b7b14fa75cab035860dd865eedd72527a92dac1a9ca0fcf76bbb5a2b731e368,,2011/2024,observed,csv_row_2016_age_36_col_Male,annual_estimates_observed_v1,2016,36,male,780,reported,
1.0,annual_population_estimates_by_age_sex_csv,1b7b14fa75cab035860dd865eedd72527a92dac1a9ca0fcf76bbb5a2b731e368,,2011/2024,observed,csv_row_2016_age_36_col_Female,annual_estimates_observed_v1,2016,36,female,780,reported,
1.0,annual_population_estimates_by_age_sex_csv,1b7b14fa75cab035860dd865eedd72527a92dac1a9ca0fcf76bbb5a2b731e368,,2011/2024,derived,derived_from_2016_age_36_Male_and_Female,annual_estimates_sex_sum_v1,2016,36,all,1560,reported,
1.0,annual_population_estimates_by_age_sex_csv,1b7b14fa75cab035860dd865eedd72527a92dac1a9ca0fcf76bbb5a2b731e368,,2011/2024,observed,csv_row_2016_age_37_col_Male,annual_estimates_observed_v1,2016,37,male,770,reported,
1.0,annual_population_estimates_by_age_sex_csv,1b7b14fa75cab035860dd865eedd72527a92dac1a9ca0fcf76bbb5a2b731e368,,2011/2024,observed,csv_row_2016_age_37_col_Female,annual_estimates_observed_v1,2016,37,female,790,reported,
1.0,annual_population_estimates_by_age_sex_csv,1b7b14fa75cab035860dd865eedd72527a92dac1a9ca0fcf76bbb5a2b731e368,,2011/2024,derived,derived_from_2016_age_37_Male_and_Female,annual_estimates_sex_sum_v1,2016,37,all,1560,reported,
1.0,annual_population_estimates_by_age_sex_csv,1b7b14fa75cab035860dd865eedd72527a92dac1a9ca0fcf76bbb5a2b731e368,,2011/2024,observed,csv_row_2016_age_38_col_Male,annual_estimates_observed_v1,2016,38,male,740,reported,
1.0,annual_population_estimates_by_age_sex_csv,1b7b14fa75cab035860dd865eedd72527a92dac1a9ca0fcf76bbb5a2b731e368,,2011/2024,observed,csv_row_2016_age_38_col_Female,annual_estimates_observed_v1,2016,38,female,710,reported,
1.0,annual_population_estimates_by_age_sex_csv,1b7b14fa75cab035860dd865eedd72527a92dac1a9ca0fcf76bbb5a2b731e368,,2011/2024,derived,derived_from_2016_age_38_Male_and_Female,annual_estimates_sex_sum_v1,2016,38,all,1450,reported,
1.0,annual_population_estimates_by_age_sex_csv,1b7b14fa75cab035860dd865eedd72527a92dac1a9ca0fcf76bbb5a2b731e368,,2011/2024,observed,csv_row_2016_age_39_col_Male,annual_estimates_observed_v1,2016,39,male,780,reported,
1.0,annual_population_estimates_by_age_sex_csv,1b7b14fa75cab035860dd865eedd72527a92dac1a9ca0fcf76bbb5a2b731e368,,2011/2024,observed,csv_row_2016_age_39_col_Female,annual_estimates_observed_v1,2016,39,female,740,reported,
1.0,annual_population_estimates_by_age_sex_csv,1b7b14fa75cab035860dd865eedd72527a92dac1a9ca0fcf76bbb5a2b731e368,,2011/2024,derived,derived_from_2016_age_39_Male_and_Female,annual_estimates_sex_sum_v1,2016,39,all,1520,reported,
1.0,annual_population_estimates_by_age_sex_csv,1b7b14fa75cab035860dd865eedd72527a92dac1a9ca0fcf76bbb5a2b731e368,,2011/2024,observed,csv_row_2016_age_40_col_Male,annual_estimates_observed_v1,2016,40,male,730,reported,
1.0,annual_population_estimates_by_age_sex_csv,1b7b14fa75cab035860dd865eedd72527a92dac1a9ca0fcf76bbb5a2b731e368,,2011/2024,observed,csv_row_2016_age_40_col_Female,annual_estimates_observed_v1,2016,40,female,720,reported,
1.0,annual_population_estimates_by_age_sex_csv,1b7b14fa75cab035860dd865eedd72527a92dac1a9ca0fcf76bbb5a2b731e368,,2011/2024,derived,derived_from_2016_age_40_Male_and_Female,annual_estimates_sex_sum_v1,2016,40,all,1450,reported,
1.0,annual_population_estimates_by_age_sex_csv,1b7b14fa75cab035860dd865eedd72527a92dac1a9ca0fcf76bbb5a2b731e368,,2011/2024,observed,csv_row_2016_age_41_col_Male,annual_estimates_observed_v1,2016,41,male,750,reported,
1.0,annual_population_estimates_by_age_sex_csv,1b7b14fa75cab035860dd865eedd72527a92dac1a9ca0fcf76bbb5a2b731e368,,2011/2024,observed,csv_row_2016_age_41_col_Female,annual_estimates_observed_v1,2016,41,female,740,reported,
1.0,annual_population_estimates_by_age_sex_csv,1b7b14fa75cab035860dd865eedd72527a92dac1a9ca0fcf76bbb5a2b731e368,,2011/2024,derived,derived_from_2016_age_41_Male_and_Female,annual_estimates_sex_sum_v1,2016,41,all,1490,reported,
1.0,annual_population_estimates_by_age_sex_csv,1b7b14fa75cab035860dd865eedd72527a92dac1a9ca0fcf76bbb5a2b731e368,,2011/2024,observed,csv_row_2016_age_42_col_Male,annual_estimates_observed_v1,2016,42,male,750,reported,
1.0,annual_population_estimates_by_age_sex_csv,1b7b14fa75cab035860dd865eedd72527a92dac1a9ca0fcf76bbb5a2b731e368,,2011/2024,observed,csv_row_2016_age_42_col_Female,annual_estimates_observed_v1,2016,42,female,740,reported,
1.0,annual_population_estimates_by_age_sex_csv,1b7b14fa75cab035860dd865eedd72527a92dac1a9ca0fcf76bbb5a2b731e368,,2011/2024,derived,derived_from_2016_age_42_Male_and_Female,annual_estimates_sex_sum_v1,2016,42,all,1490,reported,
1.0,annual_population_estimates_by_age_sex_csv,1b7b14fa75cab035860dd865eedd72527a92dac1a9ca0fcf76bbb5a2b731e368,,2011/2024,observed,csv_row_2016_age_43_col_Male,annual_estimates_observed_v1,2016,43,male,760,reported,
1.0,annual_population_estimates_by_age_sex_csv,1b7b14fa75cab035860dd865eedd72527a92dac1a9ca0fcf76bbb5a2b731e368,,2011/2024,observed,csv_row_2016_age_43_col_Female,annual_estimates_observed_v1,2016,43,female,710,reported,
1.0,annual_population_estimates_by_age_sex_csv,1b7b14fa75cab035860dd865eedd72527a92dac1a9ca0fcf76bbb5a2b731e368,,2011/2024,derived,derived_from_2016_age_43_Male_and_Female,annual_estimates_sex_sum_v1,2016,43,all,1470,reported,
1.0,annual_population_estimates_by_age_sex_csv,1b7b14fa75cab035860dd865eedd72527a92dac1a9ca0fcf76bbb5a2b731e368,,2011/2024,observed,csv_row_2016_age_44_col_Male,annual_estimates_observed_v1,2016,44,male,750,reported,
1.0,annual_population_estimates_by_age_sex_csv,1b7b14fa75cab035860dd865eedd72527a92dac1a9ca0fcf76bbb5a2b731e368,,2011/2024,observed,csv_row_2016_age_44_col_Female,annual_estimates_observed_v1,2016,44,female,750,reported,
1.0,annual_population_estimates_by_age_sex_csv,1b7b14fa75cab035860dd865eedd72527a92dac1a9ca0fcf76bbb5a2b731e368,,2011/2024,derived,derived_from_2016_age_44_Male_and_Female,annual_estimates_sex_sum_v1,2016,44,all,1500,reported,
1.0,annual_population_estimates_by_age_sex_csv,1b7b14fa75cab035860dd865eedd72527a92dac1a9ca0fcf76bbb5a2b731e368,,2011/2024,observed,csv_row_2016_age_45_col_Male,annual_estimates_observed_v1,2016,45,male,830,reported,
1.0,annual_population_estimates_by_age_sex_csv,1b7b14fa75cab035860dd865eedd72527a92dac1a9ca0fcf76bbb5a2b731e368,,2011/2024,observed,csv_row_2016_age_45_col_Female,annual_estimates_observed_v1,2016,45,female,820,reported,
1.0,annual_population_estimates_by_age_sex_csv,1b7b14fa75cab035860dd865eedd72527a92dac1a9ca0fcf76bbb5a2b731e368,,2011/2024,derived,derived_from_2016_age_45_Male_and_Female,annual_estimates_sex_sum_v1,2016,45,all,1650,reported,
1.0,annual_population_estimates_by_age_sex_csv,1b7b14fa75cab035860dd865eedd72527a92dac1a9ca0fcf76bbb5a2b731e368,,2011/2024,observed,csv_row_2016_age_46_col_Male,annual_estimates_observed_v1,2016,46,male,810,reported,
1.0,annual_population_estimates_by_age_sex_csv,1b7b14fa75cab035860dd865eedd72527a92dac1a9ca0fcf76bbb5a2b731e368,,2011/2024,observed,csv_row_2016_age_46_col_Female,annual_estimates_observed_v1,2016,46,female,820,reported,
1.0,annual_population_estimates_by_age_sex_csv,1b7b14fa75cab035860dd865eedd72527a92dac1a9ca0fcf76bbb5a2b731e368,,2011/2024,derived,derived_from_2016_age_46_Male_and_Female,annual_estimates_sex_sum_v1,2016,46,all,1630,reported,
1.0,annual_population_estimates_by_age_sex_csv,1b7b14fa75cab035860dd865eedd72527a92dac1a9ca0fcf76bbb5a2b731e368,,2011/2024,observed,csv_row_2016_age_47_col_Male,annual_estimates_observed_v1,2016,47,male,830,reported,
1.0,annual_population_estimates_by_age_sex_csv,1b7b14fa75cab035860dd865eedd72527a92dac1a9ca0fcf76bbb5a2b731e368,,2011/2024,observed,csv_row_2016_age_47_col_Female,annual_estimates_observed_v1,2016,47,female,840,reported,
1.0,annual_population_estimates_by_age_sex_csv,1b7b14fa75cab035860dd865eedd72527a92dac1a9ca0fcf76bbb5a2b731e368,,2011/2024,derived,derived_from_2016_age_47_Male_and_Female,annual_estimates_sex_sum_v1,2016,47,all,1670,reported,
1.0,annual_population_estimates_by_age_sex_csv,1b7b14fa75cab035860dd865eedd72527a92dac1a9ca0fcf76bbb5a2b731e368,,2011/2024,observed,csv_row_2016_age_48_col_Male,annual_estimates_observed_v1,2016,48,male,930,reported,
1.0,annual_population_estimates_by_age_sex_csv,1b7b14fa75cab035860dd865eedd72527a92dac1a9ca0fcf76bbb5a2b731e368,,2011/2024,observed,csv_row_2016_age_48_col_Female,annual_estimates_observed_v1,2016,48,female,800,reported,
1.0,annual_population_estimates_by_age_sex_csv,1b7b14fa75cab035860dd865eedd72527a92dac1a9ca0fcf76bbb5a2b731e368,,2011/2024,derived,derived_from_2016_age_48_Male_and_Female,annual_estimates_sex_sum_v1,2016,48,all,1730,reported,
1.0,annual_population_estimates_by_age_sex_csv,1b7b14fa75cab035860dd865eedd72527a92dac1a9ca0fcf76bbb5a2b731e368,,2011/2024,observed,csv_row_2016_age_49_col_Male,annual_estimates_observed_v1,2016,49,male,830,reported,
1.0,annual_population_estimates_by_age_sex_csv,1b7b14fa75cab035860dd865eedd72527a92dac1a9ca0fcf76bbb5a2b731e368,,2011/2024,observed,csv_row_2016_age_49_col_Female,annual_estimates_observed_v1,2016,49,female,880,reported,
1.0,annual_population_estimates_by_age_sex_csv,1b7b14fa75cab035860dd865eedd72527a92dac1a9ca0fcf76bbb5a2b731e368,,2011/2024,derived,derived_from_2016_age_49_Male_and_Female,annual_estimates_sex_sum_v1,2016,49,all,1710,reported,
1.0,annual_population_estimates_by_age_sex_csv,1b7b14fa75cab035860dd865eedd72527a92dac1a9ca0fcf76bbb5a2b731e368,,2011/2024,observed,csv_row_2016_age_50_col_Male,annual_estimates_observed_v1,2016,50,male,850,reported,
1.0,annual_population_estimates_by_age_sex_csv,1b7b14fa75cab035860dd865eedd72527a92dac1a9ca0fcf76bbb5a2b731e368,,2011/2024,observed,csv_row_2016_age_50_col_Female,annual_estimates_observed_v1,2016,50,female,870,reported,
1.0,annual_population_estimates_by_age_sex_csv,1b7b14fa75cab035860dd865eedd72527a92dac1a9ca0fcf76bbb5a2b731e368,,2011/2024,derived,derived_from_2016_age_50_Male_and_Female,annual_estimates_sex_sum_v1,2016,50,all,1720,reported,
1.0,annual_population_estimates_by_age_sex_csv,1b7b14fa75cab035860dd865eedd72527a92dac1a9ca0fcf76bbb5a2b731e368,,2011/2024,observed,csv_row_2016_age_51_col_Male,annual_estimates_observed_v1,2016,51,male,870,reported,
1.0,annual_population_estimates_by_age_sex_csv,1b7b14fa75cab035860dd865eedd72527a92dac1a9ca0fcf76bbb5a2b731e368,,2011/2024,observed,csv_row_2016_age_51_col_Female,annual_estimates_observed_v1,2016,51,female,860,reported,
1.0,annual_population_estimates_by_age_sex_csv,1b7b14fa75cab035860dd865eedd72527a92dac1a9ca0fcf76bbb5a2b731e368,,2011/2024,derived,derived_from_2016_age_51_Male_and_Female,annual_estimates_sex_sum_v1,2016,51,all,1730,reported,
1.0,annual_population_estimates_by_age_sex_csv,1b7b14fa75cab035860dd865eedd72527a92dac1a9ca0fcf76bbb5a2b731e368,,2011/2024,observed,csv_row_2016_age_52_col_Male,annual_estimates_observed_v1,2016,52,male,870,reported,
1.0,annual_population_estimates_by_age_sex_csv,1b7b14fa75cab035860dd865eedd72527a92dac1a9ca0fcf76bbb5a2b731e368,,2011/2024,observed,csv_row_2016_age_52_col_Female,annual_estimates_observed_v1,2016,52,female,860,reported,
1.0,annual_population_estimates_by_age_sex_csv,1b7b14fa75cab035860dd865eedd72527a92dac1a9ca0fcf76bbb5a2b731e368,,2011/2024,derived,derived_from_2016_age_52_Male_and_Female,annual_estimates_sex_sum_v1,2016,52,all,1730,reported,
1.0,annual_population_estimates_by_age_sex_csv,1b7b14fa75cab035860dd865eedd72527a92dac1a9ca0fcf76bbb5a2b731e368,,2011/2024,observed,csv_row_2016_age_53_col_Male,annual_estimates_observed_v1,2016,53,male,830,reported,
1.0,annual_population_estimates_by_age_sex_csv,1b7b14fa75cab035860dd865eedd72527a92dac1a9ca0fcf76bbb5a2b731e368,,2011/2024,observed,csv_row_2016_age_53_col_Female,annual_estimates_observed_v1,2016,53,female,810,reported,
1.0,annual_population_estimates_by_age_sex_csv,1b7b14fa75cab035860dd865eedd72527a92dac1a9ca0fcf76bbb5a2b731e368,,2011/2024,derived,derived_from_2016_age_53_Male_and_Female,annual_estimates_sex_sum_v1,2016,53,all,1640,reported,
1.0,annual_population_estimates_by_age_sex_csv,1b7b14fa75cab035860dd865eedd72527a92dac1a9ca0fcf76bbb5a2b731e368,,2011/2024,observed,csv_row_2016_age_54_col_Male,annual_estimates_observed_v1,2016,54,male,810,reported,
1.0,annual_population_estimates_by_age_sex_csv,1b7b14fa75cab035860dd865eedd72527a92dac1a9ca0fcf76bbb5a2b731e368,,2011/2024,observed,csv_row_2016_age_54_col_Female,annual_estimates_observed_v1,2016,54,female,790,reported,
1.0,annual_population_estimates_by_age_sex_csv,1b7b14fa75cab035860dd865eedd72527a92dac1a9ca0fcf76bbb5a2b731e368,,2011/2024,derived,derived_from_2016_age_54_Male_and_Female,annual_estimates_sex_sum_v1,2016,54,all,1600,reported,
1.0,annual_population_estimates_by_age_sex_csv,1b7b14fa75cab035860dd865eedd72527a92dac1a9ca0fcf76bbb5a2b731e368,,2011/2024,observed,csv_row_2016_age_55_col_Male,annual_estimates_observed_v1,2016,55,male,750,reported,
1.0,annual_population_estimates_by_age_sex_csv,1b7b14fa75cab035860dd865eedd72527a92dac1a9ca0fcf76bbb5a2b731e368,,2011/2024,observed,csv_row_2016_age_55_col_Female,annual_estimates_observed_v1,2016,55,female,720,reported,
1.0,annual_population_estimates_by_age_sex_csv,1b7b14fa75cab035860dd865eedd72527a92dac1a9ca0fcf76bbb5a2b731e368,,2011/2024,derived,derived_from_2016_age_55_Male_and_Female,annual_estimates_sex_sum_v1,2016,55,all,1470,reported,
1.0,annual_population_estimates_by_age_sex_csv,1b7b14fa75cab035860dd865eedd72527a92dac1a9ca0fcf76bbb5a2b731e368,,2011/2024,observed,csv_row_2016_age_56_col_Male,annual_estimates_observed_v1,2016,56,male,740,reported,
1.0,annual_population_estimates_by_age_sex_csv,1b7b14fa75cab035860dd865eedd72527a92dac1a9ca0fcf76bbb5a2b731e368,,2011/2024,observed,csv_row_2016_age_56_col_Female,annual_estimates_observed_v1,2016,56,female,710,reported,
1.0,annual_population_estimates_by_age_sex_csv,1b7b14fa75cab035860dd865eedd72527a92dac1a9ca0fcf76bbb5a2b731e368,,2011/2024,derived,derived_from_2016_age_56_Male_and_Female,annual_estimates_sex_sum_v1,2016,56,all,1450,reported,
1.0,annual_population_estimates_by_age_sex_csv,1b7b14fa75cab035860dd865eedd72527a92dac1a9ca0fcf76bbb5a2b731e368,,2011/2024,observed,csv_row_2016_age_57_col_Male,annual_estimates_observed_v1,2016,57,male,690,reported,
1.0,annual_population_estimates_by_age_sex_csv,1b7b14fa75cab035860dd865eedd72527a92dac1a9ca0fcf76bbb5a2b731e368,,2011/2024,observed,csv_row_2016_age_57_col_Female,annual_estimates_observed_v1,2016,57,female,700,reported,
1.0,annual_population_estimates_by_age_sex_csv,1b7b14fa75cab035860dd865eedd72527a92dac1a9ca0fcf76bbb5a2b731e368,,2011/2024,derived,derived_from_2016_age_57_Male_and_Female,annual_estimates_sex_sum_v1,2016,57,all,1390,reported,
1.0,annual_population_estimates_by_age_sex_csv,1b7b14fa75cab035860dd865eedd72527a92dac1a9ca0fcf76bbb5a2b731e368,,2011/2024,observed,csv_row_2016_age_58_col_Male,annual_estimates_observed_v1,2016,58,male,710,reported,
1.0,annual_population_estimates_by_age_sex_csv,1b7b14fa75cab035860dd865eedd72527a92dac1a9ca0fcf76bbb5a2b731e368,,2011/2024,observed,csv_row_2016_age_58_col_Female,annual_estimates_observed_v1,2016,58,female,730,reported,
1.0,annual_population_estimates_by_age_sex_csv,1b7b14fa75cab035860dd865eedd72527a92dac1a9ca0fcf76bbb5a2b731e368,,2011/2024,derived,derived_from_2016_age_58_Male_and_Female,annual_estimates_sex_sum_v1,2016,58,all,1440,reported,
1.0,annual_population_estimates_by_age_sex_csv,1b7b14fa75cab035860dd865eedd72527a92dac1a9ca0fcf76bbb5a2b731e368,,2011/2024,observed,csv_row_2016_age_59_col_Male,annual_estimates_observed_v1,2016,59,male,660,reported,
1.0,annual_population_estimates_by_age_sex_csv,1b7b14fa75cab035860dd865eedd72527a92dac1a9ca0fcf76bbb5a2b731e368,,2011/2024,observed,csv_row_2016_age_59_col_Female,annual_estimates_observed_v1,2016,59,female,670,reported,
1.0,annual_population_estimates_by_age_sex_csv,1b7b14fa75cab035860dd865eedd72527a92dac1a9ca0fcf76bbb5a2b731e368,,2011/2024,derived,derived_from_2016_age_59_Male_and_Female,annual_estimates_sex_sum_v1,2016,59,all,1330,reported,
1.0,annual_population_estimates_by_age_sex_csv,1b7b14fa75cab035860dd865eedd72527a92dac1a9ca0fcf76bbb5a2b731e368,,2011/2024,observed,csv_row_2016_age_60_col_Male,annual_estimates_observed_v1,2016,60,male,630,reported,
1.0,annual_population_estimates_by_age_sex_csv,1b7b14fa75cab035860dd865eedd72527a92dac1a9ca0fcf76bbb5a2b731e368,,2011/2024,observed,csv_row_2016_age_60_col_Female,annual_estimates_observed_v1,2016,60,female,630,reported,
1.0,annual_population_estimates_by_age_sex_csv,1b7b14fa75cab035860dd865eedd72527a92dac1a9ca0fcf76bbb5a2b731e368,,2011/2024,derived,derived_from_2016_age_60_Male_and_Female,annual_estimates_sex_sum_v1,2016,60,all,1260,reported,
1.0,annual_population_estimates_by_age_sex_csv,1b7b14fa75cab035860dd865eedd72527a92dac1a9ca0fcf76bbb5a2b731e368,,2011/2024,observed,csv_row_2016_age_61_col_Male,annual_estimates_observed_v1,2016,61,male,550,reported,
1.0,annual_population_estimates_by_age_sex_csv,1b7b14fa75cab035860dd865eedd72527a92dac1a9ca0fcf76bbb5a2b731e368,,2011/2024,observed,csv_row_2016_age_61_col_Female,annual_estimates_observed_v1,2016,61,female,600,reported,
1.0,annual_population_estimates_by_age_sex_csv,1b7b14fa75cab035860dd865eedd72527a92dac1a9ca0fcf76bbb5a2b731e368,,2011/2024,derived,derived_from_2016_age_61_Male_and_Female,annual_estimates_sex_sum_v1,2016,61,all,1150,reported,
1.0,annual_population_estimates_by_age_sex_csv,1b7b14fa75cab035860dd865eedd72527a92dac1a9ca0fcf76bbb5a2b731e368,,2011/2024,observed,csv_row_2016_age_62_col_Male,annual_estimates_observed_v1,2016,62,male,580,reported,
1.0,annual_population_estimates_by_age_sex_csv,1b7b14fa75cab035860dd865eedd72527a92dac1a9ca0fcf76bbb5a2b731e368,,2011/2024,observed,csv_row_2016_age_62_col_Female,annual_estimates_observed_v1,2016,62,female,570,reported,
1.0,annual_population_estimates_by_age_sex_csv,1b7b14fa75cab035860dd865eedd72527a92dac1a9ca0fcf76bbb5a2b731e368,,2011/2024,derived,derived_from_2016_age_62_Male_and_Female,annual_estimates_sex_sum_v1,2016,62,all,1150,reported,
1.0,annual_population_estimates_by_age_sex_csv,1b7b14fa75cab035860dd865eedd72527a92dac1a9ca0fcf76bbb5a2b731e368,,2011/2024,observed,csv_row_2016_age_63_col_Male,annual_estimates_observed_v1,2016,63,male,550,reported,
1.0,annual_population_estimates_by_age_sex_csv,1b7b14fa75cab035860dd865eedd72527a92dac1a9ca0fcf76bbb5a2b731e368,,2011/2024,observed,csv_row_2016_age_63_col_Female,annual_estimates_observed_v1,2016,63,female,550,reported,
1.0,annual_population_estimates_by_age_sex_csv,1b7b14fa75cab035860dd865eedd72527a92dac1a9ca0fcf76bbb5a2b731e368,,2011/2024,derived,derived_from_2016_age_63_Male_and_Female,annual_estimates_sex_sum_v1,2016,63,all,1100,reported,
1.0,annual_population_estimates_by_age_sex_csv,1b7b14fa75cab035860dd865eedd72527a92dac1a9ca0fcf76bbb5a2b731e368,,2011/2024,observed,csv_row_2016_age_64_col_Male,annual_estimates_observed_v1,2016,64,male,510,reported,
1.0,annual_population_estimates_by_age_sex_csv,1b7b14fa75cab035860dd865eedd72527a92dac1a9ca0fcf76bbb5a2b731e368,,2011/2024,observed,csv_row_2016_age_64_col_Female,annual_estimates_observed_v1,2016,64,female,580,reported,
1.0,annual_population_estimates_by_age_sex_csv,1b7b14fa75cab035860dd865eedd72527a92dac1a9ca0fcf76bbb5a2b731e368,,2011/2024,derived,derived_from_2016_age_64_Male_and_Female,annual_estimates_sex_sum_v1,2016,64,all,1090,reported,
1.0,annual_population_estimates_by_age_sex_csv,1b7b14fa75cab035860dd865eedd72527a92dac1a9ca0fcf76bbb5a2b731e368,,2011/2024,observed,csv_row_2016_age_65_col_Male,annual_estimates_observed_v1,2016,65,male,550,reported,
1.0,annual_population_estimates_by_age_sex_csv,1b7b14fa75cab035860dd865eedd72527a92dac1a9ca0fcf76bbb5a2b731e368,,2011/2024,observed,csv_row_2016_age_65_col_Female,annual_estimates_observed_v1,2016,65,female,560,reported,
1.0,annual_population_estimates_by_age_sex_csv,1b7b14fa75cab035860dd865eedd72527a92dac1a9ca0fcf76bbb5a2b731e368,,2011/2024,derived,derived_from_2016_age_65_Male_and_Female,annual_estimates_sex_sum_v1,2016,65,all,1110,reported,
1.0,annual_population_estimates_by_age_sex_csv,1b7b14fa75cab035860dd865eedd72527a92dac1a9ca0fcf76bbb5a2b731e368,,2011/2024,observed,csv_row_2016_age_66_col_Male,annual_estimates_observed_v1,2016,66,male,530,reported,
1.0,annual_population_estimates_by_age_sex_csv,1b7b14fa75cab035860dd865eedd72527a92dac1a9ca0fcf76bbb5a2b731e368,,2011/2024,observed,csv_row_2016_age_66_col_Female,annual_estimates_observed_v1,2016,66,female,530,reported,
1.0,annual_population_estimates_by_age_sex_csv,1b7b14fa75cab035860dd865eedd72527a92dac1a9ca0fcf76bbb5a2b731e368,,2011/2024,derived,derived_from_2016_age_66_Male_and_Female,annual_estimates_sex_sum_v1,2016,66,all,1060,reported,
1.0,annual_population_estimates_by_age_sex_csv,1b7b14fa75cab035860dd865eedd72527a92dac1a9ca0fcf76bbb5a2b731e368,,2011/2024,observed,csv_row_2016_age_67_col_Male,annual_estimates_observed_v1,2016,67,male,500,reported,
1.0,annual_population_estimates_by_age_sex_csv,1b7b14fa75cab035860dd865eedd72527a92dac1a9ca0fcf76bbb5a2b731e368,,2011/2024,observed,csv_row_2016_age_67_col_Female,annual_estimates_observed_v1,2016,67,female,520,reported,
1.0,annual_population_estimates_by_age_sex_csv,1b7b14fa75cab035860dd865eedd72527a92dac1a9ca0fcf76bbb5a2b731e368,,2011/2024,derived,derived_from_2016_age_67_Male_and_Female,annual_estimates_sex_sum_v1,2016,67,all,1020,reported,
1.0,annual_population_estimates_by_age_sex_csv,1b7b14fa75cab035860dd865eedd72527a92dac1a9ca0fcf76bbb5a2b731e368,,2011/2024,observed,csv_row_2016_age_68_col_Male,annual_estimates_observed_v1,2016,68,male,510,reported,
1.0,annual_population_estimates_by_age_sex_csv,1b7b14fa75cab035860dd865eedd72527a92dac1a9ca0fcf76bbb5a2b731e368,,2011/2024,observed,csv_row_2016_age_68_col_Female,annual_estimates_observed_v1,2016,68,female,530,reported,
1.0,annual_population_estimates_by_age_sex_csv,1b7b14fa75cab035860dd865eedd72527a92dac1a9ca0fcf76bbb5a2b731e368,,2011/2024,derived,derived_from_2016_age_68_Male_and_Female,annual_estimates_sex_sum_v1,2016,68,all,1040,reported,
1.0,annual_population_estimates_by_age_sex_csv,1b7b14fa75cab035860dd865eedd72527a92dac1a9ca0fcf76bbb5a2b731e368,,2011/2024,observed,csv_row_2016_age_69_col_Male,annual_estimates_observed_v1,2016,69,male,530,reported,
1.0,annual_population_estimates_by_age_sex_csv,1b7b14fa75cab035860dd865eedd72527a92dac1a9ca0fcf76bbb5a2b731e368,,2011/2024,observed,csv_row_2016_age_69_col_Female,annual_estimates_observed_v1,2016,69,female,540,reported,
1.0,annual_population_estimates_by_age_sex_csv,1b7b14fa75cab035860dd865eedd72527a92dac1a9ca0fcf76bbb5a2b731e368,,2011/2024,derived,derived_from_2016_age_69_Male_and_Female,annual_estimates_sex_sum_v1,2016,69,all,1070,reported,
1.0,annual_population_estimates_by_age_sex_csv,1b7b14fa75cab035860dd865eedd72527a92dac1a9ca0fcf76bbb5a2b731e368,,2011/2024,observed,csv_row_2016_age_70_col_Male,annual_estimates_observed_v1,2016,70,male,470,reported,
1.0,annual_population_estimates_by_age_sex_csv,1b7b14fa75cab035860dd865eedd72527a92dac1a9ca0fcf76bbb5a2b731e368,,2011/2024,observed,csv_row_2016_age_70_col_Female,annual_estimates_observed_v1,2016,70,female,530,reported,
1.0,annual_population_estimates_by_age_sex_csv,1b7b14fa75cab035860dd865eedd72527a92dac1a9ca0fcf76bbb5a2b731e368,,2011/2024,derived,derived_from_2016_age_70_Male_and_Female,annual_estimates_sex_sum_v1,2016,70,all,1000,reported,
1.0,annual_population_estimates_by_age_sex_csv,1b7b14fa75cab035860dd865eedd72527a92dac1a9ca0fcf76bbb5a2b731e368,,2011/2024,observed,csv_row_2016_age_71_col_Male,annual_estimates_observed_v1,2016,71,male,360,reported,
1.0,annual_population_estimates_by_age_sex_csv,1b7b14fa75cab035860dd865eedd72527a92dac1a9ca0fcf76bbb5a2b731e368,,2011/2024,observed,csv_row_2016_age_71_col_Female,annual_estimates_observed_v1,2016,71,female,420,reported,
1.0,annual_population_estimates_by_age_sex_csv,1b7b14fa75cab035860dd865eedd72527a92dac1a9ca0fcf76bbb5a2b731e368,,2011/2024,derived,derived_from_2016_age_71_Male_and_Female,annual_estimates_sex_sum_v1,2016,71,all,780,reported,
1.0,annual_population_estimates_by_age_sex_csv,1b7b14fa75cab035860dd865eedd72527a92dac1a9ca0fcf76bbb5a2b731e368,,2011/2024,observed,csv_row_2016_age_72_col_Male,annual_estimates_observed_v1,2016,72,male,400,reported,
1.0,annual_population_estimates_by_age_sex_csv,1b7b14fa75cab035860dd865eedd72527a92dac1a9ca0fcf76bbb5a2b731e368,,2011/2024,observed,csv_row_2016_age_72_col_Female,annual_estimates_observed_v1,2016,72,female,450,reported,
1.0,annual_population_estimates_by_age_sex_csv,1b7b14fa75cab035860dd865eedd72527a92dac1a9ca0fcf76bbb5a2b731e368,,2011/2024,derived,derived_from_2016_age_72_Male_and_Female,annual_estimates_sex_sum_v1,2016,72,all,850,reported,
1.0,annual_population_estimates_by_age_sex_csv,1b7b14fa75cab035860dd865eedd72527a92dac1a9ca0fcf76bbb5a2b731e368,,2011/2024,observed,csv_row_2016_age_73_col_Male,annual_estimates_observed_v1,2016,73,male,360,reported,
1.0,annual_population_estimates_by_age_sex_csv,1b7b14fa75cab035860dd865eedd72527a92dac1a9ca0fcf76bbb5a2b731e368,,2011/2024,observed,csv_row_2016_age_73_col_Female,annual_estimates_observed_v1,2016,73,female,400,reported,
1.0,annual_population_estimates_by_age_sex_csv,1b7b14fa75cab035860dd865eedd72527a92dac1a9ca0fcf76bbb5a2b731e368,,2011/2024,derived,derived_from_2016_age_73_Male_and_Female,annual_estimates_sex_sum_v1,2016,73,all,760,reported,
1.0,annual_population_estimates_by_age_sex_csv,1b7b14fa75cab035860dd865eedd72527a92dac1a9ca0fcf76bbb5a2b731e368,,2011/2024,observed,csv_row_2016_age_74_col_Male,annual_estimates_observed_v1,2016,74,male,290,reported,
1.0,annual_population_estimates_by_age_sex_csv,1b7b14fa75cab035860dd865eedd72527a92dac1a9ca0fcf76bbb5a2b731e368,,2011/2024,observed,csv_row_2016_age_74_col_Female,annual_estimates_observed_v1,2016,74,female,340,reported,
1.0,annual_population_estimates_by_age_sex_csv,1b7b14fa75cab035860dd865eedd72527a92dac1a9ca0fcf76bbb5a2b731e368,,2011/2024,derived,derived_from_2016_age_74_Male_and_Female,annual_estimates_sex_sum_v1,2016,74,all,630,reported,
1.0,annual_population_estimates_by_age_sex_csv,1b7b14fa75cab035860dd865eedd72527a92dac1a9ca0fcf76bbb5a2b731e368,,2011/2024,observed,csv_row_2016_age_75_col_Male,annual_estimates_observed_v1,2016,75,male,280,reported,
1.0,annual_population_estimates_by_age_sex_csv,1b7b14fa75cab035860dd865eedd72527a92dac1a9ca0fcf76bbb5a2b731e368,,2011/2024,observed,csv_row_2016_age_75_col_Female,annual_estimates_observed_v1,2016,75,female,350,reported,
1.0,annual_population_estimates_by_age_sex_csv,1b7b14fa75cab035860dd865eedd72527a92dac1a9ca0fcf76bbb5a2b731e368,,2011/2024,derived,derived_from_2016_age_75_Male_and_Female,annual_estimates_sex_sum_v1,2016,75,all,630,reported,
1.0,annual_population_estimates_by_age_sex_csv,1b7b14fa75cab035860dd865eedd72527a92dac1a9ca0fcf76bbb5a2b731e368,,2011/2024,observed,csv_row_2016_age_76_col_Male,annual_estimates_observed_v1,2016,76,male,330,reported,
1.0,annual_population_estimates_by_age_sex_csv,1b7b14fa75cab035860dd865eedd72527a92dac1a9ca0fcf76bbb5a2b731e368,,2011/2024,observed,csv_row_2016_age_76_col_Female,annual_estimates_observed_v1,2016,76,female,360,reported,
1.0,annual_population_estimates_by_age_sex_csv,1b7b14fa75cab035860dd865eedd72527a92dac1a9ca0fcf76bbb5a2b731e368,,2011/2024,derived,derived_from_2016_age_76_Male_and_Female,annual_estimates_sex_sum_v1,2016,76,all,690,reported,
1.0,annual_population_estimates_by_age_sex_csv,1b7b14fa75cab035860dd865eedd72527a92dac1a9ca0fcf76bbb5a2b731e368,,2011/2024,observed,csv_row_2016_age_77_col_Male,annual_estimates_observed_v1,2016,77,male,330,reported,
1.0,annual_population_estimates_by_age_sex_csv,1b7b14fa75cab035860dd865eedd72527a92dac1a9ca0fcf76bbb5a2b731e368,,2011/2024,observed,csv_row_2016_age_77_col_Female,annual_estimates_observed_v1,2016,77,female,350,reported,
1.0,annual_population_estimates_by_age_sex_csv,1b7b14fa75cab035860dd865eedd72527a92dac1a9ca0fcf76bbb5a2b731e368,,2011/2024,derived,derived_from_2016_age_77_Male_and_Female,annual_estimates_sex_sum_v1,2016,77,all,680,reported,
1.0,annual_population_estimates_by_age_sex_csv,1b7b14fa75cab035860dd865eedd72527a92dac1a9ca0fcf76bbb5a2b731e368,,2011/2024,observed,csv_row_2016_age_78_col_Male,annual_estimates_observed_v1,2016,78,male,310,reported,
1.0,annual_population_estimates_by_age_sex_csv,1b7b14fa75cab035860dd865eedd72527a92dac1a9ca0fcf76bbb5a2b731e368,,2011/2024,observed,csv_row_2016_age_78_col_Female,annual_estimates_observed_v1,2016,78,female,340,reported,
1.0,annual_population_estimates_by_age_sex_csv,1b7b14fa75cab035860dd865eedd72527a92dac1a9ca0fcf76bbb5a2b731e368,,2011/2024,derived,derived_from_2016_age_78_Male_and_Female,annual_estimates_sex_sum_v1,2016,78,all,650,reported,
1.0,annual_population_estimates_by_age_sex_csv,1b7b14fa75cab035860dd865eedd72527a92dac1a9ca0fcf76bbb5a2b731e368,,2011/2024,observed,csv_row_2016_age_79_col_Male,annual_estimates_observed_v1,2016,79,male,270,reported,
1.0,annual_population_estimates_by_age_sex_csv,1b7b14fa75cab035860dd865eedd72527a92dac1a9ca0fcf76bbb5a2b731e368,,2011/2024,observed,csv_row_2016_age_79_col_Female,annual_estimates_observed_v1,2016,79,female,340,reported,
1.0,annual_population_estimates_by_age_sex_csv,1b7b14fa75cab035860dd865eedd72527a92dac1a9ca0fcf76bbb5a2b731e368,,2011/2024,derived,derived_from_2016_age_79_Male_and_Female,annual_estimates_sex_sum_v1,2016,79,all,610,reported,
1.0,annual_population_estimates_by_age_sex_csv,1b7b14fa75cab035860dd865eedd72527a92dac1a9ca0fcf76bbb5a2b731e368,,2011/2024,observed,csv_row_2016_age_80_col_Male,annual_estimates_observed_v1,2016,80,male,250,reported,
1.0,annual_population_estimates_by_age_sex_csv,1b7b14fa75cab035860dd865eedd72527a92dac1a9ca0fcf76bbb5a2b731e368,,2011/2024,observed,csv_row_2016_age_80_col_Female,annual_estimates_observed_v1,2016,80,female,320,reported,
1.0,annual_population_estimates_by_age_sex_csv,1b7b14fa75cab035860dd865eedd72527a92dac1a9ca0fcf76bbb5a2b731e368,,2011/2024,derived,derived_from_2016_age_80_Male_and_Female,annual_estimates_sex_sum_v1,2016,80,all,570,reported,
1.0,annual_population_estimates_by_age_sex_csv,1b7b14fa75cab035860dd865eedd72527a92dac1a9ca0fcf76bbb5a2b731e368,,2011/2024,observed,csv_row_2016_age_81_col_Male,annual_estimates_observed_v1,2016,81,male,250,reported,
1.0,annual_population_estimates_by_age_sex_csv,1b7b14fa75cab035860dd865eedd72527a92dac1a9ca0fcf76bbb5a2b731e368,,2011/2024,observed,csv_row_2016_age_81_col_Female,annual_estimates_observed_v1,2016,81,female,270,reported,
1.0,annual_population_estimates_by_age_sex_csv,1b7b14fa75cab035860dd865eedd72527a92dac1a9ca0fcf76bbb5a2b731e368,,2011/2024,derived,derived_from_2016_age_81_Male_and_Female,annual_estimates_sex_sum_v1,2016,81,all,520,reported,
1.0,annual_population_estimates_by_age_sex_csv,1b7b14fa75cab035860dd865eedd72527a92dac1a9ca0fcf76bbb5a2b731e368,,2011/2024,observed,csv_row_2016_age_82_col_Male,annual_estimates_observed_v1,2016,82,male,220,reported,
1.0,annual_population_estimates_by_age_sex_csv,1b7b14fa75cab035860dd865eedd72527a92dac1a9ca0fcf76bbb5a2b731e368,,2011/2024,observed,csv_row_2016_age_82_col_Female,annual_estimates_observed_v1,2016,82,female,280,reported,
1.0,annual_population_estimates_by_age_sex_csv,1b7b14fa75cab035860dd865eedd72527a92dac1a9ca0fcf76bbb5a2b731e368,,2011/2024,derived,derived_from_2016_age_82_Male_and_Female,annual_estimates_sex_sum_v1,2016,82,all,500,reported,
1.0,annual_population_estimates_by_age_sex_csv,1b7b14fa75cab035860dd865eedd72527a92dac1a9ca0fcf76bbb5a2b731e368,,2011/2024,observed,csv_row_2016_age_83_col_Male,annual_estimates_observed_v1,2016,83,male,200,reported,
1.0,annual_population_estimates_by_age_sex_csv,1b7b14fa75cab035860dd865eedd72527a92dac1a9ca0fcf76bbb5a2b731e368,,2011/2024,observed,csv_row_2016_age_83_col_Female,annual_estimates_observed_v1,2016,83,female,260,reported,
1.0,annual_population_estimates_by_age_sex_csv,1b7b14fa75cab035860dd865eedd72527a92dac1a9ca0fcf76bbb5a2b731e368,,2011/2024,derived,derived_from_2016_age_83_Male_and_Female,annual_estimates_sex_sum_v1,2016,83,all,460,reported,
1.0,annual_population_estimates_by_age_sex_csv,1b7b14fa75cab035860dd865eedd72527a92dac1a9ca0fcf76bbb5a2b731e368,,2011/2024,observed,csv_row_2016_age_84_col_Male,annual_estimates_observed_v1,2016,84,male,150,reported,
1.0,annual_population_estimates_by_age_sex_csv,1b7b14fa75cab035860dd865eedd72527a92dac1a9ca0fcf76bbb5a2b731e368,,2011/2024,observed,csv_row_2016_age_84_col_Female,annual_estimates_observed_v1,2016,84,female,240,reported,
1.0,annual_population_estimates_by_age_sex_csv,1b7b14fa75cab035860dd865eedd72527a92dac1a9ca0fcf76bbb5a2b731e368,,2011/2024,derived,derived_from_2016_age_84_Male_and_Female,annual_estimates_sex_sum_v1,2016,84,all,390,reported,
1.0,annual_population_estimates_by_age_sex_csv,1b7b14fa75cab035860dd865eedd72527a92dac1a9ca0fcf76bbb5a2b731e368,,2011/2024,observed,csv_row_2016_age_85_col_Male,annual_estimates_observed_v1,2016,85,male,150,reported,
1.0,annual_population_estimates_by_age_sex_csv,1b7b14fa75cab035860dd865eedd72527a92dac1a9ca0fcf76bbb5a2b731e368,,2011/2024,observed,csv_row_2016_age_85_col_Female,annual_estimates_observed_v1,2016,85,female,210,reported,
1.0,annual_population_estimates_by_age_sex_csv,1b7b14fa75cab035860dd865eedd72527a92dac1a9ca0fcf76bbb5a2b731e368,,2011/2024,derived,derived_from_2016_age_85_Male_and_Female,annual_estimates_sex_sum_v1,2016,85,all,360,reported,
1.0,annual_population_estimates_by_age_sex_csv,1b7b14fa75cab035860dd865eedd72527a92dac1a9ca0fcf76bbb5a2b731e368,,2011/2024,observed,csv_row_2016_age_86_col_Male,annual_estimates_observed_v1,2016,86,male,130,reported,
1.0,annual_population_estimates_by_age_sex_csv,1b7b14fa75cab035860dd865eedd72527a92dac1a9ca0fcf76bbb5a2b731e368,,2011/2024,observed,csv_row_2016_age_86_col_Female,annual_estimates_observed_v1,2016,86,female,210,reported,
1.0,annual_population_estimates_by_age_sex_csv,1b7b14fa75cab035860dd865eedd72527a92dac1a9ca0fcf76bbb5a2b731e368,,2011/2024,derived,derived_from_2016_age_86_Male_and_Female,annual_estimates_sex_sum_v1,2016,86,all,340,reported,
1.0,annual_population_estimates_by_age_sex_csv,1b7b14fa75cab035860dd865eedd72527a92dac1a9ca0fcf76bbb5a2b731e368,,2011/2024,observed,csv_row_2016_age_87_col_Male,annual_estimates_observed_v1,2016,87,male,110,reported,
1.0,annual_population_estimates_by_age_sex_csv,1b7b14fa75cab035860dd865eedd72527a92dac1a9ca0fcf76bbb5a2b731e368,,2011/2024,observed,csv_row_2016_age_87_col_Female,annual_estimates_observed_v1,2016,87,female,180,reported,
1.0,annual_population_estimates_by_age_sex_csv,1b7b14fa75cab035860dd865eedd72527a92dac1a9ca0fcf76bbb5a2b731e368,,2011/2024,derived,derived_from_2016_age_87_Male_and_Female,annual_estimates_sex_sum_v1,2016,87,all,290,reported,
1.0,annual_population_estimates_by_age_sex_csv,1b7b14fa75cab035860dd865eedd72527a92dac1a9ca0fcf76bbb5a2b731e368,,2011/2024,observed,csv_row_2016_age_88_col_Male,annual_estimates_observed_v1,2016,88,male,80,reported,
1.0,annual_population_estimates_by_age_sex_csv,1b7b14fa75cab035860dd865eedd72527a92dac1a9ca0fcf76bbb5a2b731e368,,2011/2024,observed,csv_row_2016_age_88_col_Female,annual_estimates_observed_v1,2016,88,female,170,reported,
1.0,annual_population_estimates_by_age_sex_csv,1b7b14fa75cab035860dd865eedd72527a92dac1a9ca0fcf76bbb5a2b731e368,,2011/2024,derived,derived_from_2016_age_88_Male_and_Female,annual_estimates_sex_sum_v1,2016,88,all,250,reported,
1.0,annual_population_estimates_by_age_sex_csv,1b7b14fa75cab035860dd865eedd72527a92dac1a9ca0fcf76bbb5a2b731e368,,2011/2024,observed,csv_row_2016_age_89_col_Male,annual_estimates_observed_v1,2016,89,male,70,reported,
1.0,annual_population_estimates_by_age_sex_csv,1b7b14fa75cab035860dd865eedd72527a92dac1a9ca0fcf76bbb5a2b731e368,,2011/2024,observed,csv_row_2016_age_89_col_Female,annual_estimates_observed_v1,2016,89,female,110,reported,
1.0,annual_population_estimates_by_age_sex_csv,1b7b14fa75cab035860dd865eedd72527a92dac1a9ca0fcf76bbb5a2b731e368,,2011/2024,derived,derived_from_2016_age_89_Male_and_Female,annual_estimates_sex_sum_v1,2016,89,all,180,reported,
1.0,annual_population_estimates_by_age_sex_csv,1b7b14fa75cab035860dd865eedd72527a92dac1a9ca0fcf76bbb5a2b731e368,,2011/2024,observed,csv_row_2016_age_90_col_Male,annual_estimates_observed_v1,2016,90,male,70,reported,
1.0,annual_population_estimates_by_age_sex_csv,1b7b14fa75cab035860dd865eedd72527a92dac1a9ca0fcf76bbb5a2b731e368,,2011/2024,observed,csv_row_2016_age_90_col_Female,annual_estimates_observed_v1,2016,90,female,140,reported,
1.0,annual_population_estimates_by_age_sex_csv,1b7b14fa75cab035860dd865eedd72527a92dac1a9ca0fcf76bbb5a2b731e368,,2011/2024,derived,derived_from_2016_age_90_Male_and_Female,annual_estimates_sex_sum_v1,2016,90,all,210,reported,
1.0,annual_population_estimates_by_age_sex_csv,1b7b14fa75cab035860dd865eedd72527a92dac1a9ca0fcf76bbb5a2b731e368,,2011/2024,observed,csv_row_2016_age_91_col_Male,annual_estimates_observed_v1,2016,91,male,60,reported,
1.0,annual_population_estimates_by_age_sex_csv,1b7b14fa75cab035860dd865eedd72527a92dac1a9ca0fcf76bbb5a2b731e368,,2011/2024,observed,csv_row_2016_age_91_col_Female,annual_estimates_observed_v1,2016,91,female,100,reported,
1.0,annual_population_estimates_by_age_sex_csv,1b7b14fa75cab035860dd865eedd72527a92dac1a9ca0fcf76bbb5a2b731e368,,2011/2024,derived,derived_from_2016_age_91_Male_and_Female,annual_estimates_sex_sum_v1,2016,91,all,160,reported,
1.0,annual_population_estimates_by_age_sex_csv,1b7b14fa75cab035860dd865eedd72527a92dac1a9ca0fcf76bbb5a2b731e368,,2011/2024,observed,csv_row_2016_age_92_col_Male,annual_estimates_observed_v1,2016,92,male,40,reported,
1.0,annual_population_estimates_by_age_sex_csv,1b7b14fa75cab035860dd865eedd72527a92dac1a9ca0fcf76bbb5a2b731e368,,2011/2024,observed,csv_row_2016_age_92_col_Female,annual_estimates_observed_v1,2016,92,female,80,reported,
1.0,annual_population_estimates_by_age_sex_csv,1b7b14fa75cab035860dd865eedd72527a92dac1a9ca0fcf76bbb5a2b731e368,,2011/2024,derived,derived_from_2016_age_92_Male_and_Female,annual_estimates_sex_sum_v1,2016,92,all,120,reported,
1.0,annual_population_estimates_by_age_sex_csv,1b7b14fa75cab035860dd865eedd72527a92dac1a9ca0fcf76bbb5a2b731e368,,2011/2024,observed,csv_row_2016_age_93_col_Male,annual_estimates_observed_v1,2016,93,male,30,reported,
1.0,annual_population_estimates_by_age_sex_csv,1b7b14fa75cab035860dd865eedd72527a92dac1a9ca0fcf76bbb5a2b731e368,,2011/2024,observed,csv_row_2016_age_93_col_Female,annual_estimates_observed_v1,2016,93,female,70,reported,
1.0,annual_population_estimates_by_age_sex_csv,1b7b14fa75cab035860dd865eedd72527a92dac1a9ca0fcf76bbb5a2b731e368,,2011/2024,derived,derived_from_2016_age_93_Male_and_Female,annual_estimates_sex_sum_v1,2016,93,all,100,reported,
1.0,annual_population_estimates_by_age_sex_csv,1b7b14fa75cab035860dd865eedd72527a92dac1a9ca0fcf76bbb5a2b731e368,,2011/2024,observed,csv_row_2016_age_94_col_Male,annual_estimates_observed_v1,2016,94,male,30,reported,
1.0,annual_population_estimates_by_age_sex_csv,1b7b14fa75cab035860dd865eedd72527a92dac1a9ca0fcf76bbb5a2b731e368,,2011/2024,observed,csv_row_2016_age_94_col_Female,annual_estimates_observed_v1,2016,94,female,50,reported,
1.0,annual_population_estimates_by_age_sex_csv,1b7b14fa75cab035860dd865eedd72527a92dac1a9ca0fcf76bbb5a2b731e368,,2011/2024,derived,derived_from_2016_age_94_Male_and_Female,annual_estimates_sex_sum_v1,2016,94,all,80,reported,
1.0,annual_population_estimates_by_age_sex_csv,1b7b14fa75cab035860dd865eedd72527a92dac1a9ca0fcf76bbb5a2b731e368,,2011/2024,observed,csv_row_2016_age_95_col_Male,annual_estimates_observed_v1,2016,95,male,10,reported,
1.0,annual_population_estimates_by_age_sex_csv,1b7b14fa75cab035860dd865eedd72527a92dac1a9ca0fcf76bbb5a2b731e368,,2011/2024,observed,csv_row_2016_age_95_col_Female,annual_estimates_observed_v1,2016,95,female,40,reported,
1.0,annual_population_estimates_by_age_sex_csv,1b7b14fa75cab035860dd865eedd72527a92dac1a9ca0fcf76bbb5a2b731e368,,2011/2024,derived,derived_from_2016_age_95_Male_and_Female,annual_estimates_sex_sum_v1,2016,95,all,50,reported,
1.0,annual_population_estimates_by_age_sex_csv,1b7b14fa75cab035860dd865eedd72527a92dac1a9ca0fcf76bbb5a2b731e368,,2011/2024,observed,csv_row_2016_age_96_col_Male,annual_estimates_observed_v1,2016,96,male,10,reported,
1.0,annual_population_estimates_by_age_sex_csv,1b7b14fa75cab035860dd865eedd72527a92dac1a9ca0fcf76bbb5a2b731e368,,2011/2024,observed,csv_row_2016_age_96_col_Female,annual_estimates_observed_v1,2016,96,female,40,reported,
1.0,annual_population_estimates_by_age_sex_csv,1b7b14fa75cab035860dd865eedd72527a92dac1a9ca0fcf76bbb5a2b731e368,,2011/2024,derived,derived_from_2016_age_96_Male_and_Female,annual_estimates_sex_sum_v1,2016,96,all,50,reported,
1.0,annual_population_estimates_by_age_sex_csv,1b7b14fa75cab035860dd865eedd72527a92dac1a9ca0fcf76bbb5a2b731e368,,2011/2024,observed,csv_row_2016_age_97_col_Male,annual_estimates_observed_v1,2016,97,male,10,reported,
1.0,annual_population_estimates_by_age_sex_csv,1b7b14fa75cab035860dd865eedd72527a92dac1a9ca0fcf76bbb5a2b731e368,,2011/2024,observed,csv_row_2016_age_97_col_Female,annual_estimates_observed_v1,2016,97,female,20,reported,
1.0,annual_population_estimates_by_age_sex_csv,1b7b14fa75cab035860dd865eedd72527a92dac1a9ca0fcf76bbb5a2b731e368,,2011/2024,derived,derived_from_2016_age_97_Male_and_Female,annual_estimates_sex_sum_v1,2016,97,all,30,reported,
1.0,annual_population_estimates_by_age_sex_csv,1b7b14fa75cab035860dd865eedd72527a92dac1a9ca0fcf76bbb5a2b731e368,,2011/2024,observed,csv_row_2016_age_98_col_Male,annual_estimates_observed_v1,2016,98,male,0,reported,
1.0,annual_population_estimates_by_age_sex_csv,1b7b14fa75cab035860dd865eedd72527a92dac1a9ca0fcf76bbb5a2b731e368,,2011/2024,observed,csv_row_2016_age_98_col_Female,annual_estimates_observed_v1,2016,98,female,20,reported,
1.0,annual_population_estimates_by_age_sex_csv,1b7b14fa75cab035860dd865eedd72527a92dac1a9ca0fcf76bbb5a2b731e368,,2011/2024,derived,derived_from_2016_age_98_Male_and_Female,annual_estimates_sex_sum_v1,2016,98,all,20,reported,
1.0,annual_population_estimates_by_age_sex_csv,1b7b14fa75cab035860dd865eedd72527a92dac1a9ca0fcf76bbb5a2b731e368,,2011/2024,observed,csv_row_2016_age_99_col_Male,annual_estimates_observed_v1,2016,99,male,0,reported,
1.0,annual_population_estimates_by_age_sex_csv,1b7b14fa75cab035860dd865eedd72527a92dac1a9ca0fcf76bbb5a2b731e368,,2011/2024,observed,csv_row_2016_age_99_col_Female,annual_estimates_observed_v1,2016,99,female,10,reported,
1.0,annual_population_estimates_by_age_sex_csv,1b7b14fa75cab035860dd865eedd72527a92dac1a9ca0fcf76bbb5a2b731e368,,2011/2024,derived,derived_from_2016_age_99_Male_and_Female,annual_estimates_sex_sum_v1,2016,99,all,10,reported,
1.0,annual_population_estimates_by_age_sex_csv,1b7b14fa75cab035860dd865eedd72527a92dac1a9ca0fcf76bbb5a2b731e368,,2011/2024,observed,csv_row_2016_age_100_col_Male,annual_estimates_observed_v1,2016,100,male,0,reported,
1.0,annual_population_estimates_by_age_sex_csv,1b7b14fa75cab035860dd865eedd72527a92dac1a9ca0fcf76bbb5a2b731e368,,2011/2024,observed,csv_row_2016_age_100_col_Female,annual_estimates_observed_v1,2016,100,female,10,reported,
1.0,annual_population_estimates_by_age_sex_csv,1b7b14fa75cab035860dd865eedd72527a92dac1a9ca0fcf76bbb5a2b731e368,,2011/2024,derived,derived_from_2016_age_100_Male_and_Female,annual_estimates_sex_sum_v1,2016,100,all,10,reported,
1.0,annual_population_estimates_by_age_sex_csv,1b7b14fa75cab035860dd865eedd72527a92dac1a9ca0fcf76bbb5a2b731e368,,2011/2024,observed,csv_row_2017_age_0_col_Male,annual_estimates_observed_v1,2017,0,male,500,reported,
1.0,annual_population_estimates_by_age_sex_csv,1b7b14fa75cab035860dd865eedd72527a92dac1a9ca0fcf76bbb5a2b731e368,,2011/2024,observed,csv_row_2017_age_0_col_Female,annual_estimates_observed_v1,2017,0,female,460,reported,
1.0,annual_population_estimates_by_age_sex_csv,1b7b14fa75cab035860dd865eedd72527a92dac1a9ca0fcf76bbb5a2b731e368,,2011/2024,derived,derived_from_2017_age_0_Male_and_Female,annual_estimates_sex_sum_v1,2017,0,all,960,reported,
1.0,annual_population_estimates_by_age_sex_csv,1b7b14fa75cab035860dd865eedd72527a92dac1a9ca0fcf76bbb5a2b731e368,,2011/2024,observed,csv_row_2017_age_1_col_Male,annual_estimates_observed_v1,2017,1,male,530,reported,
1.0,annual_population_estimates_by_age_sex_csv,1b7b14fa75cab035860dd865eedd72527a92dac1a9ca0fcf76bbb5a2b731e368,,2011/2024,observed,csv_row_2017_age_1_col_Female,annual_estimates_observed_v1,2017,1,female,510,reported,
1.0,annual_population_estimates_by_age_sex_csv,1b7b14fa75cab035860dd865eedd72527a92dac1a9ca0fcf76bbb5a2b731e368,,2011/2024,derived,derived_from_2017_age_1_Male_and_Female,annual_estimates_sex_sum_v1,2017,1,all,1040,reported,
1.0,annual_population_estimates_by_age_sex_csv,1b7b14fa75cab035860dd865eedd72527a92dac1a9ca0fcf76bbb5a2b731e368,,2011/2024,observed,csv_row_2017_age_2_col_Male,annual_estimates_observed_v1,2017,2,male,550,reported,
1.0,annual_population_estimates_by_age_sex_csv,1b7b14fa75cab035860dd865eedd72527a92dac1a9ca0fcf76bbb5a2b731e368,,2011/2024,observed,csv_row_2017_age_2_col_Female,annual_estimates_observed_v1,2017,2,female,510,reported,
1.0,annual_population_estimates_by_age_sex_csv,1b7b14fa75cab035860dd865eedd72527a92dac1a9ca0fcf76bbb5a2b731e368,,2011/2024,derived,derived_from_2017_age_2_Male_and_Female,annual_estimates_sex_sum_v1,2017,2,all,1060,reported,
1.0,annual_population_estimates_by_age_sex_csv,1b7b14fa75cab035860dd865eedd72527a92dac1a9ca0fcf76bbb5a2b731e368,,2011/2024,observed,csv_row_2017_age_3_col_Male,annual_estimates_observed_v1,2017,3,male,490,reported,
1.0,annual_population_estimates_by_age_sex_csv,1b7b14fa75cab035860dd865eedd72527a92dac1a9ca0fcf76bbb5a2b731e368,,2011/2024,observed,csv_row_2017_age_3_col_Female,annual_estimates_observed_v1,2017,3,female,500,reported,
1.0,annual_population_estimates_by_age_sex_csv,1b7b14fa75cab035860dd865eedd72527a92dac1a9ca0fcf76bbb5a2b731e368,,2011/2024,derived,derived_from_2017_age_3_Male_and_Female,annual_estimates_sex_sum_v1,2017,3,all,990,reported,
1.0,annual_population_estimates_by_age_sex_csv,1b7b14fa75cab035860dd865eedd72527a92dac1a9ca0fcf76bbb5a2b731e368,,2011/2024,observed,csv_row_2017_age_4_col_Male,annual_estimates_observed_v1,2017,4,male,540,reported,
1.0,annual_population_estimates_by_age_sex_csv,1b7b14fa75cab035860dd865eedd72527a92dac1a9ca0fcf76bbb5a2b731e368,,2011/2024,observed,csv_row_2017_age_4_col_Female,annual_estimates_observed_v1,2017,4,female,520,reported,
1.0,annual_population_estimates_by_age_sex_csv,1b7b14fa75cab035860dd865eedd72527a92dac1a9ca0fcf76bbb5a2b731e368,,2011/2024,derived,derived_from_2017_age_4_Male_and_Female,annual_estimates_sex_sum_v1,2017,4,all,1060,reported,
1.0,annual_population_estimates_by_age_sex_csv,1b7b14fa75cab035860dd865eedd72527a92dac1a9ca0fcf76bbb5a2b731e368,,2011/2024,observed,csv_row_2017_age_5_col_Male,annual_estimates_observed_v1,2017,5,male,570,reported,
1.0,annual_population_estimates_by_age_sex_csv,1b7b14fa75cab035860dd865eedd72527a92dac1a9ca0fcf76bbb5a2b731e368,,2011/2024,observed,csv_row_2017_age_5_col_Female,annual_estimates_observed_v1,2017,5,female,560,reported,
1.0,annual_population_estimates_by_age_sex_csv,1b7b14fa75cab035860dd865eedd72527a92dac1a9ca0fcf76bbb5a2b731e368,,2011/2024,derived,derived_from_2017_age_5_Male_and_Female,annual_estimates_sex_sum_v1,2017,5,all,1130,reported,
1.0,annual_population_estimates_by_age_sex_csv,1b7b14fa75cab035860dd865eedd72527a92dac1a9ca0fcf76bbb5a2b731e368,,2011/2024,observed,csv_row_2017_age_6_col_Male,annual_estimates_observed_v1,2017,6,male,550,reported,
1.0,annual_population_estimates_by_age_sex_csv,1b7b14fa75cab035860dd865eedd72527a92dac1a9ca0fcf76bbb5a2b731e368,,2011/2024,observed,csv_row_2017_age_6_col_Female,annual_estimates_observed_v1,2017,6,female,540,reported,
1.0,annual_population_estimates_by_age_sex_csv,1b7b14fa75cab035860dd865eedd72527a92dac1a9ca0fcf76bbb5a2b731e368,,2011/2024,derived,derived_from_2017_age_6_Male_and_Female,annual_estimates_sex_sum_v1,2017,6,all,1090,reported,
1.0,annual_population_estimates_by_age_sex_csv,1b7b14fa75cab035860dd865eedd72527a92dac1a9ca0fcf76bbb5a2b731e368,,2011/2024,observed,csv_row_2017_age_7_col_Male,annual_estimates_observed_v1,2017,7,male,530,reported,
1.0,annual_population_estimates_by_age_sex_csv,1b7b14fa75cab035860dd865eedd72527a92dac1a9ca0fcf76bbb5a2b731e368,,2011/2024,observed,csv_row_2017_age_7_col_Female,annual_estimates_observed_v1,2017,7,female,550,reported,
1.0,annual_population_estimates_by_age_sex_csv,1b7b14fa75cab035860dd865eedd72527a92dac1a9ca0fcf76bbb5a2b731e368,,2011/2024,derived,derived_from_2017_age_7_Male_and_Female,annual_estimates_sex_sum_v1,2017,7,all,1080,reported,
1.0,annual_population_estimates_by_age_sex_csv,1b7b14fa75cab035860dd865eedd72527a92dac1a9ca0fcf76bbb5a2b731e368,,2011/2024,observed,csv_row_2017_age_8_col_Male,annual_estimates_observed_v1,2017,8,male,520,reported,
1.0,annual_population_estimates_by_age_sex_csv,1b7b14fa75cab035860dd865eedd72527a92dac1a9ca0fcf76bbb5a2b731e368,,2011/2024,observed,csv_row_2017_age_8_col_Female,annual_estimates_observed_v1,2017,8,female,500,reported,
1.0,annual_population_estimates_by_age_sex_csv,1b7b14fa75cab035860dd865eedd72527a92dac1a9ca0fcf76bbb5a2b731e368,,2011/2024,derived,derived_from_2017_age_8_Male_and_Female,annual_estimates_sex_sum_v1,2017,8,all,1020,reported,
1.0,annual_population_estimates_by_age_sex_csv,1b7b14fa75cab035860dd865eedd72527a92dac1a9ca0fcf76bbb5a2b731e368,,2011/2024,observed,csv_row_2017_age_9_col_Male,annual_estimates_observed_v1,2017,9,male,510,reported,
1.0,annual_population_estimates_by_age_sex_csv,1b7b14fa75cab035860dd865eedd72527a92dac1a9ca0fcf76bbb5a2b731e368,,2011/2024,observed,csv_row_2017_age_9_col_Female,annual_estimates_observed_v1,2017,9,female,560,reported,
1.0,annual_population_estimates_by_age_sex_csv,1b7b14fa75cab035860dd865eedd72527a92dac1a9ca0fcf76bbb5a2b731e368,,2011/2024,derived,derived_from_2017_age_9_Male_and_Female,annual_estimates_sex_sum_v1,2017,9,all,1070,reported,
1.0,annual_population_estimates_by_age_sex_csv,1b7b14fa75cab035860dd865eedd72527a92dac1a9ca0fcf76bbb5a2b731e368,,2011/2024,observed,csv_row_2017_age_10_col_Male,annual_estimates_observed_v1,2017,10,male,520,reported,
1.0,annual_population_estimates_by_age_sex_csv,1b7b14fa75cab035860dd865eedd72527a92dac1a9ca0fcf76bbb5a2b731e368,,2011/2024,observed,csv_row_2017_age_10_col_Female,annual_estimates_observed_v1,2017,10,female,520,reported,
1.0,annual_population_estimates_by_age_sex_csv,1b7b14fa75cab035860dd865eedd72527a92dac1a9ca0fcf76bbb5a2b731e368,,2011/2024,derived,derived_from_2017_age_10_Male_and_Female,annual_estimates_sex_sum_v1,2017,10,all,1040,reported,
1.0,annual_population_estimates_by_age_sex_csv,1b7b14fa75cab035860dd865eedd72527a92dac1a9ca0fcf76bbb5a2b731e368,,2011/2024,observed,csv_row_2017_age_11_col_Male,annual_estimates_observed_v1,2017,11,male,500,reported,
1.0,annual_population_estimates_by_age_sex_csv,1b7b14fa75cab035860dd865eedd72527a92dac1a9ca0fcf76bbb5a2b731e368,,2011/2024,observed,csv_row_2017_age_11_col_Female,annual_estimates_observed_v1,2017,11,female,520,reported,
1.0,annual_population_estimates_by_age_sex_csv,1b7b14fa75cab035860dd865eedd72527a92dac1a9ca0fcf76bbb5a2b731e368,,2011/2024,derived,derived_from_2017_age_11_Male_and_Female,annual_estimates_sex_sum_v1,2017,11,all,1020,reported,
1.0,annual_population_estimates_by_age_sex_csv,1b7b14fa75cab035860dd865eedd72527a92dac1a9ca0fcf76bbb5a2b731e368,,2011/2024,observed,csv_row_2017_age_12_col_Male,annual_estimates_observed_v1,2017,12,male,510,reported,
1.0,annual_population_estimates_by_age_sex_csv,1b7b14fa75cab035860dd865eedd72527a92dac1a9ca0fcf76bbb5a2b731e368,,2011/2024,observed,csv_row_2017_age_12_col_Female,annual_estimates_observed_v1,2017,12,female,510,reported,
1.0,annual_population_estimates_by_age_sex_csv,1b7b14fa75cab035860dd865eedd72527a92dac1a9ca0fcf76bbb5a2b731e368,,2011/2024,derived,derived_from_2017_age_12_Male_and_Female,annual_estimates_sex_sum_v1,2017,12,all,1020,reported,
1.0,annual_population_estimates_by_age_sex_csv,1b7b14fa75cab035860dd865eedd72527a92dac1a9ca0fcf76bbb5a2b731e368,,2011/2024,observed,csv_row_2017_age_13_col_Male,annual_estimates_observed_v1,2017,13,male,520,reported,
1.0,annual_population_estimates_by_age_sex_csv,1b7b14fa75cab035860dd865eedd72527a92dac1a9ca0fcf76bbb5a2b731e368,,2011/2024,observed,csv_row_2017_age_13_col_Female,annual_estimates_observed_v1,2017,13,female,500,reported,
1.0,annual_population_estimates_by_age_sex_csv,1b7b14fa75cab035860dd865eedd72527a92dac1a9ca0fcf76bbb5a2b731e368,,2011/2024,derived,derived_from_2017_age_13_Male_and_Female,annual_estimates_sex_sum_v1,2017,13,all,1020,reported,
1.0,annual_population_estimates_by_age_sex_csv,1b7b14fa75cab035860dd865eedd72527a92dac1a9ca0fcf76bbb5a2b731e368,,2011/2024,observed,csv_row_2017_age_14_col_Male,annual_estimates_observed_v1,2017,14,male,530,reported,
1.0,annual_population_estimates_by_age_sex_csv,1b7b14fa75cab035860dd865eedd72527a92dac1a9ca0fcf76bbb5a2b731e368,,2011/2024,observed,csv_row_2017_age_14_col_Female,annual_estimates_observed_v1,2017,14,female,480,reported,
1.0,annual_population_estimates_by_age_sex_csv,1b7b14fa75cab035860dd865eedd72527a92dac1a9ca0fcf76bbb5a2b731e368,,2011/2024,derived,derived_from_2017_age_14_Male_and_Female,annual_estimates_sex_sum_v1,2017,14,all,1010,reported,
1.0,annual_population_estimates_by_age_sex_csv,1b7b14fa75cab035860dd865eedd72527a92dac1a9ca0fcf76bbb5a2b731e368,,2011/2024,observed,csv_row_2017_age_15_col_Male,annual_estimates_observed_v1,2017,15,male,460,reported,
1.0,annual_population_estimates_by_age_sex_csv,1b7b14fa75cab035860dd865eedd72527a92dac1a9ca0fcf76bbb5a2b731e368,,2011/2024,observed,csv_row_2017_age_15_col_Female,annual_estimates_observed_v1,2017,15,female,490,reported,
1.0,annual_population_estimates_by_age_sex_csv,1b7b14fa75cab035860dd865eedd72527a92dac1a9ca0fcf76bbb5a2b731e368,,2011/2024,derived,derived_from_2017_age_15_Male_and_Female,annual_estimates_sex_sum_v1,2017,15,all,950,reported,
1.0,annual_population_estimates_by_age_sex_csv,1b7b14fa75cab035860dd865eedd72527a92dac1a9ca0fcf76bbb5a2b731e368,,2011/2024,observed,csv_row_2017_age_16_col_Male,annual_estimates_observed_v1,2017,16,male,520,reported,
1.0,annual_population_estimates_by_age_sex_csv,1b7b14fa75cab035860dd865eedd72527a92dac1a9ca0fcf76bbb5a2b731e368,,2011/2024,observed,csv_row_2017_age_16_col_Female,annual_estimates_observed_v1,2017,16,female,500,reported,
1.0,annual_population_estimates_by_age_sex_csv,1b7b14fa75cab035860dd865eedd72527a92dac1a9ca0fcf76bbb5a2b731e368,,2011/2024,derived,derived_from_2017_age_16_Male_and_Female,annual_estimates_sex_sum_v1,2017,16,all,1020,reported,
1.0,annual_population_estimates_by_age_sex_csv,1b7b14fa75cab035860dd865eedd72527a92dac1a9ca0fcf76bbb5a2b731e368,,2011/2024,observed,csv_row_2017_age_17_col_Male,annual_estimates_observed_v1,2017,17,male,490,reported,
1.0,annual_population_estimates_by_age_sex_csv,1b7b14fa75cab035860dd865eedd72527a92dac1a9ca0fcf76bbb5a2b731e368,,2011/2024,observed,csv_row_2017_age_17_col_Female,annual_estimates_observed_v1,2017,17,female,480,reported,
1.0,annual_population_estimates_by_age_sex_csv,1b7b14fa75cab035860dd865eedd72527a92dac1a9ca0fcf76bbb5a2b731e368,,2011/2024,derived,derived_from_2017_age_17_Male_and_Female,annual_estimates_sex_sum_v1,2017,17,all,970,reported,
1.0,annual_population_estimates_by_age_sex_csv,1b7b14fa75cab035860dd865eedd72527a92dac1a9ca0fcf76bbb5a2b731e368,,2011/2024,observed,csv_row_2017_age_18_col_Male,annual_estimates_observed_v1,2017,18,male,580,reported,
1.0,annual_population_estimates_by_age_sex_csv,1b7b14fa75cab035860dd865eedd72527a92dac1a9ca0fcf76bbb5a2b731e368,,2011/2024,observed,csv_row_2017_age_18_col_Female,annual_estimates_observed_v1,2017,18,female,520,reported,
1.0,annual_population_estimates_by_age_sex_csv,1b7b14fa75cab035860dd865eedd72527a92dac1a9ca0fcf76bbb5a2b731e368,,2011/2024,derived,derived_from_2017_age_18_Male_and_Female,annual_estimates_sex_sum_v1,2017,18,all,1100,reported,
1.0,annual_population_estimates_by_age_sex_csv,1b7b14fa75cab035860dd865eedd72527a92dac1a9ca0fcf76bbb5a2b731e368,,2011/2024,observed,csv_row_2017_age_19_col_Male,annual_estimates_observed_v1,2017,19,male,580,reported,
1.0,annual_population_estimates_by_age_sex_csv,1b7b14fa75cab035860dd865eedd72527a92dac1a9ca0fcf76bbb5a2b731e368,,2011/2024,observed,csv_row_2017_age_19_col_Female,annual_estimates_observed_v1,2017,19,female,570,reported,
1.0,annual_population_estimates_by_age_sex_csv,1b7b14fa75cab035860dd865eedd72527a92dac1a9ca0fcf76bbb5a2b731e368,,2011/2024,derived,derived_from_2017_age_19_Male_and_Female,annual_estimates_sex_sum_v1,2017,19,all,1150,reported,
1.0,annual_population_estimates_by_age_sex_csv,1b7b14fa75cab035860dd865eedd72527a92dac1a9ca0fcf76bbb5a2b731e368,,2011/2024,observed,csv_row_2017_age_20_col_Male,annual_estimates_observed_v1,2017,20,male,610,reported,
1.0,annual_population_estimates_by_age_sex_csv,1b7b14fa75cab035860dd865eedd72527a92dac1a9ca0fcf76bbb5a2b731e368,,2011/2024,observed,csv_row_2017_age_20_col_Female,annual_estimates_observed_v1,2017,20,female,560,reported,
1.0,annual_population_estimates_by_age_sex_csv,1b7b14fa75cab035860dd865eedd72527a92dac1a9ca0fcf76bbb5a2b731e368,,2011/2024,derived,derived_from_2017_age_20_Male_and_Female,annual_estimates_sex_sum_v1,2017,20,all,1170,reported,
1.0,annual_population_estimates_by_age_sex_csv,1b7b14fa75cab035860dd865eedd72527a92dac1a9ca0fcf76bbb5a2b731e368,,2011/2024,observed,csv_row_2017_age_21_col_Male,annual_estimates_observed_v1,2017,21,male,620,reported,
1.0,annual_population_estimates_by_age_sex_csv,1b7b14fa75cab035860dd865eedd72527a92dac1a9ca0fcf76bbb5a2b731e368,,2011/2024,observed,csv_row_2017_age_21_col_Female,annual_estimates_observed_v1,2017,21,female,570,reported,
1.0,annual_population_estimates_by_age_sex_csv,1b7b14fa75cab035860dd865eedd72527a92dac1a9ca0fcf76bbb5a2b731e368,,2011/2024,derived,derived_from_2017_age_21_Male_and_Female,annual_estimates_sex_sum_v1,2017,21,all,1190,reported,
1.0,annual_population_estimates_by_age_sex_csv,1b7b14fa75cab035860dd865eedd72527a92dac1a9ca0fcf76bbb5a2b731e368,,2011/2024,observed,csv_row_2017_age_22_col_Male,annual_estimates_observed_v1,2017,22,male,590,reported,
1.0,annual_population_estimates_by_age_sex_csv,1b7b14fa75cab035860dd865eedd72527a92dac1a9ca0fcf76bbb5a2b731e368,,2011/2024,observed,csv_row_2017_age_22_col_Female,annual_estimates_observed_v1,2017,22,female,510,reported,
1.0,annual_population_estimates_by_age_sex_csv,1b7b14fa75cab035860dd865eedd72527a92dac1a9ca0fcf76bbb5a2b731e368,,2011/2024,derived,derived_from_2017_age_22_Male_and_Female,annual_estimates_sex_sum_v1,2017,22,all,1100,reported,
1.0,annual_population_estimates_by_age_sex_csv,1b7b14fa75cab035860dd865eedd72527a92dac1a9ca0fcf76bbb5a2b731e368,,2011/2024,observed,csv_row_2017_age_23_col_Male,annual_estimates_observed_v1,2017,23,male,620,reported,
1.0,annual_population_estimates_by_age_sex_csv,1b7b14fa75cab035860dd865eedd72527a92dac1a9ca0fcf76bbb5a2b731e368,,2011/2024,observed,csv_row_2017_age_23_col_Female,annual_estimates_observed_v1,2017,23,female,600,reported,
1.0,annual_population_estimates_by_age_sex_csv,1b7b14fa75cab035860dd865eedd72527a92dac1a9ca0fcf76bbb5a2b731e368,,2011/2024,derived,derived_from_2017_age_23_Male_and_Female,annual_estimates_sex_sum_v1,2017,23,all,1220,reported,
1.0,annual_population_estimates_by_age_sex_csv,1b7b14fa75cab035860dd865eedd72527a92dac1a9ca0fcf76bbb5a2b731e368,,2011/2024,observed,csv_row_2017_age_24_col_Male,annual_estimates_observed_v1,2017,24,male,570,reported,
1.0,annual_population_estimates_by_age_sex_csv,1b7b14fa75cab035860dd865eedd72527a92dac1a9ca0fcf76bbb5a2b731e368,,2011/2024,observed,csv_row_2017_age_24_col_Female,annual_estimates_observed_v1,2017,24,female,550,reported,
1.0,annual_population_estimates_by_age_sex_csv,1b7b14fa75cab035860dd865eedd72527a92dac1a9ca0fcf76bbb5a2b731e368,,2011/2024,derived,derived_from_2017_age_24_Male_and_Female,annual_estimates_sex_sum_v1,2017,24,all,1120,reported,
1.0,annual_population_estimates_by_age_sex_csv,1b7b14fa75cab035860dd865eedd72527a92dac1a9ca0fcf76bbb5a2b731e368,,2011/2024,observed,csv_row_2017_age_25_col_Male,annual_estimates_observed_v1,2017,25,male,630,reported,
1.0,annual_population_estimates_by_age_sex_csv,1b7b14fa75cab035860dd865eedd72527a92dac1a9ca0fcf76bbb5a2b731e368,,2011/2024,observed,csv_row_2017_age_25_col_Female,annual_estimates_observed_v1,2017,25,female,590,reported,
1.0,annual_population_estimates_by_age_sex_csv,1b7b14fa75cab035860dd865eedd72527a92dac1a9ca0fcf76bbb5a2b731e368,,2011/2024,derived,derived_from_2017_age_25_Male_and_Female,annual_estimates_sex_sum_v1,2017,25,all,1220,reported,
1.0,annual_population_estimates_by_age_sex_csv,1b7b14fa75cab035860dd865eedd72527a92dac1a9ca0fcf76bbb5a2b731e368,,2011/2024,observed,csv_row_2017_age_26_col_Male,annual_estimates_observed_v1,2017,26,male,600,reported,
1.0,annual_population_estimates_by_age_sex_csv,1b7b14fa75cab035860dd865eedd72527a92dac1a9ca0fcf76bbb5a2b731e368,,2011/2024,observed,csv_row_2017_age_26_col_Female,annual_estimates_observed_v1,2017,26,female,610,reported,
1.0,annual_population_estimates_by_age_sex_csv,1b7b14fa75cab035860dd865eedd72527a92dac1a9ca0fcf76bbb5a2b731e368,,2011/2024,derived,derived_from_2017_age_26_Male_and_Female,annual_estimates_sex_sum_v1,2017,26,all,1210,reported,
1.0,annual_population_estimates_by_age_sex_csv,1b7b14fa75cab035860dd865eedd72527a92dac1a9ca0fcf76bbb5a2b731e368,,2011/2024,observed,csv_row_2017_age_27_col_Male,annual_estimates_observed_v1,2017,27,male,660,reported,
1.0,annual_population_estimates_by_age_sex_csv,1b7b14fa75cab035860dd865eedd72527a92dac1a9ca0fcf76bbb5a2b731e368,,2011/2024,observed,csv_row_2017_age_27_col_Female,annual_estimates_observed_v1,2017,27,female,610,reported,
1.0,annual_population_estimates_by_age_sex_csv,1b7b14fa75cab035860dd865eedd72527a92dac1a9ca0fcf76bbb5a2b731e368,,2011/2024,derived,derived_from_2017_age_27_Male_and_Female,annual_estimates_sex_sum_v1,2017,27,all,1270,reported,
1.0,annual_population_estimates_by_age_sex_csv,1b7b14fa75cab035860dd865eedd72527a92dac1a9ca0fcf76bbb5a2b731e368,,2011/2024,observed,csv_row_2017_age_28_col_Male,annual_estimates_observed_v1,2017,28,male,630,reported,
1.0,annual_population_estimates_by_age_sex_csv,1b7b14fa75cab035860dd865eedd72527a92dac1a9ca0fcf76bbb5a2b731e368,,2011/2024,observed,csv_row_2017_age_28_col_Female,annual_estimates_observed_v1,2017,28,female,640,reported,
1.0,annual_population_estimates_by_age_sex_csv,1b7b14fa75cab035860dd865eedd72527a92dac1a9ca0fcf76bbb5a2b731e368,,2011/2024,derived,derived_from_2017_age_28_Male_and_Female,annual_estimates_sex_sum_v1,2017,28,all,1270,reported,
1.0,annual_population_estimates_by_age_sex_csv,1b7b14fa75cab035860dd865eedd72527a92dac1a9ca0fcf76bbb5a2b731e368,,2011/2024,observed,csv_row_2017_age_29_col_Male,annual_estimates_observed_v1,2017,29,male,660,reported,
1.0,annual_population_estimates_by_age_sex_csv,1b7b14fa75cab035860dd865eedd72527a92dac1a9ca0fcf76bbb5a2b731e368,,2011/2024,observed,csv_row_2017_age_29_col_Female,annual_estimates_observed_v1,2017,29,female,670,reported,
1.0,annual_population_estimates_by_age_sex_csv,1b7b14fa75cab035860dd865eedd72527a92dac1a9ca0fcf76bbb5a2b731e368,,2011/2024,derived,derived_from_2017_age_29_Male_and_Female,annual_estimates_sex_sum_v1,2017,29,all,1330,reported,
1.0,annual_population_estimates_by_age_sex_csv,1b7b14fa75cab035860dd865eedd72527a92dac1a9ca0fcf76bbb5a2b731e368,,2011/2024,observed,csv_row_2017_age_30_col_Male,annual_estimates_observed_v1,2017,30,male,730,reported,
1.0,annual_population_estimates_by_age_sex_csv,1b7b14fa75cab035860dd865eedd72527a92dac1a9ca0fcf76bbb5a2b731e368,,2011/2024,observed,csv_row_2017_age_30_col_Female,annual_estimates_observed_v1,2017,30,female,640,reported,
1.0,annual_population_estimates_by_age_sex_csv,1b7b14fa75cab035860dd865eedd72527a92dac1a9ca0fcf76bbb5a2b731e368,,2011/2024,derived,derived_from_2017_age_30_Male_and_Female,annual_estimates_sex_sum_v1,2017,30,all,1370,reported,
1.0,annual_population_estimates_by_age_sex_csv,1b7b14fa75cab035860dd865eedd72527a92dac1a9ca0fcf76bbb5a2b731e368,,2011/2024,observed,csv_row_2017_age_31_col_Male,annual_estimates_observed_v1,2017,31,male,640,reported,
1.0,annual_population_estimates_by_age_sex_csv,1b7b14fa75cab035860dd865eedd72527a92dac1a9ca0fcf76bbb5a2b731e368,,2011/2024,observed,csv_row_2017_age_31_col_Female,annual_estimates_observed_v1,2017,31,female,680,reported,
1.0,annual_population_estimates_by_age_sex_csv,1b7b14fa75cab035860dd865eedd72527a92dac1a9ca0fcf76bbb5a2b731e368,,2011/2024,derived,derived_from_2017_age_31_Male_and_Female,annual_estimates_sex_sum_v1,2017,31,all,1320,reported,
1.0,annual_population_estimates_by_age_sex_csv,1b7b14fa75cab035860dd865eedd72527a92dac1a9ca0fcf76bbb5a2b731e368,,2011/2024,observed,csv_row_2017_age_32_col_Male,annual_estimates_observed_v1,2017,32,male,720,reported,
1.0,annual_population_estimates_by_age_sex_csv,1b7b14fa75cab035860dd865eedd72527a92dac1a9ca0fcf76bbb5a2b731e368,,2011/2024,observed,csv_row_2017_age_32_col_Female,annual_estimates_observed_v1,2017,32,female,670,reported,
1.0,annual_population_estimates_by_age_sex_csv,1b7b14fa75cab035860dd865eedd72527a92dac1a9ca0fcf76bbb5a2b731e368,,2011/2024,derived,derived_from_2017_age_32_Male_and_Female,annual_estimates_sex_sum_v1,2017,32,all,1390,reported,
1.0,annual_population_estimates_by_age_sex_csv,1b7b14fa75cab035860dd865eedd72527a92dac1a9ca0fcf76bbb5a2b731e368,,2011/2024,observed,csv_row_2017_age_33_col_Male,annual_estimates_observed_v1,2017,33,male,760,reported,
1.0,annual_population_estimates_by_age_sex_csv,1b7b14fa75cab035860dd865eedd72527a92dac1a9ca0fcf76bbb5a2b731e368,,2011/2024,observed,csv_row_2017_age_33_col_Female,annual_estimates_observed_v1,2017,33,female,770,reported,
1.0,annual_population_estimates_by_age_sex_csv,1b7b14fa75cab035860dd865eedd72527a92dac1a9ca0fcf76bbb5a2b731e368,,2011/2024,derived,derived_from_2017_age_33_Male_and_Female,annual_estimates_sex_sum_v1,2017,33,all,1530,reported,
1.0,annual_population_estimates_by_age_sex_csv,1b7b14fa75cab035860dd865eedd72527a92dac1a9ca0fcf76bbb5a2b731e368,,2011/2024,observed,csv_row_2017_age_34_col_Male,annual_estimates_observed_v1,2017,34,male,760,reported,
1.0,annual_population_estimates_by_age_sex_csv,1b7b14fa75cab035860dd865eedd72527a92dac1a9ca0fcf76bbb5a2b731e368,,2011/2024,observed,csv_row_2017_age_34_col_Female,annual_estimates_observed_v1,2017,34,female,750,reported,
1.0,annual_population_estimates_by_age_sex_csv,1b7b14fa75cab035860dd865eedd72527a92dac1a9ca0fcf76bbb5a2b731e368,,2011/2024,derived,derived_from_2017_age_34_Male_and_Female,annual_estimates_sex_sum_v1,2017,34,all,1510,reported,
1.0,annual_population_estimates_by_age_sex_csv,1b7b14fa75cab035860dd865eedd72527a92dac1a9ca0fcf76bbb5a2b731e368,,2011/2024,observed,csv_row_2017_age_35_col_Male,annual_estimates_observed_v1,2017,35,male,800,reported,
1.0,annual_population_estimates_by_age_sex_csv,1b7b14fa75cab035860dd865eedd72527a92dac1a9ca0fcf76bbb5a2b731e368,,2011/2024,observed,csv_row_2017_age_35_col_Female,annual_estimates_observed_v1,2017,35,female,720,reported,
1.0,annual_population_estimates_by_age_sex_csv,1b7b14fa75cab035860dd865eedd72527a92dac1a9ca0fcf76bbb5a2b731e368,,2011/2024,derived,derived_from_2017_age_35_Male_and_Female,annual_estimates_sex_sum_v1,2017,35,all,1520,reported,
1.0,annual_population_estimates_by_age_sex_csv,1b7b14fa75cab035860dd865eedd72527a92dac1a9ca0fcf76bbb5a2b731e368,,2011/2024,observed,csv_row_2017_age_36_col_Male,annual_estimates_observed_v1,2017,36,male,780,reported,
1.0,annual_population_estimates_by_age_sex_csv,1b7b14fa75cab035860dd865eedd72527a92dac1a9ca0fcf76bbb5a2b731e368,,2011/2024,observed,csv_row_2017_age_36_col_Female,annual_estimates_observed_v1,2017,36,female,810,reported,
1.0,annual_population_estimates_by_age_sex_csv,1b7b14fa75cab035860dd865eedd72527a92dac1a9ca0fcf76bbb5a2b731e368,,2011/2024,derived,derived_from_2017_age_36_Male_and_Female,annual_estimates_sex_sum_v1,2017,36,all,1590,reported,
1.0,annual_population_estimates_by_age_sex_csv,1b7b14fa75cab035860dd865eedd72527a92dac1a9ca0fcf76bbb5a2b731e368,,2011/2024,observed,csv_row_2017_age_37_col_Male,annual_estimates_observed_v1,2017,37,male,790,reported,
1.0,annual_population_estimates_by_age_sex_csv,1b7b14fa75cab035860dd865eedd72527a92dac1a9ca0fcf76bbb5a2b731e368,,2011/2024,observed,csv_row_2017_age_37_col_Female,annual_estimates_observed_v1,2017,37,female,790,reported,
1.0,annual_population_estimates_by_age_sex_csv,1b7b14fa75cab035860dd865eedd72527a92dac1a9ca0fcf76bbb5a2b731e368,,2011/2024,derived,derived_from_2017_age_37_Male_and_Female,annual_estimates_sex_sum_v1,2017,37,all,1580,reported,
1.0,annual_population_estimates_by_age_sex_csv,1b7b14fa75cab035860dd865eedd72527a92dac1a9ca0fcf76bbb5a2b731e368,,2011/2024,observed,csv_row_2017_age_38_col_Male,annual_estimates_observed_v1,2017,38,male,780,reported,
1.0,annual_population_estimates_by_age_sex_csv,1b7b14fa75cab035860dd865eedd72527a92dac1a9ca0fcf76bbb5a2b731e368,,2011/2024,observed,csv_row_2017_age_38_col_Female,annual_estimates_observed_v1,2017,38,female,800,reported,
1.0,annual_population_estimates_by_age_sex_csv,1b7b14fa75cab035860dd865eedd72527a92dac1a9ca0fcf76bbb5a2b731e368,,2011/2024,derived,derived_from_2017_age_38_Male_and_Female,annual_estimates_sex_sum_v1,2017,38,all,1580,reported,
1.0,annual_population_estimates_by_age_sex_csv,1b7b14fa75cab035860dd865eedd72527a92dac1a9ca0fcf76bbb5a2b731e368,,2011/2024,observed,csv_row_2017_age_39_col_Male,annual_estimates_observed_v1,2017,39,male,740,reported,
1.0,annual_population_estimates_by_age_sex_csv,1b7b14fa75cab035860dd865eedd72527a92dac1a9ca0fcf76bbb5a2b731e368,,2011/2024,observed,csv_row_2017_age_39_col_Female,annual_estimates_observed_v1,2017,39,female,710,reported,
1.0,annual_population_estimates_by_age_sex_csv,1b7b14fa75cab035860dd865eedd72527a92dac1a9ca0fcf76bbb5a2b731e368,,2011/2024,derived,derived_from_2017_age_39_Male_and_Female,annual_estimates_sex_sum_v1,2017,39,all,1450,reported,
1.0,annual_population_estimates_by_age_sex_csv,1b7b14fa75cab035860dd865eedd72527a92dac1a9ca0fcf76bbb5a2b731e368,,2011/2024,observed,csv_row_2017_age_40_col_Male,annual_estimates_observed_v1,2017,40,male,770,reported,
1.0,annual_population_estimates_by_age_sex_csv,1b7b14fa75cab035860dd865eedd72527a92dac1a9ca0fcf76bbb5a2b731e368,,2011/2024,observed,csv_row_2017_age_40_col_Female,annual_estimates_observed_v1,2017,40,female,750,reported,
1.0,annual_population_estimates_by_age_sex_csv,1b7b14fa75cab035860dd865eedd72527a92dac1a9ca0fcf76bbb5a2b731e368,,2011/2024,derived,derived_from_2017_age_40_Male_and_Female,annual_estimates_sex_sum_v1,2017,40,all,1520,reported,
1.0,annual_population_estimates_by_age_sex_csv,1b7b14fa75cab035860dd865eedd72527a92dac1a9ca0fcf76bbb5a2b731e368,,2011/2024,observed,csv_row_2017_age_41_col_Male,annual_estimates_observed_v1,2017,41,male,740,reported,
1.0,annual_population_estimates_by_age_sex_csv,1b7b14fa75cab035860dd865eedd72527a92dac1a9ca0fcf76bbb5a2b731e368,,2011/2024,observed,csv_row_2017_age_41_col_Female,annual_estimates_observed_v1,2017,41,female,710,reported,
1.0,annual_population_estimates_by_age_sex_csv,1b7b14fa75cab035860dd865eedd72527a92dac1a9ca0fcf76bbb5a2b731e368,,2011/2024,derived,derived_from_2017_age_41_Male_and_Female,annual_estimates_sex_sum_v1,2017,41,all,1450,reported,
1.0,annual_population_estimates_by_age_sex_csv,1b7b14fa75cab035860dd865eedd72527a92dac1a9ca0fcf76bbb5a2b731e368,,2011/2024,observed,csv_row_2017_age_42_col_Male,annual_estimates_observed_v1,2017,42,male,750,reported,
1.0,annual_population_estimates_by_age_sex_csv,1b7b14fa75cab035860dd865eedd72527a92dac1a9ca0fcf76bbb5a2b731e368,,2011/2024,observed,csv_row_2017_age_42_col_Female,annual_estimates_observed_v1,2017,42,female,740,reported,
1.0,annual_population_estimates_by_age_sex_csv,1b7b14fa75cab035860dd865eedd72527a92dac1a9ca0fcf76bbb5a2b731e368,,2011/2024,derived,derived_from_2017_age_42_Male_and_Female,annual_estimates_sex_sum_v1,2017,42,all,1490,reported,
1.0,annual_population_estimates_by_age_sex_csv,1b7b14fa75cab035860dd865eedd72527a92dac1a9ca0fcf76bbb5a2b731e368,,2011/2024,observed,csv_row_2017_age_43_col_Male,annual_estimates_observed_v1,2017,43,male,750,reported,
1.0,annual_population_estimates_by_age_sex_csv,1b7b14fa75cab035860dd865eedd72527a92dac1a9ca0fcf76bbb5a2b731e368,,2011/2024,observed,csv_row_2017_age_43_col_Female,annual_estimates_observed_v1,2017,43,female,730,reported,
1.0,annual_population_estimates_by_age_sex_csv,1b7b14fa75cab035860dd865eedd72527a92dac1a9ca0fcf76bbb5a2b731e368,,2011/2024,derived,derived_from_2017_age_43_Male_and_Female,annual_estimates_sex_sum_v1,2017,43,all,1480,reported,
1.0,annual_population_estimates_by_age_sex_csv,1b7b14fa75cab035860dd865eedd72527a92dac1a9ca0fcf76bbb5a2b731e368,,2011/2024,observed,csv_row_2017_age_44_col_Male,annual_estimates_observed_v1,2017,44,male,760,reported,
1.0,annual_population_estimates_by_age_sex_csv,1b7b14fa75cab035860dd865eedd72527a92dac1a9ca0fcf76bbb5a2b731e368,,2011/2024,observed,csv_row_2017_age_44_col_Female,annual_estimates_observed_v1,2017,44,female,730,reported,
1.0,annual_population_estimates_by_age_sex_csv,1b7b14fa75cab035860dd865eedd72527a92dac1a9ca0fcf76bbb5a2b731e368,,2011/2024,derived,derived_from_2017_age_44_Male_and_Female,annual_estimates_sex_sum_v1,2017,44,all,1490,reported,
1.0,annual_population_estimates_by_age_sex_csv,1b7b14fa75cab035860dd865eedd72527a92dac1a9ca0fcf76bbb5a2b731e368,,2011/2024,observed,csv_row_2017_age_45_col_Male,annual_estimates_observed_v1,2017,45,male,750,reported,
1.0,annual_population_estimates_by_age_sex_csv,1b7b14fa75cab035860dd865eedd72527a92dac1a9ca0fcf76bbb5a2b731e368,,2011/2024,observed,csv_row_2017_age_45_col_Female,annual_estimates_observed_v1,2017,45,female,750,reported,
1.0,annual_population_estimates_by_age_sex_csv,1b7b14fa75cab035860dd865eedd72527a92dac1a9ca0fcf76bbb5a2b731e368,,2011/2024,derived,derived_from_2017_age_45_Male_and_Female,annual_estimates_sex_sum_v1,2017,45,all,1500,reported,
1.0,annual_population_estimates_by_age_sex_csv,1b7b14fa75cab035860dd865eedd72527a92dac1a9ca0fcf76bbb5a2b731e368,,2011/2024,observed,csv_row_2017_age_46_col_Male,annual_estimates_observed_v1,2017,46,male,840,reported,
1.0,annual_population_estimates_by_age_sex_csv,1b7b14fa75cab035860dd865eedd72527a92dac1a9ca0fcf76bbb5a2b731e368,,2011/2024,observed,csv_row_2017_age_46_col_Female,annual_estimates_observed_v1,2017,46,female,810,reported,
1.0,annual_population_estimates_by_age_sex_csv,1b7b14fa75cab035860dd865eedd72527a92dac1a9ca0fcf76bbb5a2b731e368,,2011/2024,derived,derived_from_2017_age_46_Male_and_Female,annual_estimates_sex_sum_v1,2017,46,all,1650,reported,
1.0,annual_population_estimates_by_age_sex_csv,1b7b14fa75cab035860dd865eedd72527a92dac1a9ca0fcf76bbb5a2b731e368,,2011/2024,observed,csv_row_2017_age_47_col_Male,annual_estimates_observed_v1,2017,47,male,830,reported,
1.0,annual_population_estimates_by_age_sex_csv,1b7b14fa75cab035860dd865eedd72527a92dac1a9ca0fcf76bbb5a2b731e368,,2011/2024,observed,csv_row_2017_age_47_col_Female,annual_estimates_observed_v1,2017,47,female,820,reported,
1.0,annual_population_estimates_by_age_sex_csv,1b7b14fa75cab035860dd865eedd72527a92dac1a9ca0fcf76bbb5a2b731e368,,2011/2024,derived,derived_from_2017_age_47_Male_and_Female,annual_estimates_sex_sum_v1,2017,47,all,1650,reported,
1.0,annual_population_estimates_by_age_sex_csv,1b7b14fa75cab035860dd865eedd72527a92dac1a9ca0fcf76bbb5a2b731e368,,2011/2024,observed,csv_row_2017_age_48_col_Male,annual_estimates_observed_v1,2017,48,male,830,reported,
1.0,annual_population_estimates_by_age_sex_csv,1b7b14fa75cab035860dd865eedd72527a92dac1a9ca0fcf76bbb5a2b731e368,,2011/2024,observed,csv_row_2017_age_48_col_Female,annual_estimates_observed_v1,2017,48,female,840,reported,
1.0,annual_population_estimates_by_age_sex_csv,1b7b14fa75cab035860dd865eedd72527a92dac1a9ca0fcf76bbb5a2b731e368,,2011/2024,derived,derived_from_2017_age_48_Male_and_Female,annual_estimates_sex_sum_v1,2017,48,all,1670,reported,
1.0,annual_population_estimates_by_age_sex_csv,1b7b14fa75cab035860dd865eedd72527a92dac1a9ca0fcf76bbb5a2b731e368,,2011/2024,observed,csv_row_2017_age_49_col_Male,annual_estimates_observed_v1,2017,49,male,920,reported,
1.0,annual_population_estimates_by_age_sex_csv,1b7b14fa75cab035860dd865eedd72527a92dac1a9ca0fcf76bbb5a2b731e368,,2011/2024,observed,csv_row_2017_age_49_col_Female,annual_estimates_observed_v1,2017,49,female,810,reported,
1.0,annual_population_estimates_by_age_sex_csv,1b7b14fa75cab035860dd865eedd72527a92dac1a9ca0fcf76bbb5a2b731e368,,2011/2024,derived,derived_from_2017_age_49_Male_and_Female,annual_estimates_sex_sum_v1,2017,49,all,1730,reported,
1.0,annual_population_estimates_by_age_sex_csv,1b7b14fa75cab035860dd865eedd72527a92dac1a9ca0fcf76bbb5a2b731e368,,2011/2024,observed,csv_row_2017_age_50_col_Male,annual_estimates_observed_v1,2017,50,male,840,reported,
1.0,annual_population_estimates_by_age_sex_csv,1b7b14fa75cab035860dd865eedd72527a92dac1a9ca0fcf76bbb5a2b731e368,,2011/2024,observed,csv_row_2017_age_50_col_Female,annual_estimates_observed_v1,2017,50,female,880,reported,
1.0,annual_population_estimates_by_age_sex_csv,1b7b14fa75cab035860dd865eedd72527a92dac1a9ca0fcf76bbb5a2b731e368,,2011/2024,derived,derived_from_2017_age_50_Male_and_Female,annual_estimates_sex_sum_v1,2017,50,all,1720,reported,
1.0,annual_population_estimates_by_age_sex_csv,1b7b14fa75cab035860dd865eedd72527a92dac1a9ca0fcf76bbb5a2b731e368,,2011/2024,observed,csv_row_2017_age_51_col_Male,annual_estimates_observed_v1,2017,51,male,850,reported,
1.0,annual_population_estimates_by_age_sex_csv,1b7b14fa75cab035860dd865eedd72527a92dac1a9ca0fcf76bbb5a2b731e368,,2011/2024,observed,csv_row_2017_age_51_col_Female,annual_estimates_observed_v1,2017,51,female,870,reported,
1.0,annual_population_estimates_by_age_sex_csv,1b7b14fa75cab035860dd865eedd72527a92dac1a9ca0fcf76bbb5a2b731e368,,2011/2024,derived,derived_from_2017_age_51_Male_and_Female,annual_estimates_sex_sum_v1,2017,51,all,1720,reported,
1.0,annual_population_estimates_by_age_sex_csv,1b7b14fa75cab035860dd865eedd72527a92dac1a9ca0fcf76bbb5a2b731e368,,2011/2024,observed,csv_row_2017_age_52_col_Male,annual_estimates_observed_v1,2017,52,male,880,reported,
1.0,annual_population_estimates_by_age_sex_csv,1b7b14fa75cab035860dd865eedd72527a92dac1a9ca0fcf76bbb5a2b731e368,,2011/2024,observed,csv_row_2017_age_52_col_Female,annual_estimates_observed_v1,2017,52,female,850,reported,
1.0,annual_population_estimates_by_age_sex_csv,1b7b14fa75cab035860dd865eedd72527a92dac1a9ca0fcf76bbb5a2b731e368,,2011/2024,derived,derived_from_2017_age_52_Male_and_Female,annual_estimates_sex_sum_v1,2017,52,all,1730,reported,
1.0,annual_population_estimates_by_age_sex_csv,1b7b14fa75cab035860dd865eedd72527a92dac1a9ca0fcf76bbb5a2b731e368,,2011/2024,observed,csv_row_2017_age_53_col_Male,annual_estimates_observed_v1,2017,53,male,870,reported,
1.0,annual_population_estimates_by_age_sex_csv,1b7b14fa75cab035860dd865eedd72527a92dac1a9ca0fcf76bbb5a2b731e368,,2011/2024,observed,csv_row_2017_age_53_col_Female,annual_estimates_observed_v1,2017,53,female,860,reported,
1.0,annual_population_estimates_by_age_sex_csv,1b7b14fa75cab035860dd865eedd72527a92dac1a9ca0fcf76bbb5a2b731e368,,2011/2024,derived,derived_from_2017_age_53_Male_and_Female,annual_estimates_sex_sum_v1,2017,53,all,1730,reported,
1.0,annual_population_estimates_by_age_sex_csv,1b7b14fa75cab035860dd865eedd72527a92dac1a9ca0fcf76bbb5a2b731e368,,2011/2024,observed,csv_row_2017_age_54_col_Male,annual_estimates_observed_v1,2017,54,male,840,reported,
1.0,annual_population_estimates_by_age_sex_csv,1b7b14fa75cab035860dd865eedd72527a92dac1a9ca0fcf76bbb5a2b731e368,,2011/2024,observed,csv_row_2017_age_54_col_Female,annual_estimates_observed_v1,2017,54,female,800,reported,
1.0,annual_population_estimates_by_age_sex_csv,1b7b14fa75cab035860dd865eedd72527a92dac1a9ca0fcf76bbb5a2b731e368,,2011/2024,derived,derived_from_2017_age_54_Male_and_Female,annual_estimates_sex_sum_v1,2017,54,all,1640,reported,
1.0,annual_population_estimates_by_age_sex_csv,1b7b14fa75cab035860dd865eedd72527a92dac1a9ca0fcf76bbb5a2b731e368,,2011/2024,observed,csv_row_2017_age_55_col_Male,annual_estimates_observed_v1,2017,55,male,810,reported,
1.0,annual_population_estimates_by_age_sex_csv,1b7b14fa75cab035860dd865eedd72527a92dac1a9ca0fcf76bbb5a2b731e368,,2011/2024,observed,csv_row_2017_age_55_col_Female,annual_estimates_observed_v1,2017,55,female,790,reported,
1.0,annual_population_estimates_by_age_sex_csv,1b7b14fa75cab035860dd865eedd72527a92dac1a9ca0fcf76bbb5a2b731e368,,2011/2024,derived,derived_from_2017_age_55_Male_and_Female,annual_estimates_sex_sum_v1,2017,55,all,1600,reported,
1.0,annual_population_estimates_by_age_sex_csv,1b7b14fa75cab035860dd865eedd72527a92dac1a9ca0fcf76bbb5a2b731e368,,2011/2024,observed,csv_row_2017_age_56_col_Male,annual_estimates_observed_v1,2017,56,male,750,reported,
1.0,annual_population_estimates_by_age_sex_csv,1b7b14fa75cab035860dd865eedd72527a92dac1a9ca0fcf76bbb5a2b731e368,,2011/2024,observed,csv_row_2017_age_56_col_Female,annual_estimates_observed_v1,2017,56,female,730,reported,
1.0,annual_population_estimates_by_age_sex_csv,1b7b14fa75cab035860dd865eedd72527a92dac1a9ca0fcf76bbb5a2b731e368,,2011/2024,derived,derived_from_2017_age_56_Male_and_Female,annual_estimates_sex_sum_v1,2017,56,all,1480,reported,
1.0,annual_population_estimates_by_age_sex_csv,1b7b14fa75cab035860dd865eedd72527a92dac1a9ca0fcf76bbb5a2b731e368,,2011/2024,observed,csv_row_2017_age_57_col_Male,annual_estimates_observed_v1,2017,57,male,730,reported,
1.0,annual_population_estimates_by_age_sex_csv,1b7b14fa75cab035860dd865eedd72527a92dac1a9ca0fcf76bbb5a2b731e368,,2011/2024,observed,csv_row_2017_age_57_col_Female,annual_estimates_observed_v1,2017,57,female,700,reported,
1.0,annual_population_estimates_by_age_sex_csv,1b7b14fa75cab035860dd865eedd72527a92dac1a9ca0fcf76bbb5a2b731e368,,2011/2024,derived,derived_from_2017_age_57_Male_and_Female,annual_estimates_sex_sum_v1,2017,57,all,1430,reported,
1.0,annual_population_estimates_by_age_sex_csv,1b7b14fa75cab035860dd865eedd72527a92dac1a9ca0fcf76bbb5a2b731e368,,2011/2024,observed,csv_row_2017_age_58_col_Male,annual_estimates_observed_v1,2017,58,male,670,reported,
1.0,annual_population_estimates_by_age_sex_csv,1b7b14fa75cab035860dd865eedd72527a92dac1a9ca0fcf76bbb5a2b731e368,,2011/2024,observed,csv_row_2017_age_58_col_Female,annual_estimates_observed_v1,2017,58,female,710,reported,
1.0,annual_population_estimates_by_age_sex_csv,1b7b14fa75cab035860dd865eedd72527a92dac1a9ca0fcf76bbb5a2b731e368,,2011/2024,derived,derived_from_2017_age_58_Male_and_Female,annual_estimates_sex_sum_v1,2017,58,all,1380,reported,
1.0,annual_population_estimates_by_age_sex_csv,1b7b14fa75cab035860dd865eedd72527a92dac1a9ca0fcf76bbb5a2b731e368,,2011/2024,observed,csv_row_2017_age_59_col_Male,annual_estimates_observed_v1,2017,59,male,700,reported,
1.0,annual_population_estimates_by_age_sex_csv,1b7b14fa75cab035860dd865eedd72527a92dac1a9ca0fcf76bbb5a2b731e368,,2011/2024,observed,csv_row_2017_age_59_col_Female,annual_estimates_observed_v1,2017,59,female,730,reported,
1.0,annual_population_estimates_by_age_sex_csv,1b7b14fa75cab035860dd865eedd72527a92dac1a9ca0fcf76bbb5a2b731e368,,2011/2024,derived,derived_from_2017_age_59_Male_and_Female,annual_estimates_sex_sum_v1,2017,59,all,1430,reported,
1.0,annual_population_estimates_by_age_sex_csv,1b7b14fa75cab035860dd865eedd72527a92dac1a9ca0fcf76bbb5a2b731e368,,2011/2024,observed,csv_row_2017_age_60_col_Male,annual_estimates_observed_v1,2017,60,male,650,reported,
1.0,annual_population_estimates_by_age_sex_csv,1b7b14fa75cab035860dd865eedd72527a92dac1a9ca0fcf76bbb5a2b731e368,,2011/2024,observed,csv_row_2017_age_60_col_Female,annual_estimates_observed_v1,2017,60,female,670,reported,
1.0,annual_population_estimates_by_age_sex_csv,1b7b14fa75cab035860dd865eedd72527a92dac1a9ca0fcf76bbb5a2b731e368,,2011/2024,derived,derived_from_2017_age_60_Male_and_Female,annual_estimates_sex_sum_v1,2017,60,all,1320,reported,
1.0,annual_population_estimates_by_age_sex_csv,1b7b14fa75cab035860dd865eedd72527a92dac1a9ca0fcf76bbb5a2b731e368,,2011/2024,observed,csv_row_2017_age_61_col_Male,annual_estimates_observed_v1,2017,61,male,620,reported,
1.0,annual_population_estimates_by_age_sex_csv,1b7b14fa75cab035860dd865eedd72527a92dac1a9ca0fcf76bbb5a2b731e368,,2011/2024,observed,csv_row_2017_age_61_col_Female,annual_estimates_observed_v1,2017,61,female,640,reported,
1.0,annual_population_estimates_by_age_sex_csv,1b7b14fa75cab035860dd865eedd72527a92dac1a9ca0fcf76bbb5a2b731e368,,2011/2024,derived,derived_from_2017_age_61_Male_and_Female,annual_estimates_sex_sum_v1,2017,61,all,1260,reported,
1.0,annual_population_estimates_by_age_sex_csv,1b7b14fa75cab035860dd865eedd72527a92dac1a9ca0fcf76bbb5a2b731e368,,2011/2024,observed,csv_row_2017_age_62_col_Male,annual_estimates_observed_v1,2017,62,male,540,reported,
1.0,annual_population_estimates_by_age_sex_csv,1b7b14fa75cab035860dd865eedd72527a92dac1a9ca0fcf76bbb5a2b731e368,,2011/2024,observed,csv_row_2017_age_62_col_Female,annual_estimates_observed_v1,2017,62,female,590,reported,
1.0,annual_population_estimates_by_age_sex_csv,1b7b14fa75cab035860dd865eedd72527a92dac1a9ca0fcf76bbb5a2b731e368,,2011/2024,derived,derived_from_2017_age_62_Male_and_Female,annual_estimates_sex_sum_v1,2017,62,all,1130,reported,
1.0,annual_population_estimates_by_age_sex_csv,1b7b14fa75cab035860dd865eedd72527a92dac1a9ca0fcf76bbb5a2b731e368,,2011/2024,observed,csv_row_2017_age_63_col_Male,annual_estimates_observed_v1,2017,63,male,580,reported,
1.0,annual_population_estimates_by_age_sex_csv,1b7b14fa75cab035860dd865eedd72527a92dac1a9ca0fcf76bbb5a2b731e368,,2011/2024,observed,csv_row_2017_age_63_col_Female,annual_estimates_observed_v1,2017,63,female,550,reported,
1.0,annual_population_estimates_by_age_sex_csv,1b7b14fa75cab035860dd865eedd72527a92dac1a9ca0fcf76bbb5a2b731e368,,2011/2024,derived,derived_from_2017_age_63_Male_and_Female,annual_estimates_sex_sum_v1,2017,63,all,1130,reported,
1.0,annual_population_estimates_by_age_sex_csv,1b7b14fa75cab035860dd865eedd72527a92dac1a9ca0fcf76bbb5a2b731e368,,2011/2024,observed,csv_row_2017_age_64_col_Male,annual_estimates_observed_v1,2017,64,male,550,reported,
1.0,annual_population_estimates_by_age_sex_csv,1b7b14fa75cab035860dd865eedd72527a92dac1a9ca0fcf76bbb5a2b731e368,,2011/2024,observed,csv_row_2017_age_64_col_Female,annual_estimates_observed_v1,2017,64,female,550,reported,
1.0,annual_population_estimates_by_age_sex_csv,1b7b14fa75cab035860dd865eedd72527a92dac1a9ca0fcf76bbb5a2b731e368,,2011/2024,derived,derived_from_2017_age_64_Male_and_Female,annual_estimates_sex_sum_v1,2017,64,all,1100,reported,
1.0,annual_population_estimates_by_age_sex_csv,1b7b14fa75cab035860dd865eedd72527a92dac1a9ca0fcf76bbb5a2b731e368,,2011/2024,observed,csv_row_2017_age_65_col_Male,annual_estimates_observed_v1,2017,65,male,510,reported,
1.0,annual_population_estimates_by_age_sex_csv,1b7b14fa75cab035860dd865eedd72527a92dac1a9ca0fcf76bbb5a2b731e368,,2011/2024,observed,csv_row_2017_age_65_col_Female,annual_estimates_observed_v1,2017,65,female,580,reported,
1.0,annual_population_estimates_by_age_sex_csv,1b7b14fa75cab035860dd865eedd72527a92dac1a9ca0fcf76bbb5a2b731e368,,2011/2024,derived,derived_from_2017_age_65_Male_and_Female,annual_estimates_sex_sum_v1,2017,65,all,1090,reported,
1.0,annual_population_estimates_by_age_sex_csv,1b7b14fa75cab035860dd865eedd72527a92dac1a9ca0fcf76bbb5a2b731e368,,2011/2024,observed,csv_row_2017_age_66_col_Male,annual_estimates_observed_v1,2017,66,male,530,reported,
1.0,annual_population_estimates_by_age_sex_csv,1b7b14fa75cab035860dd865eedd72527a92dac1a9ca0fcf76bbb5a2b731e368,,2011/2024,observed,csv_row_2017_age_66_col_Female,annual_estimates_observed_v1,2017,66,female,550,reported,
1.0,annual_population_estimates_by_age_sex_csv,1b7b14fa75cab035860dd865eedd72527a92dac1a9ca0fcf76bbb5a2b731e368,,2011/2024,derived,derived_from_2017_age_66_Male_and_Female,annual_estimates_sex_sum_v1,2017,66,all,1080,reported,
1.0,annual_population_estimates_by_age_sex_csv,1b7b14fa75cab035860dd865eedd72527a92dac1a9ca0fcf76bbb5a2b731e368,,2011/2024,observed,csv_row_2017_age_67_col_Male,annual_estimates_observed_v1,2017,67,male,520,reported,
1.0,annual_population_estimates_by_age_sex_csv,1b7b14fa75cab035860dd865eedd72527a92dac1a9ca0fcf76bbb5a2b731e368,,2011/2024,observed,csv_row_2017_age_67_col_Female,annual_estimates_observed_v1,2017,67,female,530,reported,
1.0,annual_population_estimates_by_age_sex_csv,1b7b14fa75cab035860dd865eedd72527a92dac1a9ca0fcf76bbb5a2b731e368,,2011/2024,derived,derived_from_2017_age_67_Male_and_Female,annual_estimates_sex_sum_v1,2017,67,all,1050,reported,
1.0,annual_population_estimates_by_age_sex_csv,1b7b14fa75cab035860dd865eedd72527a92dac1a9ca0fcf76bbb5a2b731e368,,2011/2024,observed,csv_row_2017_age_68_col_Male,annual_estimates_observed_v1,2017,68,male,490,reported,
1.0,annual_population_estimates_by_age_sex_csv,1b7b14fa75cab035860dd865eedd72527a92dac1a9ca0fcf76bbb5a2b731e368,,2011/2024,observed,csv_row_2017_age_68_col_Female,annual_estimates_observed_v1,2017,68,female,520,reported,
1.0,annual_population_estimates_by_age_sex_csv,1b7b14fa75cab035860dd865eedd72527a92dac1a9ca0fcf76bbb5a2b731e368,,2011/2024,derived,derived_from_2017_age_68_Male_and_Female,annual_estimates_sex_sum_v1,2017,68,all,1010,reported,
1.0,annual_population_estimates_by_age_sex_csv,1b7b14fa75cab035860dd865eedd72527a92dac1a9ca0fcf76bbb5a2b731e368,,2011/2024,observed,csv_row_2017_age_69_col_Male,annual_estimates_observed_v1,2017,69,male,510,reported,
1.0,annual_population_estimates_by_age_sex_csv,1b7b14fa75cab035860dd865eedd72527a92dac1a9ca0fcf76bbb5a2b731e368,,2011/2024,observed,csv_row_2017_age_69_col_Female,annual_estimates_observed_v1,2017,69,female,530,reported,
1.0,annual_population_estimates_by_age_sex_csv,1b7b14fa75cab035860dd865eedd72527a92dac1a9ca0fcf76bbb5a2b731e368,,2011/2024,derived,derived_from_2017_age_69_Male_and_Female,annual_estimates_sex_sum_v1,2017,69,all,1040,reported,
1.0,annual_population_estimates_by_age_sex_csv,1b7b14fa75cab035860dd865eedd72527a92dac1a9ca0fcf76bbb5a2b731e368,,2011/2024,observed,csv_row_2017_age_70_col_Male,annual_estimates_observed_v1,2017,70,male,520,reported,
1.0,annual_population_estimates_by_age_sex_csv,1b7b14fa75cab035860dd865eedd72527a92dac1a9ca0fcf76bbb5a2b731e368,,2011/2024,observed,csv_row_2017_age_70_col_Female,annual_estimates_observed_v1,2017,70,female,530,reported,
1.0,annual_population_estimates_by_age_sex_csv,1b7b14fa75cab035860dd865eedd72527a92dac1a9ca0fcf76bbb5a2b731e368,,2011/2024,derived,derived_from_2017_age_70_Male_and_Female,annual_estimates_sex_sum_v1,2017,70,all,1050,reported,
1.0,annual_population_estimates_by_age_sex_csv,1b7b14fa75cab035860dd865eedd72527a92dac1a9ca0fcf76bbb5a2b731e368,,2011/2024,observed,csv_row_2017_age_71_col_Male,annual_estimates_observed_v1,2017,71,male,460,reported,
1.0,annual_population_estimates_by_age_sex_csv,1b7b14fa75cab035860dd865eedd72527a92dac1a9ca0fcf76bbb5a2b731e368,,2011/2024,observed,csv_row_2017_age_71_col_Female,annual_estimates_observed_v1,2017,71,female,520,reported,
1.0,annual_population_estimates_by_age_sex_csv,1b7b14fa75cab035860dd865eedd72527a92dac1a9ca0fcf76bbb5a2b731e368,,2011/2024,derived,derived_from_2017_age_71_Male_and_Female,annual_estimates_sex_sum_v1,2017,71,all,980,reported,
1.0,annual_population_estimates_by_age_sex_csv,1b7b14fa75cab035860dd865eedd72527a92dac1a9ca0fcf76bbb5a2b731e368,,2011/2024,observed,csv_row_2017_age_72_col_Male,annual_estimates_observed_v1,2017,72,male,360,reported,
1.0,annual_population_estimates_by_age_sex_csv,1b7b14fa75cab035860dd865eedd72527a92dac1a9ca0fcf76bbb5a2b731e368,,2011/2024,observed,csv_row_2017_age_72_col_Female,annual_estimates_observed_v1,2017,72,female,410,reported,
1.0,annual_population_estimates_by_age_sex_csv,1b7b14fa75cab035860dd865eedd72527a92dac1a9ca0fcf76bbb5a2b731e368,,2011/2024,derived,derived_from_2017_age_72_Male_and_Female,annual_estimates_sex_sum_v1,2017,72,all,770,reported,
1.0,annual_population_estimates_by_age_sex_csv,1b7b14fa75cab035860dd865eedd72527a92dac1a9ca0fcf76bbb5a2b731e368,,2011/2024,observed,csv_row_2017_age_73_col_Male,annual_estimates_observed_v1,2017,73,male,400,reported,
1.0,annual_population_estimates_by_age_sex_csv,1b7b14fa75cab035860dd865eedd72527a92dac1a9ca0fcf76bbb5a2b731e368,,2011/2024,observed,csv_row_2017_age_73_col_Female,annual_estimates_observed_v1,2017,73,female,450,reported,
1.0,annual_population_estimates_by_age_sex_csv,1b7b14fa75cab035860dd865eedd72527a92dac1a9ca0fcf76bbb5a2b731e368,,2011/2024,derived,derived_from_2017_age_73_Male_and_Female,annual_estimates_sex_sum_v1,2017,73,all,850,reported,
1.0,annual_population_estimates_by_age_sex_csv,1b7b14fa75cab035860dd865eedd72527a92dac1a9ca0fcf76bbb5a2b731e368,,2011/2024,observed,csv_row_2017_age_74_col_Male,annual_estimates_observed_v1,2017,74,male,350,reported,
1.0,annual_population_estimates_by_age_sex_csv,1b7b14fa75cab035860dd865eedd72527a92dac1a9ca0fcf76bbb5a2b731e368,,2011/2024,observed,csv_row_2017_age_74_col_Female,annual_estimates_observed_v1,2017,74,female,390,reported,
1.0,annual_population_estimates_by_age_sex_csv,1b7b14fa75cab035860dd865eedd72527a92dac1a9ca0fcf76bbb5a2b731e368,,2011/2024,derived,derived_from_2017_age_74_Male_and_Female,annual_estimates_sex_sum_v1,2017,74,all,740,reported,
1.0,annual_population_estimates_by_age_sex_csv,1b7b14fa75cab035860dd865eedd72527a92dac1a9ca0fcf76bbb5a2b731e368,,2011/2024,observed,csv_row_2017_age_75_col_Male,annual_estimates_observed_v1,2017,75,male,280,reported,
1.0,annual_population_estimates_by_age_sex_csv,1b7b14fa75cab035860dd865eedd72527a92dac1a9ca0fcf76bbb5a2b731e368,,2011/2024,observed,csv_row_2017_age_75_col_Female,annual_estimates_observed_v1,2017,75,female,340,reported,
1.0,annual_population_estimates_by_age_sex_csv,1b7b14fa75cab035860dd865eedd72527a92dac1a9ca0fcf76bbb5a2b731e368,,2011/2024,derived,derived_from_2017_age_75_Male_and_Female,annual_estimates_sex_sum_v1,2017,75,all,620,reported,
1.0,annual_population_estimates_by_age_sex_csv,1b7b14fa75cab035860dd865eedd72527a92dac1a9ca0fcf76bbb5a2b731e368,,2011/2024,observed,csv_row_2017_age_76_col_Male,annual_estimates_observed_v1,2017,76,male,280,reported,
1.0,annual_population_estimates_by_age_sex_csv,1b7b14fa75cab035860dd865eedd72527a92dac1a9ca0fcf76bbb5a2b731e368,,2011/2024,observed,csv_row_2017_age_76_col_Female,annual_estimates_observed_v1,2017,76,female,340,reported,
1.0,annual_population_estimates_by_age_sex_csv,1b7b14fa75cab035860dd865eedd72527a92dac1a9ca0fcf76bbb5a2b731e368,,2011/2024,derived,derived_from_2017_age_76_Male_and_Female,annual_estimates_sex_sum_v1,2017,76,all,620,reported,
1.0,annual_population_estimates_by_age_sex_csv,1b7b14fa75cab035860dd865eedd72527a92dac1a9ca0fcf76bbb5a2b731e368,,2011/2024,observed,csv_row_2017_age_77_col_Male,annual_estimates_observed_v1,2017,77,male,330,reported,
1.0,annual_population_estimates_by_age_sex_csv,1b7b14fa75cab035860dd865eedd72527a92dac1a9ca0fcf76bbb5a2b731e368,,2011/2024,observed,csv_row_2017_age_77_col_Female,annual_estimates_observed_v1,2017,77,female,350,reported,
1.0,annual_population_estimates_by_age_sex_csv,1b7b14fa75cab035860dd865eedd72527a92dac1a9ca0fcf76bbb5a2b731e368,,2011/2024,derived,derived_from_2017_age_77_Male_and_Female,annual_estimates_sex_sum_v1,2017,77,all,680,reported,
1.0,annual_population_estimates_by_age_sex_csv,1b7b14fa75cab035860dd865eedd72527a92dac1a9ca0fcf76bbb5a2b731e368,,2011/2024,observed,csv_row_2017_age_78_col_Male,annual_estimates_observed_v1,2017,78,male,320,reported,
1.0,annual_population_estimates_by_age_sex_csv,1b7b14fa75cab035860dd865eedd72527a92dac1a9ca0fcf76bbb5a2b731e368,,2011/2024,observed,csv_row_2017_age_78_col_Female,annual_estimates_observed_v1,2017,78,female,340,reported,
1.0,annual_population_estimates_by_age_sex_csv,1b7b14fa75cab035860dd865eedd72527a92dac1a9ca0fcf76bbb5a2b731e368,,2011/2024,derived,derived_from_2017_age_78_Male_and_Female,annual_estimates_sex_sum_v1,2017,78,all,660,reported,
1.0,annual_population_estimates_by_age_sex_csv,1b7b14fa75cab035860dd865eedd72527a92dac1a9ca0fcf76bbb5a2b731e368,,2011/2024,observed,csv_row_2017_age_79_col_Male,annual_estimates_observed_v1,2017,79,male,290,reported,
1.0,annual_population_estimates_by_age_sex_csv,1b7b14fa75cab035860dd865eedd72527a92dac1a9ca0fcf76bbb5a2b731e368,,2011/2024,observed,csv_row_2017_age_79_col_Female,annual_estimates_observed_v1,2017,79,female,340,reported,
1.0,annual_population_estimates_by_age_sex_csv,1b7b14fa75cab035860dd865eedd72527a92dac1a9ca0fcf76bbb5a2b731e368,,2011/2024,derived,derived_from_2017_age_79_Male_and_Female,annual_estimates_sex_sum_v1,2017,79,all,630,reported,
1.0,annual_population_estimates_by_age_sex_csv,1b7b14fa75cab035860dd865eedd72527a92dac1a9ca0fcf76bbb5a2b731e368,,2011/2024,observed,csv_row_2017_age_80_col_Male,annual_estimates_observed_v1,2017,80,male,260,reported,
1.0,annual_population_estimates_by_age_sex_csv,1b7b14fa75cab035860dd865eedd72527a92dac1a9ca0fcf76bbb5a2b731e368,,2011/2024,observed,csv_row_2017_age_80_col_Female,annual_estimates_observed_v1,2017,80,female,330,reported,
1.0,annual_population_estimates_by_age_sex_csv,1b7b14fa75cab035860dd865eedd72527a92dac1a9ca0fcf76bbb5a2b731e368,,2011/2024,derived,derived_from_2017_age_80_Male_and_Female,annual_estimates_sex_sum_v1,2017,80,all,590,reported,
1.0,annual_population_estimates_by_age_sex_csv,1b7b14fa75cab035860dd865eedd72527a92dac1a9ca0fcf76bbb5a2b731e368,,2011/2024,observed,csv_row_2017_age_81_col_Male,annual_estimates_observed_v1,2017,81,male,240,reported,
1.0,annual_population_estimates_by_age_sex_csv,1b7b14fa75cab035860dd865eedd72527a92dac1a9ca0fcf76bbb5a2b731e368,,2011/2024,observed,csv_row_2017_age_81_col_Female,annual_estimates_observed_v1,2017,81,female,310,reported,
1.0,annual_population_estimates_by_age_sex_csv,1b7b14fa75cab035860dd865eedd72527a92dac1a9ca0fcf76bbb5a2b731e368,,2011/2024,derived,derived_from_2017_age_81_Male_and_Female,annual_estimates_sex_sum_v1,2017,81,all,550,reported,
1.0,annual_population_estimates_by_age_sex_csv,1b7b14fa75cab035860dd865eedd72527a92dac1a9ca0fcf76bbb5a2b731e368,,2011/2024,observed,csv_row_2017_age_82_col_Male,annual_estimates_observed_v1,2017,82,male,230,reported,
1.0,annual_population_estimates_by_age_sex_csv,1b7b14fa75cab035860dd865eedd72527a92dac1a9ca0fcf76bbb5a2b731e368,,2011/2024,observed,csv_row_2017_age_82_col_Female,annual_estimates_observed_v1,2017,82,female,260,reported,
1.0,annual_population_estimates_by_age_sex_csv,1b7b14fa75cab035860dd865eedd72527a92dac1a9ca0fcf76bbb5a2b731e368,,2011/2024,derived,derived_from_2017_age_82_Male_and_Female,annual_estimates_sex_sum_v1,2017,82,all,490,reported,
1.0,annual_population_estimates_by_age_sex_csv,1b7b14fa75cab035860dd865eedd72527a92dac1a9ca0fcf76bbb5a2b731e368,,2011/2024,observed,csv_row_2017_age_83_col_Male,annual_estimates_observed_v1,2017,83,male,200,reported,
1.0,annual_population_estimates_by_age_sex_csv,1b7b14fa75cab035860dd865eedd72527a92dac1a9ca0fcf76bbb5a2b731e368,,2011/2024,observed,csv_row_2017_age_83_col_Female,annual_estimates_observed_v1,2017,83,female,270,reported,
1.0,annual_population_estimates_by_age_sex_csv,1b7b14fa75cab035860dd865eedd72527a92dac1a9ca0fcf76bbb5a2b731e368,,2011/2024,derived,derived_from_2017_age_83_Male_and_Female,annual_estimates_sex_sum_v1,2017,83,all,470,reported,
1.0,annual_population_estimates_by_age_sex_csv,1b7b14fa75cab035860dd865eedd72527a92dac1a9ca0fcf76bbb5a2b731e368,,2011/2024,observed,csv_row_2017_age_84_col_Male,annual_estimates_observed_v1,2017,84,male,180,reported,
1.0,annual_population_estimates_by_age_sex_csv,1b7b14fa75cab035860dd865eedd72527a92dac1a9ca0fcf76bbb5a2b731e368,,2011/2024,observed,csv_row_2017_age_84_col_Female,annual_estimates_observed_v1,2017,84,female,250,reported,
1.0,annual_population_estimates_by_age_sex_csv,1b7b14fa75cab035860dd865eedd72527a92dac1a9ca0fcf76bbb5a2b731e368,,2011/2024,derived,derived_from_2017_age_84_Male_and_Female,annual_estimates_sex_sum_v1,2017,84,all,430,reported,
1.0,annual_population_estimates_by_age_sex_csv,1b7b14fa75cab035860dd865eedd72527a92dac1a9ca0fcf76bbb5a2b731e368,,2011/2024,observed,csv_row_2017_age_85_col_Male,annual_estimates_observed_v1,2017,85,male,140,reported,
1.0,annual_population_estimates_by_age_sex_csv,1b7b14fa75cab035860dd865eedd72527a92dac1a9ca0fcf76bbb5a2b731e368,,2011/2024,observed,csv_row_2017_age_85_col_Female,annual_estimates_observed_v1,2017,85,female,220,reported,
1.0,annual_population_estimates_by_age_sex_csv,1b7b14fa75cab035860dd865eedd72527a92dac1a9ca0fcf76bbb5a2b731e368,,2011/2024,derived,derived_from_2017_age_85_Male_and_Female,annual_estimates_sex_sum_v1,2017,85,all,360,reported,
1.0,annual_population_estimates_by_age_sex_csv,1b7b14fa75cab035860dd865eedd72527a92dac1a9ca0fcf76bbb5a2b731e368,,2011/2024,observed,csv_row_2017_age_86_col_Male,annual_estimates_observed_v1,2017,86,male,140,reported,
1.0,annual_population_estimates_by_age_sex_csv,1b7b14fa75cab035860dd865eedd72527a92dac1a9ca0fcf76bbb5a2b731e368,,2011/2024,observed,csv_row_2017_age_86_col_Female,annual_estimates_observed_v1,2017,86,female,200,reported,
1.0,annual_population_estimates_by_age_sex_csv,1b7b14fa75cab035860dd865eedd72527a92dac1a9ca0fcf76bbb5a2b731e368,,2011/2024,derived,derived_from_2017_age_86_Male_and_Female,annual_estimates_sex_sum_v1,2017,86,all,340,reported,
1.0,annual_population_estimates_by_age_sex_csv,1b7b14fa75cab035860dd865eedd72527a92dac1a9ca0fcf76bbb5a2b731e368,,2011/2024,observed,csv_row_2017_age_87_col_Male,annual_estimates_observed_v1,2017,87,male,120,reported,
1.0,annual_population_estimates_by_age_sex_csv,1b7b14fa75cab035860dd865eedd72527a92dac1a9ca0fcf76bbb5a2b731e368,,2011/2024,observed,csv_row_2017_age_87_col_Female,annual_estimates_observed_v1,2017,87,female,180,reported,
1.0,annual_population_estimates_by_age_sex_csv,1b7b14fa75cab035860dd865eedd72527a92dac1a9ca0fcf76bbb5a2b731e368,,2011/2024,derived,derived_from_2017_age_87_Male_and_Female,annual_estimates_sex_sum_v1,2017,87,all,300,reported,
1.0,annual_population_estimates_by_age_sex_csv,1b7b14fa75cab035860dd865eedd72527a92dac1a9ca0fcf76bbb5a2b731e368,,2011/2024,observed,csv_row_2017_age_88_col_Male,annual_estimates_observed_v1,2017,88,male,90,reported,
1.0,annual_population_estimates_by_age_sex_csv,1b7b14fa75cab035860dd865eedd72527a92dac1a9ca0fcf76bbb5a2b731e368,,2011/2024,observed,csv_row_2017_age_88_col_Female,annual_estimates_observed_v1,2017,88,female,160,reported,
1.0,annual_population_estimates_by_age_sex_csv,1b7b14fa75cab035860dd865eedd72527a92dac1a9ca0fcf76bbb5a2b731e368,,2011/2024,derived,derived_from_2017_age_88_Male_and_Female,annual_estimates_sex_sum_v1,2017,88,all,250,reported,
1.0,annual_population_estimates_by_age_sex_csv,1b7b14fa75cab035860dd865eedd72527a92dac1a9ca0fcf76bbb5a2b731e368,,2011/2024,observed,csv_row_2017_age_89_col_Male,annual_estimates_observed_v1,2017,89,male,70,reported,
1.0,annual_population_estimates_by_age_sex_csv,1b7b14fa75cab035860dd865eedd72527a92dac1a9ca0fcf76bbb5a2b731e368,,2011/2024,observed,csv_row_2017_age_89_col_Female,annual_estimates_observed_v1,2017,89,female,150,reported,
1.0,annual_population_estimates_by_age_sex_csv,1b7b14fa75cab035860dd865eedd72527a92dac1a9ca0fcf76bbb5a2b731e368,,2011/2024,derived,derived_from_2017_age_89_Male_and_Female,annual_estimates_sex_sum_v1,2017,89,all,220,reported,
1.0,annual_population_estimates_by_age_sex_csv,1b7b14fa75cab035860dd865eedd72527a92dac1a9ca0fcf76bbb5a2b731e368,,2011/2024,observed,csv_row_2017_age_90_col_Male,annual_estimates_observed_v1,2017,90,male,60,reported,
1.0,annual_population_estimates_by_age_sex_csv,1b7b14fa75cab035860dd865eedd72527a92dac1a9ca0fcf76bbb5a2b731e368,,2011/2024,observed,csv_row_2017_age_90_col_Female,annual_estimates_observed_v1,2017,90,female,100,reported,
1.0,annual_population_estimates_by_age_sex_csv,1b7b14fa75cab035860dd865eedd72527a92dac1a9ca0fcf76bbb5a2b731e368,,2011/2024,derived,derived_from_2017_age_90_Male_and_Female,annual_estimates_sex_sum_v1,2017,90,all,160,reported,
1.0,annual_population_estimates_by_age_sex_csv,1b7b14fa75cab035860dd865eedd72527a92dac1a9ca0fcf76bbb5a2b731e368,,2011/2024,observed,csv_row_2017_age_91_col_Male,annual_estimates_observed_v1,2017,91,male,50,reported,
1.0,annual_population_estimates_by_age_sex_csv,1b7b14fa75cab035860dd865eedd72527a92dac1a9ca0fcf76bbb5a2b731e368,,2011/2024,observed,csv_row_2017_age_91_col_Female,annual_estimates_observed_v1,2017,91,female,120,reported,
1.0,annual_population_estimates_by_age_sex_csv,1b7b14fa75cab035860dd865eedd72527a92dac1a9ca0fcf76bbb5a2b731e368,,2011/2024,derived,derived_from_2017_age_91_Male_and_Female,annual_estimates_sex_sum_v1,2017,91,all,170,reported,
1.0,annual_population_estimates_by_age_sex_csv,1b7b14fa75cab035860dd865eedd72527a92dac1a9ca0fcf76bbb5a2b731e368,,2011/2024,observed,csv_row_2017_age_92_col_Male,annual_estimates_observed_v1,2017,92,male,50,reported,
1.0,annual_population_estimates_by_age_sex_csv,1b7b14fa75cab035860dd865eedd72527a92dac1a9ca0fcf76bbb5a2b731e368,,2011/2024,observed,csv_row_2017_age_92_col_Female,annual_estimates_observed_v1,2017,92,female,90,reported,
1.0,annual_population_estimates_by_age_sex_csv,1b7b14fa75cab035860dd865eedd72527a92dac1a9ca0fcf76bbb5a2b731e368,,2011/2024,derived,derived_from_2017_age_92_Male_and_Female,annual_estimates_sex_sum_v1,2017,92,all,140,reported,
1.0,annual_population_estimates_by_age_sex_csv,1b7b14fa75cab035860dd865eedd72527a92dac1a9ca0fcf76bbb5a2b731e368,,2011/2024,observed,csv_row_2017_age_93_col_Male,annual_estimates_observed_v1,2017,93,male,30,reported,
1.0,annual_population_estimates_by_age_sex_csv,1b7b14fa75cab035860dd865eedd72527a92dac1a9ca0fcf76bbb5a2b731e368,,2011/2024,observed,csv_row_2017_age_93_col_Female,annual_estimates_observed_v1,2017,93,female,70,reported,
1.0,annual_population_estimates_by_age_sex_csv,1b7b14fa75cab035860dd865eedd72527a92dac1a9ca0fcf76bbb5a2b731e368,,2011/2024,derived,derived_from_2017_age_93_Male_and_Female,annual_estimates_sex_sum_v1,2017,93,all,100,reported,
1.0,annual_population_estimates_by_age_sex_csv,1b7b14fa75cab035860dd865eedd72527a92dac1a9ca0fcf76bbb5a2b731e368,,2011/2024,observed,csv_row_2017_age_94_col_Male,annual_estimates_observed_v1,2017,94,male,30,reported,
1.0,annual_population_estimates_by_age_sex_csv,1b7b14fa75cab035860dd865eedd72527a92dac1a9ca0fcf76bbb5a2b731e368,,2011/2024,observed,csv_row_2017_age_94_col_Female,annual_estimates_observed_v1,2017,94,female,60,reported,
1.0,annual_population_estimates_by_age_sex_csv,1b7b14fa75cab035860dd865eedd72527a92dac1a9ca0fcf76bbb5a2b731e368,,2011/2024,derived,derived_from_2017_age_94_Male_and_Female,annual_estimates_sex_sum_v1,2017,94,all,90,reported,
1.0,annual_population_estimates_by_age_sex_csv,1b7b14fa75cab035860dd865eedd72527a92dac1a9ca0fcf76bbb5a2b731e368,,2011/2024,observed,csv_row_2017_age_95_col_Male,annual_estimates_observed_v1,2017,95,male,20,reported,
1.0,annual_population_estimates_by_age_sex_csv,1b7b14fa75cab035860dd865eedd72527a92dac1a9ca0fcf76bbb5a2b731e368,,2011/2024,observed,csv_row_2017_age_95_col_Female,annual_estimates_observed_v1,2017,95,female,40,reported,
1.0,annual_population_estimates_by_age_sex_csv,1b7b14fa75cab035860dd865eedd72527a92dac1a9ca0fcf76bbb5a2b731e368,,2011/2024,derived,derived_from_2017_age_95_Male_and_Female,annual_estimates_sex_sum_v1,2017,95,all,60,reported,
1.0,annual_population_estimates_by_age_sex_csv,1b7b14fa75cab035860dd865eedd72527a92dac1a9ca0fcf76bbb5a2b731e368,,2011/2024,observed,csv_row_2017_age_96_col_Male,annual_estimates_observed_v1,2017,96,male,10,reported,
1.0,annual_population_estimates_by_age_sex_csv,1b7b14fa75cab035860dd865eedd72527a92dac1a9ca0fcf76bbb5a2b731e368,,2011/2024,observed,csv_row_2017_age_96_col_Female,annual_estimates_observed_v1,2017,96,female,30,reported,
1.0,annual_population_estimates_by_age_sex_csv,1b7b14fa75cab035860dd865eedd72527a92dac1a9ca0fcf76bbb5a2b731e368,,2011/2024,derived,derived_from_2017_age_96_Male_and_Female,annual_estimates_sex_sum_v1,2017,96,all,40,reported,
1.0,annual_population_estimates_by_age_sex_csv,1b7b14fa75cab035860dd865eedd72527a92dac1a9ca0fcf76bbb5a2b731e368,,2011/2024,observed,csv_row_2017_age_97_col_Male,annual_estimates_observed_v1,2017,97,male,10,reported,
1.0,annual_population_estimates_by_age_sex_csv,1b7b14fa75cab035860dd865eedd72527a92dac1a9ca0fcf76bbb5a2b731e368,,2011/2024,observed,csv_row_2017_age_97_col_Female,annual_estimates_observed_v1,2017,97,female,30,reported,
1.0,annual_population_estimates_by_age_sex_csv,1b7b14fa75cab035860dd865eedd72527a92dac1a9ca0fcf76bbb5a2b731e368,,2011/2024,derived,derived_from_2017_age_97_Male_and_Female,annual_estimates_sex_sum_v1,2017,97,all,40,reported,
1.0,annual_population_estimates_by_age_sex_csv,1b7b14fa75cab035860dd865eedd72527a92dac1a9ca0fcf76bbb5a2b731e368,,2011/2024,observed,csv_row_2017_age_98_col_Male,annual_estimates_observed_v1,2017,98,male,0,reported,
1.0,annual_population_estimates_by_age_sex_csv,1b7b14fa75cab035860dd865eedd72527a92dac1a9ca0fcf76bbb5a2b731e368,,2011/2024,observed,csv_row_2017_age_98_col_Female,annual_estimates_observed_v1,2017,98,female,10,reported,
1.0,annual_population_estimates_by_age_sex_csv,1b7b14fa75cab035860dd865eedd72527a92dac1a9ca0fcf76bbb5a2b731e368,,2011/2024,derived,derived_from_2017_age_98_Male_and_Female,annual_estimates_sex_sum_v1,2017,98,all,10,reported,
1.0,annual_population_estimates_by_age_sex_csv,1b7b14fa75cab035860dd865eedd72527a92dac1a9ca0fcf76bbb5a2b731e368,,2011/2024,observed,csv_row_2017_age_99_col_Male,annual_estimates_observed_v1,2017,99,male,0,reported,
1.0,annual_population_estimates_by_age_sex_csv,1b7b14fa75cab035860dd865eedd72527a92dac1a9ca0fcf76bbb5a2b731e368,,2011/2024,observed,csv_row_2017_age_99_col_Female,annual_estimates_observed_v1,2017,99,female,10,reported,
1.0,annual_population_estimates_by_age_sex_csv,1b7b14fa75cab035860dd865eedd72527a92dac1a9ca0fcf76bbb5a2b731e368,,2011/2024,derived,derived_from_2017_age_99_Male_and_Female,annual_estimates_sex_sum_v1,2017,99,all,10,reported,
1.0,annual_population_estimates_by_age_sex_csv,1b7b14fa75cab035860dd865eedd72527a92dac1a9ca0fcf76bbb5a2b731e368,,2011/2024,observed,csv_row_2017_age_100_col_Male,annual_estimates_observed_v1,2017,100,male,0,reported,
1.0,annual_population_estimates_by_age_sex_csv,1b7b14fa75cab035860dd865eedd72527a92dac1a9ca0fcf76bbb5a2b731e368,,2011/2024,observed,csv_row_2017_age_100_col_Female,annual_estimates_observed_v1,2017,100,female,10,reported,
1.0,annual_population_estimates_by_age_sex_csv,1b7b14fa75cab035860dd865eedd72527a92dac1a9ca0fcf76bbb5a2b731e368,,2011/2024,derived,derived_from_2017_age_100_Male_and_Female,annual_estimates_sex_sum_v1,2017,100,all,10,reported,
1.0,annual_population_estimates_by_age_sex_csv,1b7b14fa75cab035860dd865eedd72527a92dac1a9ca0fcf76bbb5a2b731e368,,2011/2024,observed,csv_row_2018_age_0_col_Male,annual_estimates_observed_v1,2018,0,male,470,reported,
1.0,annual_population_estimates_by_age_sex_csv,1b7b14fa75cab035860dd865eedd72527a92dac1a9ca0fcf76bbb5a2b731e368,,2011/2024,observed,csv_row_2018_age_0_col_Female,annual_estimates_observed_v1,2018,0,female,490,reported,
1.0,annual_population_estimates_by_age_sex_csv,1b7b14fa75cab035860dd865eedd72527a92dac1a9ca0fcf76bbb5a2b731e368,,2011/2024,derived,derived_from_2018_age_0_Male_and_Female,annual_estimates_sex_sum_v1,2018,0,all,960,reported,
1.0,annual_population_estimates_by_age_sex_csv,1b7b14fa75cab035860dd865eedd72527a92dac1a9ca0fcf76bbb5a2b731e368,,2011/2024,observed,csv_row_2018_age_1_col_Male,annual_estimates_observed_v1,2018,1,male,510,reported,
1.0,annual_population_estimates_by_age_sex_csv,1b7b14fa75cab035860dd865eedd72527a92dac1a9ca0fcf76bbb5a2b731e368,,2011/2024,observed,csv_row_2018_age_1_col_Female,annual_estimates_observed_v1,2018,1,female,450,reported,
1.0,annual_population_estimates_by_age_sex_csv,1b7b14fa75cab035860dd865eedd72527a92dac1a9ca0fcf76bbb5a2b731e368,,2011/2024,derived,derived_from_2018_age_1_Male_and_Female,annual_estimates_sex_sum_v1,2018,1,all,960,reported,
1.0,annual_population_estimates_by_age_sex_csv,1b7b14fa75cab035860dd865eedd72527a92dac1a9ca0fcf76bbb5a2b731e368,,2011/2024,observed,csv_row_2018_age_2_col_Male,annual_estimates_observed_v1,2018,2,male,520,reported,
1.0,annual_population_estimates_by_age_sex_csv,1b7b14fa75cab035860dd865eedd72527a92dac1a9ca0fcf76bbb5a2b731e368,,2011/2024,observed,csv_row_2018_age_2_col_Female,annual_estimates_observed_v1,2018,2,female,510,reported,
1.0,annual_population_estimates_by_age_sex_csv,1b7b14fa75cab035860dd865eedd72527a92dac1a9ca0fcf76bbb5a2b731e368,,2011/2024,derived,derived_from_2018_age_2_Male_and_Female,annual_estimates_sex_sum_v1,2018,2,all,1030,reported,
1.0,annual_population_estimates_by_age_sex_csv,1b7b14fa75cab035860dd865eedd72527a92dac1a9ca0fcf76bbb5a2b731e368,,2011/2024,observed,csv_row_2018_age_3_col_Male,annual_estimates_observed_v1,2018,3,male,540,reported,
1.0,annual_population_estimates_by_age_sex_csv,1b7b14fa75cab035860dd865eedd72527a92dac1a9ca0fcf76bbb5a2b731e368,,2011/2024,observed,csv_row_2018_age_3_col_Female,annual_estimates_observed_v1,2018,3,female,520,reported,
1.0,annual_population_estimates_by_age_sex_csv,1b7b14fa75cab035860dd865eedd72527a92dac1a9ca0fcf76bbb5a2b731e368,,2011/2024,derived,derived_from_2018_age_3_Male_and_Female,annual_estimates_sex_sum_v1,2018,3,all,1060,reported,
1.0,annual_population_estimates_by_age_sex_csv,1b7b14fa75cab035860dd865eedd72527a92dac1a9ca0fcf76bbb5a2b731e368,,2011/2024,observed,csv_row_2018_age_4_col_Male,annual_estimates_observed_v1,2018,4,male,500,reported,
1.0,annual_population_estimates_by_age_sex_csv,1b7b14fa75cab035860dd865eedd72527a92dac1a9ca0fcf76bbb5a2b731e368,,2011/2024,observed,csv_row_2018_age_4_col_Female,annual_estimates_observed_v1,2018,4,female,510,reported,
1.0,annual_population_estimates_by_age_sex_csv,1b7b14fa75cab035860dd865eedd72527a92dac1a9ca0fcf76bbb5a2b731e368,,2011/2024,derived,derived_from_2018_age_4_Male_and_Female,annual_estimates_sex_sum_v1,2018,4,all,1010,reported,
1.0,annual_population_estimates_by_age_sex_csv,1b7b14fa75cab035860dd865eedd72527a92dac1a9ca0fcf76bbb5a2b731e368,,2011/2024,observed,csv_row_2018_age_5_col_Male,annual_estimates_observed_v1,2018,5,male,540,reported,
1.0,annual_population_estimates_by_age_sex_csv,1b7b14fa75cab035860dd865eedd72527a92dac1a9ca0fcf76bbb5a2b731e368,,2011/2024,observed,csv_row_2018_age_5_col_Female,annual_estimates_observed_v1,2018,5,female,520,reported,
1.0,annual_population_estimates_by_age_sex_csv,1b7b14fa75cab035860dd865eedd72527a92dac1a9ca0fcf76bbb5a2b731e368,,2011/2024,derived,derived_from_2018_age_5_Male_and_Female,annual_estimates_sex_sum_v1,2018,5,all,1060,reported,
1.0,annual_population_estimates_by_age_sex_csv,1b7b14fa75cab035860dd865eedd72527a92dac1a9ca0fcf76bbb5a2b731e368,,2011/2024,observed,csv_row_2018_age_6_col_Male,annual_estimates_observed_v1,2018,6,male,580,reported,
1.0,annual_population_estimates_by_age_sex_csv,1b7b14fa75cab035860dd865eedd72527a92dac1a9ca0fcf76bbb5a2b731e368,,2011/2024,observed,csv_row_2018_age_6_col_Female,annual_estimates_observed_v1,2018,6,female,560,reported,
1.0,annual_population_estimates_by_age_sex_csv,1b7b14fa75cab035860dd865eedd72527a92dac1a9ca0fcf76bbb5a2b731e368,,2011/2024,derived,derived_from_2018_age_6_Male_and_Female,annual_estimates_sex_sum_v1,2018,6,all,1140,reported,
1.0,annual_population_estimates_by_age_sex_csv,1b7b14fa75cab035860dd865eedd72527a92dac1a9ca0fcf76bbb5a2b731e368,,2011/2024,observed,csv_row_2018_age_7_col_Male,annual_estimates_observed_v1,2018,7,male,540,reported,
1.0,annual_population_estimates_by_age_sex_csv,1b7b14fa75cab035860dd865eedd72527a92dac1a9ca0fcf76bbb5a2b731e368,,2011/2024,observed,csv_row_2018_age_7_col_Female,annual_estimates_observed_v1,2018,7,female,530,reported,
1.0,annual_population_estimates_by_age_sex_csv,1b7b14fa75cab035860dd865eedd72527a92dac1a9ca0fcf76bbb5a2b731e368,,2011/2024,derived,derived_from_2018_age_7_Male_and_Female,annual_estimates_sex_sum_v1,2018,7,all,1070,reported,
1.0,annual_population_estimates_by_age_sex_csv,1b7b14fa75cab035860dd865eedd72527a92dac1a9ca0fcf76bbb5a2b731e368,,2011/2024,observed,csv_row_2018_age_8_col_Male,annual_estimates_observed_v1,2018,8,male,530,reported,
1.0,annual_population_estimates_by_age_sex_csv,1b7b14fa75cab035860dd865eedd72527a92dac1a9ca0fcf76bbb5a2b731e368,,2011/2024,observed,csv_row_2018_age_8_col_Female,annual_estimates_observed_v1,2018,8,female,550,reported,
1.0,annual_population_estimates_by_age_sex_csv,1b7b14fa75cab035860dd865eedd72527a92dac1a9ca0fcf76bbb5a2b731e368,,2011/2024,derived,derived_from_2018_age_8_Male_and_Female,annual_estimates_sex_sum_v1,2018,8,all,1080,reported,
1.0,annual_population_estimates_by_age_sex_csv,1b7b14fa75cab035860dd865eedd72527a92dac1a9ca0fcf76bbb5a2b731e368,,2011/2024,observed,csv_row_2018_age_9_col_Male,annual_estimates_observed_v1,2018,9,male,530,reported,
1.0,annual_population_estimates_by_age_sex_csv,1b7b14fa75cab035860dd865eedd72527a92dac1a9ca0fcf76bbb5a2b731e368,,2011/2024,observed,csv_row_2018_age_9_col_Female,annual_estimates_observed_v1,2018,9,female,500,reported,
1.0,annual_population_estimates_by_age_sex_csv,1b7b14fa75cab035860dd865eedd72527a92dac1a9ca0fcf76bbb5a2b731e368,,2011/2024,derived,derived_from_2018_age_9_Male_and_Female,annual_estimates_sex_sum_v1,2018,9,all,1030,reported,
1.0,annual_population_estimates_by_age_sex_csv,1b7b14fa75cab035860dd865eedd72527a92dac1a9ca0fcf76bbb5a2b731e368,,2011/2024,observed,csv_row_2018_age_10_col_Male,annual_estimates_observed_v1,2018,10,male,510,reported,
1.0,annual_population_estimates_by_age_sex_csv,1b7b14fa75cab035860dd865eedd72527a92dac1a9ca0fcf76bbb5a2b731e368,,2011/2024,observed,csv_row_2018_age_10_col_Female,annual_estimates_observed_v1,2018,10,female,570,reported,
1.0,annual_population_estimates_by_age_sex_csv,1b7b14fa75cab035860dd865eedd72527a92dac1a9ca0fcf76bbb5a2b731e368,,2011/2024,derived,derived_from_2018_age_10_Male_and_Female,annual_estimates_sex_sum_v1,2018,10,all,1080,reported,
1.0,annual_population_estimates_by_age_sex_csv,1b7b14fa75cab035860dd865eedd72527a92dac1a9ca0fcf76bbb5a2b731e368,,2011/2024,observed,csv_row_2018_age_11_col_Male,annual_estimates_observed_v1,2018,11,male,520,reported,
1.0,annual_population_estimates_by_age_sex_csv,1b7b14fa75cab035860dd865eedd72527a92dac1a9ca0fcf76bbb5a2b731e368,,2011/2024,observed,csv_row_2018_age_11_col_Female,annual_estimates_observed_v1,2018,11,female,530,reported,
1.0,annual_population_estimates_by_age_sex_csv,1b7b14fa75cab035860dd865eedd72527a92dac1a9ca0fcf76bbb5a2b731e368,,2011/2024,derived,derived_from_2018_age_11_Male_and_Female,annual_estimates_sex_sum_v1,2018,11,all,1050,reported,
1.0,annual_population_estimates_by_age_sex_csv,1b7b14fa75cab035860dd865eedd72527a92dac1a9ca0fcf76bbb5a2b731e368,,2011/2024,observed,csv_row_2018_age_12_col_Male,annual_estimates_observed_v1,2018,12,male,510,reported,
1.0,annual_population_estimates_by_age_sex_csv,1b7b14fa75cab035860dd865eedd72527a92dac1a9ca0fcf76bbb5a2b731e368,,2011/2024,observed,csv_row_2018_age_12_col_Female,annual_estimates_observed_v1,2018,12,female,520,reported,
1.0,annual_population_estimates_by_age_sex_csv,1b7b14fa75cab035860dd865eedd72527a92dac1a9ca0fcf76bbb5a2b731e368,,2011/2024,derived,derived_from_2018_age_12_Male_and_Female,annual_estimates_sex_sum_v1,2018,12,all,1030,reported,
1.0,annual_population_estimates_by_age_sex_csv,1b7b14fa75cab035860dd865eedd72527a92dac1a9ca0fcf76bbb5a2b731e368,,2011/2024,observed,csv_row_2018_age_13_col_Male,annual_estimates_observed_v1,2018,13,male,500,reported,
1.0,annual_population_estimates_by_age_sex_csv,1b7b14fa75cab035860dd865eedd72527a92dac1a9ca0fcf76bbb5a2b731e368,,2011/2024,observed,csv_row_2018_age_13_col_Female,annual_estimates_observed_v1,2018,13,female,490,reported,
1.0,annual_population_estimates_by_age_sex_csv,1b7b14fa75cab035860dd865eedd72527a92dac1a9ca0fcf76bbb5a2b731e368,,2011/2024,derived,derived_from_2018_age_13_Male_and_Female,annual_estimates_sex_sum_v1,2018,13,all,990,reported,
1.0,annual_population_estimates_by_age_sex_csv,1b7b14fa75cab035860dd865eedd72527a92dac1a9ca0fcf76bbb5a2b731e368,,2011/2024,observed,csv_row_2018_age_14_col_Male,annual_estimates_observed_v1,2018,14,male,520,reported,
1.0,annual_population_estimates_by_age_sex_csv,1b7b14fa75cab035860dd865eedd72527a92dac1a9ca0fcf76bbb5a2b731e368,,2011/2024,observed,csv_row_2018_age_14_col_Female,annual_estimates_observed_v1,2018,14,female,500,reported,
1.0,annual_population_estimates_by_age_sex_csv,1b7b14fa75cab035860dd865eedd72527a92dac1a9ca0fcf76bbb5a2b731e368,,2011/2024,derived,derived_from_2018_age_14_Male_and_Female,annual_estimates_sex_sum_v1,2018,14,all,1020,reported,
1.0,annual_population_estimates_by_age_sex_csv,1b7b14fa75cab035860dd865eedd72527a92dac1a9ca0fcf76bbb5a2b731e368,,2011/2024,observed,csv_row_2018_age_15_col_Male,annual_estimates_observed_v1,2018,15,male,540,reported,
1.0,annual_population_estimates_by_age_sex_csv,1b7b14fa75cab035860dd865eedd72527a92dac1a9ca0fcf76bbb5a2b731e368,,2011/2024,observed,csv_row_2018_age_15_col_Female,annual_estimates_observed_v1,2018,15,female,490,reported,
1.0,annual_population_estimates_by_age_sex_csv,1b7b14fa75cab035860dd865eedd72527a92dac1a9ca0fcf76bbb5a2b731e368,,2011/2024,derived,derived_from_2018_age_15_Male_and_Female,annual_estimates_sex_sum_v1,2018,15,all,1030,reported,
1.0,annual_population_estimates_by_age_sex_csv,1b7b14fa75cab035860dd865eedd72527a92dac1a9ca0fcf76bbb5a2b731e368,,2011/2024,observed,csv_row_2018_age_16_col_Male,annual_estimates_observed_v1,2018,16,male,460,reported,
1.0,annual_population_estimates_by_age_sex_csv,1b7b14fa75cab035860dd865eedd72527a92dac1a9ca0fcf76bbb5a2b731e368,,2011/2024,observed,csv_row_2018_age_16_col_Female,annual_estimates_observed_v1,2018,16,female,490,reported,
1.0,annual_population_estimates_by_age_sex_csv,1b7b14fa75cab035860dd865eedd72527a92dac1a9ca0fcf76bbb5a2b731e368,,2011/2024,derived,derived_from_2018_age_16_Male_and_Female,annual_estimates_sex_sum_v1,2018,16,all,950,reported,
1.0,annual_population_estimates_by_age_sex_csv,1b7b14fa75cab035860dd865eedd72527a92dac1a9ca0fcf76bbb5a2b731e368,,2011/2024,observed,csv_row_2018_age_17_col_Male,annual_estimates_observed_v1,2018,17,male,530,reported,
1.0,annual_population_estimates_by_age_sex_csv,1b7b14fa75cab035860dd865eedd72527a92dac1a9ca0fcf76bbb5a2b731e368,,2011/2024,observed,csv_row_2018_age_17_col_Female,annual_estimates_observed_v1,2018,17,female,510,reported,
1.0,annual_population_estimates_by_age_sex_csv,1b7b14fa75cab035860dd865eedd72527a92dac1a9ca0fcf76bbb5a2b731e368,,2011/2024,derived,derived_from_2018_age_17_Male_and_Female,annual_estimates_sex_sum_v1,2018,17,all,1040,reported,
1.0,annual_population_estimates_by_age_sex_csv,1b7b14fa75cab035860dd865eedd72527a92dac1a9ca0fcf76bbb5a2b731e368,,2011/2024,observed,csv_row_2018_age_18_col_Male,annual_estimates_observed_v1,2018,18,male,510,reported,
1.0,annual_population_estimates_by_age_sex_csv,1b7b14fa75cab035860dd865eedd72527a92dac1a9ca0fcf76bbb5a2b731e368,,2011/2024,observed,csv_row_2018_age_18_col_Female,annual_estimates_observed_v1,2018,18,female,500,reported,
1.0,annual_population_estimates_by_age_sex_csv,1b7b14fa75cab035860dd865eedd72527a92dac1a9ca0fcf76bbb5a2b731e368,,2011/2024,derived,derived_from_2018_age_18_Male_and_Female,annual_estimates_sex_sum_v1,2018,18,all,1010,reported,
1.0,annual_population_estimates_by_age_sex_csv,1b7b14fa75cab035860dd865eedd72527a92dac1a9ca0fcf76bbb5a2b731e368,,2011/2024,observed,csv_row_2018_age_19_col_Male,annual_estimates_observed_v1,2018,19,male,610,reported,
1.0,annual_population_estimates_by_age_sex_csv,1b7b14fa75cab035860dd865eedd72527a92dac1a9ca0fcf76bbb5a2b731e368,,2011/2024,observed,csv_row_2018_age_19_col_Female,annual_estimates_observed_v1,2018,19,female,540,reported,
1.0,annual_population_estimates_by_age_sex_csv,1b7b14fa75cab035860dd865eedd72527a92dac1a9ca0fcf76bbb5a2b731e368,,2011/2024,derived,derived_from_2018_age_19_Male_and_Female,annual_estimates_sex_sum_v1,2018,19,all,1150,reported,
1.0,annual_population_estimates_by_age_sex_csv,1b7b14fa75cab035860dd865eedd72527a92dac1a9ca0fcf76bbb5a2b731e368,,2011/2024,observed,csv_row_2018_age_20_col_Male,annual_estimates_observed_v1,2018,20,male,600,reported,
1.0,annual_population_estimates_by_age_sex_csv,1b7b14fa75cab035860dd865eedd72527a92dac1a9ca0fcf76bbb5a2b731e368,,2011/2024,observed,csv_row_2018_age_20_col_Female,annual_estimates_observed_v1,2018,20,female,570,reported,
1.0,annual_population_estimates_by_age_sex_csv,1b7b14fa75cab035860dd865eedd72527a92dac1a9ca0fcf76bbb5a2b731e368,,2011/2024,derived,derived_from_2018_age_20_Male_and_Female,annual_estimates_sex_sum_v1,2018,20,all,1170,reported,
1.0,annual_population_estimates_by_age_sex_csv,1b7b14fa75cab035860dd865eedd72527a92dac1a9ca0fcf76bbb5a2b731e368,,2011/2024,observed,csv_row_2018_age_21_col_Male,annual_estimates_observed_v1,2018,21,male,620,reported,
1.0,annual_population_estimates_by_age_sex_csv,1b7b14fa75cab035860dd865eedd72527a92dac1a9ca0fcf76bbb5a2b731e368,,2011/2024,observed,csv_row_2018_age_21_col_Female,annual_estimates_observed_v1,2018,21,female,570,reported,
1.0,annual_population_estimates_by_age_sex_csv,1b7b14fa75cab035860dd865eedd72527a92dac1a9ca0fcf76bbb5a2b731e368,,2011/2024,derived,derived_from_2018_age_21_Male_and_Female,annual_estimates_sex_sum_v1,2018,21,all,1190,reported,
1.0,annual_population_estimates_by_age_sex_csv,1b7b14fa75cab035860dd865eedd72527a92dac1a9ca0fcf76bbb5a2b731e368,,2011/2024,observed,csv_row_2018_age_22_col_Male,annual_estimates_observed_v1,2018,22,male,610,reported,
1.0,annual_population_estimates_by_age_sex_csv,1b7b14fa75cab035860dd865eedd72527a92dac1a9ca0fcf76bbb5a2b731e368,,2011/2024,observed,csv_row_2018_age_22_col_Female,annual_estimates_observed_v1,2018,22,female,560,reported,
1.0,annual_population_estimates_by_age_sex_csv,1b7b14fa75cab035860dd865eedd72527a92dac1a9ca0fcf76bbb5a2b731e368,,2011/2024,derived,derived_from_2018_age_22_Male_and_Female,annual_estimates_sex_sum_v1,2018,22,all,1170,reported,
1.0,annual_population_estimates_by_age_sex_csv,1b7b14fa75cab035860dd865eedd72527a92dac1a9ca0fcf76bbb5a2b731e368,,2011/2024,observed,csv_row_2018_age_23_col_Male,annual_estimates_observed_v1,2018,23,male,580,reported,
1.0,annual_population_estimates_by_age_sex_csv,1b7b14fa75cab035860dd865eedd72527a92dac1a9ca0fcf76bbb5a2b731e368,,2011/2024,observed,csv_row_2018_age_23_col_Female,annual_estimates_observed_v1,2018,23,female,510,reported,
1.0,annual_population_estimates_by_age_sex_csv,1b7b14fa75cab035860dd865eedd72527a92dac1a9ca0fcf76bbb5a2b731e368,,2011/2024,derived,derived_from_2018_age_23_Male_and_Female,annual_estimates_sex_sum_v1,2018,23,all,1090,reported,
1.0,annual_population_estimates_by_age_sex_csv,1b7b14fa75cab035860dd865eedd72527a92dac1a9ca0fcf76bbb5a2b731e368,,2011/2024,observed,csv_row_2018_age_24_col_Male,annual_estimates_observed_v1,2018,24,male,630,reported,
1.0,annual_population_estimates_by_age_sex_csv,1b7b14fa75cab035860dd865eedd72527a92dac1a9ca0fcf76bbb5a2b731e368,,2011/2024,observed,csv_row_2018_age_24_col_Female,annual_estimates_observed_v1,2018,24,female,600,reported,
1.0,annual_population_estimates_by_age_sex_csv,1b7b14fa75cab035860dd865eedd72527a92dac1a9ca0fcf76bbb5a2b731e368,,2011/2024,derived,derived_from_2018_age_24_Male_and_Female,annual_estimates_sex_sum_v1,2018,24,all,1230,reported,
1.0,annual_population_estimates_by_age_sex_csv,1b7b14fa75cab035860dd865eedd72527a92dac1a9ca0fcf76bbb5a2b731e368,,2011/2024,observed,csv_row_2018_age_25_col_Male,annual_estimates_observed_v1,2018,25,male,590,reported,
1.0,annual_population_estimates_by_age_sex_csv,1b7b14fa75cab035860dd865eedd72527a92dac1a9ca0fcf76bbb5a2b731e368,,2011/2024,observed,csv_row_2018_age_25_col_Female,annual_estimates_observed_v1,2018,25,female,560,reported,
1.0,annual_population_estimates_by_age_sex_csv,1b7b14fa75cab035860dd865eedd72527a92dac1a9ca0fcf76bbb5a2b731e368,,2011/2024,derived,derived_from_2018_age_25_Male_and_Female,annual_estimates_sex_sum_v1,2018,25,all,1150,reported,
1.0,annual_population_estimates_by_age_sex_csv,1b7b14fa75cab035860dd865eedd72527a92dac1a9ca0fcf76bbb5a2b731e368,,2011/2024,observed,csv_row_2018_age_26_col_Male,annual_estimates_observed_v1,2018,26,male,610,reported,
1.0,annual_population_estimates_by_age_sex_csv,1b7b14fa75cab035860dd865eedd72527a92dac1a9ca0fcf76bbb5a2b731e368,,2011/2024,observed,csv_row_2018_age_26_col_Female,annual_estimates_observed_v1,2018,26,female,600,reported,
1.0,annual_population_estimates_by_age_sex_csv,1b7b14fa75cab035860dd865eedd72527a92dac1a9ca0fcf76bbb5a2b731e368,,2011/2024,derived,derived_from_2018_age_26_Male_and_Female,annual_estimates_sex_sum_v1,2018,26,all,1210,reported,
1.0,annual_population_estimates_by_age_sex_csv,1b7b14fa75cab035860dd865eedd72527a92dac1a9ca0fcf76bbb5a2b731e368,,2011/2024,observed,csv_row_2018_age_27_col_Male,annual_estimates_observed_v1,2018,27,male,600,reported,
1.0,annual_population_estimates_by_age_sex_csv,1b7b14fa75cab035860dd865eedd72527a92dac1a9ca0fcf76bbb5a2b731e368,,2011/2024,observed,csv_row_2018_age_27_col_Female,annual_estimates_observed_v1,2018,27,female,630,reported,
1.0,annual_population_estimates_by_age_sex_csv,1b7b14fa75cab035860dd865eedd72527a92dac1a9ca0fcf76bbb5a2b731e368,,2011/2024,derived,derived_from_2018_age_27_Male_and_Female,annual_estimates_sex_sum_v1,2018,27,all,1230,reported,
1.0,annual_population_estimates_by_age_sex_csv,1b7b14fa75cab035860dd865eedd72527a92dac1a9ca0fcf76bbb5a2b731e368,,2011/2024,observed,csv_row_2018_age_28_col_Male,annual_estimates_observed_v1,2018,28,male,670,reported,
1.0,annual_population_estimates_by_age_sex_csv,1b7b14fa75cab035860dd865eedd72527a92dac1a9ca0fcf76bbb5a2b731e368,,2011/2024,observed,csv_row_2018_age_28_col_Female,annual_estimates_observed_v1,2018,28,female,640,reported,
1.0,annual_population_estimates_by_age_sex_csv,1b7b14fa75cab035860dd865eedd72527a92dac1a9ca0fcf76bbb5a2b731e368,,2011/2024,derived,derived_from_2018_age_28_Male_and_Female,annual_estimates_sex_sum_v1,2018,28,all,1310,reported,
1.0,annual_population_estimates_by_age_sex_csv,1b7b14fa75cab035860dd865eedd72527a92dac1a9ca0fcf76bbb5a2b731e368,,2011/2024,observed,csv_row_2018_age_29_col_Male,annual_estimates_observed_v1,2018,29,male,640,reported,
1.0,annual_population_estimates_by_age_sex_csv,1b7b14fa75cab035860dd865eedd72527a92dac1a9ca0fcf76bbb5a2b731e368,,2011/2024,observed,csv_row_2018_age_29_col_Female,annual_estimates_observed_v1,2018,29,female,640,reported,
1.0,annual_population_estimates_by_age_sex_csv,1b7b14fa75cab035860dd865eedd72527a92dac1a9ca0fcf76bbb5a2b731e368,,2011/2024,derived,derived_from_2018_age_29_Male_and_Female,annual_estimates_sex_sum_v1,2018,29,all,1280,reported,
1.0,annual_population_estimates_by_age_sex_csv,1b7b14fa75cab035860dd865eedd72527a92dac1a9ca0fcf76bbb5a2b731e368,,2011/2024,observed,csv_row_2018_age_30_col_Male,annual_estimates_observed_v1,2018,30,male,660,reported,
1.0,annual_population_estimates_by_age_sex_csv,1b7b14fa75cab035860dd865eedd72527a92dac1a9ca0fcf76bbb5a2b731e368,,2011/2024,observed,csv_row_2018_age_30_col_Female,annual_estimates_observed_v1,2018,30,female,680,reported,
1.0,annual_population_estimates_by_age_sex_csv,1b7b14fa75cab035860dd865eedd72527a92dac1a9ca0fcf76bbb5a2b731e368,,2011/2024,derived,derived_from_2018_age_30_Male_and_Female,annual_estimates_sex_sum_v1,2018,30,all,1340,reported,
1.0,annual_population_estimates_by_age_sex_csv,1b7b14fa75cab035860dd865eedd72527a92dac1a9ca0fcf76bbb5a2b731e368,,2011/2024,observed,csv_row_2018_age_31_col_Male,annual_estimates_observed_v1,2018,31,male,740,reported,
1.0,annual_population_estimates_by_age_sex_csv,1b7b14fa75cab035860dd865eedd72527a92dac1a9ca0fcf76bbb5a2b731e368,,2011/2024,observed,csv_row_2018_age_31_col_Female,annual_estimates_observed_v1,2018,31,female,650,reported,
1.0,annual_population_estimates_by_age_sex_csv,1b7b14fa75cab035860dd865eedd72527a92dac1a9ca0fcf76bbb5a2b731e368,,2011/2024,derived,derived_from_2018_age_31_Male_and_Female,annual_estimates_sex_sum_v1,2018,31,all,1390,reported,
1.0,annual_population_estimates_by_age_sex_csv,1b7b14fa75cab035860dd865eedd72527a92dac1a9ca0fcf76bbb5a2b731e368,,2011/2024,observed,csv_row_2018_age_32_col_Male,annual_estimates_observed_v1,2018,32,male,670,reported,
1.0,annual_population_estimates_by_age_sex_csv,1b7b14fa75cab035860dd865eedd72527a92dac1a9ca0fcf76bbb5a2b731e368,,2011/2024,observed,csv_row_2018_age_32_col_Female,annual_estimates_observed_v1,2018,32,female,680,reported,
1.0,annual_population_estimates_by_age_sex_csv,1b7b14fa75cab035860dd865eedd72527a92dac1a9ca0fcf76bbb5a2b731e368,,2011/2024,derived,derived_from_2018_age_32_Male_and_Female,annual_estimates_sex_sum_v1,2018,32,all,1350,reported,
1.0,annual_population_estimates_by_age_sex_csv,1b7b14fa75cab035860dd865eedd72527a92dac1a9ca0fcf76bbb5a2b731e368,,2011/2024,observed,csv_row_2018_age_33_col_Male,annual_estimates_observed_v1,2018,33,male,730,reported,
1.0,annual_population_estimates_by_age_sex_csv,1b7b14fa75cab035860dd865eedd72527a92dac1a9ca0fcf76bbb5a2b731e368,,2011/2024,observed,csv_row_2018_age_33_col_Female,annual_estimates_observed_v1,2018,33,female,670,reported,
1.0,annual_population_estimates_by_age_sex_csv,1b7b14fa75cab035860dd865eedd72527a92dac1a9ca0fcf76bbb5a2b731e368,,2011/2024,derived,derived_from_2018_age_33_Male_and_Female,annual_estimates_sex_sum_v1,2018,33,all,1400,reported,
1.0,annual_population_estimates_by_age_sex_csv,1b7b14fa75cab035860dd865eedd72527a92dac1a9ca0fcf76bbb5a2b731e368,,2011/2024,observed,csv_row_2018_age_34_col_Male,annual_estimates_observed_v1,2018,34,male,770,reported,
1.0,annual_population_estimates_by_age_sex_csv,1b7b14fa75cab035860dd865eedd72527a92dac1a9ca0fcf76bbb5a2b731e368,,2011/2024,observed,csv_row_2018_age_34_col_Female,annual_estimates_observed_v1,2018,34,female,780,reported,
1.0,annual_population_estimates_by_age_sex_csv,1b7b14fa75cab035860dd865eedd72527a92dac1a9ca0fcf76bbb5a2b731e368,,2011/2024,derived,derived_from_2018_age_34_Male_and_Female,annual_estimates_sex_sum_v1,2018,34,all,1550,reported,
1.0,annual_population_estimates_by_age_sex_csv,1b7b14fa75cab035860dd865eedd72527a92dac1a9ca0fcf76bbb5a2b731e368,,2011/2024,observed,csv_row_2018_age_35_col_Male,annual_estimates_observed_v1,2018,35,male,760,reported,
1.0,annual_population_estimates_by_age_sex_csv,1b7b14fa75cab035860dd865eedd72527a92dac1a9ca0fcf76bbb5a2b731e368,,2011/2024,observed,csv_row_2018_age_35_col_Female,annual_estimates_observed_v1,2018,35,female,770,reported,
1.0,annual_population_estimates_by_age_sex_csv,1b7b14fa75cab035860dd865eedd72527a92dac1a9ca0fcf76bbb5a2b731e368,,2011/2024,derived,derived_from_2018_age_35_Male_and_Female,annual_estimates_sex_sum_v1,2018,35,all,1530,reported,
1.0,annual_population_estimates_by_age_sex_csv,1b7b14fa75cab035860dd865eedd72527a92dac1a9ca0fcf76bbb5a2b731e368,,2011/2024,observed,csv_row_2018_age_36_col_Male,annual_estimates_observed_v1,2018,36,male,800,reported,
1.0,annual_population_estimates_by_age_sex_csv,1b7b14fa75cab035860dd865eedd72527a92dac1a9ca0fcf76bbb5a2b731e368,,2011/2024,observed,csv_row_2018_age_36_col_Female,annual_estimates_observed_v1,2018,36,female,720,reported,
1.0,annual_population_estimates_by_age_sex_csv,1b7b14fa75cab035860dd865eedd72527a92dac1a9ca0fcf76bbb5a2b731e368,,2011/2024,derived,derived_from_2018_age_36_Male_and_Female,annual_estimates_sex_sum_v1,2018,36,all,1520,reported,
1.0,annual_population_estimates_by_age_sex_csv,1b7b14fa75cab035860dd865eedd72527a92dac1a9ca0fcf76bbb5a2b731e368,,2011/2024,observed,csv_row_2018_age_37_col_Male,annual_estimates_observed_v1,2018,37,male,770,reported,
1.0,annual_population_estimates_by_age_sex_csv,1b7b14fa75cab035860dd865eedd72527a92dac1a9ca0fcf76bbb5a2b731e368,,2011/2024,observed,csv_row_2018_age_37_col_Female,annual_estimates_observed_v1,2018,37,female,820,reported,
1.0,annual_population_estimates_by_age_sex_csv,1b7b14fa75cab035860dd865eedd72527a92dac1a9ca0fcf76bbb5a2b731e368,,2011/2024,derived,derived_from_2018_age_37_Male_and_Female,annual_estimates_sex_sum_v1,2018,37,all,1590,reported,
1.0,annual_population_estimates_by_age_sex_csv,1b7b14fa75cab035860dd865eedd72527a92dac1a9ca0fcf76bbb5a2b731e368,,2011/2024,observed,csv_row_2018_age_38_col_Male,annual_estimates_observed_v1,2018,38,male,800,reported,
1.0,annual_population_estimates_by_age_sex_csv,1b7b14fa75cab035860dd865eedd72527a92dac1a9ca0fcf76bbb5a2b731e368,,2011/2024,observed,csv_row_2018_age_38_col_Female,annual_estimates_observed_v1,2018,38,female,800,reported,
1.0,annual_population_estimates_by_age_sex_csv,1b7b14fa75cab035860dd865eedd72527a92dac1a9ca0fcf76bbb5a2b731e368,,2011/2024,derived,derived_from_2018_age_38_Male_and_Female,annual_estimates_sex_sum_v1,2018,38,all,1600,reported,
1.0,annual_population_estimates_by_age_sex_csv,1b7b14fa75cab035860dd865eedd72527a92dac1a9ca0fcf76bbb5a2b731e368,,2011/2024,observed,csv_row_2018_age_39_col_Male,annual_estimates_observed_v1,2018,39,male,800,reported,
1.0,annual_population_estimates_by_age_sex_csv,1b7b14fa75cab035860dd865eedd72527a92dac1a9ca0fcf76bbb5a2b731e368,,2011/2024,observed,csv_row_2018_age_39_col_Female,annual_estimates_observed_v1,2018,39,female,800,reported,
1.0,annual_population_estimates_by_age_sex_csv,1b7b14fa75cab035860dd865eedd72527a92dac1a9ca0fcf76bbb5a2b731e368,,2011/2024,derived,derived_from_2018_age_39_Male_and_Female,annual_estimates_sex_sum_v1,2018,39,all,1600,reported,
1.0,annual_population_estimates_by_age_sex_csv,1b7b14fa75cab035860dd865eedd72527a92dac1a9ca0fcf76bbb5a2b731e368,,2011/2024,observed,csv_row_2018_age_40_col_Male,annual_estimates_observed_v1,2018,40,male,740,reported,
1.0,annual_population_estimates_by_age_sex_csv,1b7b14fa75cab035860dd865eedd72527a92dac1a9ca0fcf76bbb5a2b731e368,,2011/2024,observed,csv_row_2018_age_40_col_Female,annual_estimates_observed_v1,2018,40,female,700,reported,
1.0,annual_population_estimates_by_age_sex_csv,1b7b14fa75cab035860dd865eedd72527a92dac1a9ca0fcf76bbb5a2b731e368,,2011/2024,derived,derived_from_2018_age_40_Male_and_Female,annual_estimates_sex_sum_v1,2018,40,all,1440,reported,
1.0,annual_population_estimates_by_age_sex_csv,1b7b14fa75cab035860dd865eedd72527a92dac1a9ca0fcf76bbb5a2b731e368,,2011/2024,observed,csv_row_2018_age_41_col_Male,annual_estimates_observed_v1,2018,41,male,770,reported,
1.0,annual_population_estimates_by_age_sex_csv,1b7b14fa75cab035860dd865eedd72527a92dac1a9ca0fcf76bbb5a2b731e368,,2011/2024,observed,csv_row_2018_age_41_col_Female,annual_estimates_observed_v1,2018,41,female,750,reported,
1.0,annual_population_estimates_by_age_sex_csv,1b7b14fa75cab035860dd865eedd72527a92dac1a9ca0fcf76bbb5a2b731e368,,2011/2024,derived,derived_from_2018_age_41_Male_and_Female,annual_estimates_sex_sum_v1,2018,41,all,1520,reported,
1.0,annual_population_estimates_by_age_sex_csv,1b7b14fa75cab035860dd865eedd72527a92dac1a9ca0fcf76bbb5a2b731e368,,2011/2024,observed,csv_row_2018_age_42_col_Male,annual_estimates_observed_v1,2018,42,male,740,reported,
1.0,annual_population_estimates_by_age_sex_csv,1b7b14fa75cab035860dd865eedd72527a92dac1a9ca0fcf76bbb5a2b731e368,,2011/2024,observed,csv_row_2018_age_42_col_Female,annual_estimates_observed_v1,2018,42,female,710,reported,
1.0,annual_population_estimates_by_age_sex_csv,1b7b14fa75cab035860dd865eedd72527a92dac1a9ca0fcf76bbb5a2b731e368,,2011/2024,derived,derived_from_2018_age_42_Male_and_Female,annual_estimates_sex_sum_v1,2018,42,all,1450,reported,
1.0,annual_population_estimates_by_age_sex_csv,1b7b14fa75cab035860dd865eedd72527a92dac1a9ca0fcf76bbb5a2b731e368,,2011/2024,observed,csv_row_2018_age_43_col_Male,annual_estimates_observed_v1,2018,43,male,760,reported,
1.0,annual_population_estimates_by_age_sex_csv,1b7b14fa75cab035860dd865eedd72527a92dac1a9ca0fcf76bbb5a2b731e368,,2011/2024,observed,csv_row_2018_age_43_col_Female,annual_estimates_observed_v1,2018,43,female,740,reported,
1.0,annual_population_estimates_by_age_sex_csv,1b7b14fa75cab035860dd865eedd72527a92dac1a9ca0fcf76bbb5a2b731e368,,2011/2024,derived,derived_from_2018_age_43_Male_and_Female,annual_estimates_sex_sum_v1,2018,43,all,1500,reported,
1.0,annual_population_estimates_by_age_sex_csv,1b7b14fa75cab035860dd865eedd72527a92dac1a9ca0fcf76bbb5a2b731e368,,2011/2024,observed,csv_row_2018_age_44_col_Male,annual_estimates_observed_v1,2018,44,male,760,reported,
1.0,annual_population_estimates_by_age_sex_csv,1b7b14fa75cab035860dd865eedd72527a92dac1a9ca0fcf76bbb5a2b731e368,,2011/2024,observed,csv_row_2018_age_44_col_Female,annual_estimates_observed_v1,2018,44,female,740,reported,
1.0,annual_population_estimates_by_age_sex_csv,1b7b14fa75cab035860dd865eedd72527a92dac1a9ca0fcf76bbb5a2b731e368,,2011/2024,derived,derived_from_2018_age_44_Male_and_Female,annual_estimates_sex_sum_v1,2018,44,all,1500,reported,
1.0,annual_population_estimates_by_age_sex_csv,1b7b14fa75cab035860dd865eedd72527a92dac1a9ca0fcf76bbb5a2b731e368,,2011/2024,observed,csv_row_2018_age_45_col_Male,annual_estimates_observed_v1,2018,45,male,770,reported,
1.0,annual_population_estimates_by_age_sex_csv,1b7b14fa75cab035860dd865eedd72527a92dac1a9ca0fcf76bbb5a2b731e368,,2011/2024,observed,csv_row_2018_age_45_col_Female,annual_estimates_observed_v1,2018,45,female,730,reported,
1.0,annual_population_estimates_by_age_sex_csv,1b7b14fa75cab035860dd865eedd72527a92dac1a9ca0fcf76bbb5a2b731e368,,2011/2024,derived,derived_from_2018_age_45_Male_and_Female,annual_estimates_sex_sum_v1,2018,45,all,1500,reported,
1.0,annual_population_estimates_by_age_sex_csv,1b7b14fa75cab035860dd865eedd72527a92dac1a9ca0fcf76bbb5a2b731e368,,2011/2024,observed,csv_row_2018_age_46_col_Male,annual_estimates_observed_v1,2018,46,male,750,reported,
1.0,annual_population_estimates_by_age_sex_csv,1b7b14fa75cab035860dd865eedd72527a92dac1a9ca0fcf76bbb5a2b731e368,,2011/2024,observed,csv_row_2018_age_46_col_Female,annual_estimates_observed_v1,2018,46,female,750,reported,
1.0,annual_population_estimates_by_age_sex_csv,1b7b14fa75cab035860dd865eedd72527a92dac1a9ca0fcf76bbb5a2b731e368,,2011/2024,derived,derived_from_2018_age_46_Male_and_Female,annual_estimates_sex_sum_v1,2018,46,all,1500,reported,
1.0,annual_population_estimates_by_age_sex_csv,1b7b14fa75cab035860dd865eedd72527a92dac1a9ca0fcf76bbb5a2b731e368,,2011/2024,observed,csv_row_2018_age_47_col_Male,annual_estimates_observed_v1,2018,47,male,840,reported,
1.0,annual_population_estimates_by_age_sex_csv,1b7b14fa75cab035860dd865eedd72527a92dac1a9ca0fcf76bbb5a2b731e368,,2011/2024,observed,csv_row_2018_age_47_col_Female,annual_estimates_observed_v1,2018,47,female,820,reported,
1.0,annual_population_estimates_by_age_sex_csv,1b7b14fa75cab035860dd865eedd72527a92dac1a9ca0fcf76bbb5a2b731e368,,2011/2024,derived,derived_from_2018_age_47_Male_and_Female,annual_estimates_sex_sum_v1,2018,47,all,1660,reported,
1.0,annual_population_estimates_by_age_sex_csv,1b7b14fa75cab035860dd865eedd72527a92dac1a9ca0fcf76bbb5a2b731e368,,2011/2024,observed,csv_row_2018_age_48_col_Male,annual_estimates_observed_v1,2018,48,male,840,reported,
1.0,annual_population_estimates_by_age_sex_csv,1b7b14fa75cab035860dd865eedd72527a92dac1a9ca0fcf76bbb5a2b731e368,,2011/2024,observed,csv_row_2018_age_48_col_Female,annual_estimates_observed_v1,2018,48,female,820,reported,
1.0,annual_population_estimates_by_age_sex_csv,1b7b14fa75cab035860dd865eedd72527a92dac1a9ca0fcf76bbb5a2b731e368,,2011/2024,derived,derived_from_2018_age_48_Male_and_Female,annual_estimates_sex_sum_v1,2018,48,all,1660,reported,
1.0,annual_population_estimates_by_age_sex_csv,1b7b14fa75cab035860dd865eedd72527a92dac1a9ca0fcf76bbb5a2b731e368,,2011/2024,observed,csv_row_2018_age_49_col_Male,annual_estimates_observed_v1,2018,49,male,830,reported,
1.0,annual_population_estimates_by_age_sex_csv,1b7b14fa75cab035860dd865eedd72527a92dac1a9ca0fcf76bbb5a2b731e368,,2011/2024,observed,csv_row_2018_age_49_col_Female,annual_estimates_observed_v1,2018,49,female,840,reported,
1.0,annual_population_estimates_by_age_sex_csv,1b7b14fa75cab035860dd865eedd72527a92dac1a9ca0fcf76bbb5a2b731e368,,2011/2024,derived,derived_from_2018_age_49_Male_and_Female,annual_estimates_sex_sum_v1,2018,49,all,1670,reported,
1.0,annual_population_estimates_by_age_sex_csv,1b7b14fa75cab035860dd865eedd72527a92dac1a9ca0fcf76bbb5a2b731e368,,2011/2024,observed,csv_row_2018_age_50_col_Male,annual_estimates_observed_v1,2018,50,male,920,reported,
1.0,annual_population_estimates_by_age_sex_csv,1b7b14fa75cab035860dd865eedd72527a92dac1a9ca0fcf76bbb5a2b731e368,,2011/2024,observed,csv_row_2018_age_50_col_Female,annual_estimates_observed_v1,2018,50,female,810,reported,
1.0,annual_population_estimates_by_age_sex_csv,1b7b14fa75cab035860dd865eedd72527a92dac1a9ca0fcf76bbb5a2b731e368,,2011/2024,derived,derived_from_2018_age_50_Male_and_Female,annual_estimates_sex_sum_v1,2018,50,all,1730,reported,
1.0,annual_population_estimates_by_age_sex_csv,1b7b14fa75cab035860dd865eedd72527a92dac1a9ca0fcf76bbb5a2b731e368,,2011/2024,observed,csv_row_2018_age_51_col_Male,annual_estimates_observed_v1,2018,51,male,850,reported,
1.0,annual_population_estimates_by_age_sex_csv,1b7b14fa75cab035860dd865eedd72527a92dac1a9ca0fcf76bbb5a2b731e368,,2011/2024,observed,csv_row_2018_age_51_col_Female,annual_estimates_observed_v1,2018,51,female,860,reported,
1.0,annual_population_estimates_by_age_sex_csv,1b7b14fa75cab035860dd865eedd72527a92dac1a9ca0fcf76bbb5a2b731e368,,2011/2024,derived,derived_from_2018_age_51_Male_and_Female,annual_estimates_sex_sum_v1,2018,51,all,1710,reported,
1.0,annual_population_estimates_by_age_sex_csv,1b7b14fa75cab035860dd865eedd72527a92dac1a9ca0fcf76bbb5a2b731e368,,2011/2024,observed,csv_row_2018_age_52_col_Male,annual_estimates_observed_v1,2018,52,male,860,reported,
1.0,annual_population_estimates_by_age_sex_csv,1b7b14fa75cab035860dd865eedd72527a92dac1a9ca0fcf76bbb5a2b731e368,,2011/2024,observed,csv_row_2018_age_52_col_Female,annual_estimates_observed_v1,2018,52,female,880,reported,
1.0,annual_population_estimates_by_age_sex_csv,1b7b14fa75cab035860dd865eedd72527a92dac1a9ca0fcf76bbb5a2b731e368,,2011/2024,derived,derived_from_2018_age_52_Male_and_Female,annual_estimates_sex_sum_v1,2018,52,all,1740,reported,
1.0,annual_population_estimates_by_age_sex_csv,1b7b14fa75cab035860dd865eedd72527a92dac1a9ca0fcf76bbb5a2b731e368,,2011/2024,observed,csv_row_2018_age_53_col_Male,annual_estimates_observed_v1,2018,53,male,880,reported,
1.0,annual_population_estimates_by_age_sex_csv,1b7b14fa75cab035860dd865eedd72527a92dac1a9ca0fcf76bbb5a2b731e368,,2011/2024,observed,csv_row_2018_age_53_col_Female,annual_estimates_observed_v1,2018,53,female,850,reported,
1.0,annual_population_estimates_by_age_sex_csv,1b7b14fa75cab035860dd865eedd72527a92dac1a9ca0fcf76bbb5a2b731e368,,2011/2024,derived,derived_from_2018_age_53_Male_and_Female,annual_estimates_sex_sum_v1,2018,53,all,1730,reported,
1.0,annual_population_estimates_by_age_sex_csv,1b7b14fa75cab035860dd865eedd72527a92dac1a9ca0fcf76bbb5a2b731e368,,2011/2024,observed,csv_row_2018_age_54_col_Male,annual_estimates_observed_v1,2018,54,male,860,reported,
1.0,annual_population_estimates_by_age_sex_csv,1b7b14fa75cab035860dd865eedd72527a92dac1a9ca0fcf76bbb5a2b731e368,,2011/2024,observed,csv_row_2018_age_54_col_Female,annual_estimates_observed_v1,2018,54,female,860,reported,
1.0,annual_population_estimates_by_age_sex_csv,1b7b14fa75cab035860dd865eedd72527a92dac1a9ca0fcf76bbb5a2b731e368,,2011/2024,derived,derived_from_2018_age_54_Male_and_Female,annual_estimates_sex_sum_v1,2018,54,all,1720,reported,
1.0,annual_population_estimates_by_age_sex_csv,1b7b14fa75cab035860dd865eedd72527a92dac1a9ca0fcf76bbb5a2b731e368,,2011/2024,observed,csv_row_2018_age_55_col_Male,annual_estimates_observed_v1,2018,55,male,830,reported,
1.0,annual_population_estimates_by_age_sex_csv,1b7b14fa75cab035860dd865eedd72527a92dac1a9ca0fcf76bbb5a2b731e368,,2011/2024,observed,csv_row_2018_age_55_col_Female,annual_estimates_observed_v1,2018,55,female,800,reported,
1.0,annual_population_estimates_by_age_sex_csv,1b7b14fa75cab035860dd865eedd72527a92dac1a9ca0fcf76bbb5a2b731e368,,2011/2024,derived,derived_from_2018_age_55_Male_and_Female,annual_estimates_sex_sum_v1,2018,55,all,1630,reported,
1.0,annual_population_estimates_by_age_sex_csv,1b7b14fa75cab035860dd865eedd72527a92dac1a9ca0fcf76bbb5a2b731e368,,2011/2024,observed,csv_row_2018_age_56_col_Male,annual_estimates_observed_v1,2018,56,male,800,reported,
1.0,annual_population_estimates_by_age_sex_csv,1b7b14fa75cab035860dd865eedd72527a92dac1a9ca0fcf76bbb5a2b731e368,,2011/2024,observed,csv_row_2018_age_56_col_Female,annual_estimates_observed_v1,2018,56,female,780,reported,
1.0,annual_population_estimates_by_age_sex_csv,1b7b14fa75cab035860dd865eedd72527a92dac1a9ca0fcf76bbb5a2b731e368,,2011/2024,derived,derived_from_2018_age_56_Male_and_Female,annual_estimates_sex_sum_v1,2018,56,all,1580,reported,
1.0,annual_population_estimates_by_age_sex_csv,1b7b14fa75cab035860dd865eedd72527a92dac1a9ca0fcf76bbb5a2b731e368,,2011/2024,observed,csv_row_2018_age_57_col_Male,annual_estimates_observed_v1,2018,57,male,740,reported,
1.0,annual_population_estimates_by_age_sex_csv,1b7b14fa75cab035860dd865eedd72527a92dac1a9ca0fcf76bbb5a2b731e368,,2011/2024,observed,csv_row_2018_age_57_col_Female,annual_estimates_observed_v1,2018,57,female,730,reported,
1.0,annual_population_estimates_by_age_sex_csv,1b7b14fa75cab035860dd865eedd72527a92dac1a9ca0fcf76bbb5a2b731e368,,2011/2024,derived,derived_from_2018_age_57_Male_and_Female,annual_estimates_sex_sum_v1,2018,57,all,1470,reported,
1.0,annual_population_estimates_by_age_sex_csv,1b7b14fa75cab035860dd865eedd72527a92dac1a9ca0fcf76bbb5a2b731e368,,2011/2024,observed,csv_row_2018_age_58_col_Male,annual_estimates_observed_v1,2018,58,male,730,reported,
1.0,annual_population_estimates_by_age_sex_csv,1b7b14fa75cab035860dd865eedd72527a92dac1a9ca0fcf76bbb5a2b731e368,,2011/2024,observed,csv_row_2018_age_58_col_Female,annual_estimates_observed_v1,2018,58,female,700,reported,
1.0,annual_population_estimates_by_age_sex_csv,1b7b14fa75cab035860dd865eedd72527a92dac1a9ca0fcf76bbb5a2b731e368,,2011/2024,derived,derived_from_2018_age_58_Male_and_Female,annual_estimates_sex_sum_v1,2018,58,all,1430,reported,
1.0,annual_population_estimates_by_age_sex_csv,1b7b14fa75cab035860dd865eedd72527a92dac1a9ca0fcf76bbb5a2b731e368,,2011/2024,observed,csv_row_2018_age_59_col_Male,annual_estimates_observed_v1,2018,59,male,660,reported,
1.0,annual_population_estimates_by_age_sex_csv,1b7b14fa75cab035860dd865eedd72527a92dac1a9ca0fcf76bbb5a2b731e368,,2011/2024,observed,csv_row_2018_age_59_col_Female,annual_estimates_observed_v1,2018,59,female,710,reported,
1.0,annual_population_estimates_by_age_sex_csv,1b7b14fa75cab035860dd865eedd72527a92dac1a9ca0fcf76bbb5a2b731e368,,2011/2024,derived,derived_from_2018_age_59_Male_and_Female,annual_estimates_sex_sum_v1,2018,59,all,1370,reported,
1.0,annual_population_estimates_by_age_sex_csv,1b7b14fa75cab035860dd865eedd72527a92dac1a9ca0fcf76bbb5a2b731e368,,2011/2024,observed,csv_row_2018_age_60_col_Male,annual_estimates_observed_v1,2018,60,male,690,reported,
1.0,annual_population_estimates_by_age_sex_csv,1b7b14fa75cab035860dd865eedd72527a92dac1a9ca0fcf76bbb5a2b731e368,,2011/2024,observed,csv_row_2018_age_60_col_Female,annual_estimates_observed_v1,2018,60,female,720,reported,
1.0,annual_population_estimates_by_age_sex_csv,1b7b14fa75cab035860dd865eedd72527a92dac1a9ca0fcf76bbb5a2b731e368,,2011/2024,derived,derived_from_2018_age_60_Male_and_Female,annual_estimates_sex_sum_v1,2018,60,all,1410,reported,
1.0,annual_population_estimates_by_age_sex_csv,1b7b14fa75cab035860dd865eedd72527a92dac1a9ca0fcf76bbb5a2b731e368,,2011/2024,observed,csv_row_2018_age_61_col_Male,annual_estimates_observed_v1,2018,61,male,630,reported,
1.0,annual_population_estimates_by_age_sex_csv,1b7b14fa75cab035860dd865eedd72527a92dac1a9ca0fcf76bbb5a2b731e368,,2011/2024,observed,csv_row_2018_age_61_col_Female,annual_estimates_observed_v1,2018,61,female,660,reported,
1.0,annual_population_estimates_by_age_sex_csv,1b7b14fa75cab035860dd865eedd72527a92dac1a9ca0fcf76bbb5a2b731e368,,2011/2024,derived,derived_from_2018_age_61_Male_and_Female,annual_estimates_sex_sum_v1,2018,61,all,1290,reported,
1.0,annual_population_estimates_by_age_sex_csv,1b7b14fa75cab035860dd865eedd72527a92dac1a9ca0fcf76bbb5a2b731e368,,2011/2024,observed,csv_row_2018_age_62_col_Male,annual_estimates_observed_v1,2018,62,male,610,reported,
1.0,annual_population_estimates_by_age_sex_csv,1b7b14fa75cab035860dd865eedd72527a92dac1a9ca0fcf76bbb5a2b731e368,,2011/2024,observed,csv_row_2018_age_62_col_Female,annual_estimates_observed_v1,2018,62,female,620,reported,
1.0,annual_population_estimates_by_age_sex_csv,1b7b14fa75cab035860dd865eedd72527a92dac1a9ca0fcf76bbb5a2b731e368,,2011/2024,derived,derived_from_2018_age_62_Male_and_Female,annual_estimates_sex_sum_v1,2018,62,all,1230,reported,
1.0,annual_population_estimates_by_age_sex_csv,1b7b14fa75cab035860dd865eedd72527a92dac1a9ca0fcf76bbb5a2b731e368,,2011/2024,observed,csv_row_2018_age_63_col_Male,annual_estimates_observed_v1,2018,63,male,550,reported,
1.0,annual_population_estimates_by_age_sex_csv,1b7b14fa75cab035860dd865eedd72527a92dac1a9ca0fcf76bbb5a2b731e368,,2011/2024,observed,csv_row_2018_age_63_col_Female,annual_estimates_observed_v1,2018,63,female,590,reported,
1.0,annual_population_estimates_by_age_sex_csv,1b7b14fa75cab035860dd865eedd72527a92dac1a9ca0fcf76bbb5a2b731e368,,2011/2024,derived,derived_from_2018_age_63_Male_and_Female,annual_estimates_sex_sum_v1,2018,63,all,1140,reported,
1.0,annual_population_estimates_by_age_sex_csv,1b7b14fa75cab035860dd865eedd72527a92dac1a9ca0fcf76bbb5a2b731e368,,2011/2024,observed,csv_row_2018_age_64_col_Male,annual_estimates_observed_v1,2018,64,male,570,reported,
1.0,annual_population_estimates_by_age_sex_csv,1b7b14fa75cab035860dd865eedd72527a92dac1a9ca0fcf76bbb5a2b731e368,,2011/2024,observed,csv_row_2018_age_64_col_Female,annual_estimates_observed_v1,2018,64,female,560,reported,
1.0,annual_population_estimates_by_age_sex_csv,1b7b14fa75cab035860dd865eedd72527a92dac1a9ca0fcf76bbb5a2b731e368,,2011/2024,derived,derived_from_2018_age_64_Male_and_Female,annual_estimates_sex_sum_v1,2018,64,all,1130,reported,
1.0,annual_population_estimates_by_age_sex_csv,1b7b14fa75cab035860dd865eedd72527a92dac1a9ca0fcf76bbb5a2b731e368,,2011/2024,observed,csv_row_2018_age_65_col_Male,annual_estimates_observed_v1,2018,65,male,550,reported,
1.0,annual_population_estimates_by_age_sex_csv,1b7b14fa75cab035860dd865eedd72527a92dac1a9ca0fcf76bbb5a2b731e368,,2011/2024,observed,csv_row_2018_age_65_col_Female,annual_estimates_observed_v1,2018,65,female,540,reported,
1.0,annual_population_estimates_by_age_sex_csv,1b7b14fa75cab035860dd865eedd72527a92dac1a9ca0fcf76bbb5a2b731e368,,2011/2024,derived,derived_from_2018_age_65_Male_and_Female,annual_estimates_sex_sum_v1,2018,65,all,1090,reported,
1.0,annual_population_estimates_by_age_sex_csv,1b7b14fa75cab035860dd865eedd72527a92dac1a9ca0fcf76bbb5a2b731e368,,2011/2024,observed,csv_row_2018_age_66_col_Male,annual_estimates_observed_v1,2018,66,male,490,reported,
1.0,annual_population_estimates_by_age_sex_csv,1b7b14fa75cab035860dd865eedd72527a92dac1a9ca0fcf76bbb5a2b731e368,,2011/2024,observed,csv_row_2018_age_66_col_Female,annual_estimates_observed_v1,2018,66,female,570,reported,
1.0,annual_population_estimates_by_age_sex_csv,1b7b14fa75cab035860dd865eedd72527a92dac1a9ca0fcf76bbb5a2b731e368,,2011/2024,derived,derived_from_2018_age_66_Male_and_Female,annual_estimates_sex_sum_v1,2018,66,all,1060,reported,
1.0,annual_population_estimates_by_age_sex_csv,1b7b14fa75cab035860dd865eedd72527a92dac1a9ca0fcf76bbb5a2b731e368,,2011/2024,observed,csv_row_2018_age_67_col_Male,annual_estimates_observed_v1,2018,67,male,520,reported,
1.0,annual_population_estimates_by_age_sex_csv,1b7b14fa75cab035860dd865eedd72527a92dac1a9ca0fcf76bbb5a2b731e368,,2011/2024,observed,csv_row_2018_age_67_col_Female,annual_estimates_observed_v1,2018,67,female,540,reported,
1.0,annual_population_estimates_by_age_sex_csv,1b7b14fa75cab035860dd865eedd72527a92dac1a9ca0fcf76bbb5a2b731e368,,2011/2024,derived,derived_from_2018_age_67_Male_and_Female,annual_estimates_sex_sum_v1,2018,67,all,1060,reported,
1.0,annual_population_estimates_by_age_sex_csv,1b7b14fa75cab035860dd865eedd72527a92dac1a9ca0fcf76bbb5a2b731e368,,2011/2024,observed,csv_row_2018_age_68_col_Male,annual_estimates_observed_v1,2018,68,male,510,reported,
1.0,annual_population_estimates_by_age_sex_csv,1b7b14fa75cab035860dd865eedd72527a92dac1a9ca0fcf76bbb5a2b731e368,,2011/2024,observed,csv_row_2018_age_68_col_Female,annual_estimates_observed_v1,2018,68,female,520,reported,
1.0,annual_population_estimates_by_age_sex_csv,1b7b14fa75cab035860dd865eedd72527a92dac1a9ca0fcf76bbb5a2b731e368,,2011/2024,derived,derived_from_2018_age_68_Male_and_Female,annual_estimates_sex_sum_v1,2018,68,all,1030,reported,
1.0,annual_population_estimates_by_age_sex_csv,1b7b14fa75cab035860dd865eedd72527a92dac1a9ca0fcf76bbb5a2b731e368,,2011/2024,observed,csv_row_2018_age_69_col_Male,annual_estimates_observed_v1,2018,69,male,480,reported,
1.0,annual_population_estimates_by_age_sex_csv,1b7b14fa75cab035860dd865eedd72527a92dac1a9ca0fcf76bbb5a2b731e368,,2011/2024,observed,csv_row_2018_age_69_col_Female,annual_estimates_observed_v1,2018,69,female,520,reported,
1.0,annual_population_estimates_by_age_sex_csv,1b7b14fa75cab035860dd865eedd72527a92dac1a9ca0fcf76bbb5a2b731e368,,2011/2024,derived,derived_from_2018_age_69_Male_and_Female,annual_estimates_sex_sum_v1,2018,69,all,1000,reported,
1.0,annual_population_estimates_by_age_sex_csv,1b7b14fa75cab035860dd865eedd72527a92dac1a9ca0fcf76bbb5a2b731e368,,2011/2024,observed,csv_row_2018_age_70_col_Male,annual_estimates_observed_v1,2018,70,male,500,reported,
1.0,annual_population_estimates_by_age_sex_csv,1b7b14fa75cab035860dd865eedd72527a92dac1a9ca0fcf76bbb5a2b731e368,,2011/2024,observed,csv_row_2018_age_70_col_Female,annual_estimates_observed_v1,2018,70,female,530,reported,
1.0,annual_population_estimates_by_age_sex_csv,1b7b14fa75cab035860dd865eedd72527a92dac1a9ca0fcf76bbb5a2b731e368,,2011/2024,derived,derived_from_2018_age_70_Male_and_Female,annual_estimates_sex_sum_v1,2018,70,all,1030,reported,
1.0,annual_population_estimates_by_age_sex_csv,1b7b14fa75cab035860dd865eedd72527a92dac1a9ca0fcf76bbb5a2b731e368,,2011/2024,observed,csv_row_2018_age_71_col_Male,annual_estimates_observed_v1,2018,71,male,510,reported,
1.0,annual_population_estimates_by_age_sex_csv,1b7b14fa75cab035860dd865eedd72527a92dac1a9ca0fcf76bbb5a2b731e368,,2011/2024,observed,csv_row_2018_age_71_col_Female,annual_estimates_observed_v1,2018,71,female,530,reported,
1.0,annual_population_estimates_by_age_sex_csv,1b7b14fa75cab035860dd865eedd72527a92dac1a9ca0fcf76bbb5a2b731e368,,2011/2024,derived,derived_from_2018_age_71_Male_and_Female,annual_estimates_sex_sum_v1,2018,71,all,1040,reported,
1.0,annual_population_estimates_by_age_sex_csv,1b7b14fa75cab035860dd865eedd72527a92dac1a9ca0fcf76bbb5a2b731e368,,2011/2024,observed,csv_row_2018_age_72_col_Male,annual_estimates_observed_v1,2018,72,male,450,reported,
1.0,annual_population_estimates_by_age_sex_csv,1b7b14fa75cab035860dd865eedd72527a92dac1a9ca0fcf76bbb5a2b731e368,,2011/2024,observed,csv_row_2018_age_72_col_Female,annual_estimates_observed_v1,2018,72,female,520,reported,
1.0,annual_population_estimates_by_age_sex_csv,1b7b14fa75cab035860dd865eedd72527a92dac1a9ca0fcf76bbb5a2b731e368,,2011/2024,derived,derived_from_2018_age_72_Male_and_Female,annual_estimates_sex_sum_v1,2018,72,all,970,reported,
1.0,annual_population_estimates_by_age_sex_csv,1b7b14fa75cab035860dd865eedd72527a92dac1a9ca0fcf76bbb5a2b731e368,,2011/2024,observed,csv_row_2018_age_73_col_Male,annual_estimates_observed_v1,2018,73,male,350,reported,
1.0,annual_population_estimates_by_age_sex_csv,1b7b14fa75cab035860dd865eedd72527a92dac1a9ca0fcf76bbb5a2b731e368,,2011/2024,observed,csv_row_2018_age_73_col_Female,annual_estimates_observed_v1,2018,73,female,400,reported,
1.0,annual_population_estimates_by_age_sex_csv,1b7b14fa75cab035860dd865eedd72527a92dac1a9ca0fcf76bbb5a2b731e368,,2011/2024,derived,derived_from_2018_age_73_Male_and_Female,annual_estimates_sex_sum_v1,2018,73,all,750,reported,
1.0,annual_population_estimates_by_age_sex_csv,1b7b14fa75cab035860dd865eedd72527a92dac1a9ca0fcf76bbb5a2b731e368,,2011/2024,observed,csv_row_2018_age_74_col_Male,annual_estimates_observed_v1,2018,74,male,390,reported,
1.0,annual_population_estimates_by_age_sex_csv,1b7b14fa75cab035860dd865eedd72527a92dac1a9ca0fcf76bbb5a2b731e368,,2011/2024,observed,csv_row_2018_age_74_col_Female,annual_estimates_observed_v1,2018,74,female,450,reported,
1.0,annual_population_estimates_by_age_sex_csv,1b7b14fa75cab035860dd865eedd72527a92dac1a9ca0fcf76bbb5a2b731e368,,2011/2024,derived,derived_from_2018_age_74_Male_and_Female,annual_estimates_sex_sum_v1,2018,74,all,840,reported,
1.0,annual_population_estimates_by_age_sex_csv,1b7b14fa75cab035860dd865eedd72527a92dac1a9ca0fcf76bbb5a2b731e368,,2011/2024,observed,csv_row_2018_age_75_col_Male,annual_estimates_observed_v1,2018,75,male,340,reported,
1.0,annual_population_estimates_by_age_sex_csv,1b7b14fa75cab035860dd865eedd72527a92dac1a9ca0fcf76bbb5a2b731e368,,2011/2024,observed,csv_row_2018_age_75_col_Female,annual_estimates_observed_v1,2018,75,female,380,reported,
1.0,annual_population_estimates_by_age_sex_csv,1b7b14fa75cab035860dd865eedd72527a92dac1a9ca0fcf76bbb5a2b731e368,,2011/2024,derived,derived_from_2018_age_75_Male_and_Female,annual_estimates_sex_sum_v1,2018,75,all,720,reported,
1.0,annual_population_estimates_by_age_sex_csv,1b7b14fa75cab035860dd865eedd72527a92dac1a9ca0fcf76bbb5a2b731e368,,2011/2024,observed,csv_row_2018_age_76_col_Male,annual_estimates_observed_v1,2018,76,male,270,reported,
1.0,annual_population_estimates_by_age_sex_csv,1b7b14fa75cab035860dd865eedd72527a92dac1a9ca0fcf76bbb5a2b731e368,,2011/2024,observed,csv_row_2018_age_76_col_Female,annual_estimates_observed_v1,2018,76,female,330,reported,
1.0,annual_population_estimates_by_age_sex_csv,1b7b14fa75cab035860dd865eedd72527a92dac1a9ca0fcf76bbb5a2b731e368,,2011/2024,derived,derived_from_2018_age_76_Male_and_Female,annual_estimates_sex_sum_v1,2018,76,all,600,reported,
1.0,annual_population_estimates_by_age_sex_csv,1b7b14fa75cab035860dd865eedd72527a92dac1a9ca0fcf76bbb5a2b731e368,,2011/2024,observed,csv_row_2018_age_77_col_Male,annual_estimates_observed_v1,2018,77,male,270,reported,
1.0,annual_population_estimates_by_age_sex_csv,1b7b14fa75cab035860dd865eedd72527a92dac1a9ca0fcf76bbb5a2b731e368,,2011/2024,observed,csv_row_2018_age_77_col_Female,annual_estimates_observed_v1,2018,77,female,320,reported,
1.0,annual_population_estimates_by_age_sex_csv,1b7b14fa75cab035860dd865eedd72527a92dac1a9ca0fcf76bbb5a2b731e368,,2011/2024,derived,derived_from_2018_age_77_Male_and_Female,annual_estimates_sex_sum_v1,2018,77,all,590,reported,
1.0,annual_population_estimates_by_age_sex_csv,1b7b14fa75cab035860dd865eedd72527a92dac1a9ca0fcf76bbb5a2b731e368,,2011/2024,observed,csv_row_2018_age_78_col_Male,annual_estimates_observed_v1,2018,78,male,310,reported,
1.0,annual_population_estimates_by_age_sex_csv,1b7b14fa75cab035860dd865eedd72527a92dac1a9ca0fcf76bbb5a2b731e368,,2011/2024,observed,csv_row_2018_age_78_col_Female,annual_estimates_observed_v1,2018,78,female,350,reported,
1.0,annual_population_estimates_by_age_sex_csv,1b7b14fa75cab035860dd865eedd72527a92dac1a9ca0fcf76bbb5a2b731e368,,2011/2024,derived,derived_from_2018_age_78_Male_and_Female,annual_estimates_sex_sum_v1,2018,78,all,660,reported,
1.0,annual_population_estimates_by_age_sex_csv,1b7b14fa75cab035860dd865eedd72527a92dac1a9ca0fcf76bbb5a2b731e368,,2011/2024,observed,csv_row_2018_age_79_col_Male,annual_estimates_observed_v1,2018,79,male,310,reported,
1.0,annual_population_estimates_by_age_sex_csv,1b7b14fa75cab035860dd865eedd72527a92dac1a9ca0fcf76bbb5a2b731e368,,2011/2024,observed,csv_row_2018_age_79_col_Female,annual_estimates_observed_v1,2018,79,female,330,reported,
1.0,annual_population_estimates_by_age_sex_csv,1b7b14fa75cab035860dd865eedd72527a92dac1a9ca0fcf76bbb5a2b731e368,,2011/2024,derived,derived_from_2018_age_79_Male_and_Female,annual_estimates_sex_sum_v1,2018,79,all,640,reported,
1.0,annual_population_estimates_by_age_sex_csv,1b7b14fa75cab035860dd865eedd72527a92dac1a9ca0fcf76bbb5a2b731e368,,2011/2024,observed,csv_row_2018_age_80_col_Male,annual_estimates_observed_v1,2018,80,male,280,reported,
1.0,annual_population_estimates_by_age_sex_csv,1b7b14fa75cab035860dd865eedd72527a92dac1a9ca0fcf76bbb5a2b731e368,,2011/2024,observed,csv_row_2018_age_80_col_Female,annual_estimates_observed_v1,2018,80,female,320,reported,
1.0,annual_population_estimates_by_age_sex_csv,1b7b14fa75cab035860dd865eedd72527a92dac1a9ca0fcf76bbb5a2b731e368,,2011/2024,derived,derived_from_2018_age_80_Male_and_Female,annual_estimates_sex_sum_v1,2018,80,all,600,reported,
1.0,annual_population_estimates_by_age_sex_csv,1b7b14fa75cab035860dd865eedd72527a92dac1a9ca0fcf76bbb5a2b731e368,,2011/2024,observed,csv_row_2018_age_81_col_Male,annual_estimates_observed_v1,2018,81,male,240,reported,
1.0,annual_population_estimates_by_age_sex_csv,1b7b14fa75cab035860dd865eedd72527a92dac1a9ca0fcf76bbb5a2b731e368,,2011/2024,observed,csv_row_2018_age_81_col_Female,annual_estimates_observed_v1,2018,81,female,320,reported,
1.0,annual_population_estimates_by_age_sex_csv,1b7b14fa75cab035860dd865eedd72527a92dac1a9ca0fcf76bbb5a2b731e368,,2011/2024,derived,derived_from_2018_age_81_Male_and_Female,annual_estimates_sex_sum_v1,2018,81,all,560,reported,
1.0,annual_population_estimates_by_age_sex_csv,1b7b14fa75cab035860dd865eedd72527a92dac1a9ca0fcf76bbb5a2b731e368,,2011/2024,observed,csv_row_2018_age_82_col_Male,annual_estimates_observed_v1,2018,82,male,230,reported,
1.0,annual_population_estimates_by_age_sex_csv,1b7b14fa75cab035860dd865eedd72527a92dac1a9ca0fcf76bbb5a2b731e368,,2011/2024,observed,csv_row_2018_age_82_col_Female,annual_estimates_observed_v1,2018,82,female,290,reported,
1.0,annual_population_estimates_by_age_sex_csv,1b7b14fa75cab035860dd865eedd72527a92dac1a9ca0fcf76bbb5a2b731e368,,2011/2024,derived,derived_from_2018_age_82_Male_and_Female,annual_estimates_sex_sum_v1,2018,82,all,520,reported,
1.0,annual_population_estimates_by_age_sex_csv,1b7b14fa75cab035860dd865eedd72527a92dac1a9ca0fcf76bbb5a2b731e368,,2011/2024,observed,csv_row_2018_age_83_col_Male,annual_estimates_observed_v1,2018,83,male,210,reported,
1.0,annual_population_estimates_by_age_sex_csv,1b7b14fa75cab035860dd865eedd72527a92dac1a9ca0fcf76bbb5a2b731e368,,2011/2024,observed,csv_row_2018_age_83_col_Female,annual_estimates_observed_v1,2018,83,female,250,reported,
1.0,annual_population_estimates_by_age_sex_csv,1b7b14fa75cab035860dd865eedd72527a92dac1a9ca0fcf76bbb5a2b731e368,,2011/2024,derived,derived_from_2018_age_83_Male_and_Female,annual_estimates_sex_sum_v1,2018,83,all,460,reported,
1.0,annual_population_estimates_by_age_sex_csv,1b7b14fa75cab035860dd865eedd72527a92dac1a9ca0fcf76bbb5a2b731e368,,2011/2024,observed,csv_row_2018_age_84_col_Male,annual_estimates_observed_v1,2018,84,male,190,reported,
1.0,annual_population_estimates_by_age_sex_csv,1b7b14fa75cab035860dd865eedd72527a92dac1a9ca0fcf76bbb5a2b731e368,,2011/2024,observed,csv_row_2018_age_84_col_Female,annual_estimates_observed_v1,2018,84,female,260,reported,
1.0,annual_population_estimates_by_age_sex_csv,1b7b14fa75cab035860dd865eedd72527a92dac1a9ca0fcf76bbb5a2b731e368,,2011/2024,derived,derived_from_2018_age_84_Male_and_Female,annual_estimates_sex_sum_v1,2018,84,all,450,reported,
1.0,annual_population_estimates_by_age_sex_csv,1b7b14fa75cab035860dd865eedd72527a92dac1a9ca0fcf76bbb5a2b731e368,,2011/2024,observed,csv_row_2018_age_85_col_Male,annual_estimates_observed_v1,2018,85,male,160,reported,
1.0,annual_population_estimates_by_age_sex_csv,1b7b14fa75cab035860dd865eedd72527a92dac1a9ca0fcf76bbb5a2b731e368,,2011/2024,observed,csv_row_2018_age_85_col_Female,annual_estimates_observed_v1,2018,85,female,240,reported,
1.0,annual_population_estimates_by_age_sex_csv,1b7b14fa75cab035860dd865eedd72527a92dac1a9ca0fcf76bbb5a2b731e368,,2011/2024,derived,derived_from_2018_age_85_Male_and_Female,annual_estimates_sex_sum_v1,2018,85,all,400,reported,
1.0,annual_population_estimates_by_age_sex_csv,1b7b14fa75cab035860dd865eedd72527a92dac1a9ca0fcf76bbb5a2b731e368,,2011/2024,observed,csv_row_2018_age_86_col_Male,annual_estimates_observed_v1,2018,86,male,130,reported,
1.0,annual_population_estimates_by_age_sex_csv,1b7b14fa75cab035860dd865eedd72527a92dac1a9ca0fcf76bbb5a2b731e368,,2011/2024,observed,csv_row_2018_age_86_col_Female,annual_estimates_observed_v1,2018,86,female,210,reported,
1.0,annual_population_estimates_by_age_sex_csv,1b7b14fa75cab035860dd865eedd72527a92dac1a9ca0fcf76bbb5a2b731e368,,2011/2024,derived,derived_from_2018_age_86_Male_and_Female,annual_estimates_sex_sum_v1,2018,86,all,340,reported,
1.0,annual_population_estimates_by_age_sex_csv,1b7b14fa75cab035860dd865eedd72527a92dac1a9ca0fcf76bbb5a2b731e368,,2011/2024,observed,csv_row_2018_age_87_col_Male,annual_estimates_observed_v1,2018,87,male,130,reported,
1.0,annual_population_estimates_by_age_sex_csv,1b7b14fa75cab035860dd865eedd72527a92dac1a9ca0fcf76bbb5a2b731e368,,2011/2024,observed,csv_row_2018_age_87_col_Female,annual_estimates_observed_v1,2018,87,female,190,reported,
1.0,annual_population_estimates_by_age_sex_csv,1b7b14fa75cab035860dd865eedd72527a92dac1a9ca0fcf76bbb5a2b731e368,,2011/2024,derived,derived_from_2018_age_87_Male_and_Female,annual_estimates_sex_sum_v1,2018,87,all,320,reported,
1.0,annual_population_estimates_by_age_sex_csv,1b7b14fa75cab035860dd865eedd72527a92dac1a9ca0fcf76bbb5a2b731e368,,2011/2024,observed,csv_row_2018_age_88_col_Male,annual_estimates_observed_v1,2018,88,male,110,reported,
1.0,annual_population_estimates_by_age_sex_csv,1b7b14fa75cab035860dd865eedd72527a92dac1a9ca0fcf76bbb5a2b731e368,,2011/2024,observed,csv_row_2018_age_88_col_Female,annual_estimates_observed_v1,2018,88,female,160,reported,
1.0,annual_population_estimates_by_age_sex_csv,1b7b14fa75cab035860dd865eedd72527a92dac1a9ca0fcf76bbb5a2b731e368,,2011/2024,derived,derived_from_2018_age_88_Male_and_Female,annual_estimates_sex_sum_v1,2018,88,all,270,reported,
1.0,annual_population_estimates_by_age_sex_csv,1b7b14fa75cab035860dd865eedd72527a92dac1a9ca0fcf76bbb5a2b731e368,,2011/2024,observed,csv_row_2018_age_89_col_Male,annual_estimates_observed_v1,2018,89,male,70,reported,
1.0,annual_population_estimates_by_age_sex_csv,1b7b14fa75cab035860dd865eedd72527a92dac1a9ca0fcf76bbb5a2b731e368,,2011/2024,observed,csv_row_2018_age_89_col_Female,annual_estimates_observed_v1,2018,89,female,140,reported,
1.0,annual_population_estimates_by_age_sex_csv,1b7b14fa75cab035860dd865eedd72527a92dac1a9ca0fcf76bbb5a2b731e368,,2011/2024,derived,derived_from_2018_age_89_Male_and_Female,annual_estimates_sex_sum_v1,2018,89,all,210,reported,
1.0,annual_population_estimates_by_age_sex_csv,1b7b14fa75cab035860dd865eedd72527a92dac1a9ca0fcf76bbb5a2b731e368,,2011/2024,observed,csv_row_2018_age_90_col_Male,annual_estimates_observed_v1,2018,90,male,60,reported,
1.0,annual_population_estimates_by_age_sex_csv,1b7b14fa75cab035860dd865eedd72527a92dac1a9ca0fcf76bbb5a2b731e368,,2011/2024,observed,csv_row_2018_age_90_col_Female,annual_estimates_observed_v1,2018,90,female,140,reported,
1.0,annual_population_estimates_by_age_sex_csv,1b7b14fa75cab035860dd865eedd72527a92dac1a9ca0fcf76bbb5a2b731e368,,2011/2024,derived,derived_from_2018_age_90_Male_and_Female,annual_estimates_sex_sum_v1,2018,90,all,200,reported,
1.0,annual_population_estimates_by_age_sex_csv,1b7b14fa75cab035860dd865eedd72527a92dac1a9ca0fcf76bbb5a2b731e368,,2011/2024,observed,csv_row_2018_age_91_col_Male,annual_estimates_observed_v1,2018,91,male,50,reported,
1.0,annual_population_estimates_by_age_sex_csv,1b7b14fa75cab035860dd865eedd72527a92dac1a9ca0fcf76bbb5a2b731e368,,2011/2024,observed,csv_row_2018_age_91_col_Female,annual_estimates_observed_v1,2018,91,female,80,reported,
1.0,annual_population_estimates_by_age_sex_csv,1b7b14fa75cab035860dd865eedd72527a92dac1a9ca0fcf76bbb5a2b731e368,,2011/2024,derived,derived_from_2018_age_91_Male_and_Female,annual_estimates_sex_sum_v1,2018,91,all,130,reported,
1.0,annual_population_estimates_by_age_sex_csv,1b7b14fa75cab035860dd865eedd72527a92dac1a9ca0fcf76bbb5a2b731e368,,2011/2024,observed,csv_row_2018_age_92_col_Male,annual_estimates_observed_v1,2018,92,male,40,reported,
1.0,annual_population_estimates_by_age_sex_csv,1b7b14fa75cab035860dd865eedd72527a92dac1a9ca0fcf76bbb5a2b731e368,,2011/2024,observed,csv_row_2018_age_92_col_Female,annual_estimates_observed_v1,2018,92,female,100,reported,
1.0,annual_population_estimates_by_age_sex_csv,1b7b14fa75cab035860dd865eedd72527a92dac1a9ca0fcf76bbb5a2b731e368,,2011/2024,derived,derived_from_2018_age_92_Male_and_Female,annual_estimates_sex_sum_v1,2018,92,all,140,reported,
1.0,annual_population_estimates_by_age_sex_csv,1b7b14fa75cab035860dd865eedd72527a92dac1a9ca0fcf76bbb5a2b731e368,,2011/2024,observed,csv_row_2018_age_93_col_Male,annual_estimates_observed_v1,2018,93,male,40,reported,
1.0,annual_population_estimates_by_age_sex_csv,1b7b14fa75cab035860dd865eedd72527a92dac1a9ca0fcf76bbb5a2b731e368,,2011/2024,observed,csv_row_2018_age_93_col_Female,annual_estimates_observed_v1,2018,93,female,70,reported,
1.0,annual_population_estimates_by_age_sex_csv,1b7b14fa75cab035860dd865eedd72527a92dac1a9ca0fcf76bbb5a2b731e368,,2011/2024,derived,derived_from_2018_age_93_Male_and_Female,annual_estimates_sex_sum_v1,2018,93,all,110,reported,
1.0,annual_population_estimates_by_age_sex_csv,1b7b14fa75cab035860dd865eedd72527a92dac1a9ca0fcf76bbb5a2b731e368,,2011/2024,observed,csv_row_2018_age_94_col_Male,annual_estimates_observed_v1,2018,94,male,10,reported,
1.0,annual_population_estimates_by_age_sex_csv,1b7b14fa75cab035860dd865eedd72527a92dac1a9ca0fcf76bbb5a2b731e368,,2011/2024,observed,csv_row_2018_age_94_col_Female,annual_estimates_observed_v1,2018,94,female,60,reported,
1.0,annual_population_estimates_by_age_sex_csv,1b7b14fa75cab035860dd865eedd72527a92dac1a9ca0fcf76bbb5a2b731e368,,2011/2024,derived,derived_from_2018_age_94_Male_and_Female,annual_estimates_sex_sum_v1,2018,94,all,70,reported,
1.0,annual_population_estimates_by_age_sex_csv,1b7b14fa75cab035860dd865eedd72527a92dac1a9ca0fcf76bbb5a2b731e368,,2011/2024,observed,csv_row_2018_age_95_col_Male,annual_estimates_observed_v1,2018,95,male,20,reported,
1.0,annual_population_estimates_by_age_sex_csv,1b7b14fa75cab035860dd865eedd72527a92dac1a9ca0fcf76bbb5a2b731e368,,2011/2024,observed,csv_row_2018_age_95_col_Female,annual_estimates_observed_v1,2018,95,female,50,reported,
1.0,annual_population_estimates_by_age_sex_csv,1b7b14fa75cab035860dd865eedd72527a92dac1a9ca0fcf76bbb5a2b731e368,,2011/2024,derived,derived_from_2018_age_95_Male_and_Female,annual_estimates_sex_sum_v1,2018,95,all,70,reported,
1.0,annual_population_estimates_by_age_sex_csv,1b7b14fa75cab035860dd865eedd72527a92dac1a9ca0fcf76bbb5a2b731e368,,2011/2024,observed,csv_row_2018_age_96_col_Male,annual_estimates_observed_v1,2018,96,male,20,reported,
1.0,annual_population_estimates_by_age_sex_csv,1b7b14fa75cab035860dd865eedd72527a92dac1a9ca0fcf76bbb5a2b731e368,,2011/2024,observed,csv_row_2018_age_96_col_Female,annual_estimates_observed_v1,2018,96,female,30,reported,
1.0,annual_population_estimates_by_age_sex_csv,1b7b14fa75cab035860dd865eedd72527a92dac1a9ca0fcf76bbb5a2b731e368,,2011/2024,derived,derived_from_2018_age_96_Male_and_Female,annual_estimates_sex_sum_v1,2018,96,all,50,reported,
1.0,annual_population_estimates_by_age_sex_csv,1b7b14fa75cab035860dd865eedd72527a92dac1a9ca0fcf76bbb5a2b731e368,,2011/2024,observed,csv_row_2018_age_97_col_Male,annual_estimates_observed_v1,2018,97,male,10,reported,
1.0,annual_population_estimates_by_age_sex_csv,1b7b14fa75cab035860dd865eedd72527a92dac1a9ca0fcf76bbb5a2b731e368,,2011/2024,observed,csv_row_2018_age_97_col_Female,annual_estimates_observed_v1,2018,97,female,20,reported,
1.0,annual_population_estimates_by_age_sex_csv,1b7b14fa75cab035860dd865eedd72527a92dac1a9ca0fcf76bbb5a2b731e368,,2011/2024,derived,derived_from_2018_age_97_Male_and_Female,annual_estimates_sex_sum_v1,2018,97,all,30,reported,
1.0,annual_population_estimates_by_age_sex_csv,1b7b14fa75cab035860dd865eedd72527a92dac1a9ca0fcf76bbb5a2b731e368,,2011/2024,observed,csv_row_2018_age_98_col_Male,annual_estimates_observed_v1,2018,98,male,10,reported,
1.0,annual_population_estimates_by_age_sex_csv,1b7b14fa75cab035860dd865eedd72527a92dac1a9ca0fcf76bbb5a2b731e368,,2011/2024,observed,csv_row_2018_age_98_col_Female,annual_estimates_observed_v1,2018,98,female,10,reported,
1.0,annual_population_estimates_by_age_sex_csv,1b7b14fa75cab035860dd865eedd72527a92dac1a9ca0fcf76bbb5a2b731e368,,2011/2024,derived,derived_from_2018_age_98_Male_and_Female,annual_estimates_sex_sum_v1,2018,98,all,20,reported,
1.0,annual_population_estimates_by_age_sex_csv,1b7b14fa75cab035860dd865eedd72527a92dac1a9ca0fcf76bbb5a2b731e368,,2011/2024,observed,csv_row_2018_age_99_col_Male,annual_estimates_observed_v1,2018,99,male,0,reported,
1.0,annual_population_estimates_by_age_sex_csv,1b7b14fa75cab035860dd865eedd72527a92dac1a9ca0fcf76bbb5a2b731e368,,2011/2024,observed,csv_row_2018_age_99_col_Female,annual_estimates_observed_v1,2018,99,female,10,reported,
1.0,annual_population_estimates_by_age_sex_csv,1b7b14fa75cab035860dd865eedd72527a92dac1a9ca0fcf76bbb5a2b731e368,,2011/2024,derived,derived_from_2018_age_99_Male_and_Female,annual_estimates_sex_sum_v1,2018,99,all,10,reported,
1.0,annual_population_estimates_by_age_sex_csv,1b7b14fa75cab035860dd865eedd72527a92dac1a9ca0fcf76bbb5a2b731e368,,2011/2024,observed,csv_row_2018_age_100_col_Male,annual_estimates_observed_v1,2018,100,male,0,reported,
1.0,annual_population_estimates_by_age_sex_csv,1b7b14fa75cab035860dd865eedd72527a92dac1a9ca0fcf76bbb5a2b731e368,,2011/2024,observed,csv_row_2018_age_100_col_Female,annual_estimates_observed_v1,2018,100,female,10,reported,
1.0,annual_population_estimates_by_age_sex_csv,1b7b14fa75cab035860dd865eedd72527a92dac1a9ca0fcf76bbb5a2b731e368,,2011/2024,derived,derived_from_2018_age_100_Male_and_Female,annual_estimates_sex_sum_v1,2018,100,all,10,reported,
1.0,annual_population_estimates_by_age_sex_csv,1b7b14fa75cab035860dd865eedd72527a92dac1a9ca0fcf76bbb5a2b731e368,,2011/2024,observed,csv_row_2019_age_0_col_Male,annual_estimates_observed_v1,2019,0,male,500,reported,
1.0,annual_population_estimates_by_age_sex_csv,1b7b14fa75cab035860dd865eedd72527a92dac1a9ca0fcf76bbb5a2b731e368,,2011/2024,observed,csv_row_2019_age_0_col_Female,annual_estimates_observed_v1,2019,0,female,400,reported,
1.0,annual_population_estimates_by_age_sex_csv,1b7b14fa75cab035860dd865eedd72527a92dac1a9ca0fcf76bbb5a2b731e368,,2011/2024,derived,derived_from_2019_age_0_Male_and_Female,annual_estimates_sex_sum_v1,2019,0,all,900,reported,
1.0,annual_population_estimates_by_age_sex_csv,1b7b14fa75cab035860dd865eedd72527a92dac1a9ca0fcf76bbb5a2b731e368,,2011/2024,observed,csv_row_2019_age_1_col_Male,annual_estimates_observed_v1,2019,1,male,470,reported,
1.0,annual_population_estimates_by_age_sex_csv,1b7b14fa75cab035860dd865eedd72527a92dac1a9ca0fcf76bbb5a2b731e368,,2011/2024,observed,csv_row_2019_age_1_col_Female,annual_estimates_observed_v1,2019,1,female,480,reported,
1.0,annual_population_estimates_by_age_sex_csv,1b7b14fa75cab035860dd865eedd72527a92dac1a9ca0fcf76bbb5a2b731e368,,2011/2024,derived,derived_from_2019_age_1_Male_and_Female,annual_estimates_sex_sum_v1,2019,1,all,950,reported,
1.0,annual_population_estimates_by_age_sex_csv,1b7b14fa75cab035860dd865eedd72527a92dac1a9ca0fcf76bbb5a2b731e368,,2011/2024,observed,csv_row_2019_age_2_col_Male,annual_estimates_observed_v1,2019,2,male,510,reported,
1.0,annual_population_estimates_by_age_sex_csv,1b7b14fa75cab035860dd865eedd72527a92dac1a9ca0fcf76bbb5a2b731e368,,2011/2024,observed,csv_row_2019_age_2_col_Female,annual_estimates_observed_v1,2019,2,female,460,reported,
1.0,annual_population_estimates_by_age_sex_csv,1b7b14fa75cab035860dd865eedd72527a92dac1a9ca0fcf76bbb5a2b731e368,,2011/2024,derived,derived_from_2019_age_2_Male_and_Female,annual_estimates_sex_sum_v1,2019,2,all,970,reported,
1.0,annual_population_estimates_by_age_sex_csv,1b7b14fa75cab035860dd865eedd72527a92dac1a9ca0fcf76bbb5a2b731e368,,2011/2024,observed,csv_row_2019_age_3_col_Male,annual_estimates_observed_v1,2019,3,male,530,reported,
1.0,annual_population_estimates_by_age_sex_csv,1b7b14fa75cab035860dd865eedd72527a92dac1a9ca0fcf76bbb5a2b731e368,,2011/2024,observed,csv_row_2019_age_3_col_Female,annual_estimates_observed_v1,2019,3,female,510,reported,
1.0,annual_population_estimates_by_age_sex_csv,1b7b14fa75cab035860dd865eedd72527a92dac1a9ca0fcf76bbb5a2b731e368,,2011/2024,derived,derived_from_2019_age_3_Male_and_Female,annual_estimates_sex_sum_v1,2019,3,all,1040,reported,
1.0,annual_population_estimates_by_age_sex_csv,1b7b14fa75cab035860dd865eedd72527a92dac1a9ca0fcf76bbb5a2b731e368,,2011/2024,observed,csv_row_2019_age_4_col_Male,annual_estimates_observed_v1,2019,4,male,550,reported,
1.0,annual_population_estimates_by_age_sex_csv,1b7b14fa75cab035860dd865eedd72527a92dac1a9ca0fcf76bbb5a2b731e368,,2011/2024,observed,csv_row_2019_age_4_col_Female,annual_estimates_observed_v1,2019,4,female,510,reported,
1.0,annual_population_estimates_by_age_sex_csv,1b7b14fa75cab035860dd865eedd72527a92dac1a9ca0fcf76bbb5a2b731e368,,2011/2024,derived,derived_from_2019_age_4_Male_and_Female,annual_estimates_sex_sum_v1,2019,4,all,1060,reported,
1.0,annual_population_estimates_by_age_sex_csv,1b7b14fa75cab035860dd865eedd72527a92dac1a9ca0fcf76bbb5a2b731e368,,2011/2024,observed,csv_row_2019_age_5_col_Male,annual_estimates_observed_v1,2019,5,male,500,reported,
1.0,annual_population_estimates_by_age_sex_csv,1b7b14fa75cab035860dd865eedd72527a92dac1a9ca0fcf76bbb5a2b731e368,,2011/2024,observed,csv_row_2019_age_5_col_Female,annual_estimates_observed_v1,2019,5,female,510,reported,
1.0,annual_population_estimates_by_age_sex_csv,1b7b14fa75cab035860dd865eedd72527a92dac1a9ca0fcf76bbb5a2b731e368,,2011/2024,derived,derived_from_2019_age_5_Male_and_Female,annual_estimates_sex_sum_v1,2019,5,all,1010,reported,
1.0,annual_population_estimates_by_age_sex_csv,1b7b14fa75cab035860dd865eedd72527a92dac1a9ca0fcf76bbb5a2b731e368,,2011/2024,observed,csv_row_2019_age_6_col_Male,annual_estimates_observed_v1,2019,6,male,550,reported,
1.0,annual_population_estimates_by_age_sex_csv,1b7b14fa75cab035860dd865eedd72527a92dac1a9ca0fcf76bbb5a2b731e368,,2011/2024,observed,csv_row_2019_age_6_col_Female,annual_estimates_observed_v1,2019,6,female,520,reported,
1.0,annual_population_estimates_by_age_sex_csv,1b7b14fa75cab035860dd865eedd72527a92dac1a9ca0fcf76bbb5a2b731e368,,2011/2024,derived,derived_from_2019_age_6_Male_and_Female,annual_estimates_sex_sum_v1,2019,6,all,1070,reported,
1.0,annual_population_estimates_by_age_sex_csv,1b7b14fa75cab035860dd865eedd72527a92dac1a9ca0fcf76bbb5a2b731e368,,2011/2024,observed,csv_row_2019_age_7_col_Male,annual_estimates_observed_v1,2019,7,male,570,reported,
1.0,annual_population_estimates_by_age_sex_csv,1b7b14fa75cab035860dd865eedd72527a92dac1a9ca0fcf76bbb5a2b731e368,,2011/2024,observed,csv_row_2019_age_7_col_Female,annual_estimates_observed_v1,2019,7,female,560,reported,
1.0,annual_population_estimates_by_age_sex_csv,1b7b14fa75cab035860dd865eedd72527a92dac1a9ca0fcf76bbb5a2b731e368,,2011/2024,derived,derived_from_2019_age_7_Male_and_Female,annual_estimates_sex_sum_v1,2019,7,all,1130,reported,
1.0,annual_population_estimates_by_age_sex_csv,1b7b14fa75cab035860dd865eedd72527a92dac1a9ca0fcf76bbb5a2b731e368,,2011/2024,observed,csv_row_2019_age_8_col_Male,annual_estimates_observed_v1,2019,8,male,550,reported,
1.0,annual_population_estimates_by_age_sex_csv,1b7b14fa75cab035860dd865eedd72527a92dac1a9ca0fcf76bbb5a2b731e368,,2011/2024,observed,csv_row_2019_age_8_col_Female,annual_estimates_observed_v1,2019,8,female,550,reported,
1.0,annual_population_estimates_by_age_sex_csv,1b7b14fa75cab035860dd865eedd72527a92dac1a9ca0fcf76bbb5a2b731e368,,2011/2024,derived,derived_from_2019_age_8_Male_and_Female,annual_estimates_sex_sum_v1,2019,8,all,1100,reported,
1.0,annual_population_estimates_by_age_sex_csv,1b7b14fa75cab035860dd865eedd72527a92dac1a9ca0fcf76bbb5a2b731e368,,2011/2024,observed,csv_row_2019_age_9_col_Male,annual_estimates_observed_v1,2019,9,male,540,reported,
1.0,annual_population_estimates_by_age_sex_csv,1b7b14fa75cab035860dd865eedd72527a92dac1a9ca0fcf76bbb5a2b731e368,,2011/2024,observed,csv_row_2019_age_9_col_Female,annual_estimates_observed_v1,2019,9,female,550,reported,
1.0,annual_population_estimates_by_age_sex_csv,1b7b14fa75cab035860dd865eedd72527a92dac1a9ca0fcf76bbb5a2b731e368,,2011/2024,derived,derived_from_2019_age_9_Male_and_Female,annual_estimates_sex_sum_v1,2019,9,all,1090,reported,
1.0,annual_population_estimates_by_age_sex_csv,1b7b14fa75cab035860dd865eedd72527a92dac1a9ca0fcf76bbb5a2b731e368,,2011/2024,observed,csv_row_2019_age_10_col_Male,annual_estimates_observed_v1,2019,10,male,530,reported,
1.0,annual_population_estimates_by_age_sex_csv,1b7b14fa75cab035860dd865eedd72527a92dac1a9ca0fcf76bbb5a2b731e368,,2011/2024,observed,csv_row_2019_age_10_col_Female,annual_estimates_observed_v1,2019,10,female,510,reported,
1.0,annual_population_estimates_by_age_sex_csv,1b7b14fa75cab035860dd865eedd72527a92dac1a9ca0fcf76bbb5a2b731e368,,2011/2024,derived,derived_from_2019_age_10_Male_and_Female,annual_estimates_sex_sum_v1,2019,10,all,1040,reported,
1.0,annual_population_estimates_by_age_sex_csv,1b7b14fa75cab035860dd865eedd72527a92dac1a9ca0fcf76bbb5a2b731e368,,2011/2024,observed,csv_row_2019_age_11_col_Male,annual_estimates_observed_v1,2019,11,male,510,reported,
1.0,annual_population_estimates_by_age_sex_csv,1b7b14fa75cab035860dd865eedd72527a92dac1a9ca0fcf76bbb5a2b731e368,,2011/2024,observed,csv_row_2019_age_11_col_Female,annual_estimates_observed_v1,2019,11,female,570,reported,
1.0,annual_population_estimates_by_age_sex_csv,1b7b14fa75cab035860dd865eedd72527a92dac1a9ca0fcf76bbb5a2b731e368,,2011/2024,derived,derived_from_2019_age_11_Male_and_Female,annual_estimates_sex_sum_v1,2019,11,all,1080,reported,
1.0,annual_population_estimates_by_age_sex_csv,1b7b14fa75cab035860dd865eedd72527a92dac1a9ca0fcf76bbb5a2b731e368,,2011/2024,observed,csv_row_2019_age_12_col_Male,annual_estimates_observed_v1,2019,12,male,520,reported,
1.0,annual_population_estimates_by_age_sex_csv,1b7b14fa75cab035860dd865eedd72527a92dac1a9ca0fcf76bbb5a2b731e368,,2011/2024,observed,csv_row_2019_age_12_col_Female,annual_estimates_observed_v1,2019,12,female,540,reported,
1.0,annual_population_estimates_by_age_sex_csv,1b7b14fa75cab035860dd865eedd72527a92dac1a9ca0fcf76bbb5a2b731e368,,2011/2024,derived,derived_from_2019_age_12_Male_and_Female,annual_estimates_sex_sum_v1,2019,12,all,1060,reported,
1.0,annual_population_estimates_by_age_sex_csv,1b7b14fa75cab035860dd865eedd72527a92dac1a9ca0fcf76bbb5a2b731e368,,2011/2024,observed,csv_row_2019_age_13_col_Male,annual_estimates_observed_v1,2019,13,male,500,reported,
1.0,annual_population_estimates_by_age_sex_csv,1b7b14fa75cab035860dd865eedd72527a92dac1a9ca0fcf76bbb5a2b731e368,,2011/2024,observed,csv_row_2019_age_13_col_Female,annual_estimates_observed_v1,2019,13,female,520,reported,
1.0,annual_population_estimates_by_age_sex_csv,1b7b14fa75cab035860dd865eedd72527a92dac1a9ca0fcf76bbb5a2b731e368,,2011/2024,derived,derived_from_2019_age_13_Male_and_Female,annual_estimates_sex_sum_v1,2019,13,all,1020,reported,
1.0,annual_population_estimates_by_age_sex_csv,1b7b14fa75cab035860dd865eedd72527a92dac1a9ca0fcf76bbb5a2b731e368,,2011/2024,observed,csv_row_2019_age_14_col_Male,annual_estimates_observed_v1,2019,14,male,500,reported,
1.0,annual_population_estimates_by_age_sex_csv,1b7b14fa75cab035860dd865eedd72527a92dac1a9ca0fcf76bbb5a2b731e368,,2011/2024,observed,csv_row_2019_age_14_col_Female,annual_estimates_observed_v1,2019,14,female,500,reported,
1.0,annual_population_estimates_by_age_sex_csv,1b7b14fa75cab035860dd865eedd72527a92dac1a9ca0fcf76bbb5a2b731e368,,2011/2024,derived,derived_from_2019_age_14_Male_and_Female,annual_estimates_sex_sum_v1,2019,14,all,1000,reported,
1.0,annual_population_estimates_by_age_sex_csv,1b7b14fa75cab035860dd865eedd72527a92dac1a9ca0fcf76bbb5a2b731e368,,2011/2024,observed,csv_row_2019_age_15_col_Male,annual_estimates_observed_v1,2019,15,male,520,reported,
1.0,annual_population_estimates_by_age_sex_csv,1b7b14fa75cab035860dd865eedd72527a92dac1a9ca0fcf76bbb5a2b731e368,,2011/2024,observed,csv_row_2019_age_15_col_Female,annual_estimates_observed_v1,2019,15,female,510,reported,
1.0,annual_population_estimates_by_age_sex_csv,1b7b14fa75cab035860dd865eedd72527a92dac1a9ca0fcf76bbb5a2b731e368,,2011/2024,derived,derived_from_2019_age_15_Male_and_Female,annual_estimates_sex_sum_v1,2019,15,all,1030,reported,
1.0,annual_population_estimates_by_age_sex_csv,1b7b14fa75cab035860dd865eedd72527a92dac1a9ca0fcf76bbb5a2b731e368,,2011/2024,observed,csv_row_2019_age_16_col_Male,annual_estimates_observed_v1,2019,16,male,540,reported,
1.0,annual_population_estimates_by_age_sex_csv,1b7b14fa75cab035860dd865eedd72527a92dac1a9ca0fcf76bbb5a2b731e368,,2011/2024,observed,csv_row_2019_age_16_col_Female,annual_estimates_observed_v1,2019,16,female,500,reported,
1.0,annual_population_estimates_by_age_sex_csv,1b7b14fa75cab035860dd865eedd72527a92dac1a9ca0fcf76bbb5a2b731e368,,2011/2024,derived,derived_from_2019_age_16_Male_and_Female,annual_estimates_sex_sum_v1,2019,16,all,1040,reported,
1.0,annual_population_estimates_by_age_sex_csv,1b7b14fa75cab035860dd865eedd72527a92dac1a9ca0fcf76bbb5a2b731e368,,2011/2024,observed,csv_row_2019_age_17_col_Male,annual_estimates_observed_v1,2019,17,male,470,reported,
1.0,annual_population_estimates_by_age_sex_csv,1b7b14fa75cab035860dd865eedd72527a92dac1a9ca0fcf76bbb5a2b731e368,,2011/2024,observed,csv_row_2019_age_17_col_Female,annual_estimates_observed_v1,2019,17,female,500,reported,
1.0,annual_population_estimates_by_age_sex_csv,1b7b14fa75cab035860dd865eedd72527a92dac1a9ca0fcf76bbb5a2b731e368,,2011/2024,derived,derived_from_2019_age_17_Male_and_Female,annual_estimates_sex_sum_v1,2019,17,all,970,reported,
1.0,annual_population_estimates_by_age_sex_csv,1b7b14fa75cab035860dd865eedd72527a92dac1a9ca0fcf76bbb5a2b731e368,,2011/2024,observed,csv_row_2019_age_18_col_Male,annual_estimates_observed_v1,2019,18,male,540,reported,
1.0,annual_population_estimates_by_age_sex_csv,1b7b14fa75cab035860dd865eedd72527a92dac1a9ca0fcf76bbb5a2b731e368,,2011/2024,observed,csv_row_2019_age_18_col_Female,annual_estimates_observed_v1,2019,18,female,520,reported,
1.0,annual_population_estimates_by_age_sex_csv,1b7b14fa75cab035860dd865eedd72527a92dac1a9ca0fcf76bbb5a2b731e368,,2011/2024,derived,derived_from_2019_age_18_Male_and_Female,annual_estimates_sex_sum_v1,2019,18,all,1060,reported,
1.0,annual_population_estimates_by_age_sex_csv,1b7b14fa75cab035860dd865eedd72527a92dac1a9ca0fcf76bbb5a2b731e368,,2011/2024,observed,csv_row_2019_age_19_col_Male,annual_estimates_observed_v1,2019,19,male,520,reported,
1.0,annual_population_estimates_by_age_sex_csv,1b7b14fa75cab035860dd865eedd72527a92dac1a9ca0fcf76bbb5a2b731e368,,2011/2024,observed,csv_row_2019_age_19_col_Female,annual_estimates_observed_v1,2019,19,female,500,reported,
1.0,annual_population_estimates_by_age_sex_csv,1b7b14fa75cab035860dd865eedd72527a92dac1a9ca0fcf76bbb5a2b731e368,,2011/2024,derived,derived_from_2019_age_19_Male_and_Female,annual_estimates_sex_sum_v1,2019,19,all,1020,reported,
1.0,annual_population_estimates_by_age_sex_csv,1b7b14fa75cab035860dd865eedd72527a92dac1a9ca0fcf76bbb5a2b731e368,,2011/2024,observed,csv_row_2019_age_20_col_Male,annual_estimates_observed_v1,2019,20,male,600,reported,
1.0,annual_population_estimates_by_age_sex_csv,1b7b14fa75cab035860dd865eedd72527a92dac1a9ca0fcf76bbb5a2b731e368,,2011/2024,observed,csv_row_2019_age_20_col_Female,annual_estimates_observed_v1,2019,20,female,550,reported,
1.0,annual_population_estimates_by_age_sex_csv,1b7b14fa75cab035860dd865eedd72527a92dac1a9ca0fcf76bbb5a2b731e368,,2011/2024,derived,derived_from_2019_age_20_Male_and_Female,annual_estimates_sex_sum_v1,2019,20,all,1150,reported,
1.0,annual_population_estimates_by_age_sex_csv,1b7b14fa75cab035860dd865eedd72527a92dac1a9ca0fcf76bbb5a2b731e368,,2011/2024,observed,csv_row_2019_age_21_col_Male,annual_estimates_observed_v1,2019,21,male,590,reported,
1.0,annual_population_estimates_by_age_sex_csv,1b7b14fa75cab035860dd865eedd72527a92dac1a9ca0fcf76bbb5a2b731e368,,2011/2024,observed,csv_row_2019_age_21_col_Female,annual_estimates_observed_v1,2019,21,female,570,reported,
1.0,annual_population_estimates_by_age_sex_csv,1b7b14fa75cab035860dd865eedd72527a92dac1a9ca0fcf76bbb5a2b731e368,,2011/2024,derived,derived_from_2019_age_21_Male_and_Female,annual_estimates_sex_sum_v1,2019,21,all,1160,reported,
1.0,annual_population_estimates_by_age_sex_csv,1b7b14fa75cab035860dd865eedd72527a92dac1a9ca0fcf76bbb5a2b731e368,,2011/2024,observed,csv_row_2019_age_22_col_Male,annual_estimates_observed_v1,2019,22,male,610,reported,
1.0,annual_population_estimates_by_age_sex_csv,1b7b14fa75cab035860dd865eedd72527a92dac1a9ca0fcf76bbb5a2b731e368,,2011/2024,observed,csv_row_2019_age_22_col_Female,annual_estimates_observed_v1,2019,22,female,560,reported,
1.0,annual_population_estimates_by_age_sex_csv,1b7b14fa75cab035860dd865eedd72527a92dac1a9ca0fcf76bbb5a2b731e368,,2011/2024,derived,derived_from_2019_age_22_Male_and_Female,annual_estimates_sex_sum_v1,2019,22,all,1170,reported,
1.0,annual_population_estimates_by_age_sex_csv,1b7b14fa75cab035860dd865eedd72527a92dac1a9ca0fcf76bbb5a2b731e368,,2011/2024,observed,csv_row_2019_age_23_col_Male,annual_estimates_observed_v1,2019,23,male,610,reported,
1.0,annual_population_estimates_by_age_sex_csv,1b7b14fa75cab035860dd865eedd72527a92dac1a9ca0fcf76bbb5a2b731e368,,2011/2024,observed,csv_row_2019_age_23_col_Female,annual_estimates_observed_v1,2019,23,female,570,reported,
1.0,annual_population_estimates_by_age_sex_csv,1b7b14fa75cab035860dd865eedd72527a92dac1a9ca0fcf76bbb5a2b731e368,,2011/2024,derived,derived_from_2019_age_23_Male_and_Female,annual_estimates_sex_sum_v1,2019,23,all,1180,reported,
1.0,annual_population_estimates_by_age_sex_csv,1b7b14fa75cab035860dd865eedd72527a92dac1a9ca0fcf76bbb5a2b731e368,,2011/2024,observed,csv_row_2019_age_24_col_Male,annual_estimates_observed_v1,2019,24,male,590,reported,
1.0,annual_population_estimates_by_age_sex_csv,1b7b14fa75cab035860dd865eedd72527a92dac1a9ca0fcf76bbb5a2b731e368,,2011/2024,observed,csv_row_2019_age_24_col_Female,annual_estimates_observed_v1,2019,24,female,500,reported,
1.0,annual_population_estimates_by_age_sex_csv,1b7b14fa75cab035860dd865eedd72527a92dac1a9ca0fcf76bbb5a2b731e368,,2011/2024,derived,derived_from_2019_age_24_Male_and_Female,annual_estimates_sex_sum_v1,2019,24,all,1090,reported,
1.0,annual_population_estimates_by_age_sex_csv,1b7b14fa75cab035860dd865eedd72527a92dac1a9ca0fcf76bbb5a2b731e368,,2011/2024,observed,csv_row_2019_age_25_col_Male,annual_estimates_observed_v1,2019,25,male,620,reported,
1.0,annual_population_estimates_by_age_sex_csv,1b7b14fa75cab035860dd865eedd72527a92dac1a9ca0fcf76bbb5a2b731e368,,2011/2024,observed,csv_row_2019_age_25_col_Female,annual_estimates_observed_v1,2019,25,female,600,reported,
1.0,annual_population_estimates_by_age_sex_csv,1b7b14fa75cab035860dd865eedd72527a92dac1a9ca0fcf76bbb5a2b731e368,,2011/2024,derived,derived_from_2019_age_25_Male_and_Female,annual_estimates_sex_sum_v1,2019,25,all,1220,reported,
1.0,annual_population_estimates_by_age_sex_csv,1b7b14fa75cab035860dd865eedd72527a92dac1a9ca0fcf76bbb5a2b731e368,,2011/2024,observed,csv_row_2019_age_26_col_Male,annual_estimates_observed_v1,2019,26,male,590,reported,
1.0,annual_population_estimates_by_age_sex_csv,1b7b14fa75cab035860dd865eedd72527a92dac1a9ca0fcf76bbb5a2b731e368,,2011/2024,observed,csv_row_2019_age_26_col_Female,annual_estimates_observed_v1,2019,26,female,570,reported,
1.0,annual_population_estimates_by_age_sex_csv,1b7b14fa75cab035860dd865eedd72527a92dac1a9ca0fcf76bbb5a2b731e368,,2011/2024,derived,derived_from_2019_age_26_Male_and_Female,annual_estimates_sex_sum_v1,2019,26,all,1160,reported,
1.0,annual_population_estimates_by_age_sex_csv,1b7b14fa75cab035860dd865eedd72527a92dac1a9ca0fcf76bbb5a2b731e368,,2011/2024,observed,csv_row_2019_age_27_col_Male,annual_estimates_observed_v1,2019,27,male,620,reported,
1.0,annual_population_estimates_by_age_sex_csv,1b7b14fa75cab035860dd865eedd72527a92dac1a9ca0fcf76bbb5a2b731e368,,2011/2024,observed,csv_row_2019_age_27_col_Female,annual_estimates_observed_v1,2019,27,female,600,reported,
1.0,annual_population_estimates_by_age_sex_csv,1b7b14fa75cab035860dd865eedd72527a92dac1a9ca0fcf76bbb5a2b731e368,,2011/2024,derived,derived_from_2019_age_27_Male_and_Female,annual_estimates_sex_sum_v1,2019,27,all,1220,reported,
1.0,annual_population_estimates_by_age_sex_csv,1b7b14fa75cab035860dd865eedd72527a92dac1a9ca0fcf76bbb5a2b731e368,,2011/2024,observed,csv_row_2019_age_28_col_Male,annual_estimates_observed_v1,2019,28,male,590,reported,
1.0,annual_population_estimates_by_age_sex_csv,1b7b14fa75cab035860dd865eedd72527a92dac1a9ca0fcf76bbb5a2b731e368,,2011/2024,observed,csv_row_2019_age_28_col_Female,annual_estimates_observed_v1,2019,28,female,620,reported,
1.0,annual_population_estimates_by_age_sex_csv,1b7b14fa75cab035860dd865eedd72527a92dac1a9ca0fcf76bbb5a2b731e368,,2011/2024,derived,derived_from_2019_age_28_Male_and_Female,annual_estimates_sex_sum_v1,2019,28,all,1210,reported,
1.0,annual_population_estimates_by_age_sex_csv,1b7b14fa75cab035860dd865eedd72527a92dac1a9ca0fcf76bbb5a2b731e368,,2011/2024,observed,csv_row_2019_age_29_col_Male,annual_estimates_observed_v1,2019,29,male,680,reported,
1.0,annual_population_estimates_by_age_sex_csv,1b7b14fa75cab035860dd865eedd72527a92dac1a9ca0fcf76bbb5a2b731e368,,2011/2024,observed,csv_row_2019_age_29_col_Female,annual_estimates_observed_v1,2019,29,female,640,reported,
1.0,annual_population_estimates_by_age_sex_csv,1b7b14fa75cab035860dd865eedd72527a92dac1a9ca0fcf76bbb5a2b731e368,,2011/2024,derived,derived_from_2019_age_29_Male_and_Female,annual_estimates_sex_sum_v1,2019,29,all,1320,reported,
1.0,annual_population_estimates_by_age_sex_csv,1b7b14fa75cab035860dd865eedd72527a92dac1a9ca0fcf76bbb5a2b731e368,,2011/2024,observed,csv_row_2019_age_30_col_Male,annual_estimates_observed_v1,2019,30,male,630,reported,
1.0,annual_population_estimates_by_age_sex_csv,1b7b14fa75cab035860dd865eedd72527a92dac1a9ca0fcf76bbb5a2b731e368,,2011/2024,observed,csv_row_2019_age_30_col_Female,annual_estimates_observed_v1,2019,30,female,650,reported,
1.0,annual_population_estimates_by_age_sex_csv,1b7b14fa75cab035860dd865eedd72527a92dac1a9ca0fcf76bbb5a2b731e368,,2011/2024,derived,derived_from_2019_age_30_Male_and_Female,annual_estimates_sex_sum_v1,2019,30,all,1280,reported,
1.0,annual_population_estimates_by_age_sex_csv,1b7b14fa75cab035860dd865eedd72527a92dac1a9ca0fcf76bbb5a2b731e368,,2011/2024,observed,csv_row_2019_age_31_col_Male,annual_estimates_observed_v1,2019,31,male,670,reported,
1.0,annual_population_estimates_by_age_sex_csv,1b7b14fa75cab035860dd865eedd72527a92dac1a9ca0fcf76bbb5a2b731e368,,2011/2024,observed,csv_row_2019_age_31_col_Female,annual_estimates_observed_v1,2019,31,female,700,reported,
1.0,annual_population_estimates_by_age_sex_csv,1b7b14fa75cab035860dd865eedd72527a92dac1a9ca0fcf76bbb5a2b731e368,,2011/2024,derived,derived_from_2019_age_31_Male_and_Female,annual_estimates_sex_sum_v1,2019,31,all,1370,reported,
1.0,annual_population_estimates_by_age_sex_csv,1b7b14fa75cab035860dd865eedd72527a92dac1a9ca0fcf76bbb5a2b731e368,,2011/2024,observed,csv_row_2019_age_32_col_Male,annual_estimates_observed_v1,2019,32,male,740,reported,
1.0,annual_population_estimates_by_age_sex_csv,1b7b14fa75cab035860dd865eedd72527a92dac1a9ca0fcf76bbb5a2b731e368,,2011/2024,observed,csv_row_2019_age_32_col_Female,annual_estimates_observed_v1,2019,32,female,650,reported,
1.0,annual_population_estimates_by_age_sex_csv,1b7b14fa75cab035860dd865eedd72527a92dac1a9ca0fcf76bbb5a2b731e368,,2011/2024,derived,derived_from_2019_age_32_Male_and_Female,annual_estimates_sex_sum_v1,2019,32,all,1390,reported,
1.0,annual_population_estimates_by_age_sex_csv,1b7b14fa75cab035860dd865eedd72527a92dac1a9ca0fcf76bbb5a2b731e368,,2011/2024,observed,csv_row_2019_age_33_col_Male,annual_estimates_observed_v1,2019,33,male,660,reported,
1.0,annual_population_estimates_by_age_sex_csv,1b7b14fa75cab035860dd865eedd72527a92dac1a9ca0fcf76bbb5a2b731e368,,2011/2024,observed,csv_row_2019_age_33_col_Female,annual_estimates_observed_v1,2019,33,female,680,reported,
1.0,annual_population_estimates_by_age_sex_csv,1b7b14fa75cab035860dd865eedd72527a92dac1a9ca0fcf76bbb5a2b731e368,,2011/2024,derived,derived_from_2019_age_33_Male_and_Female,annual_estimates_sex_sum_v1,2019,33,all,1340,reported,
1.0,annual_population_estimates_by_age_sex_csv,1b7b14fa75cab035860dd865eedd72527a92dac1a9ca0fcf76bbb5a2b731e368,,2011/2024,observed,csv_row_2019_age_34_col_Male,annual_estimates_observed_v1,2019,34,male,720,reported,
1.0,annual_population_estimates_by_age_sex_csv,1b7b14fa75cab035860dd865eedd72527a92dac1a9ca0fcf76bbb5a2b731e368,,2011/2024,observed,csv_row_2019_age_34_col_Female,annual_estimates_observed_v1,2019,34,female,670,reported,
1.0,annual_population_estimates_by_age_sex_csv,1b7b14fa75cab035860dd865eedd72527a92dac1a9ca0fcf76bbb5a2b731e368,,2011/2024,derived,derived_from_2019_age_34_Male_and_Female,annual_estimates_sex_sum_v1,2019,34,all,1390,reported,
1.0,annual_population_estimates_by_age_sex_csv,1b7b14fa75cab035860dd865eedd72527a92dac1a9ca0fcf76bbb5a2b731e368,,2011/2024,observed,csv_row_2019_age_35_col_Male,annual_estimates_observed_v1,2019,35,male,760,reported,
1.0,annual_population_estimates_by_age_sex_csv,1b7b14fa75cab035860dd865eedd72527a92dac1a9ca0fcf76bbb5a2b731e368,,2011/2024,observed,csv_row_2019_age_35_col_Female,annual_estimates_observed_v1,2019,35,female,770,reported,
1.0,annual_population_estimates_by_age_sex_csv,1b7b14fa75cab035860dd865eedd72527a92dac1a9ca0fcf76bbb5a2b731e368,,2011/2024,derived,derived_from_2019_age_35_Male_and_Female,annual_estimates_sex_sum_v1,2019,35,all,1530,reported,
1.0,annual_population_estimates_by_age_sex_csv,1b7b14fa75cab035860dd865eedd72527a92dac1a9ca0fcf76bbb5a2b731e368,,2011/2024,observed,csv_row_2019_age_36_col_Male,annual_estimates_observed_v1,2019,36,male,760,reported,
1.0,annual_population_estimates_by_age_sex_csv,1b7b14fa75cab035860dd865eedd72527a92dac1a9ca0fcf76bbb5a2b731e368,,2011/2024,observed,csv_row_2019_age_36_col_Female,annual_estimates_observed_v1,2019,36,female,760,reported,
1.0,annual_population_estimates_by_age_sex_csv,1b7b14fa75cab035860dd865eedd72527a92dac1a9ca0fcf76bbb5a2b731e368,,2011/2024,derived,derived_from_2019_age_36_Male_and_Female,annual_estimates_sex_sum_v1,2019,36,all,1520,reported,
1.0,annual_population_estimates_by_age_sex_csv,1b7b14fa75cab035860dd865eedd72527a92dac1a9ca0fcf76bbb5a2b731e368,,2011/2024,observed,csv_row_2019_age_37_col_Male,annual_estimates_observed_v1,2019,37,male,800,reported,
1.0,annual_population_estimates_by_age_sex_csv,1b7b14fa75cab035860dd865eedd72527a92dac1a9ca0fcf76bbb5a2b731e368,,2011/2024,observed,csv_row_2019_age_37_col_Female,annual_estimates_observed_v1,2019,37,female,730,reported,
1.0,annual_population_estimates_by_age_sex_csv,1b7b14fa75cab035860dd865eedd72527a92dac1a9ca0fcf76bbb5a2b731e368,,2011/2024,derived,derived_from_2019_age_37_Male_and_Female,annual_estimates_sex_sum_v1,2019,37,all,1530,reported,
1.0,annual_population_estimates_by_age_sex_csv,1b7b14fa75cab035860dd865eedd72527a92dac1a9ca0fcf76bbb5a2b731e368,,2011/2024,observed,csv_row_2019_age_38_col_Male,annual_estimates_observed_v1,2019,38,male,770,reported,
1.0,annual_population_estimates_by_age_sex_csv,1b7b14fa75cab035860dd865eedd72527a92dac1a9ca0fcf76bbb5a2b731e368,,2011/2024,observed,csv_row_2019_age_38_col_Female,annual_estimates_observed_v1,2019,38,female,810,reported,
1.0,annual_population_estimates_by_age_sex_csv,1b7b14fa75cab035860dd865eedd72527a92dac1a9ca0fcf76bbb5a2b731e368,,2011/2024,derived,derived_from_2019_age_38_Male_and_Female,annual_estimates_sex_sum_v1,2019,38,all,1580,reported,
1.0,annual_population_estimates_by_age_sex_csv,1b7b14fa75cab035860dd865eedd72527a92dac1a9ca0fcf76bbb5a2b731e368,,2011/2024,observed,csv_row_2019_age_39_col_Male,annual_estimates_observed_v1,2019,39,male,790,reported,
1.0,annual_population_estimates_by_age_sex_csv,1b7b14fa75cab035860dd865eedd72527a92dac1a9ca0fcf76bbb5a2b731e368,,2011/2024,observed,csv_row_2019_age_39_col_Female,annual_estimates_observed_v1,2019,39,female,790,reported,
1.0,annual_population_estimates_by_age_sex_csv,1b7b14fa75cab035860dd865eedd72527a92dac1a9ca0fcf76bbb5a2b731e368,,2011/2024,derived,derived_from_2019_age_39_Male_and_Female,annual_estimates_sex_sum_v1,2019,39,all,1580,reported,
1.0,annual_population_estimates_by_age_sex_csv,1b7b14fa75cab035860dd865eedd72527a92dac1a9ca0fcf76bbb5a2b731e368,,2011/2024,observed,csv_row_2019_age_40_col_Male,annual_estimates_observed_v1,2019,40,male,780,reported,
1.0,annual_population_estimates_by_age_sex_csv,1b7b14fa75cab035860dd865eedd72527a92dac1a9ca0fcf76bbb5a2b731e368,,2011/2024,observed,csv_row_2019_age_40_col_Female,annual_estimates_observed_v1,2019,40,female,800,reported,
1.0,annual_population_estimates_by_age_sex_csv,1b7b14fa75cab035860dd865eedd72527a92dac1a9ca0fcf76bbb5a2b731e368,,2011/2024,derived,derived_from_2019_age_40_Male_and_Female,annual_estimates_sex_sum_v1,2019,40,all,1580,reported,
1.0,annual_population_estimates_by_age_sex_csv,1b7b14fa75cab035860dd865eedd72527a92dac1a9ca0fcf76bbb5a2b731e368,,2011/2024,observed,csv_row_2019_age_41_col_Male,annual_estimates_observed_v1,2019,41,male,730,reported,
1.0,annual_population_estimates_by_age_sex_csv,1b7b14fa75cab035860dd865eedd72527a92dac1a9ca0fcf76bbb5a2b731e368,,2011/2024,observed,csv_row_2019_age_41_col_Female,annual_estimates_observed_v1,2019,41,female,690,reported,
1.0,annual_population_estimates_by_age_sex_csv,1b7b14fa75cab035860dd865eedd72527a92dac1a9ca0fcf76bbb5a2b731e368,,2011/2024,derived,derived_from_2019_age_41_Male_and_Female,annual_estimates_sex_sum_v1,2019,41,all,1420,reported,
1.0,annual_population_estimates_by_age_sex_csv,1b7b14fa75cab035860dd865eedd72527a92dac1a9ca0fcf76bbb5a2b731e368,,2011/2024,observed,csv_row_2019_age_42_col_Male,annual_estimates_observed_v1,2019,42,male,770,reported,
1.0,annual_population_estimates_by_age_sex_csv,1b7b14fa75cab035860dd865eedd72527a92dac1a9ca0fcf76bbb5a2b731e368,,2011/2024,observed,csv_row_2019_age_42_col_Female,annual_estimates_observed_v1,2019,42,female,760,reported,
1.0,annual_population_estimates_by_age_sex_csv,1b7b14fa75cab035860dd865eedd72527a92dac1a9ca0fcf76bbb5a2b731e368,,2011/2024,derived,derived_from_2019_age_42_Male_and_Female,annual_estimates_sex_sum_v1,2019,42,all,1530,reported,
1.0,annual_population_estimates_by_age_sex_csv,1b7b14fa75cab035860dd865eedd72527a92dac1a9ca0fcf76bbb5a2b731e368,,2011/2024,observed,csv_row_2019_age_43_col_Male,annual_estimates_observed_v1,2019,43,male,730,reported,
1.0,annual_population_estimates_by_age_sex_csv,1b7b14fa75cab035860dd865eedd72527a92dac1a9ca0fcf76bbb5a2b731e368,,2011/2024,observed,csv_row_2019_age_43_col_Female,annual_estimates_observed_v1,2019,43,female,710,reported,
1.0,annual_population_estimates_by_age_sex_csv,1b7b14fa75cab035860dd865eedd72527a92dac1a9ca0fcf76bbb5a2b731e368,,2011/2024,derived,derived_from_2019_age_43_Male_and_Female,annual_estimates_sex_sum_v1,2019,43,all,1440,reported,
1.0,annual_population_estimates_by_age_sex_csv,1b7b14fa75cab035860dd865eedd72527a92dac1a9ca0fcf76bbb5a2b731e368,,2011/2024,observed,csv_row_2019_age_44_col_Male,annual_estimates_observed_v1,2019,44,male,760,reported,
1.0,annual_population_estimates_by_age_sex_csv,1b7b14fa75cab035860dd865eedd72527a92dac1a9ca0fcf76bbb5a2b731e368,,2011/2024,observed,csv_row_2019_age_44_col_Female,annual_estimates_observed_v1,2019,44,female,750,reported,
1.0,annual_population_estimates_by_age_sex_csv,1b7b14fa75cab035860dd865eedd72527a92dac1a9ca0fcf76bbb5a2b731e368,,2011/2024,derived,derived_from_2019_age_44_Male_and_Female,annual_estimates_sex_sum_v1,2019,44,all,1510,reported,
1.0,annual_population_estimates_by_age_sex_csv,1b7b14fa75cab035860dd865eedd72527a92dac1a9ca0fcf76bbb5a2b731e368,,2011/2024,observed,csv_row_2019_age_45_col_Male,annual_estimates_observed_v1,2019,45,male,760,reported,
1.0,annual_population_estimates_by_age_sex_csv,1b7b14fa75cab035860dd865eedd72527a92dac1a9ca0fcf76bbb5a2b731e368,,2011/2024,observed,csv_row_2019_age_45_col_Female,annual_estimates_observed_v1,2019,45,female,740,reported,
1.0,annual_population_estimates_by_age_sex_csv,1b7b14fa75cab035860dd865eedd72527a92dac1a9ca0fcf76bbb5a2b731e368,,2011/2024,derived,derived_from_2019_age_45_Male_and_Female,annual_estimates_sex_sum_v1,2019,45,all,1500,reported,
1.0,annual_population_estimates_by_age_sex_csv,1b7b14fa75cab035860dd865eedd72527a92dac1a9ca0fcf76bbb5a2b731e368,,2011/2024,observed,csv_row_2019_age_46_col_Male,annual_estimates_observed_v1,2019,46,male,770,reported,
1.0,annual_population_estimates_by_age_sex_csv,1b7b14fa75cab035860dd865eedd72527a92dac1a9ca0fcf76bbb5a2b731e368,,2011/2024,observed,csv_row_2019_age_46_col_Female,annual_estimates_observed_v1,2019,46,female,720,reported,
1.0,annual_population_estimates_by_age_sex_csv,1b7b14fa75cab035860dd865eedd72527a92dac1a9ca0fcf76bbb5a2b731e368,,2011/2024,derived,derived_from_2019_age_46_Male_and_Female,annual_estimates_sex_sum_v1,2019,46,all,1490,reported,
1.0,annual_population_estimates_by_age_sex_csv,1b7b14fa75cab035860dd865eedd72527a92dac1a9ca0fcf76bbb5a2b731e368,,2011/2024,observed,csv_row_2019_age_47_col_Male,annual_estimates_observed_v1,2019,47,male,740,reported,
1.0,annual_population_estimates_by_age_sex_csv,1b7b14fa75cab035860dd865eedd72527a92dac1a9ca0fcf76bbb5a2b731e368,,2011/2024,observed,csv_row_2019_age_47_col_Female,annual_estimates_observed_v1,2019,47,female,750,reported,
1.0,annual_population_estimates_by_age_sex_csv,1b7b14fa75cab035860dd865eedd72527a92dac1a9ca0fcf76bbb5a2b731e368,,2011/2024,derived,derived_from_2019_age_47_Male_and_Female,annual_estimates_sex_sum_v1,2019,47,all,1490,reported,
1.0,annual_population_estimates_by_age_sex_csv,1b7b14fa75cab035860dd865eedd72527a92dac1a9ca0fcf76bbb5a2b731e368,,2011/2024,observed,csv_row_2019_age_48_col_Male,annual_estimates_observed_v1,2019,48,male,830,reported,
1.0,annual_population_estimates_by_age_sex_csv,1b7b14fa75cab035860dd865eedd72527a92dac1a9ca0fcf76bbb5a2b731e368,,2011/2024,observed,csv_row_2019_age_48_col_Female,annual_estimates_observed_v1,2019,48,female,820,reported,
1.0,annual_population_estimates_by_age_sex_csv,1b7b14fa75cab035860dd865eedd72527a92dac1a9ca0fcf76bbb5a2b731e368,,2011/2024,derived,derived_from_2019_age_48_Male_and_Female,annual_estimates_sex_sum_v1,2019,48,all,1650,reported,
1.0,annual_population_estimates_by_age_sex_csv,1b7b14fa75cab035860dd865eedd72527a92dac1a9ca0fcf76bbb5a2b731e368,,2011/2024,observed,csv_row_2019_age_49_col_Male,annual_estimates_observed_v1,2019,49,male,820,reported,
1.0,annual_population_estimates_by_age_sex_csv,1b7b14fa75cab035860dd865eedd72527a92dac1a9ca0fcf76bbb5a2b731e368,,2011/2024,observed,csv_row_2019_age_49_col_Female,annual_estimates_observed_v1,2019,49,female,820,reported,
1.0,annual_population_estimates_by_age_sex_csv,1b7b14fa75cab035860dd865eedd72527a92dac1a9ca0fcf76bbb5a2b731e368,,2011/2024,derived,derived_from_2019_age_49_Male_and_Female,annual_estimates_sex_sum_v1,2019,49,all,1640,reported,
1.0,annual_population_estimates_by_age_sex_csv,1b7b14fa75cab035860dd865eedd72527a92dac1a9ca0fcf76bbb5a2b731e368,,2011/2024,observed,csv_row_2019_age_50_col_Male,annual_estimates_observed_v1,2019,50,male,820,reported,
1.0,annual_population_estimates_by_age_sex_csv,1b7b14fa75cab035860dd865eedd72527a92dac1a9ca0fcf76bbb5a2b731e368,,2011/2024,observed,csv_row_2019_age_50_col_Female,annual_estimates_observed_v1,2019,50,female,840,reported,
1.0,annual_population_estimates_by_age_sex_csv,1b7b14fa75cab035860dd865eedd72527a92dac1a9ca0fcf76bbb5a2b731e368,,2011/2024,derived,derived_from_2019_age_50_Male_and_Female,annual_estimates_sex_sum_v1,2019,50,all,1660,reported,
1.0,annual_population_estimates_by_age_sex_csv,1b7b14fa75cab035860dd865eedd72527a92dac1a9ca0fcf76bbb5a2b731e368,,2011/2024,observed,csv_row_2019_age_51_col_Male,annual_estimates_observed_v1,2019,51,male,920,reported,
1.0,annual_population_estimates_by_age_sex_csv,1b7b14fa75cab035860dd865eedd72527a92dac1a9ca0fcf76bbb5a2b731e368,,2011/2024,observed,csv_row_2019_age_51_col_Female,annual_estimates_observed_v1,2019,51,female,810,reported,
1.0,annual_population_estimates_by_age_sex_csv,1b7b14fa75cab035860dd865eedd72527a92dac1a9ca0fcf76bbb5a2b731e368,,2011/2024,derived,derived_from_2019_age_51_Male_and_Female,annual_estimates_sex_sum_v1,2019,51,all,1730,reported,
1.0,annual_population_estimates_by_age_sex_csv,1b7b14fa75cab035860dd865eedd72527a92dac1a9ca0fcf76bbb5a2b731e368,,2011/2024,observed,csv_row_2019_age_52_col_Male,annual_estimates_observed_v1,2019,52,male,850,reported,
1.0,annual_population_estimates_by_age_sex_csv,1b7b14fa75cab035860dd865eedd72527a92dac1a9ca0fcf76bbb5a2b731e368,,2011/2024,observed,csv_row_2019_age_52_col_Female,annual_estimates_observed_v1,2019,52,female,840,reported,
1.0,annual_population_estimates_by_age_sex_csv,1b7b14fa75cab035860dd865eedd72527a92dac1a9ca0fcf76bbb5a2b731e368,,2011/2024,derived,derived_from_2019_age_52_Male_and_Female,annual_estimates_sex_sum_v1,2019,52,all,1690,reported,
1.0,annual_population_estimates_by_age_sex_csv,1b7b14fa75cab035860dd865eedd72527a92dac1a9ca0fcf76bbb5a2b731e368,,2011/2024,observed,csv_row_2019_age_53_col_Male,annual_estimates_observed_v1,2019,53,male,850,reported,
1.0,annual_population_estimates_by_age_sex_csv,1b7b14fa75cab035860dd865eedd72527a92dac1a9ca0fcf76bbb5a2b731e368,,2011/2024,observed,csv_row_2019_age_53_col_Female,annual_estimates_observed_v1,2019,53,female,870,reported,
1.0,annual_population_estimates_by_age_sex_csv,1b7b14fa75cab035860dd865eedd72527a92dac1a9ca0fcf76bbb5a2b731e368,,2011/2024,derived,derived_from_2019_age_53_Male_and_Female,annual_estimates_sex_sum_v1,2019,53,all,1720,reported,
1.0,annual_population_estimates_by_age_sex_csv,1b7b14fa75cab035860dd865eedd72527a92dac1a9ca0fcf76bbb5a2b731e368,,2011/2024,observed,csv_row_2019_age_54_col_Male,annual_estimates_observed_v1,2019,54,male,880,reported,
1.0,annual_population_estimates_by_age_sex_csv,1b7b14fa75cab035860dd865eedd72527a92dac1a9ca0fcf76bbb5a2b731e368,,2011/2024,observed,csv_row_2019_age_54_col_Female,annual_estimates_observed_v1,2019,54,female,850,reported,
1.0,annual_population_estimates_by_age_sex_csv,1b7b14fa75cab035860dd865eedd72527a92dac1a9ca0fcf76bbb5a2b731e368,,2011/2024,derived,derived_from_2019_age_54_Male_and_Female,annual_estimates_sex_sum_v1,2019,54,all,1730,reported,
1.0,annual_population_estimates_by_age_sex_csv,1b7b14fa75cab035860dd865eedd72527a92dac1a9ca0fcf76bbb5a2b731e368,,2011/2024,observed,csv_row_2019_age_55_col_Male,annual_estimates_observed_v1,2019,55,male,860,reported,
1.0,annual_population_estimates_by_age_sex_csv,1b7b14fa75cab035860dd865eedd72527a92dac1a9ca0fcf76bbb5a2b731e368,,2011/2024,observed,csv_row_2019_age_55_col_Female,annual_estimates_observed_v1,2019,55,female,860,reported,
1.0,annual_population_estimates_by_age_sex_csv,1b7b14fa75cab035860dd865eedd72527a92dac1a9ca0fcf76bbb5a2b731e368,,2011/2024,derived,derived_from_2019_age_55_Male_and_Female,annual_estimates_sex_sum_v1,2019,55,all,1720,reported,
1.0,annual_population_estimates_by_age_sex_csv,1b7b14fa75cab035860dd865eedd72527a92dac1a9ca0fcf76bbb5a2b731e368,,2011/2024,observed,csv_row_2019_age_56_col_Male,annual_estimates_observed_v1,2019,56,male,830,reported,
1.0,annual_population_estimates_by_age_sex_csv,1b7b14fa75cab035860dd865eedd72527a92dac1a9ca0fcf76bbb5a2b731e368,,2011/2024,observed,csv_row_2019_age_56_col_Female,annual_estimates_observed_v1,2019,56,female,790,reported,
1.0,annual_population_estimates_by_age_sex_csv,1b7b14fa75cab035860dd865eedd72527a92dac1a9ca0fcf76bbb5a2b731e368,,2011/2024,derived,derived_from_2019_age_56_Male_and_Female,annual_estimates_sex_sum_v1,2019,56,all,1620,reported,
1.0,annual_population_estimates_by_age_sex_csv,1b7b14fa75cab035860dd865eedd72527a92dac1a9ca0fcf76bbb5a2b731e368,,2011/2024,observed,csv_row_2019_age_57_col_Male,annual_estimates_observed_v1,2019,57,male,790,reported,
1.0,annual_population_estimates_by_age_sex_csv,1b7b14fa75cab035860dd865eedd72527a92dac1a9ca0fcf76bbb5a2b731e368,,2011/2024,observed,csv_row_2019_age_57_col_Female,annual_estimates_observed_v1,2019,57,female,770,reported,
1.0,annual_population_estimates_by_age_sex_csv,1b7b14fa75cab035860dd865eedd72527a92dac1a9ca0fcf76bbb5a2b731e368,,2011/2024,derived,derived_from_2019_age_57_Male_and_Female,annual_estimates_sex_sum_v1,2019,57,all,1560,reported,
1.0,annual_population_estimates_by_age_sex_csv,1b7b14fa75cab035860dd865eedd72527a92dac1a9ca0fcf76bbb5a2b731e368,,2011/2024,observed,csv_row_2019_age_58_col_Male,annual_estimates_observed_v1,2019,58,male,740,reported,
1.0,annual_population_estimates_by_age_sex_csv,1b7b14fa75cab035860dd865eedd72527a92dac1a9ca0fcf76bbb5a2b731e368,,2011/2024,observed,csv_row_2019_age_58_col_Female,annual_estimates_observed_v1,2019,58,female,720,reported,
1.0,annual_population_estimates_by_age_sex_csv,1b7b14fa75cab035860dd865eedd72527a92dac1a9ca0fcf76bbb5a2b731e368,,2011/2024,derived,derived_from_2019_age_58_Male_and_Female,annual_estimates_sex_sum_v1,2019,58,all,1460,reported,
1.0,annual_population_estimates_by_age_sex_csv,1b7b14fa75cab035860dd865eedd72527a92dac1a9ca0fcf76bbb5a2b731e368,,2011/2024,observed,csv_row_2019_age_59_col_Male,annual_estimates_observed_v1,2019,59,male,730,reported,
1.0,annual_population_estimates_by_age_sex_csv,1b7b14fa75cab035860dd865eedd72527a92dac1a9ca0fcf76bbb5a2b731e368,,2011/2024,observed,csv_row_2019_age_59_col_Female,annual_estimates_observed_v1,2019,59,female,690,reported,
1.0,annual_population_estimates_by_age_sex_csv,1b7b14fa75cab035860dd865eedd72527a92dac1a9ca0fcf76bbb5a2b731e368,,2011/2024,derived,derived_from_2019_age_59_Male_and_Female,annual_estimates_sex_sum_v1,2019,59,all,1420,reported,
1.0,annual_population_estimates_by_age_sex_csv,1b7b14fa75cab035860dd865eedd72527a92dac1a9ca0fcf76bbb5a2b731e368,,2011/2024,observed,csv_row_2019_age_60_col_Male,annual_estimates_observed_v1,2019,60,male,650,reported,
1.0,annual_population_estimates_by_age_sex_csv,1b7b14fa75cab035860dd865eedd72527a92dac1a9ca0fcf76bbb5a2b731e368,,2011/2024,observed,csv_row_2019_age_60_col_Female,annual_estimates_observed_v1,2019,60,female,700,reported,
1.0,annual_population_estimates_by_age_sex_csv,1b7b14fa75cab035860dd865eedd72527a92dac1a9ca0fcf76bbb5a2b731e368,,2011/2024,derived,derived_from_2019_age_60_Male_and_Female,annual_estimates_sex_sum_v1,2019,60,all,1350,reported,
1.0,annual_population_estimates_by_age_sex_csv,1b7b14fa75cab035860dd865eedd72527a92dac1a9ca0fcf76bbb5a2b731e368,,2011/2024,observed,csv_row_2019_age_61_col_Male,annual_estimates_observed_v1,2019,61,male,680,reported,
1.0,annual_population_estimates_by_age_sex_csv,1b7b14fa75cab035860dd865eedd72527a92dac1a9ca0fcf76bbb5a2b731e368,,2011/2024,observed,csv_row_2019_age_61_col_Female,annual_estimates_observed_v1,2019,61,female,700,reported,
1.0,annual_population_estimates_by_age_sex_csv,1b7b14fa75cab035860dd865eedd72527a92dac1a9ca0fcf76bbb5a2b731e368,,2011/2024,derived,derived_from_2019_age_61_Male_and_Female,annual_estimates_sex_sum_v1,2019,61,all,1380,reported,
1.0,annual_population_estimates_by_age_sex_csv,1b7b14fa75cab035860dd865eedd72527a92dac1a9ca0fcf76bbb5a2b731e368,,2011/2024,observed,csv_row_2019_age_62_col_Male,annual_estimates_observed_v1,2019,62,male,620,reported,
1.0,annual_population_estimates_by_age_sex_csv,1b7b14fa75cab035860dd865eedd72527a92dac1a9ca0fcf76bbb5a2b731e368,,2011/2024,observed,csv_row_2019_age_62_col_Female,annual_estimates_observed_v1,2019,62,female,650,reported,
1.0,annual_population_estimates_by_age_sex_csv,1b7b14fa75cab035860dd865eedd72527a92dac1a9ca0fcf76bbb5a2b731e368,,2011/2024,derived,derived_from_2019_age_62_Male_and_Female,annual_estimates_sex_sum_v1,2019,62,all,1270,reported,
1.0,annual_population_estimates_by_age_sex_csv,1b7b14fa75cab035860dd865eedd72527a92dac1a9ca0fcf76bbb5a2b731e368,,2011/2024,observed,csv_row_2019_age_63_col_Male,annual_estimates_observed_v1,2019,63,male,610,reported,
1.0,annual_population_estimates_by_age_sex_csv,1b7b14fa75cab035860dd865eedd72527a92dac1a9ca0fcf76bbb5a2b731e368,,2011/2024,observed,csv_row_2019_age_63_col_Female,annual_estimates_observed_v1,2019,63,female,600,reported,
1.0,annual_population_estimates_by_age_sex_csv,1b7b14fa75cab035860dd865eedd72527a92dac1a9ca0fcf76bbb5a2b731e368,,2011/2024,derived,derived_from_2019_age_63_Male_and_Female,annual_estimates_sex_sum_v1,2019,63,all,1210,reported,
1.0,annual_population_estimates_by_age_sex_csv,1b7b14fa75cab035860dd865eedd72527a92dac1a9ca0fcf76bbb5a2b731e368,,2011/2024,observed,csv_row_2019_age_64_col_Male,annual_estimates_observed_v1,2019,64,male,540,reported,
1.0,annual_population_estimates_by_age_sex_csv,1b7b14fa75cab035860dd865eedd72527a92dac1a9ca0fcf76bbb5a2b731e368,,2011/2024,observed,csv_row_2019_age_64_col_Female,annual_estimates_observed_v1,2019,64,female,580,reported,
1.0,annual_population_estimates_by_age_sex_csv,1b7b14fa75cab035860dd865eedd72527a92dac1a9ca0fcf76bbb5a2b731e368,,2011/2024,derived,derived_from_2019_age_64_Male_and_Female,annual_estimates_sex_sum_v1,2019,64,all,1120,reported,
1.0,annual_population_estimates_by_age_sex_csv,1b7b14fa75cab035860dd865eedd72527a92dac1a9ca0fcf76bbb5a2b731e368,,2011/2024,observed,csv_row_2019_age_65_col_Male,annual_estimates_observed_v1,2019,65,male,560,reported,
1.0,annual_population_estimates_by_age_sex_csv,1b7b14fa75cab035860dd865eedd72527a92dac1a9ca0fcf76bbb5a2b731e368,,2011/2024,observed,csv_row_2019_age_65_col_Female,annual_estimates_observed_v1,2019,65,female,560,reported,
1.0,annual_population_estimates_by_age_sex_csv,1b7b14fa75cab035860dd865eedd72527a92dac1a9ca0fcf76bbb5a2b731e368,,2011/2024,derived,derived_from_2019_age_65_Male_and_Female,annual_estimates_sex_sum_v1,2019,65,all,1120,reported,
1.0,annual_population_estimates_by_age_sex_csv,1b7b14fa75cab035860dd865eedd72527a92dac1a9ca0fcf76bbb5a2b731e368,,2011/2024,observed,csv_row_2019_age_66_col_Male,annual_estimates_observed_v1,2019,66,male,530,reported,
1.0,annual_population_estimates_by_age_sex_csv,1b7b14fa75cab035860dd865eedd72527a92dac1a9ca0fcf76bbb5a2b731e368,,2011/2024,observed,csv_row_2019_age_66_col_Female,annual_estimates_observed_v1,2019,66,female,540,reported,
1.0,annual_population_estimates_by_age_sex_csv,1b7b14fa75cab035860dd865eedd72527a92dac1a9ca0fcf76bbb5a2b731e368,,2011/2024,derived,derived_from_2019_age_66_Male_and_Female,annual_estimates_sex_sum_v1,2019,66,all,1070,reported,
1.0,annual_population_estimates_by_age_sex_csv,1b7b14fa75cab035860dd865eedd72527a92dac1a9ca0fcf76bbb5a2b731e368,,2011/2024,observed,csv_row_2019_age_67_col_Male,annual_estimates_observed_v1,2019,67,male,480,reported,
1.0,annual_population_estimates_by_age_sex_csv,1b7b14fa75cab035860dd865eedd72527a92dac1a9ca0fcf76bbb5a2b731e368,,2011/2024,observed,csv_row_2019_age_67_col_Female,annual_estimates_observed_v1,2019,67,female,560,reported,
1.0,annual_population_estimates_by_age_sex_csv,1b7b14fa75cab035860dd865eedd72527a92dac1a9ca0fcf76bbb5a2b731e368,,2011/2024,derived,derived_from_2019_age_67_Male_and_Female,annual_estimates_sex_sum_v1,2019,67,all,1040,reported,
1.0,annual_population_estimates_by_age_sex_csv,1b7b14fa75cab035860dd865eedd72527a92dac1a9ca0fcf76bbb5a2b731e368,,2011/2024,observed,csv_row_2019_age_68_col_Male,annual_estimates_observed_v1,2019,68,male,510,reported,
1.0,annual_population_estimates_by_age_sex_csv,1b7b14fa75cab035860dd865eedd72527a92dac1a9ca0fcf76bbb5a2b731e368,,2011/2024,observed,csv_row_2019_age_68_col_Female,annual_estimates_observed_v1,2019,68,female,540,reported,
1.0,annual_population_estimates_by_age_sex_csv,1b7b14fa75cab035860dd865eedd72527a92dac1a9ca0fcf76bbb5a2b731e368,,2011/2024,derived,derived_from_2019_age_68_Male_and_Female,annual_estimates_sex_sum_v1,2019,68,all,1050,reported,
1.0,annual_population_estimates_by_age_sex_csv,1b7b14fa75cab035860dd865eedd72527a92dac1a9ca0fcf76bbb5a2b731e368,,2011/2024,observed,csv_row_2019_age_69_col_Male,annual_estimates_observed_v1,2019,69,male,500,reported,
1.0,annual_population_estimates_by_age_sex_csv,1b7b14fa75cab035860dd865eedd72527a92dac1a9ca0fcf76bbb5a2b731e368,,2011/2024,observed,csv_row_2019_age_69_col_Female,annual_estimates_observed_v1,2019,69,female,520,reported,
1.0,annual_population_estimates_by_age_sex_csv,1b7b14fa75cab035860dd865eedd72527a92dac1a9ca0fcf76bbb5a2b731e368,,2011/2024,derived,derived_from_2019_age_69_Male_and_Female,annual_estimates_sex_sum_v1,2019,69,all,1020,reported,
1.0,annual_population_estimates_by_age_sex_csv,1b7b14fa75cab035860dd865eedd72527a92dac1a9ca0fcf76bbb5a2b731e368,,2011/2024,observed,csv_row_2019_age_70_col_Male,annual_estimates_observed_v1,2019,70,male,460,reported,
1.0,annual_population_estimates_by_age_sex_csv,1b7b14fa75cab035860dd865eedd72527a92dac1a9ca0fcf76bbb5a2b731e368,,2011/2024,observed,csv_row_2019_age_70_col_Female,annual_estimates_observed_v1,2019,70,female,500,reported,
1.0,annual_population_estimates_by_age_sex_csv,1b7b14fa75cab035860dd865eedd72527a92dac1a9ca0fcf76bbb5a2b731e368,,2011/2024,derived,derived_from_2019_age_70_Male_and_Female,annual_estimates_sex_sum_v1,2019,70,all,960,reported,
1.0,annual_population_estimates_by_age_sex_csv,1b7b14fa75cab035860dd865eedd72527a92dac1a9ca0fcf76bbb5a2b731e368,,2011/2024,observed,csv_row_2019_age_71_col_Male,annual_estimates_observed_v1,2019,71,male,480,reported,
1.0,annual_population_estimates_by_age_sex_csv,1b7b14fa75cab035860dd865eedd72527a92dac1a9ca0fcf76bbb5a2b731e368,,2011/2024,observed,csv_row_2019_age_71_col_Female,annual_estimates_observed_v1,2019,71,female,510,reported,
1.0,annual_population_estimates_by_age_sex_csv,1b7b14fa75cab035860dd865eedd72527a92dac1a9ca0fcf76bbb5a2b731e368,,2011/2024,derived,derived_from_2019_age_71_Male_and_Female,annual_estimates_sex_sum_v1,2019,71,all,990,reported,
1.0,annual_population_estimates_by_age_sex_csv,1b7b14fa75cab035860dd865eedd72527a92dac1a9ca0fcf76bbb5a2b731e368,,2011/2024,observed,csv_row_2019_age_72_col_Male,annual_estimates_observed_v1,2019,72,male,500,reported,
1.0,annual_population_estimates_by_age_sex_csv,1b7b14fa75cab035860dd865eedd72527a92dac1a9ca0fcf76bbb5a2b731e368,,2011/2024,observed,csv_row_2019_age_72_col_Female,annual_estimates_observed_v1,2019,72,female,520,reported,
1.0,annual_population_estimates_by_age_sex_csv,1b7b14fa75cab035860dd865eedd72527a92dac1a9ca0fcf76bbb5a2b731e368,,2011/2024,derived,derived_from_2019_age_72_Male_and_Female,annual_estimates_sex_sum_v1,2019,72,all,1020,reported,
1.0,annual_population_estimates_by_age_sex_csv,1b7b14fa75cab035860dd865eedd72527a92dac1a9ca0fcf76bbb5a2b731e368,,2011/2024,observed,csv_row_2019_age_73_col_Male,annual_estimates_observed_v1,2019,73,male,440,reported,
1.0,annual_population_estimates_by_age_sex_csv,1b7b14fa75cab035860dd865eedd72527a92dac1a9ca0fcf76bbb5a2b731e368,,2011/2024,observed,csv_row_2019_age_73_col_Female,annual_estimates_observed_v1,2019,73,female,510,reported,
1.0,annual_population_estimates_by_age_sex_csv,1b7b14fa75cab035860dd865eedd72527a92dac1a9ca0fcf76bbb5a2b731e368,,2011/2024,derived,derived_from_2019_age_73_Male_and_Female,annual_estimates_sex_sum_v1,2019,73,all,950,reported,
1.0,annual_population_estimates_by_age_sex_csv,1b7b14fa75cab035860dd865eedd72527a92dac1a9ca0fcf76bbb5a2b731e368,,2011/2024,observed,csv_row_2019_age_74_col_Male,annual_estimates_observed_v1,2019,74,male,340,reported,
1.0,annual_population_estimates_by_age_sex_csv,1b7b14fa75cab035860dd865eedd72527a92dac1a9ca0fcf76bbb5a2b731e368,,2011/2024,observed,csv_row_2019_age_74_col_Female,annual_estimates_observed_v1,2019,74,female,390,reported,
1.0,annual_population_estimates_by_age_sex_csv,1b7b14fa75cab035860dd865eedd72527a92dac1a9ca0fcf76bbb5a2b731e368,,2011/2024,derived,derived_from_2019_age_74_Male_and_Female,annual_estimates_sex_sum_v1,2019,74,all,730,reported,
1.0,annual_population_estimates_by_age_sex_csv,1b7b14fa75cab035860dd865eedd72527a92dac1a9ca0fcf76bbb5a2b731e368,,2011/2024,observed,csv_row_2019_age_75_col_Male,annual_estimates_observed_v1,2019,75,male,370,reported,
1.0,annual_population_estimates_by_age_sex_csv,1b7b14fa75cab035860dd865eedd72527a92dac1a9ca0fcf76bbb5a2b731e368,,2011/2024,observed,csv_row_2019_age_75_col_Female,annual_estimates_observed_v1,2019,75,female,440,reported,
1.0,annual_population_estimates_by_age_sex_csv,1b7b14fa75cab035860dd865eedd72527a92dac1a9ca0fcf76bbb5a2b731e368,,2011/2024,derived,derived_from_2019_age_75_Male_and_Female,annual_estimates_sex_sum_v1,2019,75,all,810,reported,
1.0,annual_population_estimates_by_age_sex_csv,1b7b14fa75cab035860dd865eedd72527a92dac1a9ca0fcf76bbb5a2b731e368,,2011/2024,observed,csv_row_2019_age_76_col_Male,annual_estimates_observed_v1,2019,76,male,320,reported,
1.0,annual_population_estimates_by_age_sex_csv,1b7b14fa75cab035860dd865eedd72527a92dac1a9ca0fcf76bbb5a2b731e368,,2011/2024,observed,csv_row_2019_age_76_col_Female,annual_estimates_observed_v1,2019,76,female,380,reported,
1.0,annual_population_estimates_by_age_sex_csv,1b7b14fa75cab035860dd865eedd72527a92dac1a9ca0fcf76bbb5a2b731e368,,2011/2024,derived,derived_from_2019_age_76_Male_and_Female,annual_estimates_sex_sum_v1,2019,76,all,700,reported,
1.0,annual_population_estimates_by_age_sex_csv,1b7b14fa75cab035860dd865eedd72527a92dac1a9ca0fcf76bbb5a2b731e368,,2011/2024,observed,csv_row_2019_age_77_col_Male,annual_estimates_observed_v1,2019,77,male,260,reported,
1.0,annual_population_estimates_by_age_sex_csv,1b7b14fa75cab035860dd865eedd72527a92dac1a9ca0fcf76bbb5a2b731e368,,2011/2024,observed,csv_row_2019_age_77_col_Female,annual_estimates_observed_v1,2019,77,female,320,reported,
1.0,annual_population_estimates_by_age_sex_csv,1b7b14fa75cab035860dd865eedd72527a92dac1a9ca0fcf76bbb5a2b731e368,,2011/2024,derived,derived_from_2019_age_77_Male_and_Female,annual_estimates_sex_sum_v1,2019,77,all,580,reported,
1.0,annual_population_estimates_by_age_sex_csv,1b7b14fa75cab035860dd865eedd72527a92dac1a9ca0fcf76bbb5a2b731e368,,2011/2024,observed,csv_row_2019_age_78_col_Male,annual_estimates_observed_v1,2019,78,male,260,reported,
1.0,annual_population_estimates_by_age_sex_csv,1b7b14fa75cab035860dd865eedd72527a92dac1a9ca0fcf76bbb5a2b731e368,,2011/2024,observed,csv_row_2019_age_78_col_Female,annual_estimates_observed_v1,2019,78,female,320,reported,
1.0,annual_population_estimates_by_age_sex_csv,1b7b14fa75cab035860dd865eedd72527a92dac1a9ca0fcf76bbb5a2b731e368,,2011/2024,derived,derived_from_2019_age_78_Male_and_Female,annual_estimates_sex_sum_v1,2019,78,all,580,reported,
1.0,annual_population_estimates_by_age_sex_csv,1b7b14fa75cab035860dd865eedd72527a92dac1a9ca0fcf76bbb5a2b731e368,,2011/2024,observed,csv_row_2019_age_79_col_Male,annual_estimates_observed_v1,2019,79,male,290,reported,
1.0,annual_population_estimates_by_age_sex_csv,1b7b14fa75cab035860dd865eedd72527a92dac1a9ca0fcf76bbb5a2b731e368,,2011/2024,observed,csv_row_2019_age_79_col_Female,annual_estimates_observed_v1,2019,79,female,340,reported,
1.0,annual_population_estimates_by_age_sex_csv,1b7b14fa75cab035860dd865eedd72527a92dac1a9ca0fcf76bbb5a2b731e368,,2011/2024,derived,derived_from_2019_age_79_Male_and_Female,annual_estimates_sex_sum_v1,2019,79,all,630,reported,
1.0,annual_population_estimates_by_age_sex_csv,1b7b14fa75cab035860dd865eedd72527a92dac1a9ca0fcf76bbb5a2b731e368,,2011/2024,observed,csv_row_2019_age_80_col_Male,annual_estimates_observed_v1,2019,80,male,300,reported,
1.0,annual_population_estimates_by_age_sex_csv,1b7b14fa75cab035860dd865eedd72527a92dac1a9ca0fcf76bbb5a2b731e368,,2011/2024,observed,csv_row_2019_age_80_col_Female,annual_estimates_observed_v1,2019,80,female,310,reported,
1.0,annual_population_estimates_by_age_sex_csv,1b7b14fa75cab035860dd865eedd72527a92dac1a9ca0fcf76bbb5a2b731e368,,2011/2024,derived,derived_from_2019_age_80_Male_and_Female,annual_estimates_sex_sum_v1,2019,80,all,610,reported,
1.0,annual_population_estimates_by_age_sex_csv,1b7b14fa75cab035860dd865eedd72527a92dac1a9ca0fcf76bbb5a2b731e368,,2011/2024,observed,csv_row_2019_age_81_col_Male,annual_estimates_observed_v1,2019,81,male,270,reported,
1.0,annual_population_estimates_by_age_sex_csv,1b7b14fa75cab035860dd865eedd72527a92dac1a9ca0fcf76bbb5a2b731e368,,2011/2024,observed,csv_row_2019_age_81_col_Female,annual_estimates_observed_v1,2019,81,female,320,reported,
1.0,annual_population_estimates_by_age_sex_csv,1b7b14fa75cab035860dd865eedd72527a92dac1a9ca0fcf76bbb5a2b731e368,,2011/2024,derived,derived_from_2019_age_81_Male_and_Female,annual_estimates_sex_sum_v1,2019,81,all,590,reported,
1.0,annual_population_estimates_by_age_sex_csv,1b7b14fa75cab035860dd865eedd72527a92dac1a9ca0fcf76bbb5a2b731e368,,2011/2024,observed,csv_row_2019_age_82_col_Male,annual_estimates_observed_v1,2019,82,male,230,reported,
1.0,annual_population_estimates_by_age_sex_csv,1b7b14fa75cab035860dd865eedd72527a92dac1a9ca0fcf76bbb5a2b731e368,,2011/2024,observed,csv_row_2019_age_82_col_Female,annual_estimates_observed_v1,2019,82,female,300,reported,
1.0,annual_population_estimates_by_age_sex_csv,1b7b14fa75cab035860dd865eedd72527a92dac1a9ca0fcf76bbb5a2b731e368,,2011/2024,derived,derived_from_2019_age_82_Male_and_Female,annual_estimates_sex_sum_v1,2019,82,all,530,reported,
1.0,annual_population_estimates_by_age_sex_csv,1b7b14fa75cab035860dd865eedd72527a92dac1a9ca0fcf76bbb5a2b731e368,,2011/2024,observed,csv_row_2019_age_83_col_Male,annual_estimates_observed_v1,2019,83,male,220,reported,
1.0,annual_population_estimates_by_age_sex_csv,1b7b14fa75cab035860dd865eedd72527a92dac1a9ca0fcf76bbb5a2b731e368,,2011/2024,observed,csv_row_2019_age_83_col_Female,annual_estimates_observed_v1,2019,83,female,290,reported,
1.0,annual_population_estimates_by_age_sex_csv,1b7b14fa75cab035860dd865eedd72527a92dac1a9ca0fcf76bbb5a2b731e368,,2011/2024,derived,derived_from_2019_age_83_Male_and_Female,annual_estimates_sex_sum_v1,2019,83,all,510,reported,
1.0,annual_population_estimates_by_age_sex_csv,1b7b14fa75cab035860dd865eedd72527a92dac1a9ca0fcf76bbb5a2b731e368,,2011/2024,observed,csv_row_2019_age_84_col_Male,annual_estimates_observed_v1,2019,84,male,190,reported,
1.0,annual_population_estimates_by_age_sex_csv,1b7b14fa75cab035860dd865eedd72527a92dac1a9ca0fcf76bbb5a2b731e368,,2011/2024,observed,csv_row_2019_age_84_col_Female,annual_estimates_observed_v1,2019,84,female,240,reported,
1.0,annual_population_estimates_by_age_sex_csv,1b7b14fa75cab035860dd865eedd72527a92dac1a9ca0fcf76bbb5a2b731e368,,2011/2024,derived,derived_from_2019_age_84_Male_and_Female,annual_estimates_sex_sum_v1,2019,84,all,430,reported,
1.0,annual_population_estimates_by_age_sex_csv,1b7b14fa75cab035860dd865eedd72527a92dac1a9ca0fcf76bbb5a2b731e368,,2011/2024,observed,csv_row_2019_age_85_col_Male,annual_estimates_observed_v1,2019,85,male,170,reported,
1.0,annual_population_estimates_by_age_sex_csv,1b7b14fa75cab035860dd865eedd72527a92dac1a9ca0fcf76bbb5a2b731e368,,2011/2024,observed,csv_row_2019_age_85_col_Female,annual_estimates_observed_v1,2019,85,female,240,reported,
1.0,annual_population_estimates_by_age_sex_csv,1b7b14fa75cab035860dd865eedd72527a92dac1a9ca0fcf76bbb5a2b731e368,,2011/2024,derived,derived_from_2019_age_85_Male_and_Female,annual_estimates_sex_sum_v1,2019,85,all,410,reported,
1.0,annual_population_estimates_by_age_sex_csv,1b7b14fa75cab035860dd865eedd72527a92dac1a9ca0fcf76bbb5a2b731e368,,2011/2024,observed,csv_row_2019_age_86_col_Male,annual_estimates_observed_v1,2019,86,male,150,reported,
1.0,annual_population_estimates_by_age_sex_csv,1b7b14fa75cab035860dd865eedd72527a92dac1a9ca0fcf76bbb5a2b731e368,,2011/2024,observed,csv_row_2019_age_86_col_Female,annual_estimates_observed_v1,2019,86,female,220,reported,
1.0,annual_population_estimates_by_age_sex_csv,1b7b14fa75cab035860dd865eedd72527a92dac1a9ca0fcf76bbb5a2b731e368,,2011/2024,derived,derived_from_2019_age_86_Male_and_Female,annual_estimates_sex_sum_v1,2019,86,all,370,reported,
1.0,annual_population_estimates_by_age_sex_csv,1b7b14fa75cab035860dd865eedd72527a92dac1a9ca0fcf76bbb5a2b731e368,,2011/2024,observed,csv_row_2019_age_87_col_Male,annual_estimates_observed_v1,2019,87,male,120,reported,
1.0,annual_population_estimates_by_age_sex_csv,1b7b14fa75cab035860dd865eedd72527a92dac1a9ca0fcf76bbb5a2b731e368,,2011/2024,observed,csv_row_2019_age_87_col_Female,annual_estimates_observed_v1,2019,87,female,190,reported,
1.0,annual_population_estimates_by_age_sex_csv,1b7b14fa75cab035860dd865eedd72527a92dac1a9ca0fcf76bbb5a2b731e368,,2011/2024,derived,derived_from_2019_age_87_Male_and_Female,annual_estimates_sex_sum_v1,2019,87,all,310,reported,
1.0,annual_population_estimates_by_age_sex_csv,1b7b14fa75cab035860dd865eedd72527a92dac1a9ca0fcf76bbb5a2b731e368,,2011/2024,observed,csv_row_2019_age_88_col_Male,annual_estimates_observed_v1,2019,88,male,110,reported,
1.0,annual_population_estimates_by_age_sex_csv,1b7b14fa75cab035860dd865eedd72527a92dac1a9ca0fcf76bbb5a2b731e368,,2011/2024,observed,csv_row_2019_age_88_col_Female,annual_estimates_observed_v1,2019,88,female,170,reported,
1.0,annual_population_estimates_by_age_sex_csv,1b7b14fa75cab035860dd865eedd72527a92dac1a9ca0fcf76bbb5a2b731e368,,2011/2024,derived,derived_from_2019_age_88_Male_and_Female,annual_estimates_sex_sum_v1,2019,88,all,280,reported,
1.0,annual_population_estimates_by_age_sex_csv,1b7b14fa75cab035860dd865eedd72527a92dac1a9ca0fcf76bbb5a2b731e368,,2011/2024,observed,csv_row_2019_age_89_col_Male,annual_estimates_observed_v1,2019,89,male,90,reported,
1.0,annual_population_estimates_by_age_sex_csv,1b7b14fa75cab035860dd865eedd72527a92dac1a9ca0fcf76bbb5a2b731e368,,2011/2024,observed,csv_row_2019_age_89_col_Female,annual_estimates_observed_v1,2019,89,female,150,reported,
1.0,annual_population_estimates_by_age_sex_csv,1b7b14fa75cab035860dd865eedd72527a92dac1a9ca0fcf76bbb5a2b731e368,,2011/2024,derived,derived_from_2019_age_89_Male_and_Female,annual_estimates_sex_sum_v1,2019,89,all,240,reported,
1.0,annual_population_estimates_by_age_sex_csv,1b7b14fa75cab035860dd865eedd72527a92dac1a9ca0fcf76bbb5a2b731e368,,2011/2024,observed,csv_row_2019_age_90_col_Male,annual_estimates_observed_v1,2019,90,male,60,reported,
1.0,annual_population_estimates_by_age_sex_csv,1b7b14fa75cab035860dd865eedd72527a92dac1a9ca0fcf76bbb5a2b731e368,,2011/2024,observed,csv_row_2019_age_90_col_Female,annual_estimates_observed_v1,2019,90,female,130,reported,
1.0,annual_population_estimates_by_age_sex_csv,1b7b14fa75cab035860dd865eedd72527a92dac1a9ca0fcf76bbb5a2b731e368,,2011/2024,derived,derived_from_2019_age_90_Male_and_Female,annual_estimates_sex_sum_v1,2019,90,all,190,reported,
1.0,annual_population_estimates_by_age_sex_csv,1b7b14fa75cab035860dd865eedd72527a92dac1a9ca0fcf76bbb5a2b731e368,,2011/2024,observed,csv_row_2019_age_91_col_Male,annual_estimates_observed_v1,2019,91,male,50,reported,
1.0,annual_population_estimates_by_age_sex_csv,1b7b14fa75cab035860dd865eedd72527a92dac1a9ca0fcf76bbb5a2b731e368,,2011/2024,observed,csv_row_2019_age_91_col_Female,annual_estimates_observed_v1,2019,91,female,120,reported,
1.0,annual_population_estimates_by_age_sex_csv,1b7b14fa75cab035860dd865eedd72527a92dac1a9ca0fcf76bbb5a2b731e368,,2011/2024,derived,derived_from_2019_age_91_Male_and_Female,annual_estimates_sex_sum_v1,2019,91,all,170,reported,
1.0,annual_population_estimates_by_age_sex_csv,1b7b14fa75cab035860dd865eedd72527a92dac1a9ca0fcf76bbb5a2b731e368,,2011/2024,observed,csv_row_2019_age_92_col_Male,annual_estimates_observed_v1,2019,92,male,40,reported,
1.0,annual_population_estimates_by_age_sex_csv,1b7b14fa75cab035860dd865eedd72527a92dac1a9ca0fcf76bbb5a2b731e368,,2011/2024,observed,csv_row_2019_age_92_col_Female,annual_estimates_observed_v1,2019,92,female,70,reported,
1.0,annual_population_estimates_by_age_sex_csv,1b7b14fa75cab035860dd865eedd72527a92dac1a9ca0fcf76bbb5a2b731e368,,2011/2024,derived,derived_from_2019_age_92_Male_and_Female,annual_estimates_sex_sum_v1,2019,92,all,110,reported,
1.0,annual_population_estimates_by_age_sex_csv,1b7b14fa75cab035860dd865eedd72527a92dac1a9ca0fcf76bbb5a2b731e368,,2011/2024,observed,csv_row_2019_age_93_col_Male,annual_estimates_observed_v1,2019,93,male,30,reported,
1.0,annual_population_estimates_by_age_sex_csv,1b7b14fa75cab035860dd865eedd72527a92dac1a9ca0fcf76bbb5a2b731e368,,2011/2024,observed,csv_row_2019_age_93_col_Female,annual_estimates_observed_v1,2019,93,female,90,reported,
1.0,annual_population_estimates_by_age_sex_csv,1b7b14fa75cab035860dd865eedd72527a92dac1a9ca0fcf76bbb5a2b731e368,,2011/2024,derived,derived_from_2019_age_93_Male_and_Female,annual_estimates_sex_sum_v1,2019,93,all,120,reported,
1.0,annual_population_estimates_by_age_sex_csv,1b7b14fa75cab035860dd865eedd72527a92dac1a9ca0fcf76bbb5a2b731e368,,2011/2024,observed,csv_row_2019_age_94_col_Male,annual_estimates_observed_v1,2019,94,male,40,reported,
1.0,annual_population_estimates_by_age_sex_csv,1b7b14fa75cab035860dd865eedd72527a92dac1a9ca0fcf76bbb5a2b731e368,,2011/2024,observed,csv_row_2019_age_94_col_Female,annual_estimates_observed_v1,2019,94,female,60,reported,
1.0,annual_population_estimates_by_age_sex_csv,1b7b14fa75cab035860dd865eedd72527a92dac1a9ca0fcf76bbb5a2b731e368,,2011/2024,derived,derived_from_2019_age_94_Male_and_Female,annual_estimates_sex_sum_v1,2019,94,all,100,reported,
1.0,annual_population_estimates_by_age_sex_csv,1b7b14fa75cab035860dd865eedd72527a92dac1a9ca0fcf76bbb5a2b731e368,,2011/2024,observed,csv_row_2019_age_95_col_Male,annual_estimates_observed_v1,2019,95,male,10,reported,
1.0,annual_population_estimates_by_age_sex_csv,1b7b14fa75cab035860dd865eedd72527a92dac1a9ca0fcf76bbb5a2b731e368,,2011/2024,observed,csv_row_2019_age_95_col_Female,annual_estimates_observed_v1,2019,95,female,50,reported,
1.0,annual_population_estimates_by_age_sex_csv,1b7b14fa75cab035860dd865eedd72527a92dac1a9ca0fcf76bbb5a2b731e368,,2011/2024,derived,derived_from_2019_age_95_Male_and_Female,annual_estimates_sex_sum_v1,2019,95,all,60,reported,
1.0,annual_population_estimates_by_age_sex_csv,1b7b14fa75cab035860dd865eedd72527a92dac1a9ca0fcf76bbb5a2b731e368,,2011/2024,observed,csv_row_2019_age_96_col_Male,annual_estimates_observed_v1,2019,96,male,10,reported,
1.0,annual_population_estimates_by_age_sex_csv,1b7b14fa75cab035860dd865eedd72527a92dac1a9ca0fcf76bbb5a2b731e368,,2011/2024,observed,csv_row_2019_age_96_col_Female,annual_estimates_observed_v1,2019,96,female,40,reported,
1.0,annual_population_estimates_by_age_sex_csv,1b7b14fa75cab035860dd865eedd72527a92dac1a9ca0fcf76bbb5a2b731e368,,2011/2024,derived,derived_from_2019_age_96_Male_and_Female,annual_estimates_sex_sum_v1,2019,96,all,50,reported,
1.0,annual_population_estimates_by_age_sex_csv,1b7b14fa75cab035860dd865eedd72527a92dac1a9ca0fcf76bbb5a2b731e368,,2011/2024,observed,csv_row_2019_age_97_col_Male,annual_estimates_observed_v1,2019,97,male,10,reported,
1.0,annual_population_estimates_by_age_sex_csv,1b7b14fa75cab035860dd865eedd72527a92dac1a9ca0fcf76bbb5a2b731e368,,2011/2024,observed,csv_row_2019_age_97_col_Female,annual_estimates_observed_v1,2019,97,female,20,reported,
1.0,annual_population_estimates_by_age_sex_csv,1b7b14fa75cab035860dd865eedd72527a92dac1a9ca0fcf76bbb5a2b731e368,,2011/2024,derived,derived_from_2019_age_97_Male_and_Female,annual_estimates_sex_sum_v1,2019,97,all,30,reported,
1.0,annual_population_estimates_by_age_sex_csv,1b7b14fa75cab035860dd865eedd72527a92dac1a9ca0fcf76bbb5a2b731e368,,2011/2024,observed,csv_row_2019_age_98_col_Male,annual_estimates_observed_v1,2019,98,male,0,reported,
1.0,annual_population_estimates_by_age_sex_csv,1b7b14fa75cab035860dd865eedd72527a92dac1a9ca0fcf76bbb5a2b731e368,,2011/2024,observed,csv_row_2019_age_98_col_Female,annual_estimates_observed_v1,2019,98,female,20,reported,
1.0,annual_population_estimates_by_age_sex_csv,1b7b14fa75cab035860dd865eedd72527a92dac1a9ca0fcf76bbb5a2b731e368,,2011/2024,derived,derived_from_2019_age_98_Male_and_Female,annual_estimates_sex_sum_v1,2019,98,all,20,reported,
1.0,annual_population_estimates_by_age_sex_csv,1b7b14fa75cab035860dd865eedd72527a92dac1a9ca0fcf76bbb5a2b731e368,,2011/2024,observed,csv_row_2019_age_99_col_Male,annual_estimates_observed_v1,2019,99,male,10,reported,
1.0,annual_population_estimates_by_age_sex_csv,1b7b14fa75cab035860dd865eedd72527a92dac1a9ca0fcf76bbb5a2b731e368,,2011/2024,observed,csv_row_2019_age_99_col_Female,annual_estimates_observed_v1,2019,99,female,10,reported,
1.0,annual_population_estimates_by_age_sex_csv,1b7b14fa75cab035860dd865eedd72527a92dac1a9ca0fcf76bbb5a2b731e368,,2011/2024,derived,derived_from_2019_age_99_Male_and_Female,annual_estimates_sex_sum_v1,2019,99,all,20,reported,
1.0,annual_population_estimates_by_age_sex_csv,1b7b14fa75cab035860dd865eedd72527a92dac1a9ca0fcf76bbb5a2b731e368,,2011/2024,observed,csv_row_2019_age_100_col_Male,annual_estimates_observed_v1,2019,100,male,0,reported,
1.0,annual_population_estimates_by_age_sex_csv,1b7b14fa75cab035860dd865eedd72527a92dac1a9ca0fcf76bbb5a2b731e368,,2011/2024,observed,csv_row_2019_age_100_col_Female,annual_estimates_observed_v1,2019,100,female,10,reported,
1.0,annual_population_estimates_by_age_sex_csv,1b7b14fa75cab035860dd865eedd72527a92dac1a9ca0fcf76bbb5a2b731e368,,2011/2024,derived,derived_from_2019_age_100_Male_and_Female,annual_estimates_sex_sum_v1,2019,100,all,10,reported,
1.0,annual_population_estimates_by_age_sex_csv,1b7b14fa75cab035860dd865eedd72527a92dac1a9ca0fcf76bbb5a2b731e368,,2011/2024,observed,csv_row_2020_age_0_col_Male,annual_estimates_observed_v1,2020,0,male,450,reported,
1.0,annual_population_estimates_by_age_sex_csv,1b7b14fa75cab035860dd865eedd72527a92dac1a9ca0fcf76bbb5a2b731e368,,2011/2024,observed,csv_row_2020_age_0_col_Female,annual_estimates_observed_v1,2020,0,female,420,reported,
1.0,annual_population_estimates_by_age_sex_csv,1b7b14fa75cab035860dd865eedd72527a92dac1a9ca0fcf76bbb5a2b731e368,,2011/2024,derived,derived_from_2020_age_0_Male_and_Female,annual_estimates_sex_sum_v1,2020,0,all,870,reported,
1.0,annual_population_estimates_by_age_sex_csv,1b7b14fa75cab035860dd865eedd72527a92dac1a9ca0fcf76bbb5a2b731e368,,2011/2024,observed,csv_row_2020_age_1_col_Male,annual_estimates_observed_v1,2020,1,male,500,reported,
1.0,annual_population_estimates_by_age_sex_csv,1b7b14fa75cab035860dd865eedd72527a92dac1a9ca0fcf76bbb5a2b731e368,,2011/2024,observed,csv_row_2020_age_1_col_Female,annual_estimates_observed_v1,2020,1,female,400,reported,
1.0,annual_population_estimates_by_age_sex_csv,1b7b14fa75cab035860dd865eedd72527a92dac1a9ca0fcf76bbb5a2b731e368,,2011/2024,derived,derived_from_2020_age_1_Male_and_Female,annual_estimates_sex_sum_v1,2020,1,all,900,reported,
1.0,annual_population_estimates_by_age_sex_csv,1b7b14fa75cab035860dd865eedd72527a92dac1a9ca0fcf76bbb5a2b731e368,,2011/2024,observed,csv_row_2020_age_2_col_Male,annual_estimates_observed_v1,2020,2,male,470,reported,
1.0,annual_population_estimates_by_age_sex_csv,1b7b14fa75cab035860dd865eedd72527a92dac1a9ca0fcf76bbb5a2b731e368,,2011/2024,observed,csv_row_2020_age_2_col_Female,annual_estimates_observed_v1,2020,2,female,490,reported,
1.0,annual_population_estimates_by_age_sex_csv,1b7b14fa75cab035860dd865eedd72527a92dac1a9ca0fcf76bbb5a2b731e368,,2011/2024,derived,derived_from_2020_age_2_Male_and_Female,annual_estimates_sex_sum_v1,2020,2,all,960,reported,
1.0,annual_population_estimates_by_age_sex_csv,1b7b14fa75cab035860dd865eedd72527a92dac1a9ca0fcf76bbb5a2b731e368,,2011/2024,observed,csv_row_2020_age_3_col_Male,annual_estimates_observed_v1,2020,3,male,510,reported,
1.0,annual_population_estimates_by_age_sex_csv,1b7b14fa75cab035860dd865eedd72527a92dac1a9ca0fcf76bbb5a2b731e368,,2011/2024,observed,csv_row_2020_age_3_col_Female,annual_estimates_observed_v1,2020,3,female,450,reported,
1.0,annual_population_estimates_by_age_sex_csv,1b7b14fa75cab035860dd865eedd72527a92dac1a9ca0fcf76bbb5a2b731e368,,2011/2024,derived,derived_from_2020_age_3_Male_and_Female,annual_estimates_sex_sum_v1,2020,3,all,960,reported,
1.0,annual_population_estimates_by_age_sex_csv,1b7b14fa75cab035860dd865eedd72527a92dac1a9ca0fcf76bbb5a2b731e368,,2011/2024,observed,csv_row_2020_age_4_col_Male,annual_estimates_observed_v1,2020,4,male,530,reported,
1.0,annual_population_estimates_by_age_sex_csv,1b7b14fa75cab035860dd865eedd72527a92dac1a9ca0fcf76bbb5a2b731e368,,2011/2024,observed,csv_row_2020_age_4_col_Female,annual_estimates_observed_v1,2020,4,female,510,reported,
1.0,annual_population_estimates_by_age_sex_csv,1b7b14fa75cab035860dd865eedd72527a92dac1a9ca0fcf76bbb5a2b731e368,,2011/2024,derived,derived_from_2020_age_4_Male_and_Female,annual_estimates_sex_sum_v1,2020,4,all,1040,reported,
1.0,annual_population_estimates_by_age_sex_csv,1b7b14fa75cab035860dd865eedd72527a92dac1a9ca0fcf76bbb5a2b731e368,,2011/2024,observed,csv_row_2020_age_5_col_Male,annual_estimates_observed_v1,2020,5,male,540,reported,
1.0,annual_population_estimates_by_age_sex_csv,1b7b14fa75cab035860dd865eedd72527a92dac1a9ca0fcf76bbb5a2b731e368,,2011/2024,observed,csv_row_2020_age_5_col_Female,annual_estimates_observed_v1,2020,5,female,510,reported,
1.0,annual_population_estimates_by_age_sex_csv,1b7b14fa75cab035860dd865eedd72527a92dac1a9ca0fcf76bbb5a2b731e368,,2011/2024,derived,derived_from_2020_age_5_Male_and_Female,annual_estimates_sex_sum_v1,2020,5,all,1050,reported,
1.0,annual_population_estimates_by_age_sex_csv,1b7b14fa75cab035860dd865eedd72527a92dac1a9ca0fcf76bbb5a2b731e368,,2011/2024,observed,csv_row_2020_age_6_col_Male,annual_estimates_observed_v1,2020,6,male,500,reported,
1.0,annual_population_estimates_by_age_sex_csv,1b7b14fa75cab035860dd865eedd72527a92dac1a9ca0fcf76bbb5a2b731e368,,2011/2024,observed,csv_row_2020_age_6_col_Female,annual_estimates_observed_v1,2020,6,female,510,reported,
1.0,annual_population_estimates_by_age_sex_csv,1b7b14fa75cab035860dd865eedd72527a92dac1a9ca0fcf76bbb5a2b731e368,,2011/2024,derived,derived_from_2020_age_6_Male_and_Female,annual_estimates_sex_sum_v1,2020,6,all,1010,reported,
1.0,annual_population_estimates_by_age_sex_csv,1b7b14fa75cab035860dd865eedd72527a92dac1a9ca0fcf76bbb5a2b731e368,,2011/2024,observed,csv_row_2020_age_7_col_Male,annual_estimates_observed_v1,2020,7,male,550,reported,
1.0,annual_population_estimates_by_age_sex_csv,1b7b14fa75cab035860dd865eedd72527a92dac1a9ca0fcf76bbb5a2b731e368,,2011/2024,observed,csv_row_2020_age_7_col_Female,annual_estimates_observed_v1,2020,7,female,520,reported,
1.0,annual_population_estimates_by_age_sex_csv,1b7b14fa75cab035860dd865eedd72527a92dac1a9ca0fcf76bbb5a2b731e368,,2011/2024,derived,derived_from_2020_age_7_Male_and_Female,annual_estimates_sex_sum_v1,2020,7,all,1070,reported,
1.0,annual_population_estimates_by_age_sex_csv,1b7b14fa75cab035860dd865eedd72527a92dac1a9ca0fcf76bbb5a2b731e368,,2011/2024,observed,csv_row_2020_age_8_col_Male,annual_estimates_observed_v1,2020,8,male,570,reported,
1.0,annual_population_estimates_by_age_sex_csv,1b7b14fa75cab035860dd865eedd72527a92dac1a9ca0fcf76bbb5a2b731e368,,2011/2024,observed,csv_row_2020_age_8_col_Female,annual_estimates_observed_v1,2020,8,female,570,reported,
1.0,annual_population_estimates_by_age_sex_csv,1b7b14fa75cab035860dd865eedd72527a92dac1a9ca0fcf76bbb5a2b731e368,,2011/2024,derived,derived_from_2020_age_8_Male_and_Female,annual_estimates_sex_sum_v1,2020,8,all,1140,reported,
1.0,annual_population_estimates_by_age_sex_csv,1b7b14fa75cab035860dd865eedd72527a92dac1a9ca0fcf76bbb5a2b731e368,,2011/2024,observed,csv_row_2020_age_9_col_Male,annual_estimates_observed_v1,2020,9,male,550,reported,
1.0,annual_population_estimates_by_age_sex_csv,1b7b14fa75cab035860dd865eedd72527a92dac1a9ca0fcf76bbb5a2b731e368,,2011/2024,observed,csv_row_2020_age_9_col_Female,annual_estimates_observed_v1,2020,9,female,550,reported,
1.0,annual_population_estimates_by_age_sex_csv,1b7b14fa75cab035860dd865eedd72527a92dac1a9ca0fcf76bbb5a2b731e368,,2011/2024,derived,derived_from_2020_age_9_Male_and_Female,annual_estimates_sex_sum_v1,2020,9,all,1100,reported,
1.0,annual_population_estimates_by_age_sex_csv,1b7b14fa75cab035860dd865eedd72527a92dac1a9ca0fcf76bbb5a2b731e368,,2011/2024,observed,csv_row_2020_age_10_col_Male,annual_estimates_observed_v1,2020,10,male,540,reported,
1.0,annual_population_estimates_by_age_sex_csv,1b7b14fa75cab035860dd865eedd72527a92dac1a9ca0fcf76bbb5a2b731e368,,2011/2024,observed,csv_row_2020_age_10_col_Female,annual_estimates_observed_v1,2020,10,female,550,reported,
1.0,annual_population_estimates_by_age_sex_csv,1b7b14fa75cab035860dd865eedd72527a92dac1a9ca0fcf76bbb5a2b731e368,,2011/2024,derived,derived_from_2020_age_10_Male_and_Female,annual_estimates_sex_sum_v1,2020,10,all,1090,reported,
1.0,annual_population_estimates_by_age_sex_csv,1b7b14fa75cab035860dd865eedd72527a92dac1a9ca0fcf76bbb5a2b731e368,,2011/2024,observed,csv_row_2020_age_11_col_Male,annual_estimates_observed_v1,2020,11,male,540,reported,
1.0,annual_population_estimates_by_age_sex_csv,1b7b14fa75cab035860dd865eedd72527a92dac1a9ca0fcf76bbb5a2b731e368,,2011/2024,observed,csv_row_2020_age_11_col_Female,annual_estimates_observed_v1,2020,11,female,510,reported,
1.0,annual_population_estimates_by_age_sex_csv,1b7b14fa75cab035860dd865eedd72527a92dac1a9ca0fcf76bbb5a2b731e368,,2011/2024,derived,derived_from_2020_age_11_Male_and_Female,annual_estimates_sex_sum_v1,2020,11,all,1050,reported,
1.0,annual_population_estimates_by_age_sex_csv,1b7b14fa75cab035860dd865eedd72527a92dac1a9ca0fcf76bbb5a2b731e368,,2011/2024,observed,csv_row_2020_age_12_col_Male,annual_estimates_observed_v1,2020,12,male,510,reported,
1.0,annual_population_estimates_by_age_sex_csv,1b7b14fa75cab035860dd865eedd72527a92dac1a9ca0fcf76bbb5a2b731e368,,2011/2024,observed,csv_row_2020_age_12_col_Female,annual_estimates_observed_v1,2020,12,female,570,reported,
1.0,annual_population_estimates_by_age_sex_csv,1b7b14fa75cab035860dd865eedd72527a92dac1a9ca0fcf76bbb5a2b731e368,,2011/2024,derived,derived_from_2020_age_12_Male_and_Female,annual_estimates_sex_sum_v1,2020,12,all,1080,reported,
1.0,annual_population_estimates_by_age_sex_csv,1b7b14fa75cab035860dd865eedd72527a92dac1a9ca0fcf76bbb5a2b731e368,,2011/2024,observed,csv_row_2020_age_13_col_Male,annual_estimates_observed_v1,2020,13,male,520,reported,
1.0,annual_population_estimates_by_age_sex_csv,1b7b14fa75cab035860dd865eedd72527a92dac1a9ca0fcf76bbb5a2b731e368,,2011/2024,observed,csv_row_2020_age_13_col_Female,annual_estimates_observed_v1,2020,13,female,540,reported,
1.0,annual_population_estimates_by_age_sex_csv,1b7b14fa75cab035860dd865eedd72527a92dac1a9ca0fcf76bbb5a2b731e368,,2011/2024,derived,derived_from_2020_age_13_Male_and_Female,annual_estimates_sex_sum_v1,2020,13,all,1060,reported,
1.0,annual_population_estimates_by_age_sex_csv,1b7b14fa75cab035860dd865eedd72527a92dac1a9ca0fcf76bbb5a2b731e368,,2011/2024,observed,csv_row_2020_age_14_col_Male,annual_estimates_observed_v1,2020,14,male,500,reported,
1.0,annual_population_estimates_by_age_sex_csv,1b7b14fa75cab035860dd865eedd72527a92dac1a9ca0fcf76bbb5a2b731e368,,2011/2024,observed,csv_row_2020_age_14_col_Female,annual_estimates_observed_v1,2020,14,female,520,reported,
1.0,annual_population_estimates_by_age_sex_csv,1b7b14fa75cab035860dd865eedd72527a92dac1a9ca0fcf76bbb5a2b731e368,,2011/2024,derived,derived_from_2020_age_14_Male_and_Female,annual_estimates_sex_sum_v1,2020,14,all,1020,reported,
1.0,annual_population_estimates_by_age_sex_csv,1b7b14fa75cab035860dd865eedd72527a92dac1a9ca0fcf76bbb5a2b731e368,,2011/2024,observed,csv_row_2020_age_15_col_Male,annual_estimates_observed_v1,2020,15,male,510,reported,
1.0,annual_population_estimates_by_age_sex_csv,1b7b14fa75cab035860dd865eedd72527a92dac1a9ca0fcf76bbb5a2b731e368,,2011/2024,observed,csv_row_2020_age_15_col_Female,annual_estimates_observed_v1,2020,15,female,510,reported,
1.0,annual_population_estimates_by_age_sex_csv,1b7b14fa75cab035860dd865eedd72527a92dac1a9ca0fcf76bbb5a2b731e368,,2011/2024,derived,derived_from_2020_age_15_Male_and_Female,annual_estimates_sex_sum_v1,2020,15,all,1020,reported,
1.0,annual_population_estimates_by_age_sex_csv,1b7b14fa75cab035860dd865eedd72527a92dac1a9ca0fcf76bbb5a2b731e368,,2011/2024,observed,csv_row_2020_age_16_col_Male,annual_estimates_observed_v1,2020,16,male,530,reported,
1.0,annual_population_estimates_by_age_sex_csv,1b7b14fa75cab035860dd865eedd72527a92dac1a9ca0fcf76bbb5a2b731e368,,2011/2024,observed,csv_row_2020_age_16_col_Female,annual_estimates_observed_v1,2020,16,female,510,reported,
1.0,annual_population_estimates_by_age_sex_csv,1b7b14fa75cab035860dd865eedd72527a92dac1a9ca0fcf76bbb5a2b731e368,,2011/2024,derived,derived_from_2020_age_16_Male_and_Female,annual_estimates_sex_sum_v1,2020,16,all,1040,reported,
1.0,annual_population_estimates_by_age_sex_csv,1b7b14fa75cab035860dd865eedd72527a92dac1a9ca0fcf76bbb5a2b731e368,,2011/2024,observed,csv_row_2020_age_17_col_Male,annual_estimates_observed_v1,2020,17,male,550,reported,
1.0,annual_population_estimates_by_age_sex_csv,1b7b14fa75cab035860dd865eedd72527a92dac1a9ca0fcf76bbb5a2b731e368,,2011/2024,observed,csv_row_2020_age_17_col_Female,annual_estimates_observed_v1,2020,17,female,500,reported,
1.0,annual_population_estimates_by_age_sex_csv,1b7b14fa75cab035860dd865eedd72527a92dac1a9ca0fcf76bbb5a2b731e368,,2011/2024,derived,derived_from_2020_age_17_Male_and_Female,annual_estimates_sex_sum_v1,2020,17,all,1050,reported,
1.0,annual_population_estimates_by_age_sex_csv,1b7b14fa75cab035860dd865eedd72527a92dac1a9ca0fcf76bbb5a2b731e368,,2011/2024,observed,csv_row_2020_age_18_col_Male,annual_estimates_observed_v1,2020,18,male,480,reported,
1.0,annual_population_estimates_by_age_sex_csv,1b7b14fa75cab035860dd865eedd72527a92dac1a9ca0fcf76bbb5a2b731e368,,2011/2024,observed,csv_row_2020_age_18_col_Female,annual_estimates_observed_v1,2020,18,female,500,reported,
1.0,annual_population_estimates_by_age_sex_csv,1b7b14fa75cab035860dd865eedd72527a92dac1a9ca0fcf76bbb5a2b731e368,,2011/2024,derived,derived_from_2020_age_18_Male_and_Female,annual_estimates_sex_sum_v1,2020,18,all,980,reported,
1.0,annual_population_estimates_by_age_sex_csv,1b7b14fa75cab035860dd865eedd72527a92dac1a9ca0fcf76bbb5a2b731e368,,2011/2024,observed,csv_row_2020_age_19_col_Male,annual_estimates_observed_v1,2020,19,male,550,reported,
1.0,annual_population_estimates_by_age_sex_csv,1b7b14fa75cab035860dd865eedd72527a92dac1a9ca0fcf76bbb5a2b731e368,,2011/2024,observed,csv_row_2020_age_19_col_Female,annual_estimates_observed_v1,2020,19,female,520,reported,
1.0,annual_population_estimates_by_age_sex_csv,1b7b14fa75cab035860dd865eedd72527a92dac1a9ca0fcf76bbb5a2b731e368,,2011/2024,derived,derived_from_2020_age_19_Male_and_Female,annual_estimates_sex_sum_v1,2020,19,all,1070,reported,
1.0,annual_population_estimates_by_age_sex_csv,1b7b14fa75cab035860dd865eedd72527a92dac1a9ca0fcf76bbb5a2b731e368,,2011/2024,observed,csv_row_2020_age_20_col_Male,annual_estimates_observed_v1,2020,20,male,510,reported,
1.0,annual_population_estimates_by_age_sex_csv,1b7b14fa75cab035860dd865eedd72527a92dac1a9ca0fcf76bbb5a2b731e368,,2011/2024,observed,csv_row_2020_age_20_col_Female,annual_estimates_observed_v1,2020,20,female,500,reported,
1.0,annual_population_estimates_by_age_sex_csv,1b7b14fa75cab035860dd865eedd72527a92dac1a9ca0fcf76bbb5a2b731e368,,2011/2024,derived,derived_from_2020_age_20_Male_and_Female,annual_estimates_sex_sum_v1,2020,20,all,1010,reported,
1.0,annual_population_estimates_by_age_sex_csv,1b7b14fa75cab035860dd865eedd72527a92dac1a9ca0fcf76bbb5a2b731e368,,2011/2024,observed,csv_row_2020_age_21_col_Male,annual_estimates_observed_v1,2020,21,male,590,reported,
1.0,annual_population_estimates_by_age_sex_csv,1b7b14fa75cab035860dd865eedd72527a92dac1a9ca0fcf76bbb5a2b731e368,,2011/2024,observed,csv_row_2020_age_21_col_Female,annual_estimates_observed_v1,2020,21,female,540,reported,
1.0,annual_population_estimates_by_age_sex_csv,1b7b14fa75cab035860dd865eedd72527a92dac1a9ca0fcf76bbb5a2b731e368,,2011/2024,derived,derived_from_2020_age_21_Male_and_Female,annual_estimates_sex_sum_v1,2020,21,all,1130,reported,
1.0,annual_population_estimates_by_age_sex_csv,1b7b14fa75cab035860dd865eedd72527a92dac1a9ca0fcf76bbb5a2b731e368,,2011/2024,observed,csv_row_2020_age_22_col_Male,annual_estimates_observed_v1,2020,22,male,570,reported,
1.0,annual_population_estimates_by_age_sex_csv,1b7b14fa75cab035860dd865eedd72527a92dac1a9ca0fcf76bbb5a2b731e368,,2011/2024,observed,csv_row_2020_age_22_col_Female,annual_estimates_observed_v1,2020,22,female,560,reported,
1.0,annual_population_estimates_by_age_sex_csv,1b7b14fa75cab035860dd865eedd72527a92dac1a9ca0fcf76bbb5a2b731e368,,2011/2024,derived,derived_from_2020_age_22_Male_and_Female,annual_estimates_sex_sum_v1,2020,22,all,1130,reported,
1.0,annual_population_estimates_by_age_sex_csv,1b7b14fa75cab035860dd865eedd72527a92dac1a9ca0fcf76bbb5a2b731e368,,2011/2024,observed,csv_row_2020_age_23_col_Male,annual_estimates_observed_v1,2020,23,male,610,reported,
1.0,annual_population_estimates_by_age_sex_csv,1b7b14fa75cab035860dd865eedd72527a92dac1a9ca0fcf76bbb5a2b731e368,,2011/2024,observed,csv_row_2020_age_23_col_Female,annual_estimates_observed_v1,2020,23,female,550,reported,
1.0,annual_population_estimates_by_age_sex_csv,1b7b14fa75cab035860dd865eedd72527a92dac1a9ca0fcf76bbb5a2b731e368,,2011/2024,derived,derived_from_2020_age_23_Male_and_Female,annual_estimates_sex_sum_v1,2020,23,all,1160,reported,
1.0,annual_population_estimates_by_age_sex_csv,1b7b14fa75cab035860dd865eedd72527a92dac1a9ca0fcf76bbb5a2b731e368,,2011/2024,observed,csv_row_2020_age_24_col_Male,annual_estimates_observed_v1,2020,24,male,610,reported,
1.0,annual_population_estimates_by_age_sex_csv,1b7b14fa75cab035860dd865eedd72527a92dac1a9ca0fcf76bbb5a2b731e368,,2011/2024,observed,csv_row_2020_age_24_col_Female,annual_estimates_observed_v1,2020,24,female,570,reported,
1.0,annual_population_estimates_by_age_sex_csv,1b7b14fa75cab035860dd865eedd72527a92dac1a9ca0fcf76bbb5a2b731e368,,2011/2024,derived,derived_from_2020_age_24_Male_and_Female,annual_estimates_sex_sum_v1,2020,24,all,1180,reported,
1.0,annual_population_estimates_by_age_sex_csv,1b7b14fa75cab035860dd865eedd72527a92dac1a9ca0fcf76bbb5a2b731e368,,2011/2024,observed,csv_row_2020_age_25_col_Male,annual_estimates_observed_v1,2020,25,male,590,reported,
1.0,annual_population_estimates_by_age_sex_csv,1b7b14fa75cab035860dd865eedd72527a92dac1a9ca0fcf76bbb5a2b731e368,,2011/2024,observed,csv_row_2020_age_25_col_Female,annual_estimates_observed_v1,2020,25,female,520,reported,
1.0,annual_population_estimates_by_age_sex_csv,1b7b14fa75cab035860dd865eedd72527a92dac1a9ca0fcf76bbb5a2b731e368,,2011/2024,derived,derived_from_2020_age_25_Male_and_Female,annual_estimates_sex_sum_v1,2020,25,all,1110,reported,
1.0,annual_population_estimates_by_age_sex_csv,1b7b14fa75cab035860dd865eedd72527a92dac1a9ca0fcf76bbb5a2b731e368,,2011/2024,observed,csv_row_2020_age_26_col_Male,annual_estimates_observed_v1,2020,26,male,610,reported,
1.0,annual_population_estimates_by_age_sex_csv,1b7b14fa75cab035860dd865eedd72527a92dac1a9ca0fcf76bbb5a2b731e368,,2011/2024,observed,csv_row_2020_age_26_col_Female,annual_estimates_observed_v1,2020,26,female,610,reported,
1.0,annual_population_estimates_by_age_sex_csv,1b7b14fa75cab035860dd865eedd72527a92dac1a9ca0fcf76bbb5a2b731e368,,2011/2024,derived,derived_from_2020_age_26_Male_and_Female,annual_estimates_sex_sum_v1,2020,26,all,1220,reported,
1.0,annual_population_estimates_by_age_sex_csv,1b7b14fa75cab035860dd865eedd72527a92dac1a9ca0fcf76bbb5a2b731e368,,2011/2024,observed,csv_row_2020_age_27_col_Male,annual_estimates_observed_v1,2020,27,male,590,reported,
1.0,annual_population_estimates_by_age_sex_csv,1b7b14fa75cab035860dd865eedd72527a92dac1a9ca0fcf76bbb5a2b731e368,,2011/2024,observed,csv_row_2020_age_27_col_Female,annual_estimates_observed_v1,2020,27,female,580,reported,
1.0,annual_population_estimates_by_age_sex_csv,1b7b14fa75cab035860dd865eedd72527a92dac1a9ca0fcf76bbb5a2b731e368,,2011/2024,derived,derived_from_2020_age_27_Male_and_Female,annual_estimates_sex_sum_v1,2020,27,all,1170,reported,
1.0,annual_population_estimates_by_age_sex_csv,1b7b14fa75cab035860dd865eedd72527a92dac1a9ca0fcf76bbb5a2b731e368,,2011/2024,observed,csv_row_2020_age_28_col_Male,annual_estimates_observed_v1,2020,28,male,650,reported,
1.0,annual_population_estimates_by_age_sex_csv,1b7b14fa75cab035860dd865eedd72527a92dac1a9ca0fcf76bbb5a2b731e368,,2011/2024,observed,csv_row_2020_age_28_col_Female,annual_estimates_observed_v1,2020,28,female,610,reported,
1.0,annual_population_estimates_by_age_sex_csv,1b7b14fa75cab035860dd865eedd72527a92dac1a9ca0fcf76bbb5a2b731e368,,2011/2024,derived,derived_from_2020_age_28_Male_and_Female,annual_estimates_sex_sum_v1,2020,28,all,1260,reported,
1.0,annual_population_estimates_by_age_sex_csv,1b7b14fa75cab035860dd865eedd72527a92dac1a9ca0fcf76bbb5a2b731e368,,2011/2024,observed,csv_row_2020_age_29_col_Male,annual_estimates_observed_v1,2020,29,male,600,reported,
1.0,annual_population_estimates_by_age_sex_csv,1b7b14fa75cab035860dd865eedd72527a92dac1a9ca0fcf76bbb5a2b731e368,,2011/2024,observed,csv_row_2020_age_29_col_Female,annual_estimates_observed_v1,2020,29,female,650,reported,
1.0,annual_population_estimates_by_age_sex_csv,1b7b14fa75cab035860dd865eedd72527a92dac1a9ca0fcf76bbb5a2b731e368,,2011/2024,derived,derived_from_2020_age_29_Male_and_Female,annual_estimates_sex_sum_v1,2020,29,all,1250,reported,
1.0,annual_population_estimates_by_age_sex_csv,1b7b14fa75cab035860dd865eedd72527a92dac1a9ca0fcf76bbb5a2b731e368,,2011/2024,observed,csv_row_2020_age_30_col_Male,annual_estimates_observed_v1,2020,30,male,680,reported,
1.0,annual_population_estimates_by_age_sex_csv,1b7b14fa75cab035860dd865eedd72527a92dac1a9ca0fcf76bbb5a2b731e368,,2011/2024,observed,csv_row_2020_age_30_col_Female,annual_estimates_observed_v1,2020,30,female,650,reported,
1.0,annual_population_estimates_by_age_sex_csv,1b7b14fa75cab035860dd865eedd72527a92dac1a9ca0fcf76bbb5a2b731e368,,2011/2024,derived,derived_from_2020_age_30_Male_and_Female,annual_estimates_sex_sum_v1,2020,30,all,1330,reported,
1.0,annual_population_estimates_by_age_sex_csv,1b7b14fa75cab035860dd865eedd72527a92dac1a9ca0fcf76bbb5a2b731e368,,2011/2024,observed,csv_row_2020_age_31_col_Male,annual_estimates_observed_v1,2020,31,male,630,reported,
1.0,annual_population_estimates_by_age_sex_csv,1b7b14fa75cab035860dd865eedd72527a92dac1a9ca0fcf76bbb5a2b731e368,,2011/2024,observed,csv_row_2020_age_31_col_Female,annual_estimates_observed_v1,2020,31,female,660,reported,
1.0,annual_population_estimates_by_age_sex_csv,1b7b14fa75cab035860dd865eedd72527a92dac1a9ca0fcf76bbb5a2b731e368,,2011/2024,derived,derived_from_2020_age_31_Male_and_Female,annual_estimates_sex_sum_v1,2020,31,all,1290,reported,
1.0,annual_population_estimates_by_age_sex_csv,1b7b14fa75cab035860dd865eedd72527a92dac1a9ca0fcf76bbb5a2b731e368,,2011/2024,observed,csv_row_2020_age_32_col_Male,annual_estimates_observed_v1,2020,32,male,690,reported,
1.0,annual_population_estimates_by_age_sex_csv,1b7b14fa75cab035860dd865eedd72527a92dac1a9ca0fcf76bbb5a2b731e368,,2011/2024,observed,csv_row_2020_age_32_col_Female,annual_estimates_observed_v1,2020,32,female,710,reported,
1.0,annual_population_estimates_by_age_sex_csv,1b7b14fa75cab035860dd865eedd72527a92dac1a9ca0fcf76bbb5a2b731e368,,2011/2024,derived,derived_from_2020_age_32_Male_and_Female,annual_estimates_sex_sum_v1,2020,32,all,1400,reported,
1.0,annual_population_estimates_by_age_sex_csv,1b7b14fa75cab035860dd865eedd72527a92dac1a9ca0fcf76bbb5a2b731e368,,2011/2024,observed,csv_row_2020_age_33_col_Male,annual_estimates_observed_v1,2020,33,male,730,reported,
1.0,annual_population_estimates_by_age_sex_csv,1b7b14fa75cab035860dd865eedd72527a92dac1a9ca0fcf76bbb5a2b731e368,,2011/2024,observed,csv_row_2020_age_33_col_Female,annual_estimates_observed_v1,2020,33,female,670,reported,
1.0,annual_population_estimates_by_age_sex_csv,1b7b14fa75cab035860dd865eedd72527a92dac1a9ca0fcf76bbb5a2b731e368,,2011/2024,derived,derived_from_2020_age_33_Male_and_Female,annual_estimates_sex_sum_v1,2020,33,all,1400,reported,
1.0,annual_population_estimates_by_age_sex_csv,1b7b14fa75cab035860dd865eedd72527a92dac1a9ca0fcf76bbb5a2b731e368,,2011/2024,observed,csv_row_2020_age_34_col_Male,annual_estimates_observed_v1,2020,34,male,660,reported,
1.0,annual_population_estimates_by_age_sex_csv,1b7b14fa75cab035860dd865eedd72527a92dac1a9ca0fcf76bbb5a2b731e368,,2011/2024,observed,csv_row_2020_age_34_col_Female,annual_estimates_observed_v1,2020,34,female,680,reported,
1.0,annual_population_estimates_by_age_sex_csv,1b7b14fa75cab035860dd865eedd72527a92dac1a9ca0fcf76bbb5a2b731e368,,2011/2024,derived,derived_from_2020_age_34_Male_and_Female,annual_estimates_sex_sum_v1,2020,34,all,1340,reported,
1.0,annual_population_estimates_by_age_sex_csv,1b7b14fa75cab035860dd865eedd72527a92dac1a9ca0fcf76bbb5a2b731e368,,2011/2024,observed,csv_row_2020_age_35_col_Male,annual_estimates_observed_v1,2020,35,male,730,reported,
1.0,annual_population_estimates_by_age_sex_csv,1b7b14fa75cab035860dd865eedd72527a92dac1a9ca0fcf76bbb5a2b731e368,,2011/2024,observed,csv_row_2020_age_35_col_Female,annual_estimates_observed_v1,2020,35,female,670,reported,
1.0,annual_population_estimates_by_age_sex_csv,1b7b14fa75cab035860dd865eedd72527a92dac1a9ca0fcf76bbb5a2b731e368,,2011/2024,derived,derived_from_2020_age_35_Male_and_Female,annual_estimates_sex_sum_v1,2020,35,all,1400,reported,
1.0,annual_population_estimates_by_age_sex_csv,1b7b14fa75cab035860dd865eedd72527a92dac1a9ca0fcf76bbb5a2b731e368,,2011/2024,observed,csv_row_2020_age_36_col_Male,annual_estimates_observed_v1,2020,36,male,770,reported,
1.0,annual_population_estimates_by_age_sex_csv,1b7b14fa75cab035860dd865eedd72527a92dac1a9ca0fcf76bbb5a2b731e368,,2011/2024,observed,csv_row_2020_age_36_col_Female,annual_estimates_observed_v1,2020,36,female,770,reported,
1.0,annual_population_estimates_by_age_sex_csv,1b7b14fa75cab035860dd865eedd72527a92dac1a9ca0fcf76bbb5a2b731e368,,2011/2024,derived,derived_from_2020_age_36_Male_and_Female,annual_estimates_sex_sum_v1,2020,36,all,1540,reported,
1.0,annual_population_estimates_by_age_sex_csv,1b7b14fa75cab035860dd865eedd72527a92dac1a9ca0fcf76bbb5a2b731e368,,2011/2024,observed,csv_row_2020_age_37_col_Male,annual_estimates_observed_v1,2020,37,male,760,reported,
1.0,annual_population_estimates_by_age_sex_csv,1b7b14fa75cab035860dd865eedd72527a92dac1a9ca0fcf76bbb5a2b731e368,,2011/2024,observed,csv_row_2020_age_37_col_Female,annual_estimates_observed_v1,2020,37,female,770,reported,
1.0,annual_population_estimates_by_age_sex_csv,1b7b14fa75cab035860dd865eedd72527a92dac1a9ca0fcf76bbb5a2b731e368,,2011/2024,derived,derived_from_2020_age_37_Male_and_Female,annual_estimates_sex_sum_v1,2020,37,all,1530,reported,
1.0,annual_population_estimates_by_age_sex_csv,1b7b14fa75cab035860dd865eedd72527a92dac1a9ca0fcf76bbb5a2b731e368,,2011/2024,observed,csv_row_2020_age_38_col_Male,annual_estimates_observed_v1,2020,38,male,790,reported,
1.0,annual_population_estimates_by_age_sex_csv,1b7b14fa75cab035860dd865eedd72527a92dac1a9ca0fcf76bbb5a2b731e368,,2011/2024,observed,csv_row_2020_age_38_col_Female,annual_estimates_observed_v1,2020,38,female,730,reported,
1.0,annual_population_estimates_by_age_sex_csv,1b7b14fa75cab035860dd865eedd72527a92dac1a9ca0fcf76bbb5a2b731e368,,2011/2024,derived,derived_from_2020_age_38_Male_and_Female,annual_estimates_sex_sum_v1,2020,38,all,1520,reported,
1.0,annual_population_estimates_by_age_sex_csv,1b7b14fa75cab035860dd865eedd72527a92dac1a9ca0fcf76bbb5a2b731e368,,2011/2024,observed,csv_row_2020_age_39_col_Male,annual_estimates_observed_v1,2020,39,male,760,reported,
1.0,annual_population_estimates_by_age_sex_csv,1b7b14fa75cab035860dd865eedd72527a92dac1a9ca0fcf76bbb5a2b731e368,,2011/2024,observed,csv_row_2020_age_39_col_Female,annual_estimates_observed_v1,2020,39,female,800,reported,
1.0,annual_population_estimates_by_age_sex_csv,1b7b14fa75cab035860dd865eedd72527a92dac1a9ca0fcf76bbb5a2b731e368,,2011/2024,derived,derived_from_2020_age_39_Male_and_Female,annual_estimates_sex_sum_v1,2020,39,all,1560,reported,
1.0,annual_population_estimates_by_age_sex_csv,1b7b14fa75cab035860dd865eedd72527a92dac1a9ca0fcf76bbb5a2b731e368,,2011/2024,observed,csv_row_2020_age_40_col_Male,annual_estimates_observed_v1,2020,40,male,790,reported,
1.0,annual_population_estimates_by_age_sex_csv,1b7b14fa75cab035860dd865eedd72527a92dac1a9ca0fcf76bbb5a2b731e368,,2011/2024,observed,csv_row_2020_age_40_col_Female,annual_estimates_observed_v1,2020,40,female,790,reported,
1.0,annual_population_estimates_by_age_sex_csv,1b7b14fa75cab035860dd865eedd72527a92dac1a9ca0fcf76bbb5a2b731e368,,2011/2024,derived,derived_from_2020_age_40_Male_and_Female,annual_estimates_sex_sum_v1,2020,40,all,1580,reported,
1.0,annual_population_estimates_by_age_sex_csv,1b7b14fa75cab035860dd865eedd72527a92dac1a9ca0fcf76bbb5a2b731e368,,2011/2024,observed,csv_row_2020_age_41_col_Male,annual_estimates_observed_v1,2020,41,male,780,reported,
1.0,annual_population_estimates_by_age_sex_csv,1b7b14fa75cab035860dd865eedd72527a92dac1a9ca0fcf76bbb5a2b731e368,,2011/2024,observed,csv_row_2020_age_41_col_Female,annual_estimates_observed_v1,2020,41,female,800,reported,
1.0,annual_population_estimates_by_age_sex_csv,1b7b14fa75cab035860dd865eedd72527a92dac1a9ca0fcf76bbb5a2b731e368,,2011/2024,derived,derived_from_2020_age_41_Male_and_Female,annual_estimates_sex_sum_v1,2020,41,all,1580,reported,
1.0,annual_population_estimates_by_age_sex_csv,1b7b14fa75cab035860dd865eedd72527a92dac1a9ca0fcf76bbb5a2b731e368,,2011/2024,observed,csv_row_2020_age_42_col_Male,annual_estimates_observed_v1,2020,42,male,730,reported,
1.0,annual_population_estimates_by_age_sex_csv,1b7b14fa75cab035860dd865eedd72527a92dac1a9ca0fcf76bbb5a2b731e368,,2011/2024,observed,csv_row_2020_age_42_col_Female,annual_estimates_observed_v1,2020,42,female,700,reported,
1.0,annual_population_estimates_by_age_sex_csv,1b7b14fa75cab035860dd865eedd72527a92dac1a9ca0fcf76bbb5a2b731e368,,2011/2024,derived,derived_from_2020_age_42_Male_and_Female,annual_estimates_sex_sum_v1,2020,42,all,1430,reported,
1.0,annual_population_estimates_by_age_sex_csv,1b7b14fa75cab035860dd865eedd72527a92dac1a9ca0fcf76bbb5a2b731e368,,2011/2024,observed,csv_row_2020_age_43_col_Male,annual_estimates_observed_v1,2020,43,male,770,reported,
1.0,annual_population_estimates_by_age_sex_csv,1b7b14fa75cab035860dd865eedd72527a92dac1a9ca0fcf76bbb5a2b731e368,,2011/2024,observed,csv_row_2020_age_43_col_Female,annual_estimates_observed_v1,2020,43,female,760,reported,
1.0,annual_population_estimates_by_age_sex_csv,1b7b14fa75cab035860dd865eedd72527a92dac1a9ca0fcf76bbb5a2b731e368,,2011/2024,derived,derived_from_2020_age_43_Male_and_Female,annual_estimates_sex_sum_v1,2020,43,all,1530,reported,
1.0,annual_population_estimates_by_age_sex_csv,1b7b14fa75cab035860dd865eedd72527a92dac1a9ca0fcf76bbb5a2b731e368,,2011/2024,observed,csv_row_2020_age_44_col_Male,annual_estimates_observed_v1,2020,44,male,730,reported,
1.0,annual_population_estimates_by_age_sex_csv,1b7b14fa75cab035860dd865eedd72527a92dac1a9ca0fcf76bbb5a2b731e368,,2011/2024,observed,csv_row_2020_age_44_col_Female,annual_estimates_observed_v1,2020,44,female,720,reported,
1.0,annual_population_estimates_by_age_sex_csv,1b7b14fa75cab035860dd865eedd72527a92dac1a9ca0fcf76bbb5a2b731e368,,2011/2024,derived,derived_from_2020_age_44_Male_and_Female,annual_estimates_sex_sum_v1,2020,44,all,1450,reported,
1.0,annual_population_estimates_by_age_sex_csv,1b7b14fa75cab035860dd865eedd72527a92dac1a9ca0fcf76bbb5a2b731e368,,2011/2024,observed,csv_row_2020_age_45_col_Male,annual_estimates_observed_v1,2020,45,male,750,reported,
1.0,annual_population_estimates_by_age_sex_csv,1b7b14fa75cab035860dd865eedd72527a92dac1a9ca0fcf76bbb5a2b731e368,,2011/2024,observed,csv_row_2020_age_45_col_Female,annual_estimates_observed_v1,2020,45,female,750,reported,
1.0,annual_population_estimates_by_age_sex_csv,1b7b14fa75cab035860dd865eedd72527a92dac1a9ca0fcf76bbb5a2b731e368,,2011/2024,derived,derived_from_2020_age_45_Male_and_Female,annual_estimates_sex_sum_v1,2020,45,all,1500,reported,
1.0,annual_population_estimates_by_age_sex_csv,1b7b14fa75cab035860dd865eedd72527a92dac1a9ca0fcf76bbb5a2b731e368,,2011/2024,observed,csv_row_2020_age_46_col_Male,annual_estimates_observed_v1,2020,46,male,750,reported,
1.0,annual_population_estimates_by_age_sex_csv,1b7b14fa75cab035860dd865eedd72527a92dac1a9ca0fcf76bbb5a2b731e368,,2011/2024,observed,csv_row_2020_age_46_col_Female,annual_estimates_observed_v1,2020,46,female,740,reported,
1.0,annual_population_estimates_by_age_sex_csv,1b7b14fa75cab035860dd865eedd72527a92dac1a9ca0fcf76bbb5a2b731e368,,2011/2024,derived,derived_from_2020_age_46_Male_and_Female,annual_estimates_sex_sum_v1,2020,46,all,1490,reported,
1.0,annual_population_estimates_by_age_sex_csv,1b7b14fa75cab035860dd865eedd72527a92dac1a9ca0fcf76bbb5a2b731e368,,2011/2024,observed,csv_row_2020_age_47_col_Male,annual_estimates_observed_v1,2020,47,male,760,reported,
1.0,annual_population_estimates_by_age_sex_csv,1b7b14fa75cab035860dd865eedd72527a92dac1a9ca0fcf76bbb5a2b731e368,,2011/2024,observed,csv_row_2020_age_47_col_Female,annual_estimates_observed_v1,2020,47,female,720,reported,
1.0,annual_population_estimates_by_age_sex_csv,1b7b14fa75cab035860dd865eedd72527a92dac1a9ca0fcf76bbb5a2b731e368,,2011/2024,derived,derived_from_2020_age_47_Male_and_Female,annual_estimates_sex_sum_v1,2020,47,all,1480,reported,
1.0,annual_population_estimates_by_age_sex_csv,1b7b14fa75cab035860dd865eedd72527a92dac1a9ca0fcf76bbb5a2b731e368,,2011/2024,observed,csv_row_2020_age_48_col_Male,annual_estimates_observed_v1,2020,48,male,740,reported,
1.0,annual_population_estimates_by_age_sex_csv,1b7b14fa75cab035860dd865eedd72527a92dac1a9ca0fcf76bbb5a2b731e368,,2011/2024,observed,csv_row_2020_age_48_col_Female,annual_estimates_observed_v1,2020,48,female,770,reported,
1.0,annual_population_estimates_by_age_sex_csv,1b7b14fa75cab035860dd865eedd72527a92dac1a9ca0fcf76bbb5a2b731e368,,2011/2024,derived,derived_from_2020_age_48_Male_and_Female,annual_estimates_sex_sum_v1,2020,48,all,1510,reported,
1.0,annual_population_estimates_by_age_sex_csv,1b7b14fa75cab035860dd865eedd72527a92dac1a9ca0fcf76bbb5a2b731e368,,2011/2024,observed,csv_row_2020_age_49_col_Male,annual_estimates_observed_v1,2020,49,male,830,reported,
1.0,annual_population_estimates_by_age_sex_csv,1b7b14fa75cab035860dd865eedd72527a92dac1a9ca0fcf76bbb5a2b731e368,,2011/2024,observed,csv_row_2020_age_49_col_Female,annual_estimates_observed_v1,2020,49,female,820,reported,
1.0,annual_population_estimates_by_age_sex_csv,1b7b14fa75cab035860dd865eedd72527a92dac1a9ca0fcf76bbb5a2b731e368,,2011/2024,derived,derived_from_2020_age_49_Male_and_Female,annual_estimates_sex_sum_v1,2020,49,all,1650,reported,
1.0,annual_population_estimates_by_age_sex_csv,1b7b14fa75cab035860dd865eedd72527a92dac1a9ca0fcf76bbb5a2b731e368,,2011/2024,observed,csv_row_2020_age_50_col_Male,annual_estimates_observed_v1,2020,50,male,830,reported,
1.0,annual_population_estimates_by_age_sex_csv,1b7b14fa75cab035860dd865eedd72527a92dac1a9ca0fcf76bbb5a2b731e368,,2011/2024,observed,csv_row_2020_age_50_col_Female,annual_estimates_observed_v1,2020,50,female,810,reported,
1.0,annual_population_estimates_by_age_sex_csv,1b7b14fa75cab035860dd865eedd72527a92dac1a9ca0fcf76bbb5a2b731e368,,2011/2024,derived,derived_from_2020_age_50_Male_and_Female,annual_estimates_sex_sum_v1,2020,50,all,1640,reported,
1.0,annual_population_estimates_by_age_sex_csv,1b7b14fa75cab035860dd865eedd72527a92dac1a9ca0fcf76bbb5a2b731e368,,2011/2024,observed,csv_row_2020_age_51_col_Male,annual_estimates_observed_v1,2020,51,male,820,reported,
1.0,annual_population_estimates_by_age_sex_csv,1b7b14fa75cab035860dd865eedd72527a92dac1a9ca0fcf76bbb5a2b731e368,,2011/2024,observed,csv_row_2020_age_51_col_Female,annual_estimates_observed_v1,2020,51,female,850,reported,
1.0,annual_population_estimates_by_age_sex_csv,1b7b14fa75cab035860dd865eedd72527a92dac1a9ca0fcf76bbb5a2b731e368,,2011/2024,derived,derived_from_2020_age_51_Male_and_Female,annual_estimates_sex_sum_v1,2020,51,all,1670,reported,
1.0,annual_population_estimates_by_age_sex_csv,1b7b14fa75cab035860dd865eedd72527a92dac1a9ca0fcf76bbb5a2b731e368,,2011/2024,observed,csv_row_2020_age_52_col_Male,annual_estimates_observed_v1,2020,52,male,920,reported,
1.0,annual_population_estimates_by_age_sex_csv,1b7b14fa75cab035860dd865eedd72527a92dac1a9ca0fcf76bbb5a2b731e368,,2011/2024,observed,csv_row_2020_age_52_col_Female,annual_estimates_observed_v1,2020,52,female,810,reported,
1.0,annual_population_estimates_by_age_sex_csv,1b7b14fa75cab035860dd865eedd72527a92dac1a9ca0fcf76bbb5a2b731e368,,2011/2024,derived,derived_from_2020_age_52_Male_and_Female,annual_estimates_sex_sum_v1,2020,52,all,1730,reported,
1.0,annual_population_estimates_by_age_sex_csv,1b7b14fa75cab035860dd865eedd72527a92dac1a9ca0fcf76bbb5a2b731e368,,2011/2024,observed,csv_row_2020_age_53_col_Male,annual_estimates_observed_v1,2020,53,male,840,reported,
1.0,annual_population_estimates_by_age_sex_csv,1b7b14fa75cab035860dd865eedd72527a92dac1a9ca0fcf76bbb5a2b731e368,,2011/2024,observed,csv_row_2020_age_53_col_Female,annual_estimates_observed_v1,2020,53,female,860,reported,
1.0,annual_population_estimates_by_age_sex_csv,1b7b14fa75cab035860dd865eedd72527a92dac1a9ca0fcf76bbb5a2b731e368,,2011/2024,derived,derived_from_2020_age_53_Male_and_Female,annual_estimates_sex_sum_v1,2020,53,all,1700,reported,
1.0,annual_population_estimates_by_age_sex_csv,1b7b14fa75cab035860dd865eedd72527a92dac1a9ca0fcf76bbb5a2b731e368,,2011/2024,observed,csv_row_2020_age_54_col_Male,annual_estimates_observed_v1,2020,54,male,840,reported,
1.0,annual_population_estimates_by_age_sex_csv,1b7b14fa75cab035860dd865eedd72527a92dac1a9ca0fcf76bbb5a2b731e368,,2011/2024,observed,csv_row_2020_age_54_col_Female,annual_estimates_observed_v1,2020,54,female,870,reported,
1.0,annual_population_estimates_by_age_sex_csv,1b7b14fa75cab035860dd865eedd72527a92dac1a9ca0fcf76bbb5a2b731e368,,2011/2024,derived,derived_from_2020_age_54_Male_and_Female,annual_estimates_sex_sum_v1,2020,54,all,1710,reported,
1.0,annual_population_estimates_by_age_sex_csv,1b7b14fa75cab035860dd865eedd72527a92dac1a9ca0fcf76bbb5a2b731e368,,2011/2024,observed,csv_row_2020_age_55_col_Male,annual_estimates_observed_v1,2020,55,male,870,reported,
1.0,annual_population_estimates_by_age_sex_csv,1b7b14fa75cab035860dd865eedd72527a92dac1a9ca0fcf76bbb5a2b731e368,,2011/2024,observed,csv_row_2020_age_55_col_Female,annual_estimates_observed_v1,2020,55,female,840,reported,
1.0,annual_population_estimates_by_age_sex_csv,1b7b14fa75cab035860dd865eedd72527a92dac1a9ca0fcf76bbb5a2b731e368,,2011/2024,derived,derived_from_2020_age_55_Male_and_Female,annual_estimates_sex_sum_v1,2020,55,all,1710,reported,
1.0,annual_population_estimates_by_age_sex_csv,1b7b14fa75cab035860dd865eedd72527a92dac1a9ca0fcf76bbb5a2b731e368,,2011/2024,observed,csv_row_2020_age_56_col_Male,annual_estimates_observed_v1,2020,56,male,860,reported,
1.0,annual_population_estimates_by_age_sex_csv,1b7b14fa75cab035860dd865eedd72527a92dac1a9ca0fcf76bbb5a2b731e368,,2011/2024,observed,csv_row_2020_age_56_col_Female,annual_estimates_observed_v1,2020,56,female,860,reported,
1.0,annual_population_estimates_by_age_sex_csv,1b7b14fa75cab035860dd865eedd72527a92dac1a9ca0fcf76bbb5a2b731e368,,2011/2024,derived,derived_from_2020_age_56_Male_and_Female,annual_estimates_sex_sum_v1,2020,56,all,1720,reported,
1.0,annual_population_estimates_by_age_sex_csv,1b7b14fa75cab035860dd865eedd72527a92dac1a9ca0fcf76bbb5a2b731e368,,2011/2024,observed,csv_row_2020_age_57_col_Male,annual_estimates_observed_v1,2020,57,male,820,reported,
1.0,annual_population_estimates_by_age_sex_csv,1b7b14fa75cab035860dd865eedd72527a92dac1a9ca0fcf76bbb5a2b731e368,,2011/2024,observed,csv_row_2020_age_57_col_Female,annual_estimates_observed_v1,2020,57,female,790,reported,
1.0,annual_population_estimates_by_age_sex_csv,1b7b14fa75cab035860dd865eedd72527a92dac1a9ca0fcf76bbb5a2b731e368,,2011/2024,derived,derived_from_2020_age_57_Male_and_Female,annual_estimates_sex_sum_v1,2020,57,all,1610,reported,
1.0,annual_population_estimates_by_age_sex_csv,1b7b14fa75cab035860dd865eedd72527a92dac1a9ca0fcf76bbb5a2b731e368,,2011/2024,observed,csv_row_2020_age_58_col_Male,annual_estimates_observed_v1,2020,58,male,780,reported,
1.0,annual_population_estimates_by_age_sex_csv,1b7b14fa75cab035860dd865eedd72527a92dac1a9ca0fcf76bbb5a2b731e368,,2011/2024,observed,csv_row_2020_age_58_col_Female,annual_estimates_observed_v1,2020,58,female,760,reported,
1.0,annual_population_estimates_by_age_sex_csv,1b7b14fa75cab035860dd865eedd72527a92dac1a9ca0fcf76bbb5a2b731e368,,2011/2024,derived,derived_from_2020_age_58_Male_and_Female,annual_estimates_sex_sum_v1,2020,58,all,1540,reported,
1.0,annual_population_estimates_by_age_sex_csv,1b7b14fa75cab035860dd865eedd72527a92dac1a9ca0fcf76bbb5a2b731e368,,2011/2024,observed,csv_row_2020_age_59_col_Male,annual_estimates_observed_v1,2020,59,male,740,reported,
1.0,annual_population_estimates_by_age_sex_csv,1b7b14fa75cab035860dd865eedd72527a92dac1a9ca0fcf76bbb5a2b731e368,,2011/2024,observed,csv_row_2020_age_59_col_Female,annual_estimates_observed_v1,2020,59,female,710,reported,
1.0,annual_population_estimates_by_age_sex_csv,1b7b14fa75cab035860dd865eedd72527a92dac1a9ca0fcf76bbb5a2b731e368,,2011/2024,derived,derived_from_2020_age_59_Male_and_Female,annual_estimates_sex_sum_v1,2020,59,all,1450,reported,
1.0,annual_population_estimates_by_age_sex_csv,1b7b14fa75cab035860dd865eedd72527a92dac1a9ca0fcf76bbb5a2b731e368,,2011/2024,observed,csv_row_2020_age_60_col_Male,annual_estimates_observed_v1,2020,60,male,720,reported,
1.0,annual_population_estimates_by_age_sex_csv,1b7b14fa75cab035860dd865eedd72527a92dac1a9ca0fcf76bbb5a2b731e368,,2011/2024,observed,csv_row_2020_age_60_col_Female,annual_estimates_observed_v1,2020,60,female,690,reported,
1.0,annual_population_estimates_by_age_sex_csv,1b7b14fa75cab035860dd865eedd72527a92dac1a9ca0fcf76bbb5a2b731e368,,2011/2024,derived,derived_from_2020_age_60_Male_and_Female,annual_estimates_sex_sum_v1,2020,60,all,1410,reported,
1.0,annual_population_estimates_by_age_sex_csv,1b7b14fa75cab035860dd865eedd72527a92dac1a9ca0fcf76bbb5a2b731e368,,2011/2024,observed,csv_row_2020_age_61_col_Male,annual_estimates_observed_v1,2020,61,male,630,reported,
1.0,annual_population_estimates_by_age_sex_csv,1b7b14fa75cab035860dd865eedd72527a92dac1a9ca0fcf76bbb5a2b731e368,,2011/2024,observed,csv_row_2020_age_61_col_Female,annual_estimates_observed_v1,2020,61,female,690,reported,
1.0,annual_population_estimates_by_age_sex_csv,1b7b14fa75cab035860dd865eedd72527a92dac1a9ca0fcf76bbb5a2b731e368,,2011/2024,derived,derived_from_2020_age_61_Male_and_Female,annual_estimates_sex_sum_v1,2020,61,all,1320,reported,
1.0,annual_population_estimates_by_age_sex_csv,1b7b14fa75cab035860dd865eedd72527a92dac1a9ca0fcf76bbb5a2b731e368,,2011/2024,observed,csv_row_2020_age_62_col_Male,annual_estimates_observed_v1,2020,62,male,670,reported,
1.0,annual_population_estimates_by_age_sex_csv,1b7b14fa75cab035860dd865eedd72527a92dac1a9ca0fcf76bbb5a2b731e368,,2011/2024,observed,csv_row_2020_age_62_col_Female,annual_estimates_observed_v1,2020,62,female,700,reported,
1.0,annual_population_estimates_by_age_sex_csv,1b7b14fa75cab035860dd865eedd72527a92dac1a9ca0fcf76bbb5a2b731e368,,2011/2024,derived,derived_from_2020_age_62_Male_and_Female,annual_estimates_sex_sum_v1,2020,62,all,1370,reported,
1.0,annual_population_estimates_by_age_sex_csv,1b7b14fa75cab035860dd865eedd72527a92dac1a9ca0fcf76bbb5a2b731e368,,2011/2024,observed,csv_row_2020_age_63_col_Male,annual_estimates_observed_v1,2020,63,male,620,reported,
1.0,annual_population_estimates_by_age_sex_csv,1b7b14fa75cab035860dd865eedd72527a92dac1a9ca0fcf76bbb5a2b731e368,,2011/2024,observed,csv_row_2020_age_63_col_Female,annual_estimates_observed_v1,2020,63,female,640,reported,
1.0,annual_population_estimates_by_age_sex_csv,1b7b14fa75cab035860dd865eedd72527a92dac1a9ca0fcf76bbb5a2b731e368,,2011/2024,derived,derived_from_2020_age_63_Male_and_Female,annual_estimates_sex_sum_v1,2020,63,all,1260,reported,
1.0,annual_population_estimates_by_age_sex_csv,1b7b14fa75cab035860dd865eedd72527a92dac1a9ca0fcf76bbb5a2b731e368,,2011/2024,observed,csv_row_2020_age_64_col_Male,annual_estimates_observed_v1,2020,64,male,600,reported,
1.0,annual_population_estimates_by_age_sex_csv,1b7b14fa75cab035860dd865eedd72527a92dac1a9ca0fcf76bbb5a2b731e368,,2011/2024,observed,csv_row_2020_age_64_col_Female,annual_estimates_observed_v1,2020,64,female,590,reported,
1.0,annual_population_estimates_by_age_sex_csv,1b7b14fa75cab035860dd865eedd72527a92dac1a9ca0fcf76bbb5a2b731e368,,2011/2024,derived,derived_from_2020_age_64_Male_and_Female,annual_estimates_sex_sum_v1,2020,64,all,1190,reported,
1.0,annual_population_estimates_by_age_sex_csv,1b7b14fa75cab035860dd865eedd72527a92dac1a9ca0fcf76bbb5a2b731e368,,2011/2024,observed,csv_row_2020_age_65_col_Male,annual_estimates_observed_v1,2020,65,male,530,reported,
1.0,annual_population_estimates_by_age_sex_csv,1b7b14fa75cab035860dd865eedd72527a92dac1a9ca0fcf76bbb5a2b731e368,,2011/2024,observed,csv_row_2020_age_65_col_Female,annual_estimates_observed_v1,2020,65,female,580,reported,
1.0,annual_population_estimates_by_age_sex_csv,1b7b14fa75cab035860dd865eedd72527a92dac1a9ca0fcf76bbb5a2b731e368,,2011/2024,derived,derived_from_2020_age_65_Male_and_Female,annual_estimates_sex_sum_v1,2020,65,all,1110,reported,
1.0,annual_population_estimates_by_age_sex_csv,1b7b14fa75cab035860dd865eedd72527a92dac1a9ca0fcf76bbb5a2b731e368,,2011/2024,observed,csv_row_2020_age_66_col_Male,annual_estimates_observed_v1,2020,66,male,550,reported,
1.0,annual_population_estimates_by_age_sex_csv,1b7b14fa75cab035860dd865eedd72527a92dac1a9ca0fcf76bbb5a2b731e368,,2011/2024,observed,csv_row_2020_age_66_col_Female,annual_estimates_observed_v1,2020,66,female,550,reported,
1.0,annual_population_estimates_by_age_sex_csv,1b7b14fa75cab035860dd865eedd72527a92dac1a9ca0fcf76bbb5a2b731e368,,2011/2024,derived,derived_from_2020_age_66_Male_and_Female,annual_estimates_sex_sum_v1,2020,66,all,1100,reported,
1.0,annual_population_estimates_by_age_sex_csv,1b7b14fa75cab035860dd865eedd72527a92dac1a9ca0fcf76bbb5a2b731e368,,2011/2024,observed,csv_row_2020_age_67_col_Male,annual_estimates_observed_v1,2020,67,male,520,reported,
1.0,annual_population_estimates_by_age_sex_csv,1b7b14fa75cab035860dd865eedd72527a92dac1a9ca0fcf76bbb5a2b731e368,,2011/2024,observed,csv_row_2020_age_67_col_Female,annual_estimates_observed_v1,2020,67,female,540,reported,
1.0,annual_population_estimates_by_age_sex_csv,1b7b14fa75cab035860dd865eedd72527a92dac1a9ca0fcf76bbb5a2b731e368,,2011/2024,derived,derived_from_2020_age_67_Male_and_Female,annual_estimates_sex_sum_v1,2020,67,all,1060,reported,
1.0,annual_population_estimates_by_age_sex_csv,1b7b14fa75cab035860dd865eedd72527a92dac1a9ca0fcf76bbb5a2b731e368,,2011/2024,observed,csv_row_2020_age_68_col_Male,annual_estimates_observed_v1,2020,68,male,460,reported,
1.0,annual_population_estimates_by_age_sex_csv,1b7b14fa75cab035860dd865eedd72527a92dac1a9ca0fcf76bbb5a2b731e368,,2011/2024,observed,csv_row_2020_age_68_col_Female,annual_estimates_observed_v1,2020,68,female,550,reported,
1.0,annual_population_estimates_by_age_sex_csv,1b7b14fa75cab035860dd865eedd72527a92dac1a9ca0fcf76bbb5a2b731e368,,2011/2024,derived,derived_from_2020_age_68_Male_and_Female,annual_estimates_sex_sum_v1,2020,68,all,1010,reported,
1.0,annual_population_estimates_by_age_sex_csv,1b7b14fa75cab035860dd865eedd72527a92dac1a9ca0fcf76bbb5a2b731e368,,2011/2024,observed,csv_row_2020_age_69_col_Male,annual_estimates_observed_v1,2020,69,male,500,reported,
1.0,annual_population_estimates_by_age_sex_csv,1b7b14fa75cab035860dd865eedd72527a92dac1a9ca0fcf76bbb5a2b731e368,,2011/2024,observed,csv_row_2020_age_69_col_Female,annual_estimates_observed_v1,2020,69,female,530,reported,
1.0,annual_population_estimates_by_age_sex_csv,1b7b14fa75cab035860dd865eedd72527a92dac1a9ca0fcf76bbb5a2b731e368,,2011/2024,derived,derived_from_2020_age_69_Male_and_Female,annual_estimates_sex_sum_v1,2020,69,all,1030,reported,
1.0,annual_population_estimates_by_age_sex_csv,1b7b14fa75cab035860dd865eedd72527a92dac1a9ca0fcf76bbb5a2b731e368,,2011/2024,observed,csv_row_2020_age_70_col_Male,annual_estimates_observed_v1,2020,70,male,490,reported,
1.0,annual_population_estimates_by_age_sex_csv,1b7b14fa75cab035860dd865eedd72527a92dac1a9ca0fcf76bbb5a2b731e368,,2011/2024,observed,csv_row_2020_age_70_col_Female,annual_estimates_observed_v1,2020,70,female,500,reported,
1.0,annual_population_estimates_by_age_sex_csv,1b7b14fa75cab035860dd865eedd72527a92dac1a9ca0fcf76bbb5a2b731e368,,2011/2024,derived,derived_from_2020_age_70_Male_and_Female,annual_estimates_sex_sum_v1,2020,70,all,990,reported,
1.0,annual_population_estimates_by_age_sex_csv,1b7b14fa75cab035860dd865eedd72527a92dac1a9ca0fcf76bbb5a2b731e368,,2011/2024,observed,csv_row_2020_age_71_col_Male,annual_estimates_observed_v1,2020,71,male,460,reported,
1.0,annual_population_estimates_by_age_sex_csv,1b7b14fa75cab035860dd865eedd72527a92dac1a9ca0fcf76bbb5a2b731e368,,2011/2024,observed,csv_row_2020_age_71_col_Female,annual_estimates_observed_v1,2020,71,female,500,reported,
1.0,annual_population_estimates_by_age_sex_csv,1b7b14fa75cab035860dd865eedd72527a92dac1a9ca0fcf76bbb5a2b731e368,,2011/2024,derived,derived_from_2020_age_71_Male_and_Female,annual_estimates_sex_sum_v1,2020,71,all,960,reported,
1.0,annual_population_estimates_by_age_sex_csv,1b7b14fa75cab035860dd865eedd72527a92dac1a9ca0fcf76bbb5a2b731e368,,2011/2024,observed,csv_row_2020_age_72_col_Male,annual_estimates_observed_v1,2020,72,male,470,reported,
1.0,annual_population_estimates_by_age_sex_csv,1b7b14fa75cab035860dd865eedd72527a92dac1a9ca0fcf76bbb5a2b731e368,,2011/2024,observed,csv_row_2020_age_72_col_Female,annual_estimates_observed_v1,2020,72,female,510,reported,
1.0,annual_population_estimates_by_age_sex_csv,1b7b14fa75cab035860dd865eedd72527a92dac1a9ca0fcf76bbb5a2b731e368,,2011/2024,derived,derived_from_2020_age_72_Male_and_Female,annual_estimates_sex_sum_v1,2020,72,all,980,reported,
1.0,annual_population_estimates_by_age_sex_csv,1b7b14fa75cab035860dd865eedd72527a92dac1a9ca0fcf76bbb5a2b731e368,,2011/2024,observed,csv_row_2020_age_73_col_Male,annual_estimates_observed_v1,2020,73,male,490,reported,
1.0,annual_population_estimates_by_age_sex_csv,1b7b14fa75cab035860dd865eedd72527a92dac1a9ca0fcf76bbb5a2b731e368,,2011/2024,observed,csv_row_2020_age_73_col_Female,annual_estimates_observed_v1,2020,73,female,510,reported,
1.0,annual_population_estimates_by_age_sex_csv,1b7b14fa75cab035860dd865eedd72527a92dac1a9ca0fcf76bbb5a2b731e368,,2011/2024,derived,derived_from_2020_age_73_Male_and_Female,annual_estimates_sex_sum_v1,2020,73,all,1000,reported,
1.0,annual_population_estimates_by_age_sex_csv,1b7b14fa75cab035860dd865eedd72527a92dac1a9ca0fcf76bbb5a2b731e368,,2011/2024,observed,csv_row_2020_age_74_col_Male,annual_estimates_observed_v1,2020,74,male,430,reported,
1.0,annual_population_estimates_by_age_sex_csv,1b7b14fa75cab035860dd865eedd72527a92dac1a9ca0fcf76bbb5a2b731e368,,2011/2024,observed,csv_row_2020_age_74_col_Female,annual_estimates_observed_v1,2020,74,female,500,reported,
1.0,annual_population_estimates_by_age_sex_csv,1b7b14fa75cab035860dd865eedd72527a92dac1a9ca0fcf76bbb5a2b731e368,,2011/2024,derived,derived_from_2020_age_74_Male_and_Female,annual_estimates_sex_sum_v1,2020,74,all,930,reported,
1.0,annual_population_estimates_by_age_sex_csv,1b7b14fa75cab035860dd865eedd72527a92dac1a9ca0fcf76bbb5a2b731e368,,2011/2024,observed,csv_row_2020_age_75_col_Male,annual_estimates_observed_v1,2020,75,male,330,reported,
1.0,annual_population_estimates_by_age_sex_csv,1b7b14fa75cab035860dd865eedd72527a92dac1a9ca0fcf76bbb5a2b731e368,,2011/2024,observed,csv_row_2020_age_75_col_Female,annual_estimates_observed_v1,2020,75,female,380,reported,
1.0,annual_population_estimates_by_age_sex_csv,1b7b14fa75cab035860dd865eedd72527a92dac1a9ca0fcf76bbb5a2b731e368,,2011/2024,derived,derived_from_2020_age_75_Male_and_Female,annual_estimates_sex_sum_v1,2020,75,all,710,reported,
1.0,annual_population_estimates_by_age_sex_csv,1b7b14fa75cab035860dd865eedd72527a92dac1a9ca0fcf76bbb5a2b731e368,,2011/2024,observed,csv_row_2020_age_76_col_Male,annual_estimates_observed_v1,2020,76,male,370,reported,
1.0,annual_population_estimates_by_age_sex_csv,1b7b14fa75cab035860dd865eedd72527a92dac1a9ca0fcf76bbb5a2b731e368,,2011/2024,observed,csv_row_2020_age_76_col_Female,annual_estimates_observed_v1,2020,76,female,440,reported,
1.0,annual_population_estimates_by_age_sex_csv,1b7b14fa75cab035860dd865eedd72527a92dac1a9ca0fcf76bbb5a2b731e368,,2011/2024,derived,derived_from_2020_age_76_Male_and_Female,annual_estimates_sex_sum_v1,2020,76,all,810,reported,
1.0,annual_population_estimates_by_age_sex_csv,1b7b14fa75cab035860dd865eedd72527a92dac1a9ca0fcf76bbb5a2b731e368,,2011/2024,observed,csv_row_2020_age_77_col_Male,annual_estimates_observed_v1,2020,77,male,310,reported,
1.0,annual_population_estimates_by_age_sex_csv,1b7b14fa75cab035860dd865eedd72527a92dac1a9ca0fcf76bbb5a2b731e368,,2011/2024,observed,csv_row_2020_age_77_col_Female,annual_estimates_observed_v1,2020,77,female,370,reported,
1.0,annual_population_estimates_by_age_sex_csv,1b7b14fa75cab035860dd865eedd72527a92dac1a9ca0fcf76bbb5a2b731e368,,2011/2024,derived,derived_from_2020_age_77_Male_and_Female,annual_estimates_sex_sum_v1,2020,77,all,680,reported,
1.0,annual_population_estimates_by_age_sex_csv,1b7b14fa75cab035860dd865eedd72527a92dac1a9ca0fcf76bbb5a2b731e368,,2011/2024,observed,csv_row_2020_age_78_col_Male,annual_estimates_observed_v1,2020,78,male,250,reported,
1.0,annual_population_estimates_by_age_sex_csv,1b7b14fa75cab035860dd865eedd72527a92dac1a9ca0fcf76bbb5a2b731e368,,2011/2024,observed,csv_row_2020_age_78_col_Female,annual_estimates_observed_v1,2020,78,female,320,reported,
1.0,annual_population_estimates_by_age_sex_csv,1b7b14fa75cab035860dd865eedd72527a92dac1a9ca0fcf76bbb5a2b731e368,,2011/2024,derived,derived_from_2020_age_78_Male_and_Female,annual_estimates_sex_sum_v1,2020,78,all,570,reported,
1.0,annual_population_estimates_by_age_sex_csv,1b7b14fa75cab035860dd865eedd72527a92dac1a9ca0fcf76bbb5a2b731e368,,2011/2024,observed,csv_row_2020_age_79_col_Male,annual_estimates_observed_v1,2020,79,male,250,reported,
1.0,annual_population_estimates_by_age_sex_csv,1b7b14fa75cab035860dd865eedd72527a92dac1a9ca0fcf76bbb5a2b731e368,,2011/2024,observed,csv_row_2020_age_79_col_Female,annual_estimates_observed_v1,2020,79,female,310,reported,
1.0,annual_population_estimates_by_age_sex_csv,1b7b14fa75cab035860dd865eedd72527a92dac1a9ca0fcf76bbb5a2b731e368,,2011/2024,derived,derived_from_2020_age_79_Male_and_Female,annual_estimates_sex_sum_v1,2020,79,all,560,reported,
1.0,annual_population_estimates_by_age_sex_csv,1b7b14fa75cab035860dd865eedd72527a92dac1a9ca0fcf76bbb5a2b731e368,,2011/2024,observed,csv_row_2020_age_80_col_Male,annual_estimates_observed_v1,2020,80,male,280,reported,
1.0,annual_population_estimates_by_age_sex_csv,1b7b14fa75cab035860dd865eedd72527a92dac1a9ca0fcf76bbb5a2b731e368,,2011/2024,observed,csv_row_2020_age_80_col_Female,annual_estimates_observed_v1,2020,80,female,330,reported,
1.0,annual_population_estimates_by_age_sex_csv,1b7b14fa75cab035860dd865eedd72527a92dac1a9ca0fcf76bbb5a2b731e368,,2011/2024,derived,derived_from_2020_age_80_Male_and_Female,annual_estimates_sex_sum_v1,2020,80,all,610,reported,
1.0,annual_population_estimates_by_age_sex_csv,1b7b14fa75cab035860dd865eedd72527a92dac1a9ca0fcf76bbb5a2b731e368,,2011/2024,observed,csv_row_2020_age_81_col_Male,annual_estimates_observed_v1,2020,81,male,290,reported,
1.0,annual_population_estimates_by_age_sex_csv,1b7b14fa75cab035860dd865eedd72527a92dac1a9ca0fcf76bbb5a2b731e368,,2011/2024,observed,csv_row_2020_age_81_col_Female,annual_estimates_observed_v1,2020,81,female,310,reported,
1.0,annual_population_estimates_by_age_sex_csv,1b7b14fa75cab035860dd865eedd72527a92dac1a9ca0fcf76bbb5a2b731e368,,2011/2024,derived,derived_from_2020_age_81_Male_and_Female,annual_estimates_sex_sum_v1,2020,81,all,600,reported,
1.0,annual_population_estimates_by_age_sex_csv,1b7b14fa75cab035860dd865eedd72527a92dac1a9ca0fcf76bbb5a2b731e368,,2011/2024,observed,csv_row_2020_age_82_col_Male,annual_estimates_observed_v1,2020,82,male,240,reported,
1.0,annual_population_estimates_by_age_sex_csv,1b7b14fa75cab035860dd865eedd72527a92dac1a9ca0fcf76bbb5a2b731e368,,2011/2024,observed,csv_row_2020_age_82_col_Female,annual_estimates_observed_v1,2020,82,female,300,reported,
1.0,annual_population_estimates_by_age_sex_csv,1b7b14fa75cab035860dd865eedd72527a92dac1a9ca0fcf76bbb5a2b731e368,,2011/2024,derived,derived_from_2020_age_82_Male_and_Female,annual_estimates_sex_sum_v1,2020,82,all,540,reported,
1.0,annual_population_estimates_by_age_sex_csv,1b7b14fa75cab035860dd865eedd72527a92dac1a9ca0fcf76bbb5a2b731e368,,2011/2024,observed,csv_row_2020_age_83_col_Male,annual_estimates_observed_v1,2020,83,male,220,reported,
1.0,annual_population_estimates_by_age_sex_csv,1b7b14fa75cab035860dd865eedd72527a92dac1a9ca0fcf76bbb5a2b731e368,,2011/2024,observed,csv_row_2020_age_83_col_Female,annual_estimates_observed_v1,2020,83,female,290,reported,
1.0,annual_population_estimates_by_age_sex_csv,1b7b14fa75cab035860dd865eedd72527a92dac1a9ca0fcf76bbb5a2b731e368,,2011/2024,derived,derived_from_2020_age_83_Male_and_Female,annual_estimates_sex_sum_v1,2020,83,all,510,reported,
1.0,annual_population_estimates_by_age_sex_csv,1b7b14fa75cab035860dd865eedd72527a92dac1a9ca0fcf76bbb5a2b731e368,,2011/2024,observed,csv_row_2020_age_84_col_Male,annual_estimates_observed_v1,2020,84,male,210,reported,
1.0,annual_population_estimates_by_age_sex_csv,1b7b14fa75cab035860dd865eedd72527a92dac1a9ca0fcf76bbb5a2b731e368,,2011/2024,observed,csv_row_2020_age_84_col_Female,annual_estimates_observed_v1,2020,84,female,270,reported,
1.0,annual_population_estimates_by_age_sex_csv,1b7b14fa75cab035860dd865eedd72527a92dac1a9ca0fcf76bbb5a2b731e368,,2011/2024,derived,derived_from_2020_age_84_Male_and_Female,annual_estimates_sex_sum_v1,2020,84,all,480,reported,
1.0,annual_population_estimates_by_age_sex_csv,1b7b14fa75cab035860dd865eedd72527a92dac1a9ca0fcf76bbb5a2b731e368,,2011/2024,observed,csv_row_2020_age_85_col_Male,annual_estimates_observed_v1,2020,85,male,180,reported,
1.0,annual_population_estimates_by_age_sex_csv,1b7b14fa75cab035860dd865eedd72527a92dac1a9ca0fcf76bbb5a2b731e368,,2011/2024,observed,csv_row_2020_age_85_col_Female,annual_estimates_observed_v1,2020,85,female,220,reported,
1.0,annual_population_estimates_by_age_sex_csv,1b7b14fa75cab035860dd865eedd72527a92dac1a9ca0fcf76bbb5a2b731e368,,2011/2024,derived,derived_from_2020_age_85_Male_and_Female,annual_estimates_sex_sum_v1,2020,85,all,400,reported,
1.0,annual_population_estimates_by_age_sex_csv,1b7b14fa75cab035860dd865eedd72527a92dac1a9ca0fcf76bbb5a2b731e368,,2011/2024,observed,csv_row_2020_age_86_col_Male,annual_estimates_observed_v1,2020,86,male,150,reported,
1.0,annual_population_estimates_by_age_sex_csv,1b7b14fa75cab035860dd865eedd72527a92dac1a9ca0fcf76bbb5a2b731e368,,2011/2024,observed,csv_row_2020_age_86_col_Female,annual_estimates_observed_v1,2020,86,female,220,reported,
1.0,annual_population_estimates_by_age_sex_csv,1b7b14fa75cab035860dd865eedd72527a92dac1a9ca0fcf76bbb5a2b731e368,,2011/2024,derived,derived_from_2020_age_86_Male_and_Female,annual_estimates_sex_sum_v1,2020,86,all,370,reported,
1.0,annual_population_estimates_by_age_sex_csv,1b7b14fa75cab035860dd865eedd72527a92dac1a9ca0fcf76bbb5a2b731e368,,2011/2024,observed,csv_row_2020_age_87_col_Male,annual_estimates_observed_v1,2020,87,male,140,reported,
1.0,annual_population_estimates_by_age_sex_csv,1b7b14fa75cab035860dd865eedd72527a92dac1a9ca0fcf76bbb5a2b731e368,,2011/2024,observed,csv_row_2020_age_87_col_Female,annual_estimates_observed_v1,2020,87,female,210,reported,
1.0,annual_population_estimates_by_age_sex_csv,1b7b14fa75cab035860dd865eedd72527a92dac1a9ca0fcf76bbb5a2b731e368,,2011/2024,derived,derived_from_2020_age_87_Male_and_Female,annual_estimates_sex_sum_v1,2020,87,all,350,reported,
1.0,annual_population_estimates_by_age_sex_csv,1b7b14fa75cab035860dd865eedd72527a92dac1a9ca0fcf76bbb5a2b731e368,,2011/2024,observed,csv_row_2020_age_88_col_Male,annual_estimates_observed_v1,2020,88,male,100,reported,
1.0,annual_population_estimates_by_age_sex_csv,1b7b14fa75cab035860dd865eedd72527a92dac1a9ca0fcf76bbb5a2b731e368,,2011/2024,observed,csv_row_2020_age_88_col_Female,annual_estimates_observed_v1,2020,88,female,180,reported,
1.0,annual_population_estimates_by_age_sex_csv,1b7b14fa75cab035860dd865eedd72527a92dac1a9ca0fcf76bbb5a2b731e368,,2011/2024,derived,derived_from_2020_age_88_Male_and_Female,annual_estimates_sex_sum_v1,2020,88,all,280,reported,
1.0,annual_population_estimates_by_age_sex_csv,1b7b14fa75cab035860dd865eedd72527a92dac1a9ca0fcf76bbb5a2b731e368,,2011/2024,observed,csv_row_2020_age_89_col_Male,annual_estimates_observed_v1,2020,89,male,90,reported,
1.0,annual_population_estimates_by_age_sex_csv,1b7b14fa75cab035860dd865eedd72527a92dac1a9ca0fcf76bbb5a2b731e368,,2011/2024,observed,csv_row_2020_age_89_col_Female,annual_estimates_observed_v1,2020,89,female,160,reported,
1.0,annual_population_estimates_by_age_sex_csv,1b7b14fa75cab035860dd865eedd72527a92dac1a9ca0fcf76bbb5a2b731e368,,2011/2024,derived,derived_from_2020_age_89_Male_and_Female,annual_estimates_sex_sum_v1,2020,89,all,250,reported,
1.0,annual_population_estimates_by_age_sex_csv,1b7b14fa75cab035860dd865eedd72527a92dac1a9ca0fcf76bbb5a2b731e368,,2011/2024,observed,csv_row_2020_age_90_col_Male,annual_estimates_observed_v1,2020,90,male,80,reported,
1.0,annual_population_estimates_by_age_sex_csv,1b7b14fa75cab035860dd865eedd72527a92dac1a9ca0fcf76bbb5a2b731e368,,2011/2024,observed,csv_row_2020_age_90_col_Female,annual_estimates_observed_v1,2020,90,female,130,reported,
1.0,annual_population_estimates_by_age_sex_csv,1b7b14fa75cab035860dd865eedd72527a92dac1a9ca0fcf76bbb5a2b731e368,,2011/2024,derived,derived_from_2020_age_90_Male_and_Female,annual_estimates_sex_sum_v1,2020,90,all,210,reported,
1.0,annual_population_estimates_by_age_sex_csv,1b7b14fa75cab035860dd865eedd72527a92dac1a9ca0fcf76bbb5a2b731e368,,2011/2024,observed,csv_row_2020_age_91_col_Male,annual_estimates_observed_v1,2020,91,male,50,reported,
1.0,annual_population_estimates_by_age_sex_csv,1b7b14fa75cab035860dd865eedd72527a92dac1a9ca0fcf76bbb5a2b731e368,,2011/2024,observed,csv_row_2020_age_91_col_Female,annual_estimates_observed_v1,2020,91,female,120,reported,
1.0,annual_population_estimates_by_age_sex_csv,1b7b14fa75cab035860dd865eedd72527a92dac1a9ca0fcf76bbb5a2b731e368,,2011/2024,derived,derived_from_2020_age_91_Male_and_Female,annual_estimates_sex_sum_v1,2020,91,all,170,reported,
1.0,annual_population_estimates_by_age_sex_csv,1b7b14fa75cab035860dd865eedd72527a92dac1a9ca0fcf76bbb5a2b731e368,,2011/2024,observed,csv_row_2020_age_92_col_Male,annual_estimates_observed_v1,2020,92,male,50,reported,
1.0,annual_population_estimates_by_age_sex_csv,1b7b14fa75cab035860dd865eedd72527a92dac1a9ca0fcf76bbb5a2b731e368,,2011/2024,observed,csv_row_2020_age_92_col_Female,annual_estimates_observed_v1,2020,92,female,110,reported,
1.0,annual_population_estimates_by_age_sex_csv,1b7b14fa75cab035860dd865eedd72527a92dac1a9ca0fcf76bbb5a2b731e368,,2011/2024,derived,derived_from_2020_age_92_Male_and_Female,annual_estimates_sex_sum_v1,2020,92,all,160,reported,
1.0,annual_population_estimates_by_age_sex_csv,1b7b14fa75cab035860dd865eedd72527a92dac1a9ca0fcf76bbb5a2b731e368,,2011/2024,observed,csv_row_2020_age_93_col_Male,annual_estimates_observed_v1,2020,93,male,30,reported,
1.0,annual_population_estimates_by_age_sex_csv,1b7b14fa75cab035860dd865eedd72527a92dac1a9ca0fcf76bbb5a2b731e368,,2011/2024,observed,csv_row_2020_age_93_col_Female,annual_estimates_observed_v1,2020,93,female,60,reported,
1.0,annual_population_estimates_by_age_sex_csv,1b7b14fa75cab035860dd865eedd72527a92dac1a9ca0fcf76bbb5a2b731e368,,2011/2024,derived,derived_from_2020_age_93_Male_and_Female,annual_estimates_sex_sum_v1,2020,93,all,90,reported,
1.0,annual_population_estimates_by_age_sex_csv,1b7b14fa75cab035860dd865eedd72527a92dac1a9ca0fcf76bbb5a2b731e368,,2011/2024,observed,csv_row_2020_age_94_col_Male,annual_estimates_observed_v1,2020,94,male,30,reported,
1.0,annual_population_estimates_by_age_sex_csv,1b7b14fa75cab035860dd865eedd72527a92dac1a9ca0fcf76bbb5a2b731e368,,2011/2024,observed,csv_row_2020_age_94_col_Female,annual_estimates_observed_v1,2020,94,female,70,reported,
1.0,annual_population_estimates_by_age_sex_csv,1b7b14fa75cab035860dd865eedd72527a92dac1a9ca0fcf76bbb5a2b731e368,,2011/2024,derived,derived_from_2020_age_94_Male_and_Female,annual_estimates_sex_sum_v1,2020,94,all,100,reported,
1.0,annual_population_estimates_by_age_sex_csv,1b7b14fa75cab035860dd865eedd72527a92dac1a9ca0fcf76bbb5a2b731e368,,2011/2024,observed,csv_row_2020_age_95_col_Male,annual_estimates_observed_v1,2020,95,male,30,reported,
1.0,annual_population_estimates_by_age_sex_csv,1b7b14fa75cab035860dd865eedd72527a92dac1a9ca0fcf76bbb5a2b731e368,,2011/2024,observed,csv_row_2020_age_95_col_Female,annual_estimates_observed_v1,2020,95,female,50,reported,
1.0,annual_population_estimates_by_age_sex_csv,1b7b14fa75cab035860dd865eedd72527a92dac1a9ca0fcf76bbb5a2b731e368,,2011/2024,derived,derived_from_2020_age_95_Male_and_Female,annual_estimates_sex_sum_v1,2020,95,all,80,reported,
1.0,annual_population_estimates_by_age_sex_csv,1b7b14fa75cab035860dd865eedd72527a92dac1a9ca0fcf76bbb5a2b731e368,,2011/2024,observed,csv_row_2020_age_96_col_Male,annual_estimates_observed_v1,2020,96,male,10,reported,
1.0,annual_population_estimates_by_age_sex_csv,1b7b14fa75cab035860dd865eedd72527a92dac1a9ca0fcf76bbb5a2b731e368,,2011/2024,observed,csv_row_2020_age_96_col_Female,annual_estimates_observed_v1,2020,96,female,40,reported,
1.0,annual_population_estimates_by_age_sex_csv,1b7b14fa75cab035860dd865eedd72527a92dac1a9ca0fcf76bbb5a2b731e368,,2011/2024,derived,derived_from_2020_age_96_Male_and_Female,annual_estimates_sex_sum_v1,2020,96,all,50,reported,
1.0,annual_population_estimates_by_age_sex_csv,1b7b14fa75cab035860dd865eedd72527a92dac1a9ca0fcf76bbb5a2b731e368,,2011/2024,observed,csv_row_2020_age_97_col_Male,annual_estimates_observed_v1,2020,97,male,10,reported,
1.0,annual_population_estimates_by_age_sex_csv,1b7b14fa75cab035860dd865eedd72527a92dac1a9ca0fcf76bbb5a2b731e368,,2011/2024,observed,csv_row_2020_age_97_col_Female,annual_estimates_observed_v1,2020,97,female,30,reported,
1.0,annual_population_estimates_by_age_sex_csv,1b7b14fa75cab035860dd865eedd72527a92dac1a9ca0fcf76bbb5a2b731e368,,2011/2024,derived,derived_from_2020_age_97_Male_and_Female,annual_estimates_sex_sum_v1,2020,97,all,40,reported,
1.0,annual_population_estimates_by_age_sex_csv,1b7b14fa75cab035860dd865eedd72527a92dac1a9ca0fcf76bbb5a2b731e368,,2011/2024,observed,csv_row_2020_age_98_col_Male,annual_estimates_observed_v1,2020,98,male,10,reported,
1.0,annual_population_estimates_by_age_sex_csv,1b7b14fa75cab035860dd865eedd72527a92dac1a9ca0fcf76bbb5a2b731e368,,2011/2024,observed,csv_row_2020_age_98_col_Female,annual_estimates_observed_v1,2020,98,female,20,reported,
1.0,annual_population_estimates_by_age_sex_csv,1b7b14fa75cab035860dd865eedd72527a92dac1a9ca0fcf76bbb5a2b731e368,,2011/2024,derived,derived_from_2020_age_98_Male_and_Female,annual_estimates_sex_sum_v1,2020,98,all,30,reported,
1.0,annual_population_estimates_by_age_sex_csv,1b7b14fa75cab035860dd865eedd72527a92dac1a9ca0fcf76bbb5a2b731e368,,2011/2024,observed,csv_row_2020_age_99_col_Male,annual_estimates_observed_v1,2020,99,male,0,reported,
1.0,annual_population_estimates_by_age_sex_csv,1b7b14fa75cab035860dd865eedd72527a92dac1a9ca0fcf76bbb5a2b731e368,,2011/2024,observed,csv_row_2020_age_99_col_Female,annual_estimates_observed_v1,2020,99,female,20,reported,
1.0,annual_population_estimates_by_age_sex_csv,1b7b14fa75cab035860dd865eedd72527a92dac1a9ca0fcf76bbb5a2b731e368,,2011/2024,derived,derived_from_2020_age_99_Male_and_Female,annual_estimates_sex_sum_v1,2020,99,all,20,reported,
1.0,annual_population_estimates_by_age_sex_csv,1b7b14fa75cab035860dd865eedd72527a92dac1a9ca0fcf76bbb5a2b731e368,,2011/2024,observed,csv_row_2020_age_100_col_Male,annual_estimates_observed_v1,2020,100,male,0,reported,
1.0,annual_population_estimates_by_age_sex_csv,1b7b14fa75cab035860dd865eedd72527a92dac1a9ca0fcf76bbb5a2b731e368,,2011/2024,observed,csv_row_2020_age_100_col_Female,annual_estimates_observed_v1,2020,100,female,10,reported,
1.0,annual_population_estimates_by_age_sex_csv,1b7b14fa75cab035860dd865eedd72527a92dac1a9ca0fcf76bbb5a2b731e368,,2011/2024,derived,derived_from_2020_age_100_Male_and_Female,annual_estimates_sex_sum_v1,2020,100,all,10,reported,
1.0,annual_population_estimates_by_age_sex_csv,1b7b14fa75cab035860dd865eedd72527a92dac1a9ca0fcf76bbb5a2b731e368,,2011/2024,observed,csv_row_2021_age_0_col_Male,annual_estimates_observed_v1,2021,0,male,470,reported,
1.0,annual_population_estimates_by_age_sex_csv,1b7b14fa75cab035860dd865eedd72527a92dac1a9ca0fcf76bbb5a2b731e368,,2011/2024,observed,csv_row_2021_age_0_col_Female,annual_estimates_observed_v1,2021,0,female,420,reported,
1.0,annual_population_estimates_by_age_sex_csv,1b7b14fa75cab035860dd865eedd72527a92dac1a9ca0fcf76bbb5a2b731e368,,2011/2024,derived,derived_from_2021_age_0_Male_and_Female,annual_estimates_sex_sum_v1,2021,0,all,890,reported,
1.0,annual_population_estimates_by_age_sex_csv,1b7b14fa75cab035860dd865eedd72527a92dac1a9ca0fcf76bbb5a2b731e368,,2011/2024,observed,csv_row_2021_age_1_col_Male,annual_estimates_observed_v1,2021,1,male,450,reported,
1.0,annual_population_estimates_by_age_sex_csv,1b7b14fa75cab035860dd865eedd72527a92dac1a9ca0fcf76bbb5a2b731e368,,2011/2024,observed,csv_row_2021_age_1_col_Female,annual_estimates_observed_v1,2021,1,female,430,reported,
1.0,annual_population_estimates_by_age_sex_csv,1b7b14fa75cab035860dd865eedd72527a92dac1a9ca0fcf76bbb5a2b731e368,,2011/2024,derived,derived_from_2021_age_1_Male_and_Female,annual_estimates_sex_sum_v1,2021,1,all,880,reported,
1.0,annual_population_estimates_by_age_sex_csv,1b7b14fa75cab035860dd865eedd72527a92dac1a9ca0fcf76bbb5a2b731e368,,2011/2024,observed,csv_row_2021_age_2_col_Male,annual_estimates_observed_v1,2021,2,male,490,reported,
1.0,annual_population_estimates_by_age_sex_csv,1b7b14fa75cab035860dd865eedd72527a92dac1a9ca0fcf76bbb5a2b731e368,,2011/2024,observed,csv_row_2021_age_2_col_Female,annual_estimates_observed_v1,2021,2,female,390,reported,
1.0,annual_population_estimates_by_age_sex_csv,1b7b14fa75cab035860dd865eedd72527a92dac1a9ca0fcf76bbb5a2b731e368,,2011/2024,derived,derived_from_2021_age_2_Male_and_Female,annual_estimates_sex_sum_v1,2021,2,all,880,reported,
1.0,annual_population_estimates_by_age_sex_csv,1b7b14fa75cab035860dd865eedd72527a92dac1a9ca0fcf76bbb5a2b731e368,,2011/2024,observed,csv_row_2021_age_3_col_Male,annual_estimates_observed_v1,2021,3,male,470,reported,
1.0,annual_population_estimates_by_age_sex_csv,1b7b14fa75cab035860dd865eedd72527a92dac1a9ca0fcf76bbb5a2b731e368,,2011/2024,observed,csv_row_2021_age_3_col_Female,annual_estimates_observed_v1,2021,3,female,490,reported,
1.0,annual_population_estimates_by_age_sex_csv,1b7b14fa75cab035860dd865eedd72527a92dac1a9ca0fcf76bbb5a2b731e368,,2011/2024,derived,derived_from_2021_age_3_Male_and_Female,annual_estimates_sex_sum_v1,2021,3,all,960,reported,
1.0,annual_population_estimates_by_age_sex_csv,1b7b14fa75cab035860dd865eedd72527a92dac1a9ca0fcf76bbb5a2b731e368,,2011/2024,observed,csv_row_2021_age_4_col_Male,annual_estimates_observed_v1,2021,4,male,530,reported,
1.0,annual_population_estimates_by_age_sex_csv,1b7b14fa75cab035860dd865eedd72527a92dac1a9ca0fcf76bbb5a2b731e368,,2011/2024,observed,csv_row_2021_age_4_col_Female,annual_estimates_observed_v1,2021,4,female,460,reported,
1.0,annual_population_estimates_by_age_sex_csv,1b7b14fa75cab035860dd865eedd72527a92dac1a9ca0fcf76bbb5a2b731e368,,2011/2024,derived,derived_from_2021_age_4_Male_and_Female,annual_estimates_sex_sum_v1,2021,4,all,990,reported,
1.0,annual_population_estimates_by_age_sex_csv,1b7b14fa75cab035860dd865eedd72527a92dac1a9ca0fcf76bbb5a2b731e368,,2011/2024,observed,csv_row_2021_age_5_col_Male,annual_estimates_observed_v1,2021,5,male,530,reported,
1.0,annual_population_estimates_by_age_sex_csv,1b7b14fa75cab035860dd865eedd72527a92dac1a9ca0fcf76bbb5a2b731e368,,2011/2024,observed,csv_row_2021_age_5_col_Female,annual_estimates_observed_v1,2021,5,female,500,reported,
1.0,annual_population_estimates_by_age_sex_csv,1b7b14fa75cab035860dd865eedd72527a92dac1a9ca0fcf76bbb5a2b731e368,,2011/2024,derived,derived_from_2021_age_5_Male_and_Female,annual_estimates_sex_sum_v1,2021,5,all,1030,reported,
1.0,annual_population_estimates_by_age_sex_csv,1b7b14fa75cab035860dd865eedd72527a92dac1a9ca0fcf76bbb5a2b731e368,,2011/2024,observed,csv_row_2021_age_6_col_Male,annual_estimates_observed_v1,2021,6,male,530,reported,
1.0,annual_population_estimates_by_age_sex_csv,1b7b14fa75cab035860dd865eedd72527a92dac1a9ca0fcf76bbb5a2b731e368,,2011/2024,observed,csv_row_2021_age_6_col_Female,annual_estimates_observed_v1,2021,6,female,510,reported,
1.0,annual_population_estimates_by_age_sex_csv,1b7b14fa75cab035860dd865eedd72527a92dac1a9ca0fcf76bbb5a2b731e368,,2011/2024,derived,derived_from_2021_age_6_Male_and_Female,annual_estimates_sex_sum_v1,2021,6,all,1040,reported,
1.0,annual_population_estimates_by_age_sex_csv,1b7b14fa75cab035860dd865eedd72527a92dac1a9ca0fcf76bbb5a2b731e368,,2011/2024,observed,csv_row_2021_age_7_col_Male,annual_estimates_observed_v1,2021,7,male,500,reported,
1.0,annual_population_estimates_by_age_sex_csv,1b7b14fa75cab035860dd865eedd72527a92dac1a9ca0fcf76bbb5a2b731e368,,2011/2024,observed,csv_row_2021_age_7_col_Female,annual_estimates_observed_v1,2021,7,female,510,reported,
1.0,annual_population_estimates_by_age_sex_csv,1b7b14fa75cab035860dd865eedd72527a92dac1a9ca0fcf76bbb5a2b731e368,,2011/2024,derived,derived_from_2021_age_7_Male_and_Female,annual_estimates_sex_sum_v1,2021,7,all,1010,reported,
1.0,annual_population_estimates_by_age_sex_csv,1b7b14fa75cab035860dd865eedd72527a92dac1a9ca0fcf76bbb5a2b731e368,,2011/2024,observed,csv_row_2021_age_8_col_Male,annual_estimates_observed_v1,2021,8,male,540,reported,
1.0,annual_population_estimates_by_age_sex_csv,1b7b14fa75cab035860dd865eedd72527a92dac1a9ca0fcf76bbb5a2b731e368,,2011/2024,observed,csv_row_2021_age_8_col_Female,annual_estimates_observed_v1,2021,8,female,530,reported,
1.0,annual_population_estimates_by_age_sex_csv,1b7b14fa75cab035860dd865eedd72527a92dac1a9ca0fcf76bbb5a2b731e368,,2011/2024,derived,derived_from_2021_age_8_Male_and_Female,annual_estimates_sex_sum_v1,2021,8,all,1070,reported,
1.0,annual_population_estimates_by_age_sex_csv,1b7b14fa75cab035860dd865eedd72527a92dac1a9ca0fcf76bbb5a2b731e368,,2011/2024,observed,csv_row_2021_age_9_col_Male,annual_estimates_observed_v1,2021,9,male,580,reported,
1.0,annual_population_estimates_by_age_sex_csv,1b7b14fa75cab035860dd865eedd72527a92dac1a9ca0fcf76bbb5a2b731e368,,2011/2024,observed,csv_row_2021_age_9_col_Female,annual_estimates_observed_v1,2021,9,female,580,reported,
1.0,annual_population_estimates_by_age_sex_csv,1b7b14fa75cab035860dd865eedd72527a92dac1a9ca0fcf76bbb5a2b731e368,,2011/2024,derived,derived_from_2021_age_9_Male_and_Female,annual_estimates_sex_sum_v1,2021,9,all,1160,reported,
1.0,annual_population_estimates_by_age_sex_csv,1b7b14fa75cab035860dd865eedd72527a92dac1a9ca0fcf76bbb5a2b731e368,,2011/2024,observed,csv_row_2021_age_10_col_Male,annual_estimates_observed_v1,2021,10,male,550,reported,
1.0,annual_population_estimates_by_age_sex_csv,1b7b14fa75cab035860dd865eedd72527a92dac1a9ca0fcf76bbb5a2b731e368,,2011/2024,observed,csv_row_2021_age_10_col_Female,annual_estimates_observed_v1,2021,10,female,550,reported,
1.0,annual_population_estimates_by_age_sex_csv,1b7b14fa75cab035860dd865eedd72527a92dac1a9ca0fcf76bbb5a2b731e368,,2011/2024,derived,derived_from_2021_age_10_Male_and_Female,annual_estimates_sex_sum_v1,2021,10,all,1100,reported,
1.0,annual_population_estimates_by_age_sex_csv,1b7b14fa75cab035860dd865eedd72527a92dac1a9ca0fcf76bbb5a2b731e368,,2011/2024,observed,csv_row_2021_age_11_col_Male,annual_estimates_observed_v1,2021,11,male,530,reported,
1.0,annual_population_estimates_by_age_sex_csv,1b7b14fa75cab035860dd865eedd72527a92dac1a9ca0fcf76bbb5a2b731e368,,2011/2024,observed,csv_row_2021_age_11_col_Female,annual_estimates_observed_v1,2021,11,female,550,reported,
1.0,annual_population_estimates_by_age_sex_csv,1b7b14fa75cab035860dd865eedd72527a92dac1a9ca0fcf76bbb5a2b731e368,,2011/2024,derived,derived_from_2021_age_11_Male_and_Female,annual_estimates_sex_sum_v1,2021,11,all,1080,reported,
1.0,annual_population_estimates_by_age_sex_csv,1b7b14fa75cab035860dd865eedd72527a92dac1a9ca0fcf76bbb5a2b731e368,,2011/2024,observed,csv_row_2021_age_12_col_Male,annual_estimates_observed_v1,2021,12,male,530,reported,
1.0,annual_population_estimates_by_age_sex_csv,1b7b14fa75cab035860dd865eedd72527a92dac1a9ca0fcf76bbb5a2b731e368,,2011/2024,observed,csv_row_2021_age_12_col_Female,annual_estimates_observed_v1,2021,12,female,510,reported,
1.0,annual_population_estimates_by_age_sex_csv,1b7b14fa75cab035860dd865eedd72527a92dac1a9ca0fcf76bbb5a2b731e368,,2011/2024,derived,derived_from_2021_age_12_Male_and_Female,annual_estimates_sex_sum_v1,2021,12,all,1040,reported,
1.0,annual_population_estimates_by_age_sex_csv,1b7b14fa75cab035860dd865eedd72527a92dac1a9ca0fcf76bbb5a2b731e368,,2011/2024,observed,csv_row_2021_age_13_col_Male,annual_estimates_observed_v1,2021,13,male,510,reported,
1.0,annual_population_estimates_by_age_sex_csv,1b7b14fa75cab035860dd865eedd72527a92dac1a9ca0fcf76bbb5a2b731e368,,2011/2024,observed,csv_row_2021_age_13_col_Female,annual_estimates_observed_v1,2021,13,female,560,reported,
1.0,annual_population_estimates_by_age_sex_csv,1b7b14fa75cab035860dd865eedd72527a92dac1a9ca0fcf76bbb5a2b731e368,,2011/2024,derived,derived_from_2021_age_13_Male_and_Female,annual_estimates_sex_sum_v1,2021,13,all,1070,reported,
1.0,annual_population_estimates_by_age_sex_csv,1b7b14fa75cab035860dd865eedd72527a92dac1a9ca0fcf76bbb5a2b731e368,,2011/2024,observed,csv_row_2021_age_14_col_Male,annual_estimates_observed_v1,2021,14,male,510,reported,
1.0,annual_population_estimates_by_age_sex_csv,1b7b14fa75cab035860dd865eedd72527a92dac1a9ca0fcf76bbb5a2b731e368,,2011/2024,observed,csv_row_2021_age_14_col_Female,annual_estimates_observed_v1,2021,14,female,520,reported,
1.0,annual_population_estimates_by_age_sex_csv,1b7b14fa75cab035860dd865eedd72527a92dac1a9ca0fcf76bbb5a2b731e368,,2011/2024,derived,derived_from_2021_age_14_Male_and_Female,annual_estimates_sex_sum_v1,2021,14,all,1030,reported,
1.0,annual_population_estimates_by_age_sex_csv,1b7b14fa75cab035860dd865eedd72527a92dac1a9ca0fcf76bbb5a2b731e368,,2011/2024,observed,csv_row_2021_age_15_col_Male,annual_estimates_observed_v1,2021,15,male,500,reported,
1.0,annual_population_estimates_by_age_sex_csv,1b7b14fa75cab035860dd865eedd72527a92dac1a9ca0fcf76bbb5a2b731e368,,2011/2024,observed,csv_row_2021_age_15_col_Female,annual_estimates_observed_v1,2021,15,female,510,reported,
1.0,annual_population_estimates_by_age_sex_csv,1b7b14fa75cab035860dd865eedd72527a92dac1a9ca0fcf76bbb5a2b731e368,,2011/2024,derived,derived_from_2021_age_15_Male_and_Female,annual_estimates_sex_sum_v1,2021,15,all,1010,reported,
1.0,annual_population_estimates_by_age_sex_csv,1b7b14fa75cab035860dd865eedd72527a92dac1a9ca0fcf76bbb5a2b731e368,,2011/2024,observed,csv_row_2021_age_16_col_Male,annual_estimates_observed_v1,2021,16,male,500,reported,
1.0,annual_population_estimates_by_age_sex_csv,1b7b14fa75cab035860dd865eedd72527a92dac1a9ca0fcf76bbb5a2b731e368,,2011/2024,observed,csv_row_2021_age_16_col_Female,annual_estimates_observed_v1,2021,16,female,500,reported,
1.0,annual_population_estimates_by_age_sex_csv,1b7b14fa75cab035860dd865eedd72527a92dac1a9ca0fcf76bbb5a2b731e368,,2011/2024,derived,derived_from_2021_age_16_Male_and_Female,annual_estimates_sex_sum_v1,2021,16,all,1000,reported,
1.0,annual_population_estimates_by_age_sex_csv,1b7b14fa75cab035860dd865eedd72527a92dac1a9ca0fcf76bbb5a2b731e368,,2011/2024,observed,csv_row_2021_age_17_col_Male,annual_estimates_observed_v1,2021,17,male,530,reported,
1.0,annual_population_estimates_by_age_sex_csv,1b7b14fa75cab035860dd865eedd72527a92dac1a9ca0fcf76bbb5a2b731e368,,2011/2024,observed,csv_row_2021_age_17_col_Female,annual_estimates_observed_v1,2021,17,female,510,reported,
1.0,annual_population_estimates_by_age_sex_csv,1b7b14fa75cab035860dd865eedd72527a92dac1a9ca0fcf76bbb5a2b731e368,,2011/2024,derived,derived_from_2021_age_17_Male_and_Female,annual_estimates_sex_sum_v1,2021,17,all,1040,reported,
1.0,annual_population_estimates_by_age_sex_csv,1b7b14fa75cab035860dd865eedd72527a92dac1a9ca0fcf76bbb5a2b731e368,,2011/2024,observed,csv_row_2021_age_18_col_Male,annual_estimates_observed_v1,2021,18,male,540,reported,
1.0,annual_population_estimates_by_age_sex_csv,1b7b14fa75cab035860dd865eedd72527a92dac1a9ca0fcf76bbb5a2b731e368,,2011/2024,observed,csv_row_2021_age_18_col_Female,annual_estimates_observed_v1,2021,18,female,510,reported,
1.0,annual_population_estimates_by_age_sex_csv,1b7b14fa75cab035860dd865eedd72527a92dac1a9ca0fcf76bbb5a2b731e368,,2011/2024,derived,derived_from_2021_age_18_Male_and_Female,annual_estimates_sex_sum_v1,2021,18,all,1050,reported,
1.0,annual_population_estimates_by_age_sex_csv,1b7b14fa75cab035860dd865eedd72527a92dac1a9ca0fcf76bbb5a2b731e368,,2011/2024,observed,csv_row_2021_age_19_col_Male,annual_estimates_observed_v1,2021,19,male,490,reported,
1.0,annual_population_estimates_by_age_sex_csv,1b7b14fa75cab035860dd865eedd72527a92dac1a9ca0fcf76bbb5a2b731e368,,2011/2024,observed,csv_row_2021_age_19_col_Female,annual_estimates_observed_v1,2021,19,female,510,reported,
1.0,annual_population_estimates_by_age_sex_csv,1b7b14fa75cab035860dd865eedd72527a92dac1a9ca0fcf76bbb5a2b731e368,,2011/2024,derived,derived_from_2021_age_19_Male_and_Female,annual_estimates_sex_sum_v1,2021,19,all,1000,reported,
1.0,annual_population_estimates_by_age_sex_csv,1b7b14fa75cab035860dd865eedd72527a92dac1a9ca0fcf76bbb5a2b731e368,,2011/2024,observed,csv_row_2021_age_20_col_Male,annual_estimates_observed_v1,2021,20,male,540,reported,
1.0,annual_population_estimates_by_age_sex_csv,1b7b14fa75cab035860dd865eedd72527a92dac1a9ca0fcf76bbb5a2b731e368,,2011/2024,observed,csv_row_2021_age_20_col_Female,annual_estimates_observed_v1,2021,20,female,510,reported,
1.0,annual_population_estimates_by_age_sex_csv,1b7b14fa75cab035860dd865eedd72527a92dac1a9ca0fcf76bbb5a2b731e368,,2011/2024,derived,derived_from_2021_age_20_Male_and_Female,annual_estimates_sex_sum_v1,2021,20,all,1050,reported,
1.0,annual_population_estimates_by_age_sex_csv,1b7b14fa75cab035860dd865eedd72527a92dac1a9ca0fcf76bbb5a2b731e368,,2011/2024,observed,csv_row_2021_age_21_col_Male,annual_estimates_observed_v1,2021,21,male,500,reported,
1.0,annual_population_estimates_by_age_sex_csv,1b7b14fa75cab035860dd865eedd72527a92dac1a9ca0fcf76bbb5a2b731e368,,2011/2024,observed,csv_row_2021_age_21_col_Female,annual_estimates_observed_v1,2021,21,female,500,reported,
1.0,annual_population_estimates_by_age_sex_csv,1b7b14fa75cab035860dd865eedd72527a92dac1a9ca0fcf76bbb5a2b731e368,,2011/2024,derived,derived_from_2021_age_21_Male_and_Female,annual_estimates_sex_sum_v1,2021,21,all,1000,reported,
1.0,annual_population_estimates_by_age_sex_csv,1b7b14fa75cab035860dd865eedd72527a92dac1a9ca0fcf76bbb5a2b731e368,,2011/2024,observed,csv_row_2021_age_22_col_Male,annual_estimates_observed_v1,2021,22,male,570,reported,
1.0,annual_population_estimates_by_age_sex_csv,1b7b14fa75cab035860dd865eedd72527a92dac1a9ca0fcf76bbb5a2b731e368,,2011/2024,observed,csv_row_2021_age_22_col_Female,annual_estimates_observed_v1,2021,22,female,500,reported,
1.0,annual_population_estimates_by_age_sex_csv,1b7b14fa75cab035860dd865eedd72527a92dac1a9ca0fcf76bbb5a2b731e368,,2011/2024,derived,derived_from_2021_age_22_Male_and_Female,annual_estimates_sex_sum_v1,2021,22,all,1070,reported,
1.0,annual_population_estimates_by_age_sex_csv,1b7b14fa75cab035860dd865eedd72527a92dac1a9ca0fcf76bbb5a2b731e368,,2011/2024,observed,csv_row_2021_age_23_col_Male,annual_estimates_observed_v1,2021,23,male,560,reported,
1.0,annual_population_estimates_by_age_sex_csv,1b7b14fa75cab035860dd865eedd72527a92dac1a9ca0fcf76bbb5a2b731e368,,2011/2024,observed,csv_row_2021_age_23_col_Female,annual_estimates_observed_v1,2021,23,female,530,reported,
1.0,annual_population_estimates_by_age_sex_csv,1b7b14fa75cab035860dd865eedd72527a92dac1a9ca0fcf76bbb5a2b731e368,,2011/2024,derived,derived_from_2021_age_23_Male_and_Female,annual_estimates_sex_sum_v1,2021,23,all,1090,reported,
1.0,annual_population_estimates_by_age_sex_csv,1b7b14fa75cab035860dd865eedd72527a92dac1a9ca0fcf76bbb5a2b731e368,,2011/2024,observed,csv_row_2021_age_24_col_Male,annual_estimates_observed_v1,2021,24,male,610,reported,
1.0,annual_population_estimates_by_age_sex_csv,1b7b14fa75cab035860dd865eedd72527a92dac1a9ca0fcf76bbb5a2b731e368,,2011/2024,observed,csv_row_2021_age_24_col_Female,annual_estimates_observed_v1,2021,24,female,540,reported,
1.0,annual_population_estimates_by_age_sex_csv,1b7b14fa75cab035860dd865eedd72527a92dac1a9ca0fcf76bbb5a2b731e368,,2011/2024,derived,derived_from_2021_age_24_Male_and_Female,annual_estimates_sex_sum_v1,2021,24,all,1150,reported,
1.0,annual_population_estimates_by_age_sex_csv,1b7b14fa75cab035860dd865eedd72527a92dac1a9ca0fcf76bbb5a2b731e368,,2011/2024,observed,csv_row_2021_age_25_col_Male,annual_estimates_observed_v1,2021,25,male,600,reported,
1.0,annual_population_estimates_by_age_sex_csv,1b7b14fa75cab035860dd865eedd72527a92dac1a9ca0fcf76bbb5a2b731e368,,2011/2024,observed,csv_row_2021_age_25_col_Female,annual_estimates_observed_v1,2021,25,female,580,reported,
1.0,annual_population_estimates_by_age_sex_csv,1b7b14fa75cab035860dd865eedd72527a92dac1a9ca0fcf76bbb5a2b731e368,,2011/2024,derived,derived_from_2021_age_25_Male_and_Female,annual_estimates_sex_sum_v1,2021,25,all,1180,reported,
1.0,annual_population_estimates_by_age_sex_csv,1b7b14fa75cab035860dd865eedd72527a92dac1a9ca0fcf76bbb5a2b731e368,,2011/2024,observed,csv_row_2021_age_26_col_Male,annual_estimates_observed_v1,2021,26,male,590,reported,
1.0,annual_population_estimates_by_age_sex_csv,1b7b14fa75cab035860dd865eedd72527a92dac1a9ca0fcf76bbb5a2b731e368,,2011/2024,observed,csv_row_2021_age_26_col_Female,annual_estimates_observed_v1,2021,26,female,530,reported,
1.0,annual_population_estimates_by_age_sex_csv,1b7b14fa75cab035860dd865eedd72527a92dac1a9ca0fcf76bbb5a2b731e368,,2011/2024,derived,derived_from_2021_age_26_Male_and_Female,annual_estimates_sex_sum_v1,2021,26,all,1120,reported,
1.0,annual_population_estimates_by_age_sex_csv,1b7b14fa75cab035860dd865eedd72527a92dac1a9ca0fcf76bbb5a2b731e368,,2011/2024,observed,csv_row_2021_age_27_col_Male,annual_estimates_observed_v1,2021,27,male,620,reported,
1.0,annual_population_estimates_by_age_sex_csv,1b7b14fa75cab035860dd865eedd72527a92dac1a9ca0fcf76bbb5a2b731e368,,2011/2024,observed,csv_row_2021_age_27_col_Female,annual_estimates_observed_v1,2021,27,female,610,reported,
1.0,annual_population_estimates_by_age_sex_csv,1b7b14fa75cab035860dd865eedd72527a92dac1a9ca0fcf76bbb5a2b731e368,,2011/2024,derived,derived_from_2021_age_27_Male_and_Female,annual_estimates_sex_sum_v1,2021,27,all,1230,reported,
1.0,annual_population_estimates_by_age_sex_csv,1b7b14fa75cab035860dd865eedd72527a92dac1a9ca0fcf76bbb5a2b731e368,,2011/2024,observed,csv_row_2021_age_28_col_Male,annual_estimates_observed_v1,2021,28,male,600,reported,
1.0,annual_population_estimates_by_age_sex_csv,1b7b14fa75cab035860dd865eedd72527a92dac1a9ca0fcf76bbb5a2b731e368,,2011/2024,observed,csv_row_2021_age_28_col_Female,annual_estimates_observed_v1,2021,28,female,580,reported,
1.0,annual_population_estimates_by_age_sex_csv,1b7b14fa75cab035860dd865eedd72527a92dac1a9ca0fcf76bbb5a2b731e368,,2011/2024,derived,derived_from_2021_age_28_Male_and_Female,annual_estimates_sex_sum_v1,2021,28,all,1180,reported,
1.0,annual_population_estimates_by_age_sex_csv,1b7b14fa75cab035860dd865eedd72527a92dac1a9ca0fcf76bbb5a2b731e368,,2011/2024,observed,csv_row_2021_age_29_col_Male,annual_estimates_observed_v1,2021,29,male,650,reported,
1.0,annual_population_estimates_by_age_sex_csv,1b7b14fa75cab035860dd865eedd72527a92dac1a9ca0fcf76bbb5a2b731e368,,2011/2024,observed,csv_row_2021_age_29_col_Female,annual_estimates_observed_v1,2021,29,female,610,reported,
1.0,annual_population_estimates_by_age_sex_csv,1b7b14fa75cab035860dd865eedd72527a92dac1a9ca0fcf76bbb5a2b731e368,,2011/2024,derived,derived_from_2021_age_29_Male_and_Female,annual_estimates_sex_sum_v1,2021,29,all,1260,reported,
1.0,annual_population_estimates_by_age_sex_csv,1b7b14fa75cab035860dd865eedd72527a92dac1a9ca0fcf76bbb5a2b731e368,,2011/2024,observed,csv_row_2021_age_30_col_Male,annual_estimates_observed_v1,2021,30,male,600,reported,
1.0,annual_population_estimates_by_age_sex_csv,1b7b14fa75cab035860dd865eedd72527a92dac1a9ca0fcf76bbb5a2b731e368,,2011/2024,observed,csv_row_2021_age_30_col_Female,annual_estimates_observed_v1,2021,30,female,650,reported,
1.0,annual_population_estimates_by_age_sex_csv,1b7b14fa75cab035860dd865eedd72527a92dac1a9ca0fcf76bbb5a2b731e368,,2011/2024,derived,derived_from_2021_age_30_Male_and_Female,annual_estimates_sex_sum_v1,2021,30,all,1250,reported,
1.0,annual_population_estimates_by_age_sex_csv,1b7b14fa75cab035860dd865eedd72527a92dac1a9ca0fcf76bbb5a2b731e368,,2011/2024,observed,csv_row_2021_age_31_col_Male,annual_estimates_observed_v1,2021,31,male,700,reported,
1.0,annual_population_estimates_by_age_sex_csv,1b7b14fa75cab035860dd865eedd72527a92dac1a9ca0fcf76bbb5a2b731e368,,2011/2024,observed,csv_row_2021_age_31_col_Female,annual_estimates_observed_v1,2021,31,female,650,reported,
1.0,annual_population_estimates_by_age_sex_csv,1b7b14fa75cab035860dd865eedd72527a92dac1a9ca0fcf76bbb5a2b731e368,,2011/2024,derived,derived_from_2021_age_31_Male_and_Female,annual_estimates_sex_sum_v1,2021,31,all,1350,reported,
1.0,annual_population_estimates_by_age_sex_csv,1b7b14fa75cab035860dd865eedd72527a92dac1a9ca0fcf76bbb5a2b731e368,,2011/2024,observed,csv_row_2021_age_32_col_Male,annual_estimates_observed_v1,2021,32,male,640,reported,
1.0,annual_population_estimates_by_age_sex_csv,1b7b14fa75cab035860dd865eedd72527a92dac1a9ca0fcf76bbb5a2b731e368,,2011/2024,observed,csv_row_2021_age_32_col_Female,annual_estimates_observed_v1,2021,32,female,660,reported,
1.0,annual_population_estimates_by_age_sex_csv,1b7b14fa75cab035860dd865eedd72527a92dac1a9ca0fcf76bbb5a2b731e368,,2011/2024,derived,derived_from_2021_age_32_Male_and_Female,annual_estimates_sex_sum_v1,2021,32,all,1300,reported,
1.0,annual_population_estimates_by_age_sex_csv,1b7b14fa75cab035860dd865eedd72527a92dac1a9ca0fcf76bbb5a2b731e368,,2011/2024,observed,csv_row_2021_age_33_col_Male,annual_estimates_observed_v1,2021,33,male,680,reported,
1.0,annual_population_estimates_by_age_sex_csv,1b7b14fa75cab035860dd865eedd72527a92dac1a9ca0fcf76bbb5a2b731e368,,2011/2024,observed,csv_row_2021_age_33_col_Female,annual_estimates_observed_v1,2021,33,female,700,reported,
1.0,annual_population_estimates_by_age_sex_csv,1b7b14fa75cab035860dd865eedd72527a92dac1a9ca0fcf76bbb5a2b731e368,,2011/2024,derived,derived_from_2021_age_33_Male_and_Female,annual_estimates_sex_sum_v1,2021,33,all,1380,reported,
1.0,annual_population_estimates_by_age_sex_csv,1b7b14fa75cab035860dd865eedd72527a92dac1a9ca0fcf76bbb5a2b731e368,,2011/2024,observed,csv_row_2021_age_34_col_Male,annual_estimates_observed_v1,2021,34,male,740,reported,
1.0,annual_population_estimates_by_age_sex_csv,1b7b14fa75cab035860dd865eedd72527a92dac1a9ca0fcf76bbb5a2b731e368,,2011/2024,observed,csv_row_2021_age_34_col_Female,annual_estimates_observed_v1,2021,34,female,670,reported,
1.0,annual_population_estimates_by_age_sex_csv,1b7b14fa75cab035860dd865eedd72527a92dac1a9ca0fcf76bbb5a2b731e368,,2011/2024,derived,derived_from_2021_age_34_Male_and_Female,annual_estimates_sex_sum_v1,2021,34,all,1410,reported,
1.0,annual_population_estimates_by_age_sex_csv,1b7b14fa75cab035860dd865eedd72527a92dac1a9ca0fcf76bbb5a2b731e368,,2011/2024,observed,csv_row_2021_age_35_col_Male,annual_estimates_observed_v1,2021,35,male,680,reported,
1.0,annual_population_estimates_by_age_sex_csv,1b7b14fa75cab035860dd865eedd72527a92dac1a9ca0fcf76bbb5a2b731e368,,2011/2024,observed,csv_row_2021_age_35_col_Female,annual_estimates_observed_v1,2021,35,female,680,reported,
1.0,annual_population_estimates_by_age_sex_csv,1b7b14fa75cab035860dd865eedd72527a92dac1a9ca0fcf76bbb5a2b731e368,,2011/2024,derived,derived_from_2021_age_35_Male_and_Female,annual_estimates_sex_sum_v1,2021,35,all,1360,reported,
1.0,annual_population_estimates_by_age_sex_csv,1b7b14fa75cab035860dd865eedd72527a92dac1a9ca0fcf76bbb5a2b731e368,,2011/2024,observed,csv_row_2021_age_36_col_Male,annual_estimates_observed_v1,2021,36,male,740,reported,
1.0,annual_population_estimates_by_age_sex_csv,1b7b14fa75cab035860dd865eedd72527a92dac1a9ca0fcf76bbb5a2b731e368,,2011/2024,observed,csv_row_2021_age_36_col_Female,annual_estimates_observed_v1,2021,36,female,670,reported,
1.0,annual_population_estimates_by_age_sex_csv,1b7b14fa75cab035860dd865eedd72527a92dac1a9ca0fcf76bbb5a2b731e368,,2011/2024,derived,derived_from_2021_age_36_Male_and_Female,annual_estimates_sex_sum_v1,2021,36,all,1410,reported,
1.0,annual_population_estimates_by_age_sex_csv,1b7b14fa75cab035860dd865eedd72527a92dac1a9ca0fcf76bbb5a2b731e368,,2011/2024,observed,csv_row_2021_age_37_col_Male,annual_estimates_observed_v1,2021,37,male,770,reported,
1.0,annual_population_estimates_by_age_sex_csv,1b7b14fa75cab035860dd865eedd72527a92dac1a9ca0fcf76bbb5a2b731e368,,2011/2024,observed,csv_row_2021_age_37_col_Female,annual_estimates_observed_v1,2021,37,female,760,reported,
1.0,annual_population_estimates_by_age_sex_csv,1b7b14fa75cab035860dd865eedd72527a92dac1a9ca0fcf76bbb5a2b731e368,,2011/2024,derived,derived_from_2021_age_37_Male_and_Female,annual_estimates_sex_sum_v1,2021,37,all,1530,reported,
1.0,annual_population_estimates_by_age_sex_csv,1b7b14fa75cab035860dd865eedd72527a92dac1a9ca0fcf76bbb5a2b731e368,,2011/2024,observed,csv_row_2021_age_38_col_Male,annual_estimates_observed_v1,2021,38,male,760,reported,
1.0,annual_population_estimates_by_age_sex_csv,1b7b14fa75cab035860dd865eedd72527a92dac1a9ca0fcf76bbb5a2b731e368,,2011/2024,observed,csv_row_2021_age_38_col_Female,annual_estimates_observed_v1,2021,38,female,770,reported,
1.0,annual_population_estimates_by_age_sex_csv,1b7b14fa75cab035860dd865eedd72527a92dac1a9ca0fcf76bbb5a2b731e368,,2011/2024,derived,derived_from_2021_age_38_Male_and_Female,annual_estimates_sex_sum_v1,2021,38,all,1530,reported,
1.0,annual_population_estimates_by_age_sex_csv,1b7b14fa75cab035860dd865eedd72527a92dac1a9ca0fcf76bbb5a2b731e368,,2011/2024,observed,csv_row_2021_age_39_col_Male,annual_estimates_observed_v1,2021,39,male,790,reported,
1.0,annual_population_estimates_by_age_sex_csv,1b7b14fa75cab035860dd865eedd72527a92dac1a9ca0fcf76bbb5a2b731e368,,2011/2024,observed,csv_row_2021_age_39_col_Female,annual_estimates_observed_v1,2021,39,female,730,reported,
1.0,annual_population_estimates_by_age_sex_csv,1b7b14fa75cab035860dd865eedd72527a92dac1a9ca0fcf76bbb5a2b731e368,,2011/2024,derived,derived_from_2021_age_39_Male_and_Female,annual_estimates_sex_sum_v1,2021,39,all,1520,reported,
1.0,annual_population_estimates_by_age_sex_csv,1b7b14fa75cab035860dd865eedd72527a92dac1a9ca0fcf76bbb5a2b731e368,,2011/2024,observed,csv_row_2021_age_40_col_Male,annual_estimates_observed_v1,2021,40,male,770,reported,
1.0,annual_population_estimates_by_age_sex_csv,1b7b14fa75cab035860dd865eedd72527a92dac1a9ca0fcf76bbb5a2b731e368,,2011/2024,observed,csv_row_2021_age_40_col_Female,annual_estimates_observed_v1,2021,40,female,820,reported,
1.0,annual_population_estimates_by_age_sex_csv,1b7b14fa75cab035860dd865eedd72527a92dac1a9ca0fcf76bbb5a2b731e368,,2011/2024,derived,derived_from_2021_age_40_Male_and_Female,annual_estimates_sex_sum_v1,2021,40,all,1590,reported,
1.0,annual_population_estimates_by_age_sex_csv,1b7b14fa75cab035860dd865eedd72527a92dac1a9ca0fcf76bbb5a2b731e368,,2011/2024,observed,csv_row_2021_age_41_col_Male,annual_estimates_observed_v1,2021,41,male,800,reported,
1.0,annual_population_estimates_by_age_sex_csv,1b7b14fa75cab035860dd865eedd72527a92dac1a9ca0fcf76bbb5a2b731e368,,2011/2024,observed,csv_row_2021_age_41_col_Female,annual_estimates_observed_v1,2021,41,female,790,reported,
1.0,annual_population_estimates_by_age_sex_csv,1b7b14fa75cab035860dd865eedd72527a92dac1a9ca0fcf76bbb5a2b731e368,,2011/2024,derived,derived_from_2021_age_41_Male_and_Female,annual_estimates_sex_sum_v1,2021,41,all,1590,reported,
1.0,annual_population_estimates_by_age_sex_csv,1b7b14fa75cab035860dd865eedd72527a92dac1a9ca0fcf76bbb5a2b731e368,,2011/2024,observed,csv_row_2021_age_42_col_Male,annual_estimates_observed_v1,2021,42,male,790,reported,
1.0,annual_population_estimates_by_age_sex_csv,1b7b14fa75cab035860dd865eedd72527a92dac1a9ca0fcf76bbb5a2b731e368,,2011/2024,observed,csv_row_2021_age_42_col_Female,annual_estimates_observed_v1,2021,42,female,790,reported,
1.0,annual_population_estimates_by_age_sex_csv,1b7b14fa75cab035860dd865eedd72527a92dac1a9ca0fcf76bbb5a2b731e368,,2011/2024,derived,derived_from_2021_age_42_Male_and_Female,annual_estimates_sex_sum_v1,2021,42,all,1580,reported,
1.0,annual_population_estimates_by_age_sex_csv,1b7b14fa75cab035860dd865eedd72527a92dac1a9ca0fcf76bbb5a2b731e368,,2011/2024,observed,csv_row_2021_age_43_col_Male,annual_estimates_observed_v1,2021,43,male,740,reported,
1.0,annual_population_estimates_by_age_sex_csv,1b7b14fa75cab035860dd865eedd72527a92dac1a9ca0fcf76bbb5a2b731e368,,2011/2024,observed,csv_row_2021_age_43_col_Female,annual_estimates_observed_v1,2021,43,female,710,reported,
1.0,annual_population_estimates_by_age_sex_csv,1b7b14fa75cab035860dd865eedd72527a92dac1a9ca0fcf76bbb5a2b731e368,,2011/2024,derived,derived_from_2021_age_43_Male_and_Female,annual_estimates_sex_sum_v1,2021,43,all,1450,reported,
1.0,annual_population_estimates_by_age_sex_csv,1b7b14fa75cab035860dd865eedd72527a92dac1a9ca0fcf76bbb5a2b731e368,,2011/2024,observed,csv_row_2021_age_44_col_Male,annual_estimates_observed_v1,2021,44,male,770,reported,
1.0,annual_population_estimates_by_age_sex_csv,1b7b14fa75cab035860dd865eedd72527a92dac1a9ca0fcf76bbb5a2b731e368,,2011/2024,observed,csv_row_2021_age_44_col_Female,annual_estimates_observed_v1,2021,44,female,770,reported,
1.0,annual_population_estimates_by_age_sex_csv,1b7b14fa75cab035860dd865eedd72527a92dac1a9ca0fcf76bbb5a2b731e368,,2011/2024,derived,derived_from_2021_age_44_Male_and_Female,annual_estimates_sex_sum_v1,2021,44,all,1540,reported,
1.0,annual_population_estimates_by_age_sex_csv,1b7b14fa75cab035860dd865eedd72527a92dac1a9ca0fcf76bbb5a2b731e368,,2011/2024,observed,csv_row_2021_age_45_col_Male,annual_estimates_observed_v1,2021,45,male,730,reported,
1.0,annual_population_estimates_by_age_sex_csv,1b7b14fa75cab035860dd865eedd72527a92dac1a9ca0fcf76bbb5a2b731e368,,2011/2024,observed,csv_row_2021_age_45_col_Female,annual_estimates_observed_v1,2021,45,female,710,reported,
1.0,annual_population_estimates_by_age_sex_csv,1b7b14fa75cab035860dd865eedd72527a92dac1a9ca0fcf76bbb5a2b731e368,,2011/2024,derived,derived_from_2021_age_45_Male_and_Female,annual_estimates_sex_sum_v1,2021,45,all,1440,reported,
1.0,annual_population_estimates_by_age_sex_csv,1b7b14fa75cab035860dd865eedd72527a92dac1a9ca0fcf76bbb5a2b731e368,,2011/2024,observed,csv_row_2021_age_46_col_Male,annual_estimates_observed_v1,2021,46,male,750,reported,
1.0,annual_population_estimates_by_age_sex_csv,1b7b14fa75cab035860dd865eedd72527a92dac1a9ca0fcf76bbb5a2b731e368,,2011/2024,observed,csv_row_2021_age_46_col_Female,annual_estimates_observed_v1,2021,46,female,740,reported,
1.0,annual_population_estimates_by_age_sex_csv,1b7b14fa75cab035860dd865eedd72527a92dac1a9ca0fcf76bbb5a2b731e368,,2011/2024,derived,derived_from_2021_age_46_Male_and_Female,annual_estimates_sex_sum_v1,2021,46,all,1490,reported,
1.0,annual_population_estimates_by_age_sex_csv,1b7b14fa75cab035860dd865eedd72527a92dac1a9ca0fcf76bbb5a2b731e368,,2011/2024,observed,csv_row_2021_age_47_col_Male,annual_estimates_observed_v1,2021,47,male,750,reported,
1.0,annual_population_estimates_by_age_sex_csv,1b7b14fa75cab035860dd865eedd72527a92dac1a9ca0fcf76bbb5a2b731e368,,2011/2024,observed,csv_row_2021_age_47_col_Female,annual_estimates_observed_v1,2021,47,female,730,reported,
1.0,annual_population_estimates_by_age_sex_csv,1b7b14fa75cab035860dd865eedd72527a92dac1a9ca0fcf76bbb5a2b731e368,,2011/2024,derived,derived_from_2021_age_47_Male_and_Female,annual_estimates_sex_sum_v1,2021,47,all,1480,reported,
1.0,annual_population_estimates_by_age_sex_csv,1b7b14fa75cab035860dd865eedd72527a92dac1a9ca0fcf76bbb5a2b731e368,,2011/2024,observed,csv_row_2021_age_48_col_Male,annual_estimates_observed_v1,2021,48,male,750,reported,
1.0,annual_population_estimates_by_age_sex_csv,1b7b14fa75cab035860dd865eedd72527a92dac1a9ca0fcf76bbb5a2b731e368,,2011/2024,observed,csv_row_2021_age_48_col_Female,annual_estimates_observed_v1,2021,48,female,720,reported,
1.0,annual_population_estimates_by_age_sex_csv,1b7b14fa75cab035860dd865eedd72527a92dac1a9ca0fcf76bbb5a2b731e368,,2011/2024,derived,derived_from_2021_age_48_Male_and_Female,annual_estimates_sex_sum_v1,2021,48,all,1470,reported,
1.0,annual_population_estimates_by_age_sex_csv,1b7b14fa75cab035860dd865eedd72527a92dac1a9ca0fcf76bbb5a2b731e368,,2011/2024,observed,csv_row_2021_age_49_col_Male,annual_estimates_observed_v1,2021,49,male,750,reported,
1.0,annual_population_estimates_by_age_sex_csv,1b7b14fa75cab035860dd865eedd72527a92dac1a9ca0fcf76bbb5a2b731e368,,2011/2024,observed,csv_row_2021_age_49_col_Female,annual_estimates_observed_v1,2021,49,female,770,reported,
1.0,annual_population_estimates_by_age_sex_csv,1b7b14fa75cab035860dd865eedd72527a92dac1a9ca0fcf76bbb5a2b731e368,,2011/2024,derived,derived_from_2021_age_49_Male_and_Female,annual_estimates_sex_sum_v1,2021,49,all,1520,reported,
1.0,annual_population_estimates_by_age_sex_csv,1b7b14fa75cab035860dd865eedd72527a92dac1a9ca0fcf76bbb5a2b731e368,,2011/2024,observed,csv_row_2021_age_50_col_Male,annual_estimates_observed_v1,2021,50,male,830,reported,
1.0,annual_population_estimates_by_age_sex_csv,1b7b14fa75cab035860dd865eedd72527a92dac1a9ca0fcf76bbb5a2b731e368,,2011/2024,observed,csv_row_2021_age_50_col_Female,annual_estimates_observed_v1,2021,50,female,810,reported,
1.0,annual_population_estimates_by_age_sex_csv,1b7b14fa75cab035860dd865eedd72527a92dac1a9ca0fcf76bbb5a2b731e368,,2011/2024,derived,derived_from_2021_age_50_Male_and_Female,annual_estimates_sex_sum_v1,2021,50,all,1640,reported,
1.0,annual_population_estimates_by_age_sex_csv,1b7b14fa75cab035860dd865eedd72527a92dac1a9ca0fcf76bbb5a2b731e368,,2011/2024,observed,csv_row_2021_age_51_col_Male,annual_estimates_observed_v1,2021,51,male,820,reported,
1.0,annual_population_estimates_by_age_sex_csv,1b7b14fa75cab035860dd865eedd72527a92dac1a9ca0fcf76bbb5a2b731e368,,2011/2024,observed,csv_row_2021_age_51_col_Female,annual_estimates_observed_v1,2021,51,female,810,reported,
1.0,annual_population_estimates_by_age_sex_csv,1b7b14fa75cab035860dd865eedd72527a92dac1a9ca0fcf76bbb5a2b731e368,,2011/2024,derived,derived_from_2021_age_51_Male_and_Female,annual_estimates_sex_sum_v1,2021,51,all,1630,reported,
1.0,annual_population_estimates_by_age_sex_csv,1b7b14fa75cab035860dd865eedd72527a92dac1a9ca0fcf76bbb5a2b731e368,,2011/2024,observed,csv_row_2021_age_52_col_Male,annual_estimates_observed_v1,2021,52,male,800,reported,
1.0,annual_population_estimates_by_age_sex_csv,1b7b14fa75cab035860dd865eedd72527a92dac1a9ca0fcf76bbb5a2b731e368,,2011/2024,observed,csv_row_2021_age_52_col_Female,annual_estimates_observed_v1,2021,52,female,840,reported,
1.0,annual_population_estimates_by_age_sex_csv,1b7b14fa75cab035860dd865eedd72527a92dac1a9ca0fcf76bbb5a2b731e368,,2011/2024,derived,derived_from_2021_age_52_Male_and_Female,annual_estimates_sex_sum_v1,2021,52,all,1640,reported,
1.0,annual_population_estimates_by_age_sex_csv,1b7b14fa75cab035860dd865eedd72527a92dac1a9ca0fcf76bbb5a2b731e368,,2011/2024,observed,csv_row_2021_age_53_col_Male,annual_estimates_observed_v1,2021,53,male,910,reported,
1.0,annual_population_estimates_by_age_sex_csv,1b7b14fa75cab035860dd865eedd72527a92dac1a9ca0fcf76bbb5a2b731e368,,2011/2024,observed,csv_row_2021_age_53_col_Female,annual_estimates_observed_v1,2021,53,female,810,reported,
1.0,annual_population_estimates_by_age_sex_csv,1b7b14fa75cab035860dd865eedd72527a92dac1a9ca0fcf76bbb5a2b731e368,,2011/2024,derived,derived_from_2021_age_53_Male_and_Female,annual_estimates_sex_sum_v1,2021,53,all,1720,reported,
1.0,annual_population_estimates_by_age_sex_csv,1b7b14fa75cab035860dd865eedd72527a92dac1a9ca0fcf76bbb5a2b731e368,,2011/2024,observed,csv_row_2021_age_54_col_Male,annual_estimates_observed_v1,2021,54,male,830,reported,
1.0,annual_population_estimates_by_age_sex_csv,1b7b14fa75cab035860dd865eedd72527a92dac1a9ca0fcf76bbb5a2b731e368,,2011/2024,observed,csv_row_2021_age_54_col_Female,annual_estimates_observed_v1,2021,54,female,850,reported,
1.0,annual_population_estimates_by_age_sex_csv,1b7b14fa75cab035860dd865eedd72527a92dac1a9ca0fcf76bbb5a2b731e368,,2011/2024,derived,derived_from_2021_age_54_Male_and_Female,annual_estimates_sex_sum_v1,2021,54,all,1680,reported,
1.0,annual_population_estimates_by_age_sex_csv,1b7b14fa75cab035860dd865eedd72527a92dac1a9ca0fcf76bbb5a2b731e368,,2011/2024,observed,csv_row_2021_age_55_col_Male,annual_estimates_observed_v1,2021,55,male,830,reported,
1.0,annual_population_estimates_by_age_sex_csv,1b7b14fa75cab035860dd865eedd72527a92dac1a9ca0fcf76bbb5a2b731e368,,2011/2024,observed,csv_row_2021_age_55_col_Female,annual_estimates_observed_v1,2021,55,female,860,reported,
1.0,annual_population_estimates_by_age_sex_csv,1b7b14fa75cab035860dd865eedd72527a92dac1a9ca0fcf76bbb5a2b731e368,,2011/2024,derived,derived_from_2021_age_55_Male_and_Female,annual_estimates_sex_sum_v1,2021,55,all,1690,reported,
1.0,annual_population_estimates_by_age_sex_csv,1b7b14fa75cab035860dd865eedd72527a92dac1a9ca0fcf76bbb5a2b731e368,,2011/2024,observed,csv_row_2021_age_56_col_Male,annual_estimates_observed_v1,2021,56,male,860,reported,
1.0,annual_population_estimates_by_age_sex_csv,1b7b14fa75cab035860dd865eedd72527a92dac1a9ca0fcf76bbb5a2b731e368,,2011/2024,observed,csv_row_2021_age_56_col_Female,annual_estimates_observed_v1,2021,56,female,830,reported,
1.0,annual_population_estimates_by_age_sex_csv,1b7b14fa75cab035860dd865eedd72527a92dac1a9ca0fcf76bbb5a2b731e368,,2011/2024,derived,derived_from_2021_age_56_Male_and_Female,annual_estimates_sex_sum_v1,2021,56,all,1690,reported,
1.0,annual_population_estimates_by_age_sex_csv,1b7b14fa75cab035860dd865eedd72527a92dac1a9ca0fcf76bbb5a2b731e368,,2011/2024,observed,csv_row_2021_age_57_col_Male,annual_estimates_observed_v1,2021,57,male,850,reported,
1.0,annual_population_estimates_by_age_sex_csv,1b7b14fa75cab035860dd865eedd72527a92dac1a9ca0fcf76bbb5a2b731e368,,2011/2024,observed,csv_row_2021_age_57_col_Female,annual_estimates_observed_v1,2021,57,female,840,reported,
1.0,annual_population_estimates_by_age_sex_csv,1b7b14fa75cab035860dd865eedd72527a92dac1a9ca0fcf76bbb5a2b731e368,,2011/2024,derived,derived_from_2021_age_57_Male_and_Female,annual_estimates_sex_sum_v1,2021,57,all,1690,reported,
1.0,annual_population_estimates_by_age_sex_csv,1b7b14fa75cab035860dd865eedd72527a92dac1a9ca0fcf76bbb5a2b731e368,,2011/2024,observed,csv_row_2021_age_58_col_Male,annual_estimates_observed_v1,2021,58,male,810,reported,
1.0,annual_population_estimates_by_age_sex_csv,1b7b14fa75cab035860dd865eedd72527a92dac1a9ca0fcf76bbb5a2b731e368,,2011/2024,observed,csv_row_2021_age_58_col_Female,annual_estimates_observed_v1,2021,58,female,780,reported,
1.0,annual_population_estimates_by_age_sex_csv,1b7b14fa75cab035860dd865eedd72527a92dac1a9ca0fcf76bbb5a2b731e368,,2011/2024,derived,derived_from_2021_age_58_Male_and_Female,annual_estimates_sex_sum_v1,2021,58,all,1590,reported,
1.0,annual_population_estimates_by_age_sex_csv,1b7b14fa75cab035860dd865eedd72527a92dac1a9ca0fcf76bbb5a2b731e368,,2011/2024,observed,csv_row_2021_age_59_col_Male,annual_estimates_observed_v1,2021,59,male,770,reported,
1.0,annual_population_estimates_by_age_sex_csv,1b7b14fa75cab035860dd865eedd72527a92dac1a9ca0fcf76bbb5a2b731e368,,2011/2024,observed,csv_row_2021_age_59_col_Female,annual_estimates_observed_v1,2021,59,female,750,reported,
1.0,annual_population_estimates_by_age_sex_csv,1b7b14fa75cab035860dd865eedd72527a92dac1a9ca0fcf76bbb5a2b731e368,,2011/2024,derived,derived_from_2021_age_59_Male_and_Female,annual_estimates_sex_sum_v1,2021,59,all,1520,reported,
1.0,annual_population_estimates_by_age_sex_csv,1b7b14fa75cab035860dd865eedd72527a92dac1a9ca0fcf76bbb5a2b731e368,,2011/2024,observed,csv_row_2021_age_60_col_Male,annual_estimates_observed_v1,2021,60,male,720,reported,
1.0,annual_population_estimates_by_age_sex_csv,1b7b14fa75cab035860dd865eedd72527a92dac1a9ca0fcf76bbb5a2b731e368,,2011/2024,observed,csv_row_2021_age_60_col_Female,annual_estimates_observed_v1,2021,60,female,690,reported,
1.0,annual_population_estimates_by_age_sex_csv,1b7b14fa75cab035860dd865eedd72527a92dac1a9ca0fcf76bbb5a2b731e368,,2011/2024,derived,derived_from_2021_age_60_Male_and_Female,annual_estimates_sex_sum_v1,2021,60,all,1410,reported,
1.0,annual_population_estimates_by_age_sex_csv,1b7b14fa75cab035860dd865eedd72527a92dac1a9ca0fcf76bbb5a2b731e368,,2011/2024,observed,csv_row_2021_age_61_col_Male,annual_estimates_observed_v1,2021,61,male,700,reported,
1.0,annual_population_estimates_by_age_sex_csv,1b7b14fa75cab035860dd865eedd72527a92dac1a9ca0fcf76bbb5a2b731e368,,2011/2024,observed,csv_row_2021_age_61_col_Female,annual_estimates_observed_v1,2021,61,female,680,reported,
1.0,annual_population_estimates_by_age_sex_csv,1b7b14fa75cab035860dd865eedd72527a92dac1a9ca0fcf76bbb5a2b731e368,,2011/2024,derived,derived_from_2021_age_61_Male_and_Female,annual_estimates_sex_sum_v1,2021,61,all,1380,reported,
1.0,annual_population_estimates_by_age_sex_csv,1b7b14fa75cab035860dd865eedd72527a92dac1a9ca0fcf76bbb5a2b731e368,,2011/2024,observed,csv_row_2021_age_62_col_Male,annual_estimates_observed_v1,2021,62,male,620,reported,
1.0,annual_population_estimates_by_age_sex_csv,1b7b14fa75cab035860dd865eedd72527a92dac1a9ca0fcf76bbb5a2b731e368,,2011/2024,observed,csv_row_2021_age_62_col_Female,annual_estimates_observed_v1,2021,62,female,670,reported,
1.0,annual_population_estimates_by_age_sex_csv,1b7b14fa75cab035860dd865eedd72527a92dac1a9ca0fcf76bbb5a2b731e368,,2011/2024,derived,derived_from_2021_age_62_Male_and_Female,annual_estimates_sex_sum_v1,2021,62,all,1290,reported,
1.0,annual_population_estimates_by_age_sex_csv,1b7b14fa75cab035860dd865eedd72527a92dac1a9ca0fcf76bbb5a2b731e368,,2011/2024,observed,csv_row_2021_age_63_col_Male,annual_estimates_observed_v1,2021,63,male,660,reported,
1.0,annual_population_estimates_by_age_sex_csv,1b7b14fa75cab035860dd865eedd72527a92dac1a9ca0fcf76bbb5a2b731e368,,2011/2024,observed,csv_row_2021_age_63_col_Female,annual_estimates_observed_v1,2021,63,female,690,reported,
1.0,annual_population_estimates_by_age_sex_csv,1b7b14fa75cab035860dd865eedd72527a92dac1a9ca0fcf76bbb5a2b731e368,,2011/2024,derived,derived_from_2021_age_63_Male_and_Female,annual_estimates_sex_sum_v1,2021,63,all,1350,reported,
1.0,annual_population_estimates_by_age_sex_csv,1b7b14fa75cab035860dd865eedd72527a92dac1a9ca0fcf76bbb5a2b731e368,,2011/2024,observed,csv_row_2021_age_64_col_Male,annual_estimates_observed_v1,2021,64,male,600,reported,
1.0,annual_population_estimates_by_age_sex_csv,1b7b14fa75cab035860dd865eedd72527a92dac1a9ca0fcf76bbb5a2b731e368,,2011/2024,observed,csv_row_2021_age_64_col_Female,annual_estimates_observed_v1,2021,64,female,620,reported,
1.0,annual_population_estimates_by_age_sex_csv,1b7b14fa75cab035860dd865eedd72527a92dac1a9ca0fcf76bbb5a2b731e368,,2011/2024,derived,derived_from_2021_age_64_Male_and_Female,annual_estimates_sex_sum_v1,2021,64,all,1220,reported,
1.0,annual_population_estimates_by_age_sex_csv,1b7b14fa75cab035860dd865eedd72527a92dac1a9ca0fcf76bbb5a2b731e368,,2011/2024,observed,csv_row_2021_age_65_col_Male,annual_estimates_observed_v1,2021,65,male,590,reported,
1.0,annual_population_estimates_by_age_sex_csv,1b7b14fa75cab035860dd865eedd72527a92dac1a9ca0fcf76bbb5a2b731e368,,2011/2024,observed,csv_row_2021_age_65_col_Female,annual_estimates_observed_v1,2021,65,female,600,reported,
1.0,annual_population_estimates_by_age_sex_csv,1b7b14fa75cab035860dd865eedd72527a92dac1a9ca0fcf76bbb5a2b731e368,,2011/2024,derived,derived_from_2021_age_65_Male_and_Female,annual_estimates_sex_sum_v1,2021,65,all,1190,reported,
1.0,annual_population_estimates_by_age_sex_csv,1b7b14fa75cab035860dd865eedd72527a92dac1a9ca0fcf76bbb5a2b731e368,,2011/2024,observed,csv_row_2021_age_66_col_Male,annual_estimates_observed_v1,2021,66,male,530,reported,
1.0,annual_population_estimates_by_age_sex_csv,1b7b14fa75cab035860dd865eedd72527a92dac1a9ca0fcf76bbb5a2b731e368,,2011/2024,observed,csv_row_2021_age_66_col_Female,annual_estimates_observed_v1,2021,66,female,560,reported,
1.0,annual_population_estimates_by_age_sex_csv,1b7b14fa75cab035860dd865eedd72527a92dac1a9ca0fcf76bbb5a2b731e368,,2011/2024,derived,derived_from_2021_age_66_Male_and_Female,annual_estimates_sex_sum_v1,2021,66,all,1090,reported,
1.0,annual_population_estimates_by_age_sex_csv,1b7b14fa75cab035860dd865eedd72527a92dac1a9ca0fcf76bbb5a2b731e368,,2011/2024,observed,csv_row_2021_age_67_col_Male,annual_estimates_observed_v1,2021,67,male,530,reported,
1.0,annual_population_estimates_by_age_sex_csv,1b7b14fa75cab035860dd865eedd72527a92dac1a9ca0fcf76bbb5a2b731e368,,2011/2024,observed,csv_row_2021_age_67_col_Female,annual_estimates_observed_v1,2021,67,female,540,reported,
1.0,annual_population_estimates_by_age_sex_csv,1b7b14fa75cab035860dd865eedd72527a92dac1a9ca0fcf76bbb5a2b731e368,,2011/2024,derived,derived_from_2021_age_67_Male_and_Female,annual_estimates_sex_sum_v1,2021,67,all,1070,reported,
1.0,annual_population_estimates_by_age_sex_csv,1b7b14fa75cab035860dd865eedd72527a92dac1a9ca0fcf76bbb5a2b731e368,,2011/2024,observed,csv_row_2021_age_68_col_Male,annual_estimates_observed_v1,2021,68,male,510,reported,
1.0,annual_population_estimates_by_age_sex_csv,1b7b14fa75cab035860dd865eedd72527a92dac1a9ca0fcf76bbb5a2b731e368,,2011/2024,observed,csv_row_2021_age_68_col_Female,annual_estimates_observed_v1,2021,68,female,530,reported,
1.0,annual_population_estimates_by_age_sex_csv,1b7b14fa75cab035860dd865eedd72527a92dac1a9ca0fcf76bbb5a2b731e368,,2011/2024,derived,derived_from_2021_age_68_Male_and_Female,annual_estimates_sex_sum_v1,2021,68,all,1040,reported,
1.0,annual_population_estimates_by_age_sex_csv,1b7b14fa75cab035860dd865eedd72527a92dac1a9ca0fcf76bbb5a2b731e368,,2011/2024,observed,csv_row_2021_age_69_col_Male,annual_estimates_observed_v1,2021,69,male,450,reported,
1.0,annual_population_estimates_by_age_sex_csv,1b7b14fa75cab035860dd865eedd72527a92dac1a9ca0fcf76bbb5a2b731e368,,2011/2024,observed,csv_row_2021_age_69_col_Female,annual_estimates_observed_v1,2021,69,female,540,reported,
1.0,annual_population_estimates_by_age_sex_csv,1b7b14fa75cab035860dd865eedd72527a92dac1a9ca0fcf76bbb5a2b731e368,,2011/2024,derived,derived_from_2021_age_69_Male_and_Female,annual_estimates_sex_sum_v1,2021,69,all,990,reported,
1.0,annual_population_estimates_by_age_sex_csv,1b7b14fa75cab035860dd865eedd72527a92dac1a9ca0fcf76bbb5a2b731e368,,2011/2024,observed,csv_row_2021_age_70_col_Male,annual_estimates_observed_v1,2021,70,male,490,reported,
1.0,annual_population_estimates_by_age_sex_csv,1b7b14fa75cab035860dd865eedd72527a92dac1a9ca0fcf76bbb5a2b731e368,,2011/2024,observed,csv_row_2021_age_70_col_Female,annual_estimates_observed_v1,2021,70,female,530,reported,
1.0,annual_population_estimates_by_age_sex_csv,1b7b14fa75cab035860dd865eedd72527a92dac1a9ca0fcf76bbb5a2b731e368,,2011/2024,derived,derived_from_2021_age_70_Male_and_Female,annual_estimates_sex_sum_v1,2021,70,all,1020,reported,
1.0,annual_population_estimates_by_age_sex_csv,1b7b14fa75cab035860dd865eedd72527a92dac1a9ca0fcf76bbb5a2b731e368,,2011/2024,observed,csv_row_2021_age_71_col_Male,annual_estimates_observed_v1,2021,71,male,480,reported,
1.0,annual_population_estimates_by_age_sex_csv,1b7b14fa75cab035860dd865eedd72527a92dac1a9ca0fcf76bbb5a2b731e368,,2011/2024,observed,csv_row_2021_age_71_col_Female,annual_estimates_observed_v1,2021,71,female,490,reported,
1.0,annual_population_estimates_by_age_sex_csv,1b7b14fa75cab035860dd865eedd72527a92dac1a9ca0fcf76bbb5a2b731e368,,2011/2024,derived,derived_from_2021_age_71_Male_and_Female,annual_estimates_sex_sum_v1,2021,71,all,970,reported,
1.0,annual_population_estimates_by_age_sex_csv,1b7b14fa75cab035860dd865eedd72527a92dac1a9ca0fcf76bbb5a2b731e368,,2011/2024,observed,csv_row_2021_age_72_col_Male,annual_estimates_observed_v1,2021,72,male,450,reported,
1.0,annual_population_estimates_by_age_sex_csv,1b7b14fa75cab035860dd865eedd72527a92dac1a9ca0fcf76bbb5a2b731e368,,2011/2024,observed,csv_row_2021_age_72_col_Female,annual_estimates_observed_v1,2021,72,female,490,reported,
1.0,annual_population_estimates_by_age_sex_csv,1b7b14fa75cab035860dd865eedd72527a92dac1a9ca0fcf76bbb5a2b731e368,,2011/2024,derived,derived_from_2021_age_72_Male_and_Female,annual_estimates_sex_sum_v1,2021,72,all,940,reported,
1.0,annual_population_estimates_by_age_sex_csv,1b7b14fa75cab035860dd865eedd72527a92dac1a9ca0fcf76bbb5a2b731e368,,2011/2024,observed,csv_row_2021_age_73_col_Male,annual_estimates_observed_v1,2021,73,male,460,reported,
1.0,annual_population_estimates_by_age_sex_csv,1b7b14fa75cab035860dd865eedd72527a92dac1a9ca0fcf76bbb5a2b731e368,,2011/2024,observed,csv_row_2021_age_73_col_Female,annual_estimates_observed_v1,2021,73,female,500,reported,
1.0,annual_population_estimates_by_age_sex_csv,1b7b14fa75cab035860dd865eedd72527a92dac1a9ca0fcf76bbb5a2b731e368,,2011/2024,derived,derived_from_2021_age_73_Male_and_Female,annual_estimates_sex_sum_v1,2021,73,all,960,reported,
1.0,annual_population_estimates_by_age_sex_csv,1b7b14fa75cab035860dd865eedd72527a92dac1a9ca0fcf76bbb5a2b731e368,,2011/2024,observed,csv_row_2021_age_74_col_Male,annual_estimates_observed_v1,2021,74,male,480,reported,
1.0,annual_population_estimates_by_age_sex_csv,1b7b14fa75cab035860dd865eedd72527a92dac1a9ca0fcf76bbb5a2b731e368,,2011/2024,observed,csv_row_2021_age_74_col_Female,annual_estimates_observed_v1,2021,74,female,500,reported,
1.0,annual_population_estimates_by_age_sex_csv,1b7b14fa75cab035860dd865eedd72527a92dac1a9ca0fcf76bbb5a2b731e368,,2011/2024,derived,derived_from_2021_age_74_Male_and_Female,annual_estimates_sex_sum_v1,2021,74,all,980,reported,
1.0,annual_population_estimates_by_age_sex_csv,1b7b14fa75cab035860dd865eedd72527a92dac1a9ca0fcf76bbb5a2b731e368,,2011/2024,observed,csv_row_2021_age_75_col_Male,annual_estimates_observed_v1,2021,75,male,420,reported,
1.0,annual_population_estimates_by_age_sex_csv,1b7b14fa75cab035860dd865eedd72527a92dac1a9ca0fcf76bbb5a2b731e368,,2011/2024,observed,csv_row_2021_age_75_col_Female,annual_estimates_observed_v1,2021,75,female,490,reported,
1.0,annual_population_estimates_by_age_sex_csv,1b7b14fa75cab035860dd865eedd72527a92dac1a9ca0fcf76bbb5a2b731e368,,2011/2024,derived,derived_from_2021_age_75_Male_and_Female,annual_estimates_sex_sum_v1,2021,75,all,910,reported,
1.0,annual_population_estimates_by_age_sex_csv,1b7b14fa75cab035860dd865eedd72527a92dac1a9ca0fcf76bbb5a2b731e368,,2011/2024,observed,csv_row_2021_age_76_col_Male,annual_estimates_observed_v1,2021,76,male,320,reported,
1.0,annual_population_estimates_by_age_sex_csv,1b7b14fa75cab035860dd865eedd72527a92dac1a9ca0fcf76bbb5a2b731e368,,2011/2024,observed,csv_row_2021_age_76_col_Female,annual_estimates_observed_v1,2021,76,female,370,reported,
1.0,annual_population_estimates_by_age_sex_csv,1b7b14fa75cab035860dd865eedd72527a92dac1a9ca0fcf76bbb5a2b731e368,,2011/2024,derived,derived_from_2021_age_76_Male_and_Female,annual_estimates_sex_sum_v1,2021,76,all,690,reported,
1.0,annual_population_estimates_by_age_sex_csv,1b7b14fa75cab035860dd865eedd72527a92dac1a9ca0fcf76bbb5a2b731e368,,2011/2024,observed,csv_row_2021_age_77_col_Male,annual_estimates_observed_v1,2021,77,male,360,reported,
1.0,annual_population_estimates_by_age_sex_csv,1b7b14fa75cab035860dd865eedd72527a92dac1a9ca0fcf76bbb5a2b731e368,,2011/2024,observed,csv_row_2021_age_77_col_Female,annual_estimates_observed_v1,2021,77,female,430,reported,
1.0,annual_population_estimates_by_age_sex_csv,1b7b14fa75cab035860dd865eedd72527a92dac1a9ca0fcf76bbb5a2b731e368,,2011/2024,derived,derived_from_2021_age_77_Male_and_Female,annual_estimates_sex_sum_v1,2021,77,all,790,reported,
1.0,annual_population_estimates_by_age_sex_csv,1b7b14fa75cab035860dd865eedd72527a92dac1a9ca0fcf76bbb5a2b731e368,,2011/2024,observed,csv_row_2021_age_78_col_Male,annual_estimates_observed_v1,2021,78,male,300,reported,
1.0,annual_population_estimates_by_age_sex_csv,1b7b14fa75cab035860dd865eedd72527a92dac1a9ca0fcf76bbb5a2b731e368,,2011/2024,observed,csv_row_2021_age_78_col_Female,annual_estimates_observed_v1,2021,78,female,360,reported,
1.0,annual_population_estimates_by_age_sex_csv,1b7b14fa75cab035860dd865eedd72527a92dac1a9ca0fcf76bbb5a2b731e368,,2011/2024,derived,derived_from_2021_age_78_Male_and_Female,annual_estimates_sex_sum_v1,2021,78,all,660,reported,
1.0,annual_population_estimates_by_age_sex_csv,1b7b14fa75cab035860dd865eedd72527a92dac1a9ca0fcf76bbb5a2b731e368,,2011/2024,observed,csv_row_2021_age_79_col_Male,annual_estimates_observed_v1,2021,79,male,250,reported,
1.0,annual_population_estimates_by_age_sex_csv,1b7b14fa75cab035860dd865eedd72527a92dac1a9ca0fcf76bbb5a2b731e368,,2011/2024,observed,csv_row_2021_age_79_col_Female,annual_estimates_observed_v1,2021,79,female,310,reported,
1.0,annual_population_estimates_by_age_sex_csv,1b7b14fa75cab035860dd865eedd72527a92dac1a9ca0fcf76bbb5a2b731e368,,2011/2024,derived,derived_from_2021_age_79_Male_and_Female,annual_estimates_sex_sum_v1,2021,79,all,560,reported,
1.0,annual_population_estimates_by_age_sex_csv,1b7b14fa75cab035860dd865eedd72527a92dac1a9ca0fcf76bbb5a2b731e368,,2011/2024,observed,csv_row_2021_age_80_col_Male,annual_estimates_observed_v1,2021,80,male,240,reported,
1.0,annual_population_estimates_by_age_sex_csv,1b7b14fa75cab035860dd865eedd72527a92dac1a9ca0fcf76bbb5a2b731e368,,2011/2024,observed,csv_row_2021_age_80_col_Female,annual_estimates_observed_v1,2021,80,female,300,reported,
1.0,annual_population_estimates_by_age_sex_csv,1b7b14fa75cab035860dd865eedd72527a92dac1a9ca0fcf76bbb5a2b731e368,,2011/2024,derived,derived_from_2021_age_80_Male_and_Female,annual_estimates_sex_sum_v1,2021,80,all,540,reported,
1.0,annual_population_estimates_by_age_sex_csv,1b7b14fa75cab035860dd865eedd72527a92dac1a9ca0fcf76bbb5a2b731e368,,2011/2024,observed,csv_row_2021_age_81_col_Male,annual_estimates_observed_v1,2021,81,male,270,reported,
1.0,annual_population_estimates_by_age_sex_csv,1b7b14fa75cab035860dd865eedd72527a92dac1a9ca0fcf76bbb5a2b731e368,,2011/2024,observed,csv_row_2021_age_81_col_Female,annual_estimates_observed_v1,2021,81,female,320,reported,
1.0,annual_population_estimates_by_age_sex_csv,1b7b14fa75cab035860dd865eedd72527a92dac1a9ca0fcf76bbb5a2b731e368,,2011/2024,derived,derived_from_2021_age_81_Male_and_Female,annual_estimates_sex_sum_v1,2021,81,all,590,reported,
1.0,annual_population_estimates_by_age_sex_csv,1b7b14fa75cab035860dd865eedd72527a92dac1a9ca0fcf76bbb5a2b731e368,,2011/2024,observed,csv_row_2021_age_82_col_Male,annual_estimates_observed_v1,2021,82,male,270,reported,
1.0,annual_population_estimates_by_age_sex_csv,1b7b14fa75cab035860dd865eedd72527a92dac1a9ca0fcf76bbb5a2b731e368,,2011/2024,observed,csv_row_2021_age_82_col_Female,annual_estimates_observed_v1,2021,82,female,290,reported,
1.0,annual_population_estimates_by_age_sex_csv,1b7b14fa75cab035860dd865eedd72527a92dac1a9ca0fcf76bbb5a2b731e368,,2011/2024,derived,derived_from_2021_age_82_Male_and_Female,annual_estimates_sex_sum_v1,2021,82,all,560,reported,
1.0,annual_population_estimates_by_age_sex_csv,1b7b14fa75cab035860dd865eedd72527a92dac1a9ca0fcf76bbb5a2b731e368,,2011/2024,observed,csv_row_2021_age_83_col_Male,annual_estimates_observed_v1,2021,83,male,230,reported,
1.0,annual_population_estimates_by_age_sex_csv,1b7b14fa75cab035860dd865eedd72527a92dac1a9ca0fcf76bbb5a2b731e368,,2011/2024,observed,csv_row_2021_age_83_col_Female,annual_estimates_observed_v1,2021,83,female,300,reported,
1.0,annual_population_estimates_by_age_sex_csv,1b7b14fa75cab035860dd865eedd72527a92dac1a9ca0fcf76bbb5a2b731e368,,2011/2024,derived,derived_from_2021_age_83_Male_and_Female,annual_estimates_sex_sum_v1,2021,83,all,530,reported,
1.0,annual_population_estimates_by_age_sex_csv,1b7b14fa75cab035860dd865eedd72527a92dac1a9ca0fcf76bbb5a2b731e368,,2011/2024,observed,csv_row_2021_age_84_col_Male,annual_estimates_observed_v1,2021,84,male,200,reported,
1.0,annual_population_estimates_by_age_sex_csv,1b7b14fa75cab035860dd865eedd72527a92dac1a9ca0fcf76bbb5a2b731e368,,2011/2024,observed,csv_row_2021_age_84_col_Female,annual_estimates_observed_v1,2021,84,female,280,reported,
1.0,annual_population_estimates_by_age_sex_csv,1b7b14fa75cab035860dd865eedd72527a92dac1a9ca0fcf76bbb5a2b731e368,,2011/2024,derived,derived_from_2021_age_84_Male_and_Female,annual_estimates_sex_sum_v1,2021,84,all,480,reported,
1.0,annual_population_estimates_by_age_sex_csv,1b7b14fa75cab035860dd865eedd72527a92dac1a9ca0fcf76bbb5a2b731e368,,2011/2024,observed,csv_row_2021_age_85_col_Male,annual_estimates_observed_v1,2021,85,male,190,reported,
1.0,annual_population_estimates_by_age_sex_csv,1b7b14fa75cab035860dd865eedd72527a92dac1a9ca0fcf76bbb5a2b731e368,,2011/2024,observed,csv_row_2021_age_85_col_Female,annual_estimates_observed_v1,2021,85,female,260,reported,
1.0,annual_population_estimates_by_age_sex_csv,1b7b14fa75cab035860dd865eedd72527a92dac1a9ca0fcf76bbb5a2b731e368,,2011/2024,derived,derived_from_2021_age_85_Male_and_Female,annual_estimates_sex_sum_v1,2021,85,all,450,reported,
1.0,annual_population_estimates_by_age_sex_csv,1b7b14fa75cab035860dd865eedd72527a92dac1a9ca0fcf76bbb5a2b731e368,,2011/2024,observed,csv_row_2021_age_86_col_Male,annual_estimates_observed_v1,2021,86,male,160,reported,
1.0,annual_population_estimates_by_age_sex_csv,1b7b14fa75cab035860dd865eedd72527a92dac1a9ca0fcf76bbb5a2b731e368,,2011/2024,observed,csv_row_2021_age_86_col_Female,annual_estimates_observed_v1,2021,86,female,200,reported,
1.0,annual_population_estimates_by_age_sex_csv,1b7b14fa75cab035860dd865eedd72527a92dac1a9ca0fcf76bbb5a2b731e368,,2011/2024,derived,derived_from_2021_age_86_Male_and_Female,annual_estimates_sex_sum_v1,2021,86,all,360,reported,
1.0,annual_population_estimates_by_age_sex_csv,1b7b14fa75cab035860dd865eedd72527a92dac1a9ca0fcf76bbb5a2b731e368,,2011/2024,observed,csv_row_2021_age_87_col_Male,annual_estimates_observed_v1,2021,87,male,140,reported,
1.0,annual_population_estimates_by_age_sex_csv,1b7b14fa75cab035860dd865eedd72527a92dac1a9ca0fcf76bbb5a2b731e368,,2011/2024,observed,csv_row_2021_age_87_col_Female,annual_estimates_observed_v1,2021,87,female,210,reported,
1.0,annual_population_estimates_by_age_sex_csv,1b7b14fa75cab035860dd865eedd72527a92dac1a9ca0fcf76bbb5a2b731e368,,2011/2024,derived,derived_from_2021_age_87_Male_and_Female,annual_estimates_sex_sum_v1,2021,87,all,350,reported,
1.0,annual_population_estimates_by_age_sex_csv,1b7b14fa75cab035860dd865eedd72527a92dac1a9ca0fcf76bbb5a2b731e368,,2011/2024,observed,csv_row_2021_age_88_col_Male,annual_estimates_observed_v1,2021,88,male,120,reported,
1.0,annual_population_estimates_by_age_sex_csv,1b7b14fa75cab035860dd865eedd72527a92dac1a9ca0fcf76bbb5a2b731e368,,2011/2024,observed,csv_row_2021_age_88_col_Female,annual_estimates_observed_v1,2021,88,female,190,reported,
1.0,annual_population_estimates_by_age_sex_csv,1b7b14fa75cab035860dd865eedd72527a92dac1a9ca0fcf76bbb5a2b731e368,,2011/2024,derived,derived_from_2021_age_88_Male_and_Female,annual_estimates_sex_sum_v1,2021,88,all,310,reported,
1.0,annual_population_estimates_by_age_sex_csv,1b7b14fa75cab035860dd865eedd72527a92dac1a9ca0fcf76bbb5a2b731e368,,2011/2024,observed,csv_row_2021_age_89_col_Male,annual_estimates_observed_v1,2021,89,male,90,reported,
1.0,annual_population_estimates_by_age_sex_csv,1b7b14fa75cab035860dd865eedd72527a92dac1a9ca0fcf76bbb5a2b731e368,,2011/2024,observed,csv_row_2021_age_89_col_Female,annual_estimates_observed_v1,2021,89,female,170,reported,
1.0,annual_population_estimates_by_age_sex_csv,1b7b14fa75cab035860dd865eedd72527a92dac1a9ca0fcf76bbb5a2b731e368,,2011/2024,derived,derived_from_2021_age_89_Male_and_Female,annual_estimates_sex_sum_v1,2021,89,all,260,reported,
1.0,annual_population_estimates_by_age_sex_csv,1b7b14fa75cab035860dd865eedd72527a92dac1a9ca0fcf76bbb5a2b731e368,,2011/2024,observed,csv_row_2021_age_90_col_Male,annual_estimates_observed_v1,2021,90,male,80,reported,
1.0,annual_population_estimates_by_age_sex_csv,1b7b14fa75cab035860dd865eedd72527a92dac1a9ca0fcf76bbb5a2b731e368,,2011/2024,observed,csv_row_2021_age_90_col_Female,annual_estimates_observed_v1,2021,90,female,140,reported,
1.0,annual_population_estimates_by_age_sex_csv,1b7b14fa75cab035860dd865eedd72527a92dac1a9ca0fcf76bbb5a2b731e368,,2011/2024,derived,derived_from_2021_age_90_Male_and_Female,annual_estimates_sex_sum_v1,2021,90,all,220,reported,
1.0,annual_population_estimates_by_age_sex_csv,1b7b14fa75cab035860dd865eedd72527a92dac1a9ca0fcf76bbb5a2b731e368,,2011/2024,observed,csv_row_2021_age_91_col_Male,annual_estimates_observed_v1,2021,91,male,70,reported,
1.0,annual_population_estimates_by_age_sex_csv,1b7b14fa75cab035860dd865eedd72527a92dac1a9ca0fcf76bbb5a2b731e368,,2011/2024,observed,csv_row_2021_age_91_col_Female,annual_estimates_observed_v1,2021,91,female,110,reported,
1.0,annual_population_estimates_by_age_sex_csv,1b7b14fa75cab035860dd865eedd72527a92dac1a9ca0fcf76bbb5a2b731e368,,2011/2024,derived,derived_from_2021_age_91_Male_and_Female,annual_estimates_sex_sum_v1,2021,91,all,180,reported,
1.0,annual_population_estimates_by_age_sex_csv,1b7b14fa75cab035860dd865eedd72527a92dac1a9ca0fcf76bbb5a2b731e368,,2011/2024,observed,csv_row_2021_age_92_col_Male,annual_estimates_observed_v1,2021,92,male,40,reported,
1.0,annual_population_estimates_by_age_sex_csv,1b7b14fa75cab035860dd865eedd72527a92dac1a9ca0fcf76bbb5a2b731e368,,2011/2024,observed,csv_row_2021_age_92_col_Female,annual_estimates_observed_v1,2021,92,female,100,reported,
1.0,annual_population_estimates_by_age_sex_csv,1b7b14fa75cab035860dd865eedd72527a92dac1a9ca0fcf76bbb5a2b731e368,,2011/2024,derived,derived_from_2021_age_92_Male_and_Female,annual_estimates_sex_sum_v1,2021,92,all,140,reported,
1.0,annual_population_estimates_by_age_sex_csv,1b7b14fa75cab035860dd865eedd72527a92dac1a9ca0fcf76bbb5a2b731e368,,2011/2024,observed,csv_row_2021_age_93_col_Male,annual_estimates_observed_v1,2021,93,male,40,reported,
1.0,annual_population_estimates_by_age_sex_csv,1b7b14fa75cab035860dd865eedd72527a92dac1a9ca0fcf76bbb5a2b731e368,,2011/2024,observed,csv_row_2021_age_93_col_Female,annual_estimates_observed_v1,2021,93,female,80,reported,
1.0,annual_population_estimates_by_age_sex_csv,1b7b14fa75cab035860dd865eedd72527a92dac1a9ca0fcf76bbb5a2b731e368,,2011/2024,derived,derived_from_2021_age_93_Male_and_Female,annual_estimates_sex_sum_v1,2021,93,all,120,reported,
1.0,annual_population_estimates_by_age_sex_csv,1b7b14fa75cab035860dd865eedd72527a92dac1a9ca0fcf76bbb5a2b731e368,,2011/2024,observed,csv_row_2021_age_94_col_Male,annual_estimates_observed_v1,2021,94,male,20,reported,
1.0,annual_population_estimates_by_age_sex_csv,1b7b14fa75cab035860dd865eedd72527a92dac1a9ca0fcf76bbb5a2b731e368,,2011/2024,observed,csv_row_2021_age_94_col_Female,annual_estimates_observed_v1,2021,94,female,50,reported,
1.0,annual_population_estimates_by_age_sex_csv,1b7b14fa75cab035860dd865eedd72527a92dac1a9ca0fcf76bbb5a2b731e368,,2011/2024,derived,derived_from_2021_age_94_Male_and_Female,annual_estimates_sex_sum_v1,2021,94,all,70,reported,
1.0,annual_population_estimates_by_age_sex_csv,1b7b14fa75cab035860dd865eedd72527a92dac1a9ca0fcf76bbb5a2b731e368,,2011/2024,observed,csv_row_2021_age_95_col_Male,annual_estimates_observed_v1,2021,95,male,20,reported,
1.0,annual_population_estimates_by_age_sex_csv,1b7b14fa75cab035860dd865eedd72527a92dac1a9ca0fcf76bbb5a2b731e368,,2011/2024,observed,csv_row_2021_age_95_col_Female,annual_estimates_observed_v1,2021,95,female,60,reported,
1.0,annual_population_estimates_by_age_sex_csv,1b7b14fa75cab035860dd865eedd72527a92dac1a9ca0fcf76bbb5a2b731e368,,2011/2024,derived,derived_from_2021_age_95_Male_and_Female,annual_estimates_sex_sum_v1,2021,95,all,80,reported,
1.0,annual_population_estimates_by_age_sex_csv,1b7b14fa75cab035860dd865eedd72527a92dac1a9ca0fcf76bbb5a2b731e368,,2011/2024,observed,csv_row_2021_age_96_col_Male,annual_estimates_observed_v1,2021,96,male,20,reported,
1.0,annual_population_estimates_by_age_sex_csv,1b7b14fa75cab035860dd865eedd72527a92dac1a9ca0fcf76bbb5a2b731e368,,2011/2024,observed,csv_row_2021_age_96_col_Female,annual_estimates_observed_v1,2021,96,female,40,reported,
1.0,annual_population_estimates_by_age_sex_csv,1b7b14fa75cab035860dd865eedd72527a92dac1a9ca0fcf76bbb5a2b731e368,,2011/2024,derived,derived_from_2021_age_96_Male_and_Female,annual_estimates_sex_sum_v1,2021,96,all,60,reported,
1.0,annual_population_estimates_by_age_sex_csv,1b7b14fa75cab035860dd865eedd72527a92dac1a9ca0fcf76bbb5a2b731e368,,2011/2024,observed,csv_row_2021_age_97_col_Male,annual_estimates_observed_v1,2021,97,male,0,reported,
1.0,annual_population_estimates_by_age_sex_csv,1b7b14fa75cab035860dd865eedd72527a92dac1a9ca0fcf76bbb5a2b731e368,,2011/2024,observed,csv_row_2021_age_97_col_Female,annual_estimates_observed_v1,2021,97,female,40,reported,
1.0,annual_population_estimates_by_age_sex_csv,1b7b14fa75cab035860dd865eedd72527a92dac1a9ca0fcf76bbb5a2b731e368,,2011/2024,derived,derived_from_2021_age_97_Male_and_Female,annual_estimates_sex_sum_v1,2021,97,all,40,reported,
1.0,annual_population_estimates_by_age_sex_csv,1b7b14fa75cab035860dd865eedd72527a92dac1a9ca0fcf76bbb5a2b731e368,,2011/2024,observed,csv_row_2021_age_98_col_Male,annual_estimates_observed_v1,2021,98,male,10,reported,
1.0,annual_population_estimates_by_age_sex_csv,1b7b14fa75cab035860dd865eedd72527a92dac1a9ca0fcf76bbb5a2b731e368,,2011/2024,observed,csv_row_2021_age_98_col_Female,annual_estimates_observed_v1,2021,98,female,20,reported,
1.0,annual_population_estimates_by_age_sex_csv,1b7b14fa75cab035860dd865eedd72527a92dac1a9ca0fcf76bbb5a2b731e368,,2011/2024,derived,derived_from_2021_age_98_Male_and_Female,annual_estimates_sex_sum_v1,2021,98,all,30,reported,
1.0,annual_population_estimates_by_age_sex_csv,1b7b14fa75cab035860dd865eedd72527a92dac1a9ca0fcf76bbb5a2b731e368,,2011/2024,observed,csv_row_2021_age_99_col_Male,annual_estimates_observed_v1,2021,99,male,10,reported,
1.0,annual_population_estimates_by_age_sex_csv,1b7b14fa75cab035860dd865eedd72527a92dac1a9ca0fcf76bbb5a2b731e368,,2011/2024,observed,csv_row_2021_age_99_col_Female,annual_estimates_observed_v1,2021,99,female,10,reported,
1.0,annual_population_estimates_by_age_sex_csv,1b7b14fa75cab035860dd865eedd72527a92dac1a9ca0fcf76bbb5a2b731e368,,2011/2024,derived,derived_from_2021_age_99_Male_and_Female,annual_estimates_sex_sum_v1,2021,99,all,20,reported,
1.0,annual_population_estimates_by_age_sex_csv,1b7b14fa75cab035860dd865eedd72527a92dac1a9ca0fcf76bbb5a2b731e368,,2011/2024,observed,csv_row_2021_age_100_col_Male,annual_estimates_observed_v1,2021,100,male,0,reported,
1.0,annual_population_estimates_by_age_sex_csv,1b7b14fa75cab035860dd865eedd72527a92dac1a9ca0fcf76bbb5a2b731e368,,2011/2024,observed,csv_row_2021_age_100_col_Female,annual_estimates_observed_v1,2021,100,female,10,reported,
1.0,annual_population_estimates_by_age_sex_csv,1b7b14fa75cab035860dd865eedd72527a92dac1a9ca0fcf76bbb5a2b731e368,,2011/2024,derived,derived_from_2021_age_100_Male_and_Female,annual_estimates_sex_sum_v1,2021,100,all,10,reported,
1.0,annual_population_estimates_by_age_sex_csv,1b7b14fa75cab035860dd865eedd72527a92dac1a9ca0fcf76bbb5a2b731e368,,2011/2024,observed,csv_row_2022_age_0_col_Male,annual_estimates_observed_v1,2022,0,male,470,reported,
1.0,annual_population_estimates_by_age_sex_csv,1b7b14fa75cab035860dd865eedd72527a92dac1a9ca0fcf76bbb5a2b731e368,,2011/2024,observed,csv_row_2022_age_0_col_Female,annual_estimates_observed_v1,2022,0,female,370,reported,
1.0,annual_population_estimates_by_age_sex_csv,1b7b14fa75cab035860dd865eedd72527a92dac1a9ca0fcf76bbb5a2b731e368,,2011/2024,derived,derived_from_2022_age_0_Male_and_Female,annual_estimates_sex_sum_v1,2022,0,all,840,reported,
1.0,annual_population_estimates_by_age_sex_csv,1b7b14fa75cab035860dd865eedd72527a92dac1a9ca0fcf76bbb5a2b731e368,,2011/2024,observed,csv_row_2022_age_1_col_Male,annual_estimates_observed_v1,2022,1,male,470,reported,
1.0,annual_population_estimates_by_age_sex_csv,1b7b14fa75cab035860dd865eedd72527a92dac1a9ca0fcf76bbb5a2b731e368,,2011/2024,observed,csv_row_2022_age_1_col_Female,annual_estimates_observed_v1,2022,1,female,420,reported,
1.0,annual_population_estimates_by_age_sex_csv,1b7b14fa75cab035860dd865eedd72527a92dac1a9ca0fcf76bbb5a2b731e368,,2011/2024,derived,derived_from_2022_age_1_Male_and_Female,annual_estimates_sex_sum_v1,2022,1,all,890,reported,
1.0,annual_population_estimates_by_age_sex_csv,1b7b14fa75cab035860dd865eedd72527a92dac1a9ca0fcf76bbb5a2b731e368,,2011/2024,observed,csv_row_2022_age_2_col_Male,annual_estimates_observed_v1,2022,2,male,450,reported,
1.0,annual_population_estimates_by_age_sex_csv,1b7b14fa75cab035860dd865eedd72527a92dac1a9ca0fcf76bbb5a2b731e368,,2011/2024,observed,csv_row_2022_age_2_col_Female,annual_estimates_observed_v1,2022,2,female,430,reported,
1.0,annual_population_estimates_by_age_sex_csv,1b7b14fa75cab035860dd865eedd72527a92dac1a9ca0fcf76bbb5a2b731e368,,2011/2024,derived,derived_from_2022_age_2_Male_and_Female,annual_estimates_sex_sum_v1,2022,2,all,880,reported,
1.0,annual_population_estimates_by_age_sex_csv,1b7b14fa75cab035860dd865eedd72527a92dac1a9ca0fcf76bbb5a2b731e368,,2011/2024,observed,csv_row_2022_age_3_col_Male,annual_estimates_observed_v1,2022,3,male,490,reported,
1.0,annual_population_estimates_by_age_sex_csv,1b7b14fa75cab035860dd865eedd72527a92dac1a9ca0fcf76bbb5a2b731e368,,2011/2024,observed,csv_row_2022_age_3_col_Female,annual_estimates_observed_v1,2022,3,female,390,reported,
1.0,annual_population_estimates_by_age_sex_csv,1b7b14fa75cab035860dd865eedd72527a92dac1a9ca0fcf76bbb5a2b731e368,,2011/2024,derived,derived_from_2022_age_3_Male_and_Female,annual_estimates_sex_sum_v1,2022,3,all,880,reported,
1.0,annual_population_estimates_by_age_sex_csv,1b7b14fa75cab035860dd865eedd72527a92dac1a9ca0fcf76bbb5a2b731e368,,2011/2024,observed,csv_row_2022_age_4_col_Male,annual_estimates_observed_v1,2022,4,male,470,reported,
1.0,annual_population_estimates_by_age_sex_csv,1b7b14fa75cab035860dd865eedd72527a92dac1a9ca0fcf76bbb5a2b731e368,,2011/2024,observed,csv_row_2022_age_4_col_Female,annual_estimates_observed_v1,2022,4,female,480,reported,
1.0,annual_population_estimates_by_age_sex_csv,1b7b14fa75cab035860dd865eedd72527a92dac1a9ca0fcf76bbb5a2b731e368,,2011/2024,derived,derived_from_2022_age_4_Male_and_Female,annual_estimates_sex_sum_v1,2022,4,all,950,reported,
1.0,annual_population_estimates_by_age_sex_csv,1b7b14fa75cab035860dd865eedd72527a92dac1a9ca0fcf76bbb5a2b731e368,,2011/2024,observed,csv_row_2022_age_5_col_Male,annual_estimates_observed_v1,2022,5,male,510,reported,
1.0,annual_population_estimates_by_age_sex_csv,1b7b14fa75cab035860dd865eedd72527a92dac1a9ca0fcf76bbb5a2b731e368,,2011/2024,observed,csv_row_2022_age_5_col_Female,annual_estimates_observed_v1,2022,5,female,450,reported,
1.0,annual_population_estimates_by_age_sex_csv,1b7b14fa75cab035860dd865eedd72527a92dac1a9ca0fcf76bbb5a2b731e368,,2011/2024,derived,derived_from_2022_age_5_Male_and_Female,annual_estimates_sex_sum_v1,2022,5,all,960,reported,
1.0,annual_population_estimates_by_age_sex_csv,1b7b14fa75cab035860dd865eedd72527a92dac1a9ca0fcf76bbb5a2b731e368,,2011/2024,observed,csv_row_2022_age_6_col_Male,annual_estimates_observed_v1,2022,6,male,520,reported,
1.0,annual_population_estimates_by_age_sex_csv,1b7b14fa75cab035860dd865eedd72527a92dac1a9ca0fcf76bbb5a2b731e368,,2011/2024,observed,csv_row_2022_age_6_col_Female,annual_estimates_observed_v1,2022,6,female,490,reported,
1.0,annual_population_estimates_by_age_sex_csv,1b7b14fa75cab035860dd865eedd72527a92dac1a9ca0fcf76bbb5a2b731e368,,2011/2024,derived,derived_from_2022_age_6_Male_and_Female,annual_estimates_sex_sum_v1,2022,6,all,1010,reported,
1.0,annual_population_estimates_by_age_sex_csv,1b7b14fa75cab035860dd865eedd72527a92dac1a9ca0fcf76bbb5a2b731e368,,2011/2024,observed,csv_row_2022_age_7_col_Male,annual_estimates_observed_v1,2022,7,male,530,reported,
1.0,annual_population_estimates_by_age_sex_csv,1b7b14fa75cab035860dd865eedd72527a92dac1a9ca0fcf76bbb5a2b731e368,,2011/2024,observed,csv_row_2022_age_7_col_Female,annual_estimates_observed_v1,2022,7,female,510,reported,
1.0,annual_population_estimates_by_age_sex_csv,1b7b14fa75cab035860dd865eedd72527a92dac1a9ca0fcf76bbb5a2b731e368,,2011/2024,derived,derived_from_2022_age_7_Male_and_Female,annual_estimates_sex_sum_v1,2022,7,all,1040,reported,
1.0,annual_population_estimates_by_age_sex_csv,1b7b14fa75cab035860dd865eedd72527a92dac1a9ca0fcf76bbb5a2b731e368,,2011/2024,observed,csv_row_2022_age_8_col_Male,annual_estimates_observed_v1,2022,8,male,500,reported,
1.0,annual_population_estimates_by_age_sex_csv,1b7b14fa75cab035860dd865eedd72527a92dac1a9ca0fcf76bbb5a2b731e368,,2011/2024,observed,csv_row_2022_age_8_col_Female,annual_estimates_observed_v1,2022,8,female,510,reported,
1.0,annual_population_estimates_by_age_sex_csv,1b7b14fa75cab035860dd865eedd72527a92dac1a9ca0fcf76bbb5a2b731e368,,2011/2024,derived,derived_from_2022_age_8_Male_and_Female,annual_estimates_sex_sum_v1,2022,8,all,1010,reported,
1.0,annual_population_estimates_by_age_sex_csv,1b7b14fa75cab035860dd865eedd72527a92dac1a9ca0fcf76bbb5a2b731e368,,2011/2024,observed,csv_row_2022_age_9_col_Male,annual_estimates_observed_v1,2022,9,male,540,reported,
1.0,annual_population_estimates_by_age_sex_csv,1b7b14fa75cab035860dd865eedd72527a92dac1a9ca0fcf76bbb5a2b731e368,,2011/2024,observed,csv_row_2022_age_9_col_Female,annual_estimates_observed_v1,2022,9,female,520,reported,
1.0,annual_population_estimates_by_age_sex_csv,1b7b14fa75cab035860dd865eedd72527a92dac1a9ca0fcf76bbb5a2b731e368,,2011/2024,derived,derived_from_2022_age_9_Male_and_Female,annual_estimates_sex_sum_v1,2022,9,all,1060,reported,
1.0,annual_population_estimates_by_age_sex_csv,1b7b14fa75cab035860dd865eedd72527a92dac1a9ca0fcf76bbb5a2b731e368,,2011/2024,observed,csv_row_2022_age_10_col_Male,annual_estimates_observed_v1,2022,10,male,570,reported,
1.0,annual_population_estimates_by_age_sex_csv,1b7b14fa75cab035860dd865eedd72527a92dac1a9ca0fcf76bbb5a2b731e368,,2011/2024,observed,csv_row_2022_age_10_col_Female,annual_estimates_observed_v1,2022,10,female,570,reported,
1.0,annual_population_estimates_by_age_sex_csv,1b7b14fa75cab035860dd865eedd72527a92dac1a9ca0fcf76bbb5a2b731e368,,2011/2024,derived,derived_from_2022_age_10_Male_and_Female,annual_estimates_sex_sum_v1,2022,10,all,1140,reported,
1.0,annual_population_estimates_by_age_sex_csv,1b7b14fa75cab035860dd865eedd72527a92dac1a9ca0fcf76bbb5a2b731e368,,2011/2024,observed,csv_row_2022_age_11_col_Male,annual_estimates_observed_v1,2022,11,male,550,reported,
1.0,annual_population_estimates_by_age_sex_csv,1b7b14fa75cab035860dd865eedd72527a92dac1a9ca0fcf76bbb5a2b731e368,,2011/2024,observed,csv_row_2022_age_11_col_Female,annual_estimates_observed_v1,2022,11,female,540,reported,
1.0,annual_population_estimates_by_age_sex_csv,1b7b14fa75cab035860dd865eedd72527a92dac1a9ca0fcf76bbb5a2b731e368,,2011/2024,derived,derived_from_2022_age_11_Male_and_Female,annual_estimates_sex_sum_v1,2022,11,all,1090,reported,
1.0,annual_population_estimates_by_age_sex_csv,1b7b14fa75cab035860dd865eedd72527a92dac1a9ca0fcf76bbb5a2b731e368,,2011/2024,observed,csv_row_2022_age_12_col_Male,annual_estimates_observed_v1,2022,12,male,530,reported,
1.0,annual_population_estimates_by_age_sex_csv,1b7b14fa75cab035860dd865eedd72527a92dac1a9ca0fcf76bbb5a2b731e368,,2011/2024,observed,csv_row_2022_age_12_col_Female,annual_estimates_observed_v1,2022,12,female,550,reported,
1.0,annual_population_estimates_by_age_sex_csv,1b7b14fa75cab035860dd865eedd72527a92dac1a9ca0fcf76bbb5a2b731e368,,2011/2024,derived,derived_from_2022_age_12_Male_and_Female,annual_estimates_sex_sum_v1,2022,12,all,1080,reported,
1.0,annual_population_estimates_by_age_sex_csv,1b7b14fa75cab035860dd865eedd72527a92dac1a9ca0fcf76bbb5a2b731e368,,2011/2024,observed,csv_row_2022_age_13_col_Male,annual_estimates_observed_v1,2022,13,male,520,reported,
1.0,annual_population_estimates_by_age_sex_csv,1b7b14fa75cab035860dd865eedd72527a92dac1a9ca0fcf76bbb5a2b731e368,,2011/2024,observed,csv_row_2022_age_13_col_Female,annual_estimates_observed_v1,2022,13,female,510,reported,
1.0,annual_population_estimates_by_age_sex_csv,1b7b14fa75cab035860dd865eedd72527a92dac1a9ca0fcf76bbb5a2b731e368,,2011/2024,derived,derived_from_2022_age_13_Male_and_Female,annual_estimates_sex_sum_v1,2022,13,all,1030,reported,
1.0,annual_population_estimates_by_age_sex_csv,1b7b14fa75cab035860dd865eedd72527a92dac1a9ca0fcf76bbb5a2b731e368,,2011/2024,observed,csv_row_2022_age_14_col_Male,annual_estimates_observed_v1,2022,14,male,520,reported,
1.0,annual_population_estimates_by_age_sex_csv,1b7b14fa75cab035860dd865eedd72527a92dac1a9ca0fcf76bbb5a2b731e368,,2011/2024,observed,csv_row_2022_age_14_col_Female,annual_estimates_observed_v1,2022,14,female,550,reported,
1.0,annual_population_estimates_by_age_sex_csv,1b7b14fa75cab035860dd865eedd72527a92dac1a9ca0fcf76bbb5a2b731e368,,2011/2024,derived,derived_from_2022_age_14_Male_and_Female,annual_estimates_sex_sum_v1,2022,14,all,1070,reported,
1.0,annual_population_estimates_by_age_sex_csv,1b7b14fa75cab035860dd865eedd72527a92dac1a9ca0fcf76bbb5a2b731e368,,2011/2024,observed,csv_row_2022_age_15_col_Male,annual_estimates_observed_v1,2022,15,male,520,reported,
1.0,annual_population_estimates_by_age_sex_csv,1b7b14fa75cab035860dd865eedd72527a92dac1a9ca0fcf76bbb5a2b731e368,,2011/2024,observed,csv_row_2022_age_15_col_Female,annual_estimates_observed_v1,2022,15,female,520,reported,
1.0,annual_population_estimates_by_age_sex_csv,1b7b14fa75cab035860dd865eedd72527a92dac1a9ca0fcf76bbb5a2b731e368,,2011/2024,derived,derived_from_2022_age_15_Male_and_Female,annual_estimates_sex_sum_v1,2022,15,all,1040,reported,
1.0,annual_population_estimates_by_age_sex_csv,1b7b14fa75cab035860dd865eedd72527a92dac1a9ca0fcf76bbb5a2b731e368,,2011/2024,observed,csv_row_2022_age_16_col_Male,annual_estimates_observed_v1,2022,16,male,500,reported,
1.0,annual_population_estimates_by_age_sex_csv,1b7b14fa75cab035860dd865eedd72527a92dac1a9ca0fcf76bbb5a2b731e368,,2011/2024,observed,csv_row_2022_age_16_col_Female,annual_estimates_observed_v1,2022,16,female,520,reported,
1.0,annual_population_estimates_by_age_sex_csv,1b7b14fa75cab035860dd865eedd72527a92dac1a9ca0fcf76bbb5a2b731e368,,2011/2024,derived,derived_from_2022_age_16_Male_and_Female,annual_estimates_sex_sum_v1,2022,16,all,1020,reported,
1.0,annual_population_estimates_by_age_sex_csv,1b7b14fa75cab035860dd865eedd72527a92dac1a9ca0fcf76bbb5a2b731e368,,2011/2024,observed,csv_row_2022_age_17_col_Male,annual_estimates_observed_v1,2022,17,male,510,reported,
1.0,annual_population_estimates_by_age_sex_csv,1b7b14fa75cab035860dd865eedd72527a92dac1a9ca0fcf76bbb5a2b731e368,,2011/2024,observed,csv_row_2022_age_17_col_Female,annual_estimates_observed_v1,2022,17,female,500,reported,
1.0,annual_population_estimates_by_age_sex_csv,1b7b14fa75cab035860dd865eedd72527a92dac1a9ca0fcf76bbb5a2b731e368,,2011/2024,derived,derived_from_2022_age_17_Male_and_Female,annual_estimates_sex_sum_v1,2022,17,all,1010,reported,
1.0,annual_population_estimates_by_age_sex_csv,1b7b14fa75cab035860dd865eedd72527a92dac1a9ca0fcf76bbb5a2b731e368,,2011/2024,observed,csv_row_2022_age_18_col_Male,annual_estimates_observed_v1,2022,18,male,530,reported,
1.0,annual_population_estimates_by_age_sex_csv,1b7b14fa75cab035860dd865eedd72527a92dac1a9ca0fcf76bbb5a2b731e368,,2011/2024,observed,csv_row_2022_age_18_col_Female,annual_estimates_observed_v1,2022,18,female,520,reported,
1.0,annual_population_estimates_by_age_sex_csv,1b7b14fa75cab035860dd865eedd72527a92dac1a9ca0fcf76bbb5a2b731e368,,2011/2024,derived,derived_from_2022_age_18_Male_and_Female,annual_estimates_sex_sum_v1,2022,18,all,1050,reported,
1.0,annual_population_estimates_by_age_sex_csv,1b7b14fa75cab035860dd865eedd72527a92dac1a9ca0fcf76bbb5a2b731e368,,2011/2024,observed,csv_row_2022_age_19_col_Male,annual_estimates_observed_v1,2022,19,male,540,reported,
1.0,annual_population_estimates_by_age_sex_csv,1b7b14fa75cab035860dd865eedd72527a92dac1a9ca0fcf76bbb5a2b731e368,,2011/2024,observed,csv_row_2022_age_19_col_Female,annual_estimates_observed_v1,2022,19,female,530,reported,
1.0,annual_population_estimates_by_age_sex_csv,1b7b14fa75cab035860dd865eedd72527a92dac1a9ca0fcf76bbb5a2b731e368,,2011/2024,derived,derived_from_2022_age_19_Male_and_Female,annual_estimates_sex_sum_v1,2022,19,all,1070,reported,
1.0,annual_population_estimates_by_age_sex_csv,1b7b14fa75cab035860dd865eedd72527a92dac1a9ca0fcf76bbb5a2b731e368,,2011/2024,observed,csv_row_2022_age_20_col_Male,annual_estimates_observed_v1,2022,20,male,480,reported,
1.0,annual_population_estimates_by_age_sex_csv,1b7b14fa75cab035860dd865eedd72527a92dac1a9ca0fcf76bbb5a2b731e368,,2011/2024,observed,csv_row_2022_age_20_col_Female,annual_estimates_observed_v1,2022,20,female,510,reported,
1.0,annual_population_estimates_by_age_sex_csv,1b7b14fa75cab035860dd865eedd72527a92dac1a9ca0fcf76bbb5a2b731e368,,2011/2024,derived,derived_from_2022_age_20_Male_and_Female,annual_estimates_sex_sum_v1,2022,20,all,990,reported,
1.0,annual_population_estimates_by_age_sex_csv,1b7b14fa75cab035860dd865eedd72527a92dac1a9ca0fcf76bbb5a2b731e368,,2011/2024,observed,csv_row_2022_age_21_col_Male,annual_estimates_observed_v1,2022,21,male,540,reported,
1.0,annual_population_estimates_by_age_sex_csv,1b7b14fa75cab035860dd865eedd72527a92dac1a9ca0fcf76bbb5a2b731e368,,2011/2024,observed,csv_row_2022_age_21_col_Female,annual_estimates_observed_v1,2022,21,female,510,reported,
1.0,annual_population_estimates_by_age_sex_csv,1b7b14fa75cab035860dd865eedd72527a92dac1a9ca0fcf76bbb5a2b731e368,,2011/2024,derived,derived_from_2022_age_21_Male_and_Female,annual_estimates_sex_sum_v1,2022,21,all,1050,reported,
1.0,annual_population_estimates_by_age_sex_csv,1b7b14fa75cab035860dd865eedd72527a92dac1a9ca0fcf76bbb5a2b731e368,,2011/2024,observed,csv_row_2022_age_22_col_Male,annual_estimates_observed_v1,2022,22,male,480,reported,
1.0,annual_population_estimates_by_age_sex_csv,1b7b14fa75cab035860dd865eedd72527a92dac1a9ca0fcf76bbb5a2b731e368,,2011/2024,observed,csv_row_2022_age_22_col_Female,annual_estimates_observed_v1,2022,22,female,500,reported,
1.0,annual_population_estimates_by_age_sex_csv,1b7b14fa75cab035860dd865eedd72527a92dac1a9ca0fcf76bbb5a2b731e368,,2011/2024,derived,derived_from_2022_age_22_Male_and_Female,annual_estimates_sex_sum_v1,2022,22,all,980,reported,
1.0,annual_population_estimates_by_age_sex_csv,1b7b14fa75cab035860dd865eedd72527a92dac1a9ca0fcf76bbb5a2b731e368,,2011/2024,observed,csv_row_2022_age_23_col_Male,annual_estimates_observed_v1,2022,23,male,560,reported,
1.0,annual_population_estimates_by_age_sex_csv,1b7b14fa75cab035860dd865eedd72527a92dac1a9ca0fcf76bbb5a2b731e368,,2011/2024,observed,csv_row_2022_age_23_col_Female,annual_estimates_observed_v1,2022,23,female,480,reported,
1.0,annual_population_estimates_by_age_sex_csv,1b7b14fa75cab035860dd865eedd72527a92dac1a9ca0fcf76bbb5a2b731e368,,2011/2024,derived,derived_from_2022_age_23_Male_and_Female,annual_estimates_sex_sum_v1,2022,23,all,1040,reported,
1.0,annual_population_estimates_by_age_sex_csv,1b7b14fa75cab035860dd865eedd72527a92dac1a9ca0fcf76bbb5a2b731e368,,2011/2024,observed,csv_row_2022_age_24_col_Male,annual_estimates_observed_v1,2022,24,male,550,reported,
1.0,annual_population_estimates_by_age_sex_csv,1b7b14fa75cab035860dd865eedd72527a92dac1a9ca0fcf76bbb5a2b731e368,,2011/2024,observed,csv_row_2022_age_24_col_Female,annual_estimates_observed_v1,2022,24,female,530,reported,
1.0,annual_population_estimates_by_age_sex_csv,1b7b14fa75cab035860dd865eedd72527a92dac1a9ca0fcf76bbb5a2b731e368,,2011/2024,derived,derived_from_2022_age_24_Male_and_Female,annual_estimates_sex_sum_v1,2022,24,all,1080,reported,
1.0,annual_population_estimates_by_age_sex_csv,1b7b14fa75cab035860dd865eedd72527a92dac1a9ca0fcf76bbb5a2b731e368,,2011/2024,observed,csv_row_2022_age_25_col_Male,annual_estimates_observed_v1,2022,25,male,630,reported,
1.0,annual_population_estimates_by_age_sex_csv,1b7b14fa75cab035860dd865eedd72527a92dac1a9ca0fcf76bbb5a2b731e368,,2011/2024,observed,csv_row_2022_age_25_col_Female,annual_estimates_observed_v1,2022,25,female,560,reported,
1.0,annual_population_estimates_by_age_sex_csv,1b7b14fa75cab035860dd865eedd72527a92dac1a9ca0fcf76bbb5a2b731e368,,2011/2024,derived,derived_from_2022_age_25_Male_and_Female,annual_estimates_sex_sum_v1,2022,25,all,1190,reported,
1.0,annual_population_estimates_by_age_sex_csv,1b7b14fa75cab035860dd865eedd72527a92dac1a9ca0fcf76bbb5a2b731e368,,2011/2024,observed,csv_row_2022_age_26_col_Male,annual_estimates_observed_v1,2022,26,male,590,reported,
1.0,annual_population_estimates_by_age_sex_csv,1b7b14fa75cab035860dd865eedd72527a92dac1a9ca0fcf76bbb5a2b731e368,,2011/2024,observed,csv_row_2022_age_26_col_Female,annual_estimates_observed_v1,2022,26,female,600,reported,
1.0,annual_population_estimates_by_age_sex_csv,1b7b14fa75cab035860dd865eedd72527a92dac1a9ca0fcf76bbb5a2b731e368,,2011/2024,derived,derived_from_2022_age_26_Male_and_Female,annual_estimates_sex_sum_v1,2022,26,all,1190,reported,
1.0,annual_population_estimates_by_age_sex_csv,1b7b14fa75cab035860dd865eedd72527a92dac1a9ca0fcf76bbb5a2b731e368,,2011/2024,observed,csv_row_2022_age_27_col_Male,annual_estimates_observed_v1,2022,27,male,640,reported,
1.0,annual_population_estimates_by_age_sex_csv,1b7b14fa75cab035860dd865eedd72527a92dac1a9ca0fcf76bbb5a2b731e368,,2011/2024,observed,csv_row_2022_age_27_col_Female,annual_estimates_observed_v1,2022,27,female,530,reported,
1.0,annual_population_estimates_by_age_sex_csv,1b7b14fa75cab035860dd865eedd72527a92dac1a9ca0fcf76bbb5a2b731e368,,2011/2024,derived,derived_from_2022_age_27_Male_and_Female,annual_estimates_sex_sum_v1,2022,27,all,1170,reported,
1.0,annual_population_estimates_by_age_sex_csv,1b7b14fa75cab035860dd865eedd72527a92dac1a9ca0fcf76bbb5a2b731e368,,2011/2024,observed,csv_row_2022_age_28_col_Male,annual_estimates_observed_v1,2022,28,male,640,reported,
1.0,annual_population_estimates_by_age_sex_csv,1b7b14fa75cab035860dd865eedd72527a92dac1a9ca0fcf76bbb5a2b731e368,,2011/2024,observed,csv_row_2022_age_28_col_Female,annual_estimates_observed_v1,2022,28,female,640,reported,
1.0,annual_population_estimates_by_age_sex_csv,1b7b14fa75cab035860dd865eedd72527a92dac1a9ca0fcf76bbb5a2b731e368,,2011/2024,derived,derived_from_2022_age_28_Male_and_Female,annual_estimates_sex_sum_v1,2022,28,all,1280,reported,
1.0,annual_population_estimates_by_age_sex_csv,1b7b14fa75cab035860dd865eedd72527a92dac1a9ca0fcf76bbb5a2b731e368,,2011/2024,observed,csv_row_2022_age_29_col_Male,annual_estimates_observed_v1,2022,29,male,620,reported,
1.0,annual_population_estimates_by_age_sex_csv,1b7b14fa75cab035860dd865eedd72527a92dac1a9ca0fcf76bbb5a2b731e368,,2011/2024,observed,csv_row_2022_age_29_col_Female,annual_estimates_observed_v1,2022,29,female,600,reported,
1.0,annual_population_estimates_by_age_sex_csv,1b7b14fa75cab035860dd865eedd72527a92dac1a9ca0fcf76bbb5a2b731e368,,2011/2024,derived,derived_from_2022_age_29_Male_and_Female,annual_estimates_sex_sum_v1,2022,29,all,1220,reported,
1.0,annual_population_estimates_by_age_sex_csv,1b7b14fa75cab035860dd865eedd72527a92dac1a9ca0fcf76bbb5a2b731e368,,2011/2024,observed,csv_row_2022_age_30_col_Male,annual_estimates_observed_v1,2022,30,male,680,reported,
1.0,annual_population_estimates_by_age_sex_csv,1b7b14fa75cab035860dd865eedd72527a92dac1a9ca0fcf76bbb5a2b731e368,,2011/2024,observed,csv_row_2022_age_30_col_Female,annual_estimates_observed_v1,2022,30,female,620,reported,
1.0,annual_population_estimates_by_age_sex_csv,1b7b14fa75cab035860dd865eedd72527a92dac1a9ca0fcf76bbb5a2b731e368,,2011/2024,derived,derived_from_2022_age_30_Male_and_Female,annual_estimates_sex_sum_v1,2022,30,all,1300,reported,
1.0,annual_population_estimates_by_age_sex_csv,1b7b14fa75cab035860dd865eedd72527a92dac1a9ca0fcf76bbb5a2b731e368,,2011/2024,observed,csv_row_2022_age_31_col_Male,annual_estimates_observed_v1,2022,31,male,620,reported,
1.0,annual_population_estimates_by_age_sex_csv,1b7b14fa75cab035860dd865eedd72527a92dac1a9ca0fcf76bbb5a2b731e368,,2011/2024,observed,csv_row_2022_age_31_col_Female,annual_estimates_observed_v1,2022,31,female,670,reported,
1.0,annual_population_estimates_by_age_sex_csv,1b7b14fa75cab035860dd865eedd72527a92dac1a9ca0fcf76bbb5a2b731e368,,2011/2024,derived,derived_from_2022_age_31_Male_and_Female,annual_estimates_sex_sum_v1,2022,31,all,1290,reported,
1.0,annual_population_estimates_by_age_sex_csv,1b7b14fa75cab035860dd865eedd72527a92dac1a9ca0fcf76bbb5a2b731e368,,2011/2024,observed,csv_row_2022_age_32_col_Male,annual_estimates_observed_v1,2022,32,male,720,reported,
1.0,annual_population_estimates_by_age_sex_csv,1b7b14fa75cab035860dd865eedd72527a92dac1a9ca0fcf76bbb5a2b731e368,,2011/2024,observed,csv_row_2022_age_32_col_Female,annual_estimates_observed_v1,2022,32,female,670,reported,
1.0,annual_population_estimates_by_age_sex_csv,1b7b14fa75cab035860dd865eedd72527a92dac1a9ca0fcf76bbb5a2b731e368,,2011/2024,derived,derived_from_2022_age_32_Male_and_Female,annual_estimates_sex_sum_v1,2022,32,all,1390,reported,
1.0,annual_population_estimates_by_age_sex_csv,1b7b14fa75cab035860dd865eedd72527a92dac1a9ca0fcf76bbb5a2b731e368,,2011/2024,observed,csv_row_2022_age_33_col_Male,annual_estimates_observed_v1,2022,33,male,660,reported,
1.0,annual_population_estimates_by_age_sex_csv,1b7b14fa75cab035860dd865eedd72527a92dac1a9ca0fcf76bbb5a2b731e368,,2011/2024,observed,csv_row_2022_age_33_col_Female,annual_estimates_observed_v1,2022,33,female,670,reported,
1.0,annual_population_estimates_by_age_sex_csv,1b7b14fa75cab035860dd865eedd72527a92dac1a9ca0fcf76bbb5a2b731e368,,2011/2024,derived,derived_from_2022_age_33_Male_and_Female,annual_estimates_sex_sum_v1,2022,33,all,1330,reported,
1.0,annual_population_estimates_by_age_sex_csv,1b7b14fa75cab035860dd865eedd72527a92dac1a9ca0fcf76bbb5a2b731e368,,2011/2024,observed,csv_row_2022_age_34_col_Male,annual_estimates_observed_v1,2022,34,male,690,reported,
1.0,annual_population_estimates_by_age_sex_csv,1b7b14fa75cab035860dd865eedd72527a92dac1a9ca0fcf76bbb5a2b731e368,,2011/2024,observed,csv_row_2022_age_34_col_Female,annual_estimates_observed_v1,2022,34,female,720,reported,
1.0,annual_population_estimates_by_age_sex_csv,1b7b14fa75cab035860dd865eedd72527a92dac1a9ca0fcf76bbb5a2b731e368,,2011/2024,derived,derived_from_2022_age_34_Male_and_Female,annual_estimates_sex_sum_v1,2022,34,all,1410,reported,
1.0,annual_population_estimates_by_age_sex_csv,1b7b14fa75cab035860dd865eedd72527a92dac1a9ca0fcf76bbb5a2b731e368,,2011/2024,observed,csv_row_2022_age_35_col_Male,annual_estimates_observed_v1,2022,35,male,770,reported,
1.0,annual_population_estimates_by_age_sex_csv,1b7b14fa75cab035860dd865eedd72527a92dac1a9ca0fcf76bbb5a2b731e368,,2011/2024,observed,csv_row_2022_age_35_col_Female,annual_estimates_observed_v1,2022,35,female,680,reported,
1.0,annual_population_estimates_by_age_sex_csv,1b7b14fa75cab035860dd865eedd72527a92dac1a9ca0fcf76bbb5a2b731e368,,2011/2024,derived,derived_from_2022_age_35_Male_and_Female,annual_estimates_sex_sum_v1,2022,35,all,1450,reported,
1.0,annual_population_estimates_by_age_sex_csv,1b7b14fa75cab035860dd865eedd72527a92dac1a9ca0fcf76bbb5a2b731e368,,2011/2024,observed,csv_row_2022_age_36_col_Male,annual_estimates_observed_v1,2022,36,male,700,reported,
1.0,annual_population_estimates_by_age_sex_csv,1b7b14fa75cab035860dd865eedd72527a92dac1a9ca0fcf76bbb5a2b731e368,,2011/2024,observed,csv_row_2022_age_36_col_Female,annual_estimates_observed_v1,2022,36,female,700,reported,
1.0,annual_population_estimates_by_age_sex_csv,1b7b14fa75cab035860dd865eedd72527a92dac1a9ca0fcf76bbb5a2b731e368,,2011/2024,derived,derived_from_2022_age_36_Male_and_Female,annual_estimates_sex_sum_v1,2022,36,all,1400,reported,
1.0,annual_population_estimates_by_age_sex_csv,1b7b14fa75cab035860dd865eedd72527a92dac1a9ca0fcf76bbb5a2b731e368,,2011/2024,observed,csv_row_2022_age_37_col_Male,annual_estimates_observed_v1,2022,37,male,750,reported,
1.0,annual_population_estimates_by_age_sex_csv,1b7b14fa75cab035860dd865eedd72527a92dac1a9ca0fcf76bbb5a2b731e368,,2011/2024,observed,csv_row_2022_age_37_col_Female,annual_estimates_observed_v1,2022,37,female,680,reported,
1.0,annual_population_estimates_by_age_sex_csv,1b7b14fa75cab035860dd865eedd72527a92dac1a9ca0fcf76bbb5a2b731e368,,2011/2024,derived,derived_from_2022_age_37_Male_and_Female,annual_estimates_sex_sum_v1,2022,37,all,1430,reported,
1.0,annual_population_estimates_by_age_sex_csv,1b7b14fa75cab035860dd865eedd72527a92dac1a9ca0fcf76bbb5a2b731e368,,2011/2024,observed,csv_row_2022_age_38_col_Male,annual_estimates_observed_v1,2022,38,male,770,reported,
1.0,annual_population_estimates_by_age_sex_csv,1b7b14fa75cab035860dd865eedd72527a92dac1a9ca0fcf76bbb5a2b731e368,,2011/2024,observed,csv_row_2022_age_38_col_Female,annual_estimates_observed_v1,2022,38,female,750,reported,
1.0,annual_population_estimates_by_age_sex_csv,1b7b14fa75cab035860dd865eedd72527a92dac1a9ca0fcf76bbb5a2b731e368,,2011/2024,derived,derived_from_2022_age_38_Male_and_Female,annual_estimates_sex_sum_v1,2022,38,all,1520,reported,
1.0,annual_population_estimates_by_age_sex_csv,1b7b14fa75cab035860dd865eedd72527a92dac1a9ca0fcf76bbb5a2b731e368,,2011/2024,observed,csv_row_2022_age_39_col_Male,annual_estimates_observed_v1,2022,39,male,770,reported,
1.0,annual_population_estimates_by_age_sex_csv,1b7b14fa75cab035860dd865eedd72527a92dac1a9ca0fcf76bbb5a2b731e368,,2011/2024,observed,csv_row_2022_age_39_col_Female,annual_estimates_observed_v1,2022,39,female,770,reported,
1.0,annual_population_estimates_by_age_sex_csv,1b7b14fa75cab035860dd865eedd72527a92dac1a9ca0fcf76bbb5a2b731e368,,2011/2024,derived,derived_from_2022_age_39_Male_and_Female,annual_estimates_sex_sum_v1,2022,39,all,1540,reported,
1.0,annual_population_estimates_by_age_sex_csv,1b7b14fa75cab035860dd865eedd72527a92dac1a9ca0fcf76bbb5a2b731e368,,2011/2024,observed,csv_row_2022_age_40_col_Male,annual_estimates_observed_v1,2022,40,male,790,reported,
1.0,annual_population_estimates_by_age_sex_csv,1b7b14fa75cab035860dd865eedd72527a92dac1a9ca0fcf76bbb5a2b731e368,,2011/2024,observed,csv_row_2022_age_40_col_Female,annual_estimates_observed_v1,2022,40,female,730,reported,
1.0,annual_population_estimates_by_age_sex_csv,1b7b14fa75cab035860dd865eedd72527a92dac1a9ca0fcf76bbb5a2b731e368,,2011/2024,derived,derived_from_2022_age_40_Male_and_Female,annual_estimates_sex_sum_v1,2022,40,all,1520,reported,
1.0,annual_population_estimates_by_age_sex_csv,1b7b14fa75cab035860dd865eedd72527a92dac1a9ca0fcf76bbb5a2b731e368,,2011/2024,observed,csv_row_2022_age_41_col_Male,annual_estimates_observed_v1,2022,41,male,770,reported,
1.0,annual_population_estimates_by_age_sex_csv,1b7b14fa75cab035860dd865eedd72527a92dac1a9ca0fcf76bbb5a2b731e368,,2011/2024,observed,csv_row_2022_age_41_col_Female,annual_estimates_observed_v1,2022,41,female,820,reported,
1.0,annual_population_estimates_by_age_sex_csv,1b7b14fa75cab035860dd865eedd72527a92dac1a9ca0fcf76bbb5a2b731e368,,2011/2024,derived,derived_from_2022_age_41_Male_and_Female,annual_estimates_sex_sum_v1,2022,41,all,1590,reported,
1.0,annual_population_estimates_by_age_sex_csv,1b7b14fa75cab035860dd865eedd72527a92dac1a9ca0fcf76bbb5a2b731e368,,2011/2024,observed,csv_row_2022_age_42_col_Male,annual_estimates_observed_v1,2022,42,male,810,reported,
1.0,annual_population_estimates_by_age_sex_csv,1b7b14fa75cab035860dd865eedd72527a92dac1a9ca0fcf76bbb5a2b731e368,,2011/2024,observed,csv_row_2022_age_42_col_Female,annual_estimates_observed_v1,2022,42,female,790,reported,
1.0,annual_population_estimates_by_age_sex_csv,1b7b14fa75cab035860dd865eedd72527a92dac1a9ca0fcf76bbb5a2b731e368,,2011/2024,derived,derived_from_2022_age_42_Male_and_Female,annual_estimates_sex_sum_v1,2022,42,all,1600,reported,
1.0,annual_population_estimates_by_age_sex_csv,1b7b14fa75cab035860dd865eedd72527a92dac1a9ca0fcf76bbb5a2b731e368,,2011/2024,observed,csv_row_2022_age_43_col_Male,annual_estimates_observed_v1,2022,43,male,780,reported,
1.0,annual_population_estimates_by_age_sex_csv,1b7b14fa75cab035860dd865eedd72527a92dac1a9ca0fcf76bbb5a2b731e368,,2011/2024,observed,csv_row_2022_age_43_col_Female,annual_estimates_observed_v1,2022,43,female,790,reported,
1.0,annual_population_estimates_by_age_sex_csv,1b7b14fa75cab035860dd865eedd72527a92dac1a9ca0fcf76bbb5a2b731e368,,2011/2024,derived,derived_from_2022_age_43_Male_and_Female,annual_estimates_sex_sum_v1,2022,43,all,1570,reported,
1.0,annual_population_estimates_by_age_sex_csv,1b7b14fa75cab035860dd865eedd72527a92dac1a9ca0fcf76bbb5a2b731e368,,2011/2024,observed,csv_row_2022_age_44_col_Male,annual_estimates_observed_v1,2022,44,male,730,reported,
1.0,annual_population_estimates_by_age_sex_csv,1b7b14fa75cab035860dd865eedd72527a92dac1a9ca0fcf76bbb5a2b731e368,,2011/2024,observed,csv_row_2022_age_44_col_Female,annual_estimates_observed_v1,2022,44,female,720,reported,
1.0,annual_population_estimates_by_age_sex_csv,1b7b14fa75cab035860dd865eedd72527a92dac1a9ca0fcf76bbb5a2b731e368,,2011/2024,derived,derived_from_2022_age_44_Male_and_Female,annual_estimates_sex_sum_v1,2022,44,all,1450,reported,
1.0,annual_population_estimates_by_age_sex_csv,1b7b14fa75cab035860dd865eedd72527a92dac1a9ca0fcf76bbb5a2b731e368,,2011/2024,observed,csv_row_2022_age_45_col_Male,annual_estimates_observed_v1,2022,45,male,770,reported,
1.0,annual_population_estimates_by_age_sex_csv,1b7b14fa75cab035860dd865eedd72527a92dac1a9ca0fcf76bbb5a2b731e368,,2011/2024,observed,csv_row_2022_age_45_col_Female,annual_estimates_observed_v1,2022,45,female,770,reported,
1.0,annual_population_estimates_by_age_sex_csv,1b7b14fa75cab035860dd865eedd72527a92dac1a9ca0fcf76bbb5a2b731e368,,2011/2024,derived,derived_from_2022_age_45_Male_and_Female,annual_estimates_sex_sum_v1,2022,45,all,1540,reported,
1.0,annual_population_estimates_by_age_sex_csv,1b7b14fa75cab035860dd865eedd72527a92dac1a9ca0fcf76bbb5a2b731e368,,2011/2024,observed,csv_row_2022_age_46_col_Male,annual_estimates_observed_v1,2022,46,male,730,reported,
1.0,annual_population_estimates_by_age_sex_csv,1b7b14fa75cab035860dd865eedd72527a92dac1a9ca0fcf76bbb5a2b731e368,,2011/2024,observed,csv_row_2022_age_46_col_Female,annual_estimates_observed_v1,2022,46,female,690,reported,
1.0,annual_population_estimates_by_age_sex_csv,1b7b14fa75cab035860dd865eedd72527a92dac1a9ca0fcf76bbb5a2b731e368,,2011/2024,derived,derived_from_2022_age_46_Male_and_Female,annual_estimates_sex_sum_v1,2022,46,all,1420,reported,
1.0,annual_population_estimates_by_age_sex_csv,1b7b14fa75cab035860dd865eedd72527a92dac1a9ca0fcf76bbb5a2b731e368,,2011/2024,observed,csv_row_2022_age_47_col_Male,annual_estimates_observed_v1,2022,47,male,760,reported,
1.0,annual_population_estimates_by_age_sex_csv,1b7b14fa75cab035860dd865eedd72527a92dac1a9ca0fcf76bbb5a2b731e368,,2011/2024,observed,csv_row_2022_age_47_col_Female,annual_estimates_observed_v1,2022,47,female,730,reported,
1.0,annual_population_estimates_by_age_sex_csv,1b7b14fa75cab035860dd865eedd72527a92dac1a9ca0fcf76bbb5a2b731e368,,2011/2024,derived,derived_from_2022_age_47_Male_and_Female,annual_estimates_sex_sum_v1,2022,47,all,1490,reported,
1.0,annual_population_estimates_by_age_sex_csv,1b7b14fa75cab035860dd865eedd72527a92dac1a9ca0fcf76bbb5a2b731e368,,2011/2024,observed,csv_row_2022_age_48_col_Male,annual_estimates_observed_v1,2022,48,male,750,reported,
1.0,annual_population_estimates_by_age_sex_csv,1b7b14fa75cab035860dd865eedd72527a92dac1a9ca0fcf76bbb5a2b731e368,,2011/2024,observed,csv_row_2022_age_48_col_Female,annual_estimates_observed_v1,2022,48,female,720,reported,
1.0,annual_population_estimates_by_age_sex_csv,1b7b14fa75cab035860dd865eedd72527a92dac1a9ca0fcf76bbb5a2b731e368,,2011/2024,derived,derived_from_2022_age_48_Male_and_Female,annual_estimates_sex_sum_v1,2022,48,all,1470,reported,
1.0,annual_population_estimates_by_age_sex_csv,1b7b14fa75cab035860dd865eedd72527a92dac1a9ca0fcf76bbb5a2b731e368,,2011/2024,observed,csv_row_2022_age_49_col_Male,annual_estimates_observed_v1,2022,49,male,730,reported,
1.0,annual_population_estimates_by_age_sex_csv,1b7b14fa75cab035860dd865eedd72527a92dac1a9ca0fcf76bbb5a2b731e368,,2011/2024,observed,csv_row_2022_age_49_col_Female,annual_estimates_observed_v1,2022,49,female,720,reported,
1.0,annual_population_estimates_by_age_sex_csv,1b7b14fa75cab035860dd865eedd72527a92dac1a9ca0fcf76bbb5a2b731e368,,2011/2024,derived,derived_from_2022_age_49_Male_and_Female,annual_estimates_sex_sum_v1,2022,49,all,1450,reported,
1.0,annual_population_estimates_by_age_sex_csv,1b7b14fa75cab035860dd865eedd72527a92dac1a9ca0fcf76bbb5a2b731e368,,2011/2024,observed,csv_row_2022_age_50_col_Male,annual_estimates_observed_v1,2022,50,male,740,reported,
1.0,annual_population_estimates_by_age_sex_csv,1b7b14fa75cab035860dd865eedd72527a92dac1a9ca0fcf76bbb5a2b731e368,,2011/2024,observed,csv_row_2022_age_50_col_Female,annual_estimates_observed_v1,2022,50,female,760,reported,
1.0,annual_population_estimates_by_age_sex_csv,1b7b14fa75cab035860dd865eedd72527a92dac1a9ca0fcf76bbb5a2b731e368,,2011/2024,derived,derived_from_2022_age_50_Male_and_Female,annual_estimates_sex_sum_v1,2022,50,all,1500,reported,
1.0,annual_population_estimates_by_age_sex_csv,1b7b14fa75cab035860dd865eedd72527a92dac1a9ca0fcf76bbb5a2b731e368,,2011/2024,observed,csv_row_2022_age_51_col_Male,annual_estimates_observed_v1,2022,51,male,810,reported,
1.0,annual_population_estimates_by_age_sex_csv,1b7b14fa75cab035860dd865eedd72527a92dac1a9ca0fcf76bbb5a2b731e368,,2011/2024,observed,csv_row_2022_age_51_col_Female,annual_estimates_observed_v1,2022,51,female,810,reported,
1.0,annual_population_estimates_by_age_sex_csv,1b7b14fa75cab035860dd865eedd72527a92dac1a9ca0fcf76bbb5a2b731e368,,2011/2024,derived,derived_from_2022_age_51_Male_and_Female,annual_estimates_sex_sum_v1,2022,51,all,1620,reported,
1.0,annual_population_estimates_by_age_sex_csv,1b7b14fa75cab035860dd865eedd72527a92dac1a9ca0fcf76bbb5a2b731e368,,2011/2024,observed,csv_row_2022_age_52_col_Male,annual_estimates_observed_v1,2022,52,male,820,reported,
1.0,annual_population_estimates_by_age_sex_csv,1b7b14fa75cab035860dd865eedd72527a92dac1a9ca0fcf76bbb5a2b731e368,,2011/2024,observed,csv_row_2022_age_52_col_Female,annual_estimates_observed_v1,2022,52,female,810,reported,
1.0,annual_population_estimates_by_age_sex_csv,1b7b14fa75cab035860dd865eedd72527a92dac1a9ca0fcf76bbb5a2b731e368,,2011/2024,derived,derived_from_2022_age_52_Male_and_Female,annual_estimates_sex_sum_v1,2022,52,all,1630,reported,
1.0,annual_population_estimates_by_age_sex_csv,1b7b14fa75cab035860dd865eedd72527a92dac1a9ca0fcf76bbb5a2b731e368,,2011/2024,observed,csv_row_2022_age_53_col_Male,annual_estimates_observed_v1,2022,53,male,810,reported,
1.0,annual_population_estimates_by_age_sex_csv,1b7b14fa75cab035860dd865eedd72527a92dac1a9ca0fcf76bbb5a2b731e368,,2011/2024,observed,csv_row_2022_age_53_col_Female,annual_estimates_observed_v1,2022,53,female,840,reported,
1.0,annual_population_estimates_by_age_sex_csv,1b7b14fa75cab035860dd865eedd72527a92dac1a9ca0fcf76bbb5a2b731e368,,2011/2024,derived,derived_from_2022_age_53_Male_and_Female,annual_estimates_sex_sum_v1,2022,53,all,1650,reported,
1.0,annual_population_estimates_by_age_sex_csv,1b7b14fa75cab035860dd865eedd72527a92dac1a9ca0fcf76bbb5a2b731e368,,2011/2024,observed,csv_row_2022_age_54_col_Male,annual_estimates_observed_v1,2022,54,male,900,reported,
1.0,annual_population_estimates_by_age_sex_csv,1b7b14fa75cab035860dd865eedd72527a92dac1a9ca0fcf76bbb5a2b731e368,,2011/2024,observed,csv_row_2022_age_54_col_Female,annual_estimates_observed_v1,2022,54,female,800,reported,
1.0,annual_population_estimates_by_age_sex_csv,1b7b14fa75cab035860dd865eedd72527a92dac1a9ca0fcf76bbb5a2b731e368,,2011/2024,derived,derived_from_2022_age_54_Male_and_Female,annual_estimates_sex_sum_v1,2022,54,all,1700,reported,
1.0,annual_population_estimates_by_age_sex_csv,1b7b14fa75cab035860dd865eedd72527a92dac1a9ca0fcf76bbb5a2b731e368,,2011/2024,observed,csv_row_2022_age_55_col_Male,annual_estimates_observed_v1,2022,55,male,800,reported,
1.0,annual_population_estimates_by_age_sex_csv,1b7b14fa75cab035860dd865eedd72527a92dac1a9ca0fcf76bbb5a2b731e368,,2011/2024,observed,csv_row_2022_age_55_col_Female,annual_estimates_observed_v1,2022,55,female,840,reported,
1.0,annual_population_estimates_by_age_sex_csv,1b7b14fa75cab035860dd865eedd72527a92dac1a9ca0fcf76bbb5a2b731e368,,2011/2024,derived,derived_from_2022_age_55_Male_and_Female,annual_estimates_sex_sum_v1,2022,55,all,1640,reported,
1.0,annual_population_estimates_by_age_sex_csv,1b7b14fa75cab035860dd865eedd72527a92dac1a9ca0fcf76bbb5a2b731e368,,2011/2024,observed,csv_row_2022_age_56_col_Male,annual_estimates_observed_v1,2022,56,male,830,reported,
1.0,annual_population_estimates_by_age_sex_csv,1b7b14fa75cab035860dd865eedd72527a92dac1a9ca0fcf76bbb5a2b731e368,,2011/2024,observed,csv_row_2022_age_56_col_Female,annual_estimates_observed_v1,2022,56,female,860,reported,
1.0,annual_population_estimates_by_age_sex_csv,1b7b14fa75cab035860dd865eedd72527a92dac1a9ca0fcf76bbb5a2b731e368,,2011/2024,derived,derived_from_2022_age_56_Male_and_Female,annual_estimates_sex_sum_v1,2022,56,all,1690,reported,
1.0,annual_population_estimates_by_age_sex_csv,1b7b14fa75cab035860dd865eedd72527a92dac1a9ca0fcf76bbb5a2b731e368,,2011/2024,observed,csv_row_2022_age_57_col_Male,annual_estimates_observed_v1,2022,57,male,860,reported,
1.0,annual_population_estimates_by_age_sex_csv,1b7b14fa75cab035860dd865eedd72527a92dac1a9ca0fcf76bbb5a2b731e368,,2011/2024,observed,csv_row_2022_age_57_col_Female,annual_estimates_observed_v1,2022,57,female,830,reported,
1.0,annual_population_estimates_by_age_sex_csv,1b7b14fa75cab035860dd865eedd72527a92dac1a9ca0fcf76bbb5a2b731e368,,2011/2024,derived,derived_from_2022_age_57_Male_and_Female,annual_estimates_sex_sum_v1,2022,57,all,1690,reported,
1.0,annual_population_estimates_by_age_sex_csv,1b7b14fa75cab035860dd865eedd72527a92dac1a9ca0fcf76bbb5a2b731e368,,2011/2024,observed,csv_row_2022_age_58_col_Male,annual_estimates_observed_v1,2022,58,male,840,reported,
1.0,annual_population_estimates_by_age_sex_csv,1b7b14fa75cab035860dd865eedd72527a92dac1a9ca0fcf76bbb5a2b731e368,,2011/2024,observed,csv_row_2022_age_58_col_Female,annual_estimates_observed_v1,2022,58,female,830,reported,
1.0,annual_population_estimates_by_age_sex_csv,1b7b14fa75cab035860dd865eedd72527a92dac1a9ca0fcf76bbb5a2b731e368,,2011/2024,derived,derived_from_2022_age_58_Male_and_Female,annual_estimates_sex_sum_v1,2022,58,all,1670,reported,
1.0,annual_population_estimates_by_age_sex_csv,1b7b14fa75cab035860dd865eedd72527a92dac1a9ca0fcf76bbb5a2b731e368,,2011/2024,observed,csv_row_2022_age_59_col_Male,annual_estimates_observed_v1,2022,59,male,800,reported,
1.0,annual_population_estimates_by_age_sex_csv,1b7b14fa75cab035860dd865eedd72527a92dac1a9ca0fcf76bbb5a2b731e368,,2011/2024,observed,csv_row_2022_age_59_col_Female,annual_estimates_observed_v1,2022,59,female,780,reported,
1.0,annual_population_estimates_by_age_sex_csv,1b7b14fa75cab035860dd865eedd72527a92dac1a9ca0fcf76bbb5a2b731e368,,2011/2024,derived,derived_from_2022_age_59_Male_and_Female,annual_estimates_sex_sum_v1,2022,59,all,1580,reported,
1.0,annual_population_estimates_by_age_sex_csv,1b7b14fa75cab035860dd865eedd72527a92dac1a9ca0fcf76bbb5a2b731e368,,2011/2024,observed,csv_row_2022_age_60_col_Male,annual_estimates_observed_v1,2022,60,male,760,reported,
1.0,annual_population_estimates_by_age_sex_csv,1b7b14fa75cab035860dd865eedd72527a92dac1a9ca0fcf76bbb5a2b731e368,,2011/2024,observed,csv_row_2022_age_60_col_Female,annual_estimates_observed_v1,2022,60,female,740,reported,
1.0,annual_population_estimates_by_age_sex_csv,1b7b14fa75cab035860dd865eedd72527a92dac1a9ca0fcf76bbb5a2b731e368,,2011/2024,derived,derived_from_2022_age_60_Male_and_Female,annual_estimates_sex_sum_v1,2022,60,all,1500,reported,
1.0,annual_population_estimates_by_age_sex_csv,1b7b14fa75cab035860dd865eedd72527a92dac1a9ca0fcf76bbb5a2b731e368,,2011/2024,observed,csv_row_2022_age_61_col_Male,annual_estimates_observed_v1,2022,61,male,710,reported,
1.0,annual_population_estimates_by_age_sex_csv,1b7b14fa75cab035860dd865eedd72527a92dac1a9ca0fcf76bbb5a2b731e368,,2011/2024,observed,csv_row_2022_age_61_col_Female,annual_estimates_observed_v1,2022,61,female,700,reported,
1.0,annual_population_estimates_by_age_sex_csv,1b7b14fa75cab035860dd865eedd72527a92dac1a9ca0fcf76bbb5a2b731e368,,2011/2024,derived,derived_from_2022_age_61_Male_and_Female,annual_estimates_sex_sum_v1,2022,61,all,1410,reported,
1.0,annual_population_estimates_by_age_sex_csv,1b7b14fa75cab035860dd865eedd72527a92dac1a9ca0fcf76bbb5a2b731e368,,2011/2024,observed,csv_row_2022_age_62_col_Male,annual_estimates_observed_v1,2022,62,male,690,reported,
1.0,annual_population_estimates_by_age_sex_csv,1b7b14fa75cab035860dd865eedd72527a92dac1a9ca0fcf76bbb5a2b731e368,,2011/2024,observed,csv_row_2022_age_62_col_Female,annual_estimates_observed_v1,2022,62,female,670,reported,
1.0,annual_population_estimates_by_age_sex_csv,1b7b14fa75cab035860dd865eedd72527a92dac1a9ca0fcf76bbb5a2b731e368,,2011/2024,derived,derived_from_2022_age_62_Male_and_Female,annual_estimates_sex_sum_v1,2022,62,all,1360,reported,
1.0,annual_population_estimates_by_age_sex_csv,1b7b14fa75cab035860dd865eedd72527a92dac1a9ca0fcf76bbb5a2b731e368,,2011/2024,observed,csv_row_2022_age_63_col_Male,annual_estimates_observed_v1,2022,63,male,610,reported,
1.0,annual_population_estimates_by_age_sex_csv,1b7b14fa75cab035860dd865eedd72527a92dac1a9ca0fcf76bbb5a2b731e368,,2011/2024,observed,csv_row_2022_age_63_col_Female,annual_estimates_observed_v1,2022,63,female,660,reported,
1.0,annual_population_estimates_by_age_sex_csv,1b7b14fa75cab035860dd865eedd72527a92dac1a9ca0fcf76bbb5a2b731e368,,2011/2024,derived,derived_from_2022_age_63_Male_and_Female,annual_estimates_sex_sum_v1,2022,63,all,1270,reported,
1.0,annual_population_estimates_by_age_sex_csv,1b7b14fa75cab035860dd865eedd72527a92dac1a9ca0fcf76bbb5a2b731e368,,2011/2024,observed,csv_row_2022_age_64_col_Male,annual_estimates_observed_v1,2022,64,male,650,reported,
1.0,annual_population_estimates_by_age_sex_csv,1b7b14fa75cab035860dd865eedd72527a92dac1a9ca0fcf76bbb5a2b731e368,,2011/2024,observed,csv_row_2022_age_64_col_Female,annual_estimates_observed_v1,2022,64,female,680,reported,
1.0,annual_population_estimates_by_age_sex_csv,1b7b14fa75cab035860dd865eedd72527a92dac1a9ca0fcf76bbb5a2b731e368,,2011/2024,derived,derived_from_2022_age_64_Male_and_Female,annual_estimates_sex_sum_v1,2022,64,all,1330,reported,
1.0,annual_population_estimates_by_age_sex_csv,1b7b14fa75cab035860dd865eedd72527a92dac1a9ca0fcf76bbb5a2b731e368,,2011/2024,observed,csv_row_2022_age_65_col_Male,annual_estimates_observed_v1,2022,65,male,600,reported,
1.0,annual_population_estimates_by_age_sex_csv,1b7b14fa75cab035860dd865eedd72527a92dac1a9ca0fcf76bbb5a2b731e368,,2011/2024,observed,csv_row_2022_age_65_col_Female,annual_estimates_observed_v1,2022,65,female,620,reported,
1.0,annual_population_estimates_by_age_sex_csv,1b7b14fa75cab035860dd865eedd72527a92dac1a9ca0fcf76bbb5a2b731e368,,2011/2024,derived,derived_from_2022_age_65_Male_and_Female,annual_estimates_sex_sum_v1,2022,65,all,1220,reported,
1.0,annual_population_estimates_by_age_sex_csv,1b7b14fa75cab035860dd865eedd72527a92dac1a9ca0fcf76bbb5a2b731e368,,2011/2024,observed,csv_row_2022_age_66_col_Male,annual_estimates_observed_v1,2022,66,male,570,reported,
1.0,annual_population_estimates_by_age_sex_csv,1b7b14fa75cab035860dd865eedd72527a92dac1a9ca0fcf76bbb5a2b731e368,,2011/2024,observed,csv_row_2022_age_66_col_Female,annual_estimates_observed_v1,2022,66,female,590,reported,
1.0,annual_population_estimates_by_age_sex_csv,1b7b14fa75cab035860dd865eedd72527a92dac1a9ca0fcf76bbb5a2b731e368,,2011/2024,derived,derived_from_2022_age_66_Male_and_Female,annual_estimates_sex_sum_v1,2022,66,all,1160,reported,
1.0,annual_population_estimates_by_age_sex_csv,1b7b14fa75cab035860dd865eedd72527a92dac1a9ca0fcf76bbb5a2b731e368,,2011/2024,observed,csv_row_2022_age_67_col_Male,annual_estimates_observed_v1,2022,67,male,500,reported,
1.0,annual_population_estimates_by_age_sex_csv,1b7b14fa75cab035860dd865eedd72527a92dac1a9ca0fcf76bbb5a2b731e368,,2011/2024,observed,csv_row_2022_age_67_col_Female,annual_estimates_observed_v1,2022,67,female,560,reported,
1.0,annual_population_estimates_by_age_sex_csv,1b7b14fa75cab035860dd865eedd72527a92dac1a9ca0fcf76bbb5a2b731e368,,2011/2024,derived,derived_from_2022_age_67_Male_and_Female,annual_estimates_sex_sum_v1,2022,67,all,1060,reported,
1.0,annual_population_estimates_by_age_sex_csv,1b7b14fa75cab035860dd865eedd72527a92dac1a9ca0fcf76bbb5a2b731e368,,2011/2024,observed,csv_row_2022_age_68_col_Male,annual_estimates_observed_v1,2022,68,male,520,reported,
1.0,annual_population_estimates_by_age_sex_csv,1b7b14fa75cab035860dd865eedd72527a92dac1a9ca0fcf76bbb5a2b731e368,,2011/2024,observed,csv_row_2022_age_68_col_Female,annual_estimates_observed_v1,2022,68,female,530,reported,
1.0,annual_population_estimates_by_age_sex_csv,1b7b14fa75cab035860dd865eedd72527a92dac1a9ca0fcf76bbb5a2b731e368,,2011/2024,derived,derived_from_2022_age_68_Male_and_Female,annual_estimates_sex_sum_v1,2022,68,all,1050,reported,
1.0,annual_population_estimates_by_age_sex_csv,1b7b14fa75cab035860dd865eedd72527a92dac1a9ca0fcf76bbb5a2b731e368,,2011/2024,observed,csv_row_2022_age_69_col_Male,annual_estimates_observed_v1,2022,69,male,490,reported,
1.0,annual_population_estimates_by_age_sex_csv,1b7b14fa75cab035860dd865eedd72527a92dac1a9ca0fcf76bbb5a2b731e368,,2011/2024,observed,csv_row_2022_age_69_col_Female,annual_estimates_observed_v1,2022,69,female,520,reported,
1.0,annual_population_estimates_by_age_sex_csv,1b7b14fa75cab035860dd865eedd72527a92dac1a9ca0fcf76bbb5a2b731e368,,2011/2024,derived,derived_from_2022_age_69_Male_and_Female,annual_estimates_sex_sum_v1,2022,69,all,1010,reported,
1.0,annual_population_estimates_by_age_sex_csv,1b7b14fa75cab035860dd865eedd72527a92dac1a9ca0fcf76bbb5a2b731e368,,2011/2024,observed,csv_row_2022_age_70_col_Male,annual_estimates_observed_v1,2022,70,male,440,reported,
1.0,annual_population_estimates_by_age_sex_csv,1b7b14fa75cab035860dd865eedd72527a92dac1a9ca0fcf76bbb5a2b731e368,,2011/2024,observed,csv_row_2022_age_70_col_Female,annual_estimates_observed_v1,2022,70,female,530,reported,
1.0,annual_population_estimates_by_age_sex_csv,1b7b14fa75cab035860dd865eedd72527a92dac1a9ca0fcf76bbb5a2b731e368,,2011/2024,derived,derived_from_2022_age_70_Male_and_Female,annual_estimates_sex_sum_v1,2022,70,all,970,reported,
1.0,annual_population_estimates_by_age_sex_csv,1b7b14fa75cab035860dd865eedd72527a92dac1a9ca0fcf76bbb5a2b731e368,,2011/2024,observed,csv_row_2022_age_71_col_Male,annual_estimates_observed_v1,2022,71,male,480,reported,
1.0,annual_population_estimates_by_age_sex_csv,1b7b14fa75cab035860dd865eedd72527a92dac1a9ca0fcf76bbb5a2b731e368,,2011/2024,observed,csv_row_2022_age_71_col_Female,annual_estimates_observed_v1,2022,71,female,510,reported,
1.0,annual_population_estimates_by_age_sex_csv,1b7b14fa75cab035860dd865eedd72527a92dac1a9ca0fcf76bbb5a2b731e368,,2011/2024,derived,derived_from_2022_age_71_Male_and_Female,annual_estimates_sex_sum_v1,2022,71,all,990,reported,
1.0,annual_population_estimates_by_age_sex_csv,1b7b14fa75cab035860dd865eedd72527a92dac1a9ca0fcf76bbb5a2b731e368,,2011/2024,observed,csv_row_2022_age_72_col_Male,annual_estimates_observed_v1,2022,72,male,460,reported,
1.0,annual_population_estimates_by_age_sex_csv,1b7b14fa75cab035860dd865eedd72527a92dac1a9ca0fcf76bbb5a2b731e368,,2011/2024,observed,csv_row_2022_age_72_col_Female,annual_estimates_observed_v1,2022,72,female,490,reported,
1.0,annual_population_estimates_by_age_sex_csv,1b7b14fa75cab035860dd865eedd72527a92dac1a9ca0fcf76bbb5a2b731e368,,2011/2024,derived,derived_from_2022_age_72_Male_and_Female,annual_estimates_sex_sum_v1,2022,72,all,950,reported,
1.0,annual_population_estimates_by_age_sex_csv,1b7b14fa75cab035860dd865eedd72527a92dac1a9ca0fcf76bbb5a2b731e368,,2011/2024,observed,csv_row_2022_age_73_col_Male,annual_estimates_observed_v1,2022,73,male,440,reported,
1.0,annual_population_estimates_by_age_sex_csv,1b7b14fa75cab035860dd865eedd72527a92dac1a9ca0fcf76bbb5a2b731e368,,2011/2024,observed,csv_row_2022_age_73_col_Female,annual_estimates_observed_v1,2022,73,female,480,reported,
1.0,annual_population_estimates_by_age_sex_csv,1b7b14fa75cab035860dd865eedd72527a92dac1a9ca0fcf76bbb5a2b731e368,,2011/2024,derived,derived_from_2022_age_73_Male_and_Female,annual_estimates_sex_sum_v1,2022,73,all,920,reported,
1.0,annual_population_estimates_by_age_sex_csv,1b7b14fa75cab035860dd865eedd72527a92dac1a9ca0fcf76bbb5a2b731e368,,2011/2024,observed,csv_row_2022_age_74_col_Male,annual_estimates_observed_v1,2022,74,male,450,reported,
1.0,annual_population_estimates_by_age_sex_csv,1b7b14fa75cab035860dd865eedd72527a92dac1a9ca0fcf76bbb5a2b731e368,,2011/2024,observed,csv_row_2022_age_74_col_Female,annual_estimates_observed_v1,2022,74,female,490,reported,
1.0,annual_population_estimates_by_age_sex_csv,1b7b14fa75cab035860dd865eedd72527a92dac1a9ca0fcf76bbb5a2b731e368,,2011/2024,derived,derived_from_2022_age_74_Male_and_Female,annual_estimates_sex_sum_v1,2022,74,all,940,reported,
1.0,annual_population_estimates_by_age_sex_csv,1b7b14fa75cab035860dd865eedd72527a92dac1a9ca0fcf76bbb5a2b731e368,,2011/2024,observed,csv_row_2022_age_75_col_Male,annual_estimates_observed_v1,2022,75,male,460,reported,
1.0,annual_population_estimates_by_age_sex_csv,1b7b14fa75cab035860dd865eedd72527a92dac1a9ca0fcf76bbb5a2b731e368,,2011/2024,observed,csv_row_2022_age_75_col_Female,annual_estimates_observed_v1,2022,75,female,500,reported,
1.0,annual_population_estimates_by_age_sex_csv,1b7b14fa75cab035860dd865eedd72527a92dac1a9ca0fcf76bbb5a2b731e368,,2011/2024,derived,derived_from_2022_age_75_Male_and_Female,annual_estimates_sex_sum_v1,2022,75,all,960,reported,
1.0,annual_population_estimates_by_age_sex_csv,1b7b14fa75cab035860dd865eedd72527a92dac1a9ca0fcf76bbb5a2b731e368,,2011/2024,observed,csv_row_2022_age_76_col_Male,annual_estimates_observed_v1,2022,76,male,410,reported,
1.0,annual_population_estimates_by_age_sex_csv,1b7b14fa75cab035860dd865eedd72527a92dac1a9ca0fcf76bbb5a2b731e368,,2011/2024,observed,csv_row_2022_age_76_col_Female,annual_estimates_observed_v1,2022,76,female,480,reported,
1.0,annual_population_estimates_by_age_sex_csv,1b7b14fa75cab035860dd865eedd72527a92dac1a9ca0fcf76bbb5a2b731e368,,2011/2024,derived,derived_from_2022_age_76_Male_and_Female,annual_estimates_sex_sum_v1,2022,76,all,890,reported,
1.0,annual_population_estimates_by_age_sex_csv,1b7b14fa75cab035860dd865eedd72527a92dac1a9ca0fcf76bbb5a2b731e368,,2011/2024,observed,csv_row_2022_age_77_col_Male,annual_estimates_observed_v1,2022,77,male,310,reported,
1.0,annual_population_estimates_by_age_sex_csv,1b7b14fa75cab035860dd865eedd72527a92dac1a9ca0fcf76bbb5a2b731e368,,2011/2024,observed,csv_row_2022_age_77_col_Female,annual_estimates_observed_v1,2022,77,female,360,reported,
1.0,annual_population_estimates_by_age_sex_csv,1b7b14fa75cab035860dd865eedd72527a92dac1a9ca0fcf76bbb5a2b731e368,,2011/2024,derived,derived_from_2022_age_77_Male_and_Female,annual_estimates_sex_sum_v1,2022,77,all,670,reported,
1.0,annual_population_estimates_by_age_sex_csv,1b7b14fa75cab035860dd865eedd72527a92dac1a9ca0fcf76bbb5a2b731e368,,2011/2024,observed,csv_row_2022_age_78_col_Male,annual_estimates_observed_v1,2022,78,male,340,reported,
1.0,annual_population_estimates_by_age_sex_csv,1b7b14fa75cab035860dd865eedd72527a92dac1a9ca0fcf76bbb5a2b731e368,,2011/2024,observed,csv_row_2022_age_78_col_Female,annual_estimates_observed_v1,2022,78,female,410,reported,
1.0,annual_population_estimates_by_age_sex_csv,1b7b14fa75cab035860dd865eedd72527a92dac1a9ca0fcf76bbb5a2b731e368,,2011/2024,derived,derived_from_2022_age_78_Male_and_Female,annual_estimates_sex_sum_v1,2022,78,all,750,reported,
1.0,annual_population_estimates_by_age_sex_csv,1b7b14fa75cab035860dd865eedd72527a92dac1a9ca0fcf76bbb5a2b731e368,,2011/2024,observed,csv_row_2022_age_79_col_Male,annual_estimates_observed_v1,2022,79,male,290,reported,
1.0,annual_population_estimates_by_age_sex_csv,1b7b14fa75cab035860dd865eedd72527a92dac1a9ca0fcf76bbb5a2b731e368,,2011/2024,observed,csv_row_2022_age_79_col_Female,annual_estimates_observed_v1,2022,79,female,350,reported,
1.0,annual_population_estimates_by_age_sex_csv,1b7b14fa75cab035860dd865eedd72527a92dac1a9ca0fcf76bbb5a2b731e368,,2011/2024,derived,derived_from_2022_age_79_Male_and_Female,annual_estimates_sex_sum_v1,2022,79,all,640,reported,
1.0,annual_population_estimates_by_age_sex_csv,1b7b14fa75cab035860dd865eedd72527a92dac1a9ca0fcf76bbb5a2b731e368,,2011/2024,observed,csv_row_2022_age_80_col_Male,annual_estimates_observed_v1,2022,80,male,230,reported,
1.0,annual_population_estimates_by_age_sex_csv,1b7b14fa75cab035860dd865eedd72527a92dac1a9ca0fcf76bbb5a2b731e368,,2011/2024,observed,csv_row_2022_age_80_col_Female,annual_estimates_observed_v1,2022,80,female,300,reported,
1.0,annual_population_estimates_by_age_sex_csv,1b7b14fa75cab035860dd865eedd72527a92dac1a9ca0fcf76bbb5a2b731e368,,2011/2024,derived,derived_from_2022_age_80_Male_and_Female,annual_estimates_sex_sum_v1,2022,80,all,530,reported,
1.0,annual_population_estimates_by_age_sex_csv,1b7b14fa75cab035860dd865eedd72527a92dac1a9ca0fcf76bbb5a2b731e368,,2011/2024,observed,csv_row_2022_age_81_col_Male,annual_estimates_observed_v1,2022,81,male,230,reported,
1.0,annual_population_estimates_by_age_sex_csv,1b7b14fa75cab035860dd865eedd72527a92dac1a9ca0fcf76bbb5a2b731e368,,2011/2024,observed,csv_row_2022_age_81_col_Female,annual_estimates_observed_v1,2022,81,female,290,reported,
1.0,annual_population_estimates_by_age_sex_csv,1b7b14fa75cab035860dd865eedd72527a92dac1a9ca0fcf76bbb5a2b731e368,,2011/2024,derived,derived_from_2022_age_81_Male_and_Female,annual_estimates_sex_sum_v1,2022,81,all,520,reported,
1.0,annual_population_estimates_by_age_sex_csv,1b7b14fa75cab035860dd865eedd72527a92dac1a9ca0fcf76bbb5a2b731e368,,2011/2024,observed,csv_row_2022_age_82_col_Male,annual_estimates_observed_v1,2022,82,male,260,reported,
1.0,annual_population_estimates_by_age_sex_csv,1b7b14fa75cab035860dd865eedd72527a92dac1a9ca0fcf76bbb5a2b731e368,,2011/2024,observed,csv_row_2022_age_82_col_Female,annual_estimates_observed_v1,2022,82,female,310,reported,
1.0,annual_population_estimates_by_age_sex_csv,1b7b14fa75cab035860dd865eedd72527a92dac1a9ca0fcf76bbb5a2b731e368,,2011/2024,derived,derived_from_2022_age_82_Male_and_Female,annual_estimates_sex_sum_v1,2022,82,all,570,reported,
1.0,annual_population_estimates_by_age_sex_csv,1b7b14fa75cab035860dd865eedd72527a92dac1a9ca0fcf76bbb5a2b731e368,,2011/2024,observed,csv_row_2022_age_83_col_Male,annual_estimates_observed_v1,2022,83,male,260,reported,
1.0,annual_population_estimates_by_age_sex_csv,1b7b14fa75cab035860dd865eedd72527a92dac1a9ca0fcf76bbb5a2b731e368,,2011/2024,observed,csv_row_2022_age_83_col_Female,annual_estimates_observed_v1,2022,83,female,280,reported,
1.0,annual_population_estimates_by_age_sex_csv,1b7b14fa75cab035860dd865eedd72527a92dac1a9ca0fcf76bbb5a2b731e368,,2011/2024,derived,derived_from_2022_age_83_Male_and_Female,annual_estimates_sex_sum_v1,2022,83,all,540,reported,
1.0,annual_population_estimates_by_age_sex_csv,1b7b14fa75cab035860dd865eedd72527a92dac1a9ca0fcf76bbb5a2b731e368,,2011/2024,observed,csv_row_2022_age_84_col_Male,annual_estimates_observed_v1,2022,84,male,210,reported,
1.0,annual_population_estimates_by_age_sex_csv,1b7b14fa75cab035860dd865eedd72527a92dac1a9ca0fcf76bbb5a2b731e368,,2011/2024,observed,csv_row_2022_age_84_col_Female,annual_estimates_observed_v1,2022,84,female,280,reported,
1.0,annual_population_estimates_by_age_sex_csv,1b7b14fa75cab035860dd865eedd72527a92dac1a9ca0fcf76bbb5a2b731e368,,2011/2024,derived,derived_from_2022_age_84_Male_and_Female,annual_estimates_sex_sum_v1,2022,84,all,490,reported,
1.0,annual_population_estimates_by_age_sex_csv,1b7b14fa75cab035860dd865eedd72527a92dac1a9ca0fcf76bbb5a2b731e368,,2011/2024,observed,csv_row_2022_age_85_col_Male,annual_estimates_observed_v1,2022,85,male,180,reported,
1.0,annual_population_estimates_by_age_sex_csv,1b7b14fa75cab035860dd865eedd72527a92dac1a9ca0fcf76bbb5a2b731e368,,2011/2024,observed,csv_row_2022_age_85_col_Female,annual_estimates_observed_v1,2022,85,female,260,reported,
1.0,annual_population_estimates_by_age_sex_csv,1b7b14fa75cab035860dd865eedd72527a92dac1a9ca0fcf76bbb5a2b731e368,,2011/2024,derived,derived_from_2022_age_85_Male_and_Female,annual_estimates_sex_sum_v1,2022,85,all,440,reported,
1.0,annual_population_estimates_by_age_sex_csv,1b7b14fa75cab035860dd865eedd72527a92dac1a9ca0fcf76bbb5a2b731e368,,2011/2024,observed,csv_row_2022_age_86_col_Male,annual_estimates_observed_v1,2022,86,male,170,reported,
1.0,annual_population_estimates_by_age_sex_csv,1b7b14fa75cab035860dd865eedd72527a92dac1a9ca0fcf76bbb5a2b731e368,,2011/2024,observed,csv_row_2022_age_86_col_Female,annual_estimates_observed_v1,2022,86,female,250,reported,
1.0,annual_population_estimates_by_age_sex_csv,1b7b14fa75cab035860dd865eedd72527a92dac1a9ca0fcf76bbb5a2b731e368,,2011/2024,derived,derived_from_2022_age_86_Male_and_Female,annual_estimates_sex_sum_v1,2022,86,all,420,reported,
1.0,annual_population_estimates_by_age_sex_csv,1b7b14fa75cab035860dd865eedd72527a92dac1a9ca0fcf76bbb5a2b731e368,,2011/2024,observed,csv_row_2022_age_87_col_Male,annual_estimates_observed_v1,2022,87,male,150,reported,
1.0,annual_population_estimates_by_age_sex_csv,1b7b14fa75cab035860dd865eedd72527a92dac1a9ca0fcf76bbb5a2b731e368,,2011/2024,observed,csv_row_2022_age_87_col_Female,annual_estimates_observed_v1,2022,87,female,190,reported,
1.0,annual_population_estimates_by_age_sex_csv,1b7b14fa75cab035860dd865eedd72527a92dac1a9ca0fcf76bbb5a2b731e368,,2011/2024,derived,derived_from_2022_age_87_Male_and_Female,annual_estimates_sex_sum_v1,2022,87,all,340,reported,
1.0,annual_population_estimates_by_age_sex_csv,1b7b14fa75cab035860dd865eedd72527a92dac1a9ca0fcf76bbb5a2b731e368,,2011/2024,observed,csv_row_2022_age_88_col_Male,annual_estimates_observed_v1,2022,88,male,130,reported,
1.0,annual_population_estimates_by_age_sex_csv,1b7b14fa75cab035860dd865eedd72527a92dac1a9ca0fcf76bbb5a2b731e368,,2011/2024,observed,csv_row_2022_age_88_col_Female,annual_estimates_observed_v1,2022,88,female,190,reported,
1.0,annual_population_estimates_by_age_sex_csv,1b7b14fa75cab035860dd865eedd72527a92dac1a9ca0fcf76bbb5a2b731e368,,2011/2024,derived,derived_from_2022_age_88_Male_and_Female,annual_estimates_sex_sum_v1,2022,88,all,320,reported,
1.0,annual_population_estimates_by_age_sex_csv,1b7b14fa75cab035860dd865eedd72527a92dac1a9ca0fcf76bbb5a2b731e368,,2011/2024,observed,csv_row_2022_age_89_col_Male,annual_estimates_observed_v1,2022,89,male,100,reported,
1.0,annual_population_estimates_by_age_sex_csv,1b7b14fa75cab035860dd865eedd72527a92dac1a9ca0fcf76bbb5a2b731e368,,2011/2024,observed,csv_row_2022_age_89_col_Female,annual_estimates_observed_v1,2022,89,female,180,reported,
1.0,annual_population_estimates_by_age_sex_csv,1b7b14fa75cab035860dd865eedd72527a92dac1a9ca0fcf76bbb5a2b731e368,,2011/2024,derived,derived_from_2022_age_89_Male_and_Female,annual_estimates_sex_sum_v1,2022,89,all,280,reported,
1.0,annual_population_estimates_by_age_sex_csv,1b7b14fa75cab035860dd865eedd72527a92dac1a9ca0fcf76bbb5a2b731e368,,2011/2024,observed,csv_row_2022_age_90_col_Male,annual_estimates_observed_v1,2022,90,male,80,reported,
1.0,annual_population_estimates_by_age_sex_csv,1b7b14fa75cab035860dd865eedd72527a92dac1a9ca0fcf76bbb5a2b731e368,,2011/2024,observed,csv_row_2022_age_90_col_Female,annual_estimates_observed_v1,2022,90,female,150,reported,
1.0,annual_population_estimates_by_age_sex_csv,1b7b14fa75cab035860dd865eedd72527a92dac1a9ca0fcf76bbb5a2b731e368,,2011/2024,derived,derived_from_2022_age_90_Male_and_Female,annual_estimates_sex_sum_v1,2022,90,all,230,reported,
1.0,annual_population_estimates_by_age_sex_csv,1b7b14fa75cab035860dd865eedd72527a92dac1a9ca0fcf76bbb5a2b731e368,,2011/2024,observed,csv_row_2022_age_91_col_Male,annual_estimates_observed_v1,2022,91,male,60,reported,
1.0,annual_population_estimates_by_age_sex_csv,1b7b14fa75cab035860dd865eedd72527a92dac1a9ca0fcf76bbb5a2b731e368,,2011/2024,observed,csv_row_2022_age_91_col_Female,annual_estimates_observed_v1,2022,91,female,120,reported,
1.0,annual_population_estimates_by_age_sex_csv,1b7b14fa75cab035860dd865eedd72527a92dac1a9ca0fcf76bbb5a2b731e368,,2011/2024,derived,derived_from_2022_age_91_Male_and_Female,annual_estimates_sex_sum_v1,2022,91,all,180,reported,
1.0,annual_population_estimates_by_age_sex_csv,1b7b14fa75cab035860dd865eedd72527a92dac1a9ca0fcf76bbb5a2b731e368,,2011/2024,observed,csv_row_2022_age_92_col_Male,annual_estimates_observed_v1,2022,92,male,60,reported,
1.0,annual_population_estimates_by_age_sex_csv,1b7b14fa75cab035860dd865eedd72527a92dac1a9ca0fcf76bbb5a2b731e368,,2011/2024,observed,csv_row_2022_age_92_col_Female,annual_estimates_observed_v1,2022,92,female,90,reported,
1.0,annual_population_estimates_by_age_sex_csv,1b7b14fa75cab035860dd865eedd72527a92dac1a9ca0fcf76bbb5a2b731e368,,2011/2024,derived,derived_from_2022_age_92_Male_and_Female,annual_estimates_sex_sum_v1,2022,92,all,150,reported,
1.0,annual_population_estimates_by_age_sex_csv,1b7b14fa75cab035860dd865eedd72527a92dac1a9ca0fcf76bbb5a2b731e368,,2011/2024,observed,csv_row_2022_age_93_col_Male,annual_estimates_observed_v1,2022,93,male,30,reported,
1.0,annual_population_estimates_by_age_sex_csv,1b7b14fa75cab035860dd865eedd72527a92dac1a9ca0fcf76bbb5a2b731e368,,2011/2024,observed,csv_row_2022_age_93_col_Female,annual_estimates_observed_v1,2022,93,female,90,reported,
1.0,annual_population_estimates_by_age_sex_csv,1b7b14fa75cab035860dd865eedd72527a92dac1a9ca0fcf76bbb5a2b731e368,,2011/2024,derived,derived_from_2022_age_93_Male_and_Female,annual_estimates_sex_sum_v1,2022,93,all,120,reported,
1.0,annual_population_estimates_by_age_sex_csv,1b7b14fa75cab035860dd865eedd72527a92dac1a9ca0fcf76bbb5a2b731e368,,2011/2024,observed,csv_row_2022_age_94_col_Male,annual_estimates_observed_v1,2022,94,male,30,reported,
1.0,annual_population_estimates_by_age_sex_csv,1b7b14fa75cab035860dd865eedd72527a92dac1a9ca0fcf76bbb5a2b731e368,,2011/2024,observed,csv_row_2022_age_94_col_Female,annual_estimates_observed_v1,2022,94,female,70,reported,
1.0,annual_population_estimates_by_age_sex_csv,1b7b14fa75cab035860dd865eedd72527a92dac1a9ca0fcf76bbb5a2b731e368,,2011/2024,derived,derived_from_2022_age_94_Male_and_Female,annual_estimates_sex_sum_v1,2022,94,all,100,reported,
1.0,annual_population_estimates_by_age_sex_csv,1b7b14fa75cab035860dd865eedd72527a92dac1a9ca0fcf76bbb5a2b731e368,,2011/2024,observed,csv_row_2022_age_95_col_Male,annual_estimates_observed_v1,2022,95,male,20,reported,
1.0,annual_population_estimates_by_age_sex_csv,1b7b14fa75cab035860dd865eedd72527a92dac1a9ca0fcf76bbb5a2b731e368,,2011/2024,observed,csv_row_2022_age_95_col_Female,annual_estimates_observed_v1,2022,95,female,40,reported,
1.0,annual_population_estimates_by_age_sex_csv,1b7b14fa75cab035860dd865eedd72527a92dac1a9ca0fcf76bbb5a2b731e368,,2011/2024,derived,derived_from_2022_age_95_Male_and_Female,annual_estimates_sex_sum_v1,2022,95,all,60,reported,
1.0,annual_population_estimates_by_age_sex_csv,1b7b14fa75cab035860dd865eedd72527a92dac1a9ca0fcf76bbb5a2b731e368,,2011/2024,observed,csv_row_2022_age_96_col_Male,annual_estimates_observed_v1,2022,96,male,10,reported,
1.0,annual_population_estimates_by_age_sex_csv,1b7b14fa75cab035860dd865eedd72527a92dac1a9ca0fcf76bbb5a2b731e368,,2011/2024,observed,csv_row_2022_age_96_col_Female,annual_estimates_observed_v1,2022,96,female,40,reported,
1.0,annual_population_estimates_by_age_sex_csv,1b7b14fa75cab035860dd865eedd72527a92dac1a9ca0fcf76bbb5a2b731e368,,2011/2024,derived,derived_from_2022_age_96_Male_and_Female,annual_estimates_sex_sum_v1,2022,96,all,50,reported,
1.0,annual_population_estimates_by_age_sex_csv,1b7b14fa75cab035860dd865eedd72527a92dac1a9ca0fcf76bbb5a2b731e368,,2011/2024,observed,csv_row_2022_age_97_col_Male,annual_estimates_observed_v1,2022,97,male,10,reported,
1.0,annual_population_estimates_by_age_sex_csv,1b7b14fa75cab035860dd865eedd72527a92dac1a9ca0fcf76bbb5a2b731e368,,2011/2024,observed,csv_row_2022_age_97_col_Female,annual_estimates_observed_v1,2022,97,female,30,reported,
1.0,annual_population_estimates_by_age_sex_csv,1b7b14fa75cab035860dd865eedd72527a92dac1a9ca0fcf76bbb5a2b731e368,,2011/2024,derived,derived_from_2022_age_97_Male_and_Female,annual_estimates_sex_sum_v1,2022,97,all,40,reported,
1.0,annual_population_estimates_by_age_sex_csv,1b7b14fa75cab035860dd865eedd72527a92dac1a9ca0fcf76bbb5a2b731e368,,2011/2024,observed,csv_row_2022_age_98_col_Male,annual_estimates_observed_v1,2022,98,male,0,reported,
1.0,annual_population_estimates_by_age_sex_csv,1b7b14fa75cab035860dd865eedd72527a92dac1a9ca0fcf76bbb5a2b731e368,,2011/2024,observed,csv_row_2022_age_98_col_Female,annual_estimates_observed_v1,2022,98,female,30,reported,
1.0,annual_population_estimates_by_age_sex_csv,1b7b14fa75cab035860dd865eedd72527a92dac1a9ca0fcf76bbb5a2b731e368,,2011/2024,derived,derived_from_2022_age_98_Male_and_Female,annual_estimates_sex_sum_v1,2022,98,all,30,reported,
1.0,annual_population_estimates_by_age_sex_csv,1b7b14fa75cab035860dd865eedd72527a92dac1a9ca0fcf76bbb5a2b731e368,,2011/2024,observed,csv_row_2022_age_99_col_Male,annual_estimates_observed_v1,2022,99,male,10,reported,
1.0,annual_population_estimates_by_age_sex_csv,1b7b14fa75cab035860dd865eedd72527a92dac1a9ca0fcf76bbb5a2b731e368,,2011/2024,observed,csv_row_2022_age_99_col_Female,annual_estimates_observed_v1,2022,99,female,20,reported,
1.0,annual_population_estimates_by_age_sex_csv,1b7b14fa75cab035860dd865eedd72527a92dac1a9ca0fcf76bbb5a2b731e368,,2011/2024,derived,derived_from_2022_age_99_Male_and_Female,annual_estimates_sex_sum_v1,2022,99,all,30,reported,
1.0,annual_population_estimates_by_age_sex_csv,1b7b14fa75cab035860dd865eedd72527a92dac1a9ca0fcf76bbb5a2b731e368,,2011/2024,observed,csv_row_2022_age_100_col_Male,annual_estimates_observed_v1,2022,100,male,10,reported,
1.0,annual_population_estimates_by_age_sex_csv,1b7b14fa75cab035860dd865eedd72527a92dac1a9ca0fcf76bbb5a2b731e368,,2011/2024,observed,csv_row_2022_age_100_col_Female,annual_estimates_observed_v1,2022,100,female,10,reported,
1.0,annual_population_estimates_by_age_sex_csv,1b7b14fa75cab035860dd865eedd72527a92dac1a9ca0fcf76bbb5a2b731e368,,2011/2024,derived,derived_from_2022_age_100_Male_and_Female,annual_estimates_sex_sum_v1,2022,100,all,20,reported,
1.0,annual_population_estimates_by_age_sex_csv,1b7b14fa75cab035860dd865eedd72527a92dac1a9ca0fcf76bbb5a2b731e368,,2011/2024,observed,csv_row_2023_age_0_col_Male,annual_estimates_observed_v1,2023,0,male,430,reported,
1.0,annual_population_estimates_by_age_sex_csv,1b7b14fa75cab035860dd865eedd72527a92dac1a9ca0fcf76bbb5a2b731e368,,2011/2024,observed,csv_row_2023_age_0_col_Female,annual_estimates_observed_v1,2023,0,female,380,reported,
1.0,annual_population_estimates_by_age_sex_csv,1b7b14fa75cab035860dd865eedd72527a92dac1a9ca0fcf76bbb5a2b731e368,,2011/2024,derived,derived_from_2023_age_0_Male_and_Female,annual_estimates_sex_sum_v1,2023,0,all,810,reported,
1.0,annual_population_estimates_by_age_sex_csv,1b7b14fa75cab035860dd865eedd72527a92dac1a9ca0fcf76bbb5a2b731e368,,2011/2024,observed,csv_row_2023_age_1_col_Male,annual_estimates_observed_v1,2023,1,male,480,reported,
1.0,annual_population_estimates_by_age_sex_csv,1b7b14fa75cab035860dd865eedd72527a92dac1a9ca0fcf76bbb5a2b731e368,,2011/2024,observed,csv_row_2023_age_1_col_Female,annual_estimates_observed_v1,2023,1,female,380,reported,
1.0,annual_population_estimates_by_age_sex_csv,1b7b14fa75cab035860dd865eedd72527a92dac1a9ca0fcf76bbb5a2b731e368,,2011/2024,derived,derived_from_2023_age_1_Male_and_Female,annual_estimates_sex_sum_v1,2023,1,all,860,reported,
1.0,annual_population_estimates_by_age_sex_csv,1b7b14fa75cab035860dd865eedd72527a92dac1a9ca0fcf76bbb5a2b731e368,,2011/2024,observed,csv_row_2023_age_2_col_Male,annual_estimates_observed_v1,2023,2,male,470,reported,
1.0,annual_population_estimates_by_age_sex_csv,1b7b14fa75cab035860dd865eedd72527a92dac1a9ca0fcf76bbb5a2b731e368,,2011/2024,observed,csv_row_2023_age_2_col_Female,annual_estimates_observed_v1,2023,2,female,420,reported,
1.0,annual_population_estimates_by_age_sex_csv,1b7b14fa75cab035860dd865eedd72527a92dac1a9ca0fcf76bbb5a2b731e368,,2011/2024,derived,derived_from_2023_age_2_Male_and_Female,annual_estimates_sex_sum_v1,2023,2,all,890,reported,
1.0,annual_population_estimates_by_age_sex_csv,1b7b14fa75cab035860dd865eedd72527a92dac1a9ca0fcf76bbb5a2b731e368,,2011/2024,observed,csv_row_2023_age_3_col_Male,annual_estimates_observed_v1,2023,3,male,450,reported,
1.0,annual_population_estimates_by_age_sex_csv,1b7b14fa75cab035860dd865eedd72527a92dac1a9ca0fcf76bbb5a2b731e368,,2011/2024,observed,csv_row_2023_age_3_col_Female,annual_estimates_observed_v1,2023,3,female,430,reported,
1.0,annual_population_estimates_by_age_sex_csv,1b7b14fa75cab035860dd865eedd72527a92dac1a9ca0fcf76bbb5a2b731e368,,2011/2024,derived,derived_from_2023_age_3_Male_and_Female,annual_estimates_sex_sum_v1,2023,3,all,880,reported,
1.0,annual_population_estimates_by_age_sex_csv,1b7b14fa75cab035860dd865eedd72527a92dac1a9ca0fcf76bbb5a2b731e368,,2011/2024,observed,csv_row_2023_age_4_col_Male,annual_estimates_observed_v1,2023,4,male,490,reported,
1.0,annual_population_estimates_by_age_sex_csv,1b7b14fa75cab035860dd865eedd72527a92dac1a9ca0fcf76bbb5a2b731e368,,2011/2024,observed,csv_row_2023_age_4_col_Female,annual_estimates_observed_v1,2023,4,female,400,reported,
1.0,annual_population_estimates_by_age_sex_csv,1b7b14fa75cab035860dd865eedd72527a92dac1a9ca0fcf76bbb5a2b731e368,,2011/2024,derived,derived_from_2023_age_4_Male_and_Female,annual_estimates_sex_sum_v1,2023,4,all,890,reported,
1.0,annual_population_estimates_by_age_sex_csv,1b7b14fa75cab035860dd865eedd72527a92dac1a9ca0fcf76bbb5a2b731e368,,2011/2024,observed,csv_row_2023_age_5_col_Male,annual_estimates_observed_v1,2023,5,male,470,reported,
1.0,annual_population_estimates_by_age_sex_csv,1b7b14fa75cab035860dd865eedd72527a92dac1a9ca0fcf76bbb5a2b731e368,,2011/2024,observed,csv_row_2023_age_5_col_Female,annual_estimates_observed_v1,2023,5,female,470,reported,
1.0,annual_population_estimates_by_age_sex_csv,1b7b14fa75cab035860dd865eedd72527a92dac1a9ca0fcf76bbb5a2b731e368,,2011/2024,derived,derived_from_2023_age_5_Male_and_Female,annual_estimates_sex_sum_v1,2023,5,all,940,reported,
1.0,annual_population_estimates_by_age_sex_csv,1b7b14fa75cab035860dd865eedd72527a92dac1a9ca0fcf76bbb5a2b731e368,,2011/2024,observed,csv_row_2023_age_6_col_Male,annual_estimates_observed_v1,2023,6,male,510,reported,
1.0,annual_population_estimates_by_age_sex_csv,1b7b14fa75cab035860dd865eedd72527a92dac1a9ca0fcf76bbb5a2b731e368,,2011/2024,observed,csv_row_2023_age_6_col_Female,annual_estimates_observed_v1,2023,6,female,450,reported,
1.0,annual_population_estimates_by_age_sex_csv,1b7b14fa75cab035860dd865eedd72527a92dac1a9ca0fcf76bbb5a2b731e368,,2011/2024,derived,derived_from_2023_age_6_Male_and_Female,annual_estimates_sex_sum_v1,2023,6,all,960,reported,
1.0,annual_population_estimates_by_age_sex_csv,1b7b14fa75cab035860dd865eedd72527a92dac1a9ca0fcf76bbb5a2b731e368,,2011/2024,observed,csv_row_2023_age_7_col_Male,annual_estimates_observed_v1,2023,7,male,520,reported,
1.0,annual_population_estimates_by_age_sex_csv,1b7b14fa75cab035860dd865eedd72527a92dac1a9ca0fcf76bbb5a2b731e368,,2011/2024,observed,csv_row_2023_age_7_col_Female,annual_estimates_observed_v1,2023,7,female,500,reported,
1.0,annual_population_estimates_by_age_sex_csv,1b7b14fa75cab035860dd865eedd72527a92dac1a9ca0fcf76bbb5a2b731e368,,2011/2024,derived,derived_from_2023_age_7_Male_and_Female,annual_estimates_sex_sum_v1,2023,7,all,1020,reported,
1.0,annual_population_estimates_by_age_sex_csv,1b7b14fa75cab035860dd865eedd72527a92dac1a9ca0fcf76bbb5a2b731e368,,2011/2024,observed,csv_row_2023_age_8_col_Male,annual_estimates_observed_v1,2023,8,male,530,reported,
1.0,annual_population_estimates_by_age_sex_csv,1b7b14fa75cab035860dd865eedd72527a92dac1a9ca0fcf76bbb5a2b731e368,,2011/2024,observed,csv_row_2023_age_8_col_Female,annual_estimates_observed_v1,2023,8,female,510,reported,
1.0,annual_population_estimates_by_age_sex_csv,1b7b14fa75cab035860dd865eedd72527a92dac1a9ca0fcf76bbb5a2b731e368,,2011/2024,derived,derived_from_2023_age_8_Male_and_Female,annual_estimates_sex_sum_v1,2023,8,all,1040,reported,
1.0,annual_population_estimates_by_age_sex_csv,1b7b14fa75cab035860dd865eedd72527a92dac1a9ca0fcf76bbb5a2b731e368,,2011/2024,observed,csv_row_2023_age_9_col_Male,annual_estimates_observed_v1,2023,9,male,510,reported,
1.0,annual_population_estimates_by_age_sex_csv,1b7b14fa75cab035860dd865eedd72527a92dac1a9ca0fcf76bbb5a2b731e368,,2011/2024,observed,csv_row_2023_age_9_col_Female,annual_estimates_observed_v1,2023,9,female,500,reported,
1.0,annual_population_estimates_by_age_sex_csv,1b7b14fa75cab035860dd865eedd72527a92dac1a9ca0fcf76bbb5a2b731e368,,2011/2024,derived,derived_from_2023_age_9_Male_and_Female,annual_estimates_sex_sum_v1,2023,9,all,1010,reported,
1.0,annual_population_estimates_by_age_sex_csv,1b7b14fa75cab035860dd865eedd72527a92dac1a9ca0fcf76bbb5a2b731e368,,2011/2024,observed,csv_row_2023_age_10_col_Male,annual_estimates_observed_v1,2023,10,male,540,reported,
1.0,annual_population_estimates_by_age_sex_csv,1b7b14fa75cab035860dd865eedd72527a92dac1a9ca0fcf76bbb5a2b731e368,,2011/2024,observed,csv_row_2023_age_10_col_Female,annual_estimates_observed_v1,2023,10,female,520,reported,
1.0,annual_population_estimates_by_age_sex_csv,1b7b14fa75cab035860dd865eedd72527a92dac1a9ca0fcf76bbb5a2b731e368,,2011/2024,derived,derived_from_2023_age_10_Male_and_Female,annual_estimates_sex_sum_v1,2023,10,all,1060,reported,
1.0,annual_population_estimates_by_age_sex_csv,1b7b14fa75cab035860dd865eedd72527a92dac1a9ca0fcf76bbb5a2b731e368,,2011/2024,observed,csv_row_2023_age_11_col_Male,annual_estimates_observed_v1,2023,11,male,560,reported,
1.0,annual_population_estimates_by_age_sex_csv,1b7b14fa75cab035860dd865eedd72527a92dac1a9ca0fcf76bbb5a2b731e368,,2011/2024,observed,csv_row_2023_age_11_col_Female,annual_estimates_observed_v1,2023,11,female,560,reported,
1.0,annual_population_estimates_by_age_sex_csv,1b7b14fa75cab035860dd865eedd72527a92dac1a9ca0fcf76bbb5a2b731e368,,2011/2024,derived,derived_from_2023_age_11_Male_and_Female,annual_estimates_sex_sum_v1,2023,11,all,1120,reported,
1.0,annual_population_estimates_by_age_sex_csv,1b7b14fa75cab035860dd865eedd72527a92dac1a9ca0fcf76bbb5a2b731e368,,2011/2024,observed,csv_row_2023_age_12_col_Male,annual_estimates_observed_v1,2023,12,male,550,reported,
1.0,annual_population_estimates_by_age_sex_csv,1b7b14fa75cab035860dd865eedd72527a92dac1a9ca0fcf76bbb5a2b731e368,,2011/2024,observed,csv_row_2023_age_12_col_Female,annual_estimates_observed_v1,2023,12,female,550,reported,
1.0,annual_population_estimates_by_age_sex_csv,1b7b14fa75cab035860dd865eedd72527a92dac1a9ca0fcf76bbb5a2b731e368,,2011/2024,derived,derived_from_2023_age_12_Male_and_Female,annual_estimates_sex_sum_v1,2023,12,all,1100,reported,
1.0,annual_population_estimates_by_age_sex_csv,1b7b14fa75cab035860dd865eedd72527a92dac1a9ca0fcf76bbb5a2b731e368,,2011/2024,observed,csv_row_2023_age_13_col_Male,annual_estimates_observed_v1,2023,13,male,530,reported,
1.0,annual_population_estimates_by_age_sex_csv,1b7b14fa75cab035860dd865eedd72527a92dac1a9ca0fcf76bbb5a2b731e368,,2011/2024,observed,csv_row_2023_age_13_col_Female,annual_estimates_observed_v1,2023,13,female,550,reported,
1.0,annual_population_estimates_by_age_sex_csv,1b7b14fa75cab035860dd865eedd72527a92dac1a9ca0fcf76bbb5a2b731e368,,2011/2024,derived,derived_from_2023_age_13_Male_and_Female,annual_estimates_sex_sum_v1,2023,13,all,1080,reported,
1.0,annual_population_estimates_by_age_sex_csv,1b7b14fa75cab035860dd865eedd72527a92dac1a9ca0fcf76bbb5a2b731e368,,2011/2024,observed,csv_row_2023_age_14_col_Male,annual_estimates_observed_v1,2023,14,male,520,reported,
1.0,annual_population_estimates_by_age_sex_csv,1b7b14fa75cab035860dd865eedd72527a92dac1a9ca0fcf76bbb5a2b731e368,,2011/2024,observed,csv_row_2023_age_14_col_Female,annual_estimates_observed_v1,2023,14,female,500,reported,
1.0,annual_population_estimates_by_age_sex_csv,1b7b14fa75cab035860dd865eedd72527a92dac1a9ca0fcf76bbb5a2b731e368,,2011/2024,derived,derived_from_2023_age_14_Male_and_Female,annual_estimates_sex_sum_v1,2023,14,all,1020,reported,
1.0,annual_population_estimates_by_age_sex_csv,1b7b14fa75cab035860dd865eedd72527a92dac1a9ca0fcf76bbb5a2b731e368,,2011/2024,observed,csv_row_2023_age_15_col_Male,annual_estimates_observed_v1,2023,15,male,530,reported,
1.0,annual_population_estimates_by_age_sex_csv,1b7b14fa75cab035860dd865eedd72527a92dac1a9ca0fcf76bbb5a2b731e368,,2011/2024,observed,csv_row_2023_age_15_col_Female,annual_estimates_observed_v1,2023,15,female,560,reported,
1.0,annual_population_estimates_by_age_sex_csv,1b7b14fa75cab035860dd865eedd72527a92dac1a9ca0fcf76bbb5a2b731e368,,2011/2024,derived,derived_from_2023_age_15_Male_and_Female,annual_estimates_sex_sum_v1,2023,15,all,1090,reported,
1.0,annual_population_estimates_by_age_sex_csv,1b7b14fa75cab035860dd865eedd72527a92dac1a9ca0fcf76bbb5a2b731e368,,2011/2024,observed,csv_row_2023_age_16_col_Male,annual_estimates_observed_v1,2023,16,male,520,reported,
1.0,annual_population_estimates_by_age_sex_csv,1b7b14fa75cab035860dd865eedd72527a92dac1a9ca0fcf76bbb5a2b731e368,,2011/2024,observed,csv_row_2023_age_16_col_Female,annual_estimates_observed_v1,2023,16,female,530,reported,
1.0,annual_population_estimates_by_age_sex_csv,1b7b14fa75cab035860dd865eedd72527a92dac1a9ca0fcf76bbb5a2b731e368,,2011/2024,derived,derived_from_2023_age_16_Male_and_Female,annual_estimates_sex_sum_v1,2023,16,all,1050,reported,
1.0,annual_population_estimates_by_age_sex_csv,1b7b14fa75cab035860dd865eedd72527a92dac1a9ca0fcf76bbb5a2b731e368,,2011/2024,observed,csv_row_2023_age_17_col_Male,annual_estimates_observed_v1,2023,17,male,500,reported,
1.0,annual_population_estimates_by_age_sex_csv,1b7b14fa75cab035860dd865eedd72527a92dac1a9ca0fcf76bbb5a2b731e368,,2011/2024,observed,csv_row_2023_age_17_col_Female,annual_estimates_observed_v1,2023,17,female,520,reported,
1.0,annual_population_estimates_by_age_sex_csv,1b7b14fa75cab035860dd865eedd72527a92dac1a9ca0fcf76bbb5a2b731e368,,2011/2024,derived,derived_from_2023_age_17_Male_and_Female,annual_estimates_sex_sum_v1,2023,17,all,1020,reported,
1.0,annual_population_estimates_by_age_sex_csv,1b7b14fa75cab035860dd865eedd72527a92dac1a9ca0fcf76bbb5a2b731e368,,2011/2024,observed,csv_row_2023_age_18_col_Male,annual_estimates_observed_v1,2023,18,male,510,reported,
1.0,annual_population_estimates_by_age_sex_csv,1b7b14fa75cab035860dd865eedd72527a92dac1a9ca0fcf76bbb5a2b731e368,,2011/2024,observed,csv_row_2023_age_18_col_Female,annual_estimates_observed_v1,2023,18,female,510,reported,
1.0,annual_population_estimates_by_age_sex_csv,1b7b14fa75cab035860dd865eedd72527a92dac1a9ca0fcf76bbb5a2b731e368,,2011/2024,derived,derived_from_2023_age_18_Male_and_Female,annual_estimates_sex_sum_v1,2023,18,all,1020,reported,
1.0,annual_population_estimates_by_age_sex_csv,1b7b14fa75cab035860dd865eedd72527a92dac1a9ca0fcf76bbb5a2b731e368,,2011/2024,observed,csv_row_2023_age_19_col_Male,annual_estimates_observed_v1,2023,19,male,540,reported,
1.0,annual_population_estimates_by_age_sex_csv,1b7b14fa75cab035860dd865eedd72527a92dac1a9ca0fcf76bbb5a2b731e368,,2011/2024,observed,csv_row_2023_age_19_col_Female,annual_estimates_observed_v1,2023,19,female,530,reported,
1.0,annual_population_estimates_by_age_sex_csv,1b7b14fa75cab035860dd865eedd72527a92dac1a9ca0fcf76bbb5a2b731e368,,2011/2024,derived,derived_from_2023_age_19_Male_and_Female,annual_estimates_sex_sum_v1,2023,19,all,1070,reported,
1.0,annual_population_estimates_by_age_sex_csv,1b7b14fa75cab035860dd865eedd72527a92dac1a9ca0fcf76bbb5a2b731e368,,2011/2024,observed,csv_row_2023_age_20_col_Male,annual_estimates_observed_v1,2023,20,male,560,reported,
1.0,annual_population_estimates_by_age_sex_csv,1b7b14fa75cab035860dd865eedd72527a92dac1a9ca0fcf76bbb5a2b731e368,,2011/2024,observed,csv_row_2023_age_20_col_Female,annual_estimates_observed_v1,2023,20,female,530,reported,
1.0,annual_population_estimates_by_age_sex_csv,1b7b14fa75cab035860dd865eedd72527a92dac1a9ca0fcf76bbb5a2b731e368,,2011/2024,derived,derived_from_2023_age_20_Male_and_Female,annual_estimates_sex_sum_v1,2023,20,all,1090,reported,
1.0,annual_population_estimates_by_age_sex_csv,1b7b14fa75cab035860dd865eedd72527a92dac1a9ca0fcf76bbb5a2b731e368,,2011/2024,observed,csv_row_2023_age_21_col_Male,annual_estimates_observed_v1,2023,21,male,480,reported,
1.0,annual_population_estimates_by_age_sex_csv,1b7b14fa75cab035860dd865eedd72527a92dac1a9ca0fcf76bbb5a2b731e368,,2011/2024,observed,csv_row_2023_age_21_col_Female,annual_estimates_observed_v1,2023,21,female,500,reported,
1.0,annual_population_estimates_by_age_sex_csv,1b7b14fa75cab035860dd865eedd72527a92dac1a9ca0fcf76bbb5a2b731e368,,2011/2024,derived,derived_from_2023_age_21_Male_and_Female,annual_estimates_sex_sum_v1,2023,21,all,980,reported,
1.0,annual_population_estimates_by_age_sex_csv,1b7b14fa75cab035860dd865eedd72527a92dac1a9ca0fcf76bbb5a2b731e368,,2011/2024,observed,csv_row_2023_age_22_col_Male,annual_estimates_observed_v1,2023,22,male,530,reported,
1.0,annual_population_estimates_by_age_sex_csv,1b7b14fa75cab035860dd865eedd72527a92dac1a9ca0fcf76bbb5a2b731e368,,2011/2024,observed,csv_row_2023_age_22_col_Female,annual_estimates_observed_v1,2023,22,female,480,reported,
1.0,annual_population_estimates_by_age_sex_csv,1b7b14fa75cab035860dd865eedd72527a92dac1a9ca0fcf76bbb5a2b731e368,,2011/2024,derived,derived_from_2023_age_22_Male_and_Female,annual_estimates_sex_sum_v1,2023,22,all,1010,reported,
1.0,annual_population_estimates_by_age_sex_csv,1b7b14fa75cab035860dd865eedd72527a92dac1a9ca0fcf76bbb5a2b731e368,,2011/2024,observed,csv_row_2023_age_23_col_Male,annual_estimates_observed_v1,2023,23,male,480,reported,
1.0,annual_population_estimates_by_age_sex_csv,1b7b14fa75cab035860dd865eedd72527a92dac1a9ca0fcf76bbb5a2b731e368,,2011/2024,observed,csv_row_2023_age_23_col_Female,annual_estimates_observed_v1,2023,23,female,480,reported,
1.0,annual_population_estimates_by_age_sex_csv,1b7b14fa75cab035860dd865eedd72527a92dac1a9ca0fcf76bbb5a2b731e368,,2011/2024,derived,derived_from_2023_age_23_Male_and_Female,annual_estimates_sex_sum_v1,2023,23,all,960,reported,
1.0,annual_population_estimates_by_age_sex_csv,1b7b14fa75cab035860dd865eedd72527a92dac1a9ca0fcf76bbb5a2b731e368,,2011/2024,observed,csv_row_2023_age_24_col_Male,annual_estimates_observed_v1,2023,24,male,560,reported,
1.0,annual_population_estimates_by_age_sex_csv,1b7b14fa75cab035860dd865eedd72527a92dac1a9ca0fcf76bbb5a2b731e368,,2011/2024,observed,csv_row_2023_age_24_col_Female,annual_estimates_observed_v1,2023,24,female,480,reported,
1.0,annual_population_estimates_by_age_sex_csv,1b7b14fa75cab035860dd865eedd72527a92dac1a9ca0fcf76bbb5a2b731e368,,2011/2024,derived,derived_from_2023_age_24_Male_and_Female,annual_estimates_sex_sum_v1,2023,24,all,1040,reported,
1.0,annual_population_estimates_by_age_sex_csv,1b7b14fa75cab035860dd865eedd72527a92dac1a9ca0fcf76bbb5a2b731e368,,2011/2024,observed,csv_row_2023_age_25_col_Male,annual_estimates_observed_v1,2023,25,male,540,reported,
1.0,annual_population_estimates_by_age_sex_csv,1b7b14fa75cab035860dd865eedd72527a92dac1a9ca0fcf76bbb5a2b731e368,,2011/2024,observed,csv_row_2023_age_25_col_Female,annual_estimates_observed_v1,2023,25,female,530,reported,
1.0,annual_population_estimates_by_age_sex_csv,1b7b14fa75cab035860dd865eedd72527a92dac1a9ca0fcf76bbb5a2b731e368,,2011/2024,derived,derived_from_2023_age_25_Male_and_Female,annual_estimates_sex_sum_v1,2023,25,all,1070,reported,
1.0,annual_population_estimates_by_age_sex_csv,1b7b14fa75cab035860dd865eedd72527a92dac1a9ca0fcf76bbb5a2b731e368,,2011/2024,observed,csv_row_2023_age_26_col_Male,annual_estimates_observed_v1,2023,26,male,620,reported,
1.0,annual_population_estimates_by_age_sex_csv,1b7b14fa75cab035860dd865eedd72527a92dac1a9ca0fcf76bbb5a2b731e368,,2011/2024,observed,csv_row_2023_age_26_col_Female,annual_estimates_observed_v1,2023,26,female,550,reported,
1.0,annual_population_estimates_by_age_sex_csv,1b7b14fa75cab035860dd865eedd72527a92dac1a9ca0fcf76bbb5a2b731e368,,2011/2024,derived,derived_from_2023_age_26_Male_and_Female,annual_estimates_sex_sum_v1,2023,26,all,1170,reported,
1.0,annual_population_estimates_by_age_sex_csv,1b7b14fa75cab035860dd865eedd72527a92dac1a9ca0fcf76bbb5a2b731e368,,2011/2024,observed,csv_row_2023_age_27_col_Male,annual_estimates_observed_v1,2023,27,male,610,reported,
1.0,annual_population_estimates_by_age_sex_csv,1b7b14fa75cab035860dd865eedd72527a92dac1a9ca0fcf76bbb5a2b731e368,,2011/2024,observed,csv_row_2023_age_27_col_Female,annual_estimates_observed_v1,2023,27,female,620,reported,
1.0,annual_population_estimates_by_age_sex_csv,1b7b14fa75cab035860dd865eedd72527a92dac1a9ca0fcf76bbb5a2b731e368,,2011/2024,derived,derived_from_2023_age_27_Male_and_Female,annual_estimates_sex_sum_v1,2023,27,all,1230,reported,
1.0,annual_population_estimates_by_age_sex_csv,1b7b14fa75cab035860dd865eedd72527a92dac1a9ca0fcf76bbb5a2b731e368,,2011/2024,observed,csv_row_2023_age_28_col_Male,annual_estimates_observed_v1,2023,28,male,640,reported,
1.0,annual_population_estimates_by_age_sex_csv,1b7b14fa75cab035860dd865eedd72527a92dac1a9ca0fcf76bbb5a2b731e368,,2011/2024,observed,csv_row_2023_age_28_col_Female,annual_estimates_observed_v1,2023,28,female,560,reported,
1.0,annual_population_estimates_by_age_sex_csv,1b7b14fa75cab035860dd865eedd72527a92dac1a9ca0fcf76bbb5a2b731e368,,2011/2024,derived,derived_from_2023_age_28_Male_and_Female,annual_estimates_sex_sum_v1,2023,28,all,1200,reported,
1.0,annual_population_estimates_by_age_sex_csv,1b7b14fa75cab035860dd865eedd72527a92dac1a9ca0fcf76bbb5a2b731e368,,2011/2024,observed,csv_row_2023_age_29_col_Male,annual_estimates_observed_v1,2023,29,male,660,reported,
1.0,annual_population_estimates_by_age_sex_csv,1b7b14fa75cab035860dd865eedd72527a92dac1a9ca0fcf76bbb5a2b731e368,,2011/2024,observed,csv_row_2023_age_29_col_Female,annual_estimates_observed_v1,2023,29,female,650,reported,
1.0,annual_population_estimates_by_age_sex_csv,1b7b14fa75cab035860dd865eedd72527a92dac1a9ca0fcf76bbb5a2b731e368,,2011/2024,derived,derived_from_2023_age_29_Male_and_Female,annual_estimates_sex_sum_v1,2023,29,all,1310,reported,
1.0,annual_population_estimates_by_age_sex_csv,1b7b14fa75cab035860dd865eedd72527a92dac1a9ca0fcf76bbb5a2b731e368,,2011/2024,observed,csv_row_2023_age_30_col_Male,annual_estimates_observed_v1,2023,30,male,670,reported,
1.0,annual_population_estimates_by_age_sex_csv,1b7b14fa75cab035860dd865eedd72527a92dac1a9ca0fcf76bbb5a2b731e368,,2011/2024,observed,csv_row_2023_age_30_col_Female,annual_estimates_observed_v1,2023,30,female,620,reported,
1.0,annual_population_estimates_by_age_sex_csv,1b7b14fa75cab035860dd865eedd72527a92dac1a9ca0fcf76bbb5a2b731e368,,2011/2024,derived,derived_from_2023_age_30_Male_and_Female,annual_estimates_sex_sum_v1,2023,30,all,1290,reported,
1.0,annual_population_estimates_by_age_sex_csv,1b7b14fa75cab035860dd865eedd72527a92dac1a9ca0fcf76bbb5a2b731e368,,2011/2024,observed,csv_row_2023_age_31_col_Male,annual_estimates_observed_v1,2023,31,male,720,reported,
1.0,annual_population_estimates_by_age_sex_csv,1b7b14fa75cab035860dd865eedd72527a92dac1a9ca0fcf76bbb5a2b731e368,,2011/2024,observed,csv_row_2023_age_31_col_Female,annual_estimates_observed_v1,2023,31,female,660,reported,
1.0,annual_population_estimates_by_age_sex_csv,1b7b14fa75cab035860dd865eedd72527a92dac1a9ca0fcf76bbb5a2b731e368,,2011/2024,derived,derived_from_2023_age_31_Male_and_Female,annual_estimates_sex_sum_v1,2023,31,all,1380,reported,
1.0,annual_population_estimates_by_age_sex_csv,1b7b14fa75cab035860dd865eedd72527a92dac1a9ca0fcf76bbb5a2b731e368,,2011/2024,observed,csv_row_2023_age_32_col_Male,annual_estimates_observed_v1,2023,32,male,650,reported,
1.0,annual_population_estimates_by_age_sex_csv,1b7b14fa75cab035860dd865eedd72527a92dac1a9ca0fcf76bbb5a2b731e368,,2011/2024,observed,csv_row_2023_age_32_col_Female,annual_estimates_observed_v1,2023,32,female,690,reported,
1.0,annual_population_estimates_by_age_sex_csv,1b7b14fa75cab035860dd865eedd72527a92dac1a9ca0fcf76bbb5a2b731e368,,2011/2024,derived,derived_from_2023_age_32_Male_and_Female,annual_estimates_sex_sum_v1,2023,32,all,1340,reported,
1.0,annual_population_estimates_by_age_sex_csv,1b7b14fa75cab035860dd865eedd72527a92dac1a9ca0fcf76bbb5a2b731e368,,2011/2024,observed,csv_row_2023_age_33_col_Male,annual_estimates_observed_v1,2023,33,male,740,reported,
1.0,annual_population_estimates_by_age_sex_csv,1b7b14fa75cab035860dd865eedd72527a92dac1a9ca0fcf76bbb5a2b731e368,,2011/2024,observed,csv_row_2023_age_33_col_Female,annual_estimates_observed_v1,2023,33,female,700,reported,
1.0,annual_population_estimates_by_age_sex_csv,1b7b14fa75cab035860dd865eedd72527a92dac1a9ca0fcf76bbb5a2b731e368,,2011/2024,derived,derived_from_2023_age_33_Male_and_Female,annual_estimates_sex_sum_v1,2023,33,all,1440,reported,
1.0,annual_population_estimates_by_age_sex_csv,1b7b14fa75cab035860dd865eedd72527a92dac1a9ca0fcf76bbb5a2b731e368,,2011/2024,observed,csv_row_2023_age_34_col_Male,annual_estimates_observed_v1,2023,34,male,690,reported,
1.0,annual_population_estimates_by_age_sex_csv,1b7b14fa75cab035860dd865eedd72527a92dac1a9ca0fcf76bbb5a2b731e368,,2011/2024,observed,csv_row_2023_age_34_col_Female,annual_estimates_observed_v1,2023,34,female,700,reported,
1.0,annual_population_estimates_by_age_sex_csv,1b7b14fa75cab035860dd865eedd72527a92dac1a9ca0fcf76bbb5a2b731e368,,2011/2024,derived,derived_from_2023_age_34_Male_and_Female,annual_estimates_sex_sum_v1,2023,34,all,1390,reported,
1.0,annual_population_estimates_by_age_sex_csv,1b7b14fa75cab035860dd865eedd72527a92dac1a9ca0fcf76bbb5a2b731e368,,2011/2024,observed,csv_row_2023_age_35_col_Male,annual_estimates_observed_v1,2023,35,male,710,reported,
1.0,annual_population_estimates_by_age_sex_csv,1b7b14fa75cab035860dd865eedd72527a92dac1a9ca0fcf76bbb5a2b731e368,,2011/2024,observed,csv_row_2023_age_35_col_Female,annual_estimates_observed_v1,2023,35,female,740,reported,
1.0,annual_population_estimates_by_age_sex_csv,1b7b14fa75cab035860dd865eedd72527a92dac1a9ca0fcf76bbb5a2b731e368,,2011/2024,derived,derived_from_2023_age_35_Male_and_Female,annual_estimates_sex_sum_v1,2023,35,all,1450,reported,
1.0,annual_population_estimates_by_age_sex_csv,1b7b14fa75cab035860dd865eedd72527a92dac1a9ca0fcf76bbb5a2b731e368,,2011/2024,observed,csv_row_2023_age_36_col_Male,annual_estimates_observed_v1,2023,36,male,780,reported,
1.0,annual_population_estimates_by_age_sex_csv,1b7b14fa75cab035860dd865eedd72527a92dac1a9ca0fcf76bbb5a2b731e368,,2011/2024,observed,csv_row_2023_age_36_col_Female,annual_estimates_observed_v1,2023,36,female,690,reported,
1.0,annual_population_estimates_by_age_sex_csv,1b7b14fa75cab035860dd865eedd72527a92dac1a9ca0fcf76bbb5a2b731e368,,2011/2024,derived,derived_from_2023_age_36_Male_and_Female,annual_estimates_sex_sum_v1,2023,36,all,1470,reported,
1.0,annual_population_estimates_by_age_sex_csv,1b7b14fa75cab035860dd865eedd72527a92dac1a9ca0fcf76bbb5a2b731e368,,2011/2024,observed,csv_row_2023_age_37_col_Male,annual_estimates_observed_v1,2023,37,male,720,reported,
1.0,annual_population_estimates_by_age_sex_csv,1b7b14fa75cab035860dd865eedd72527a92dac1a9ca0fcf76bbb5a2b731e368,,2011/2024,observed,csv_row_2023_age_37_col_Female,annual_estimates_observed_v1,2023,37,female,720,reported,
1.0,annual_population_estimates_by_age_sex_csv,1b7b14fa75cab035860dd865eedd72527a92dac1a9ca0fcf76bbb5a2b731e368,,2011/2024,derived,derived_from_2023_age_37_Male_and_Female,annual_estimates_sex_sum_v1,2023,37,all,1440,reported,
1.0,annual_population_estimates_by_age_sex_csv,1b7b14fa75cab035860dd865eedd72527a92dac1a9ca0fcf76bbb5a2b731e368,,2011/2024,observed,csv_row_2023_age_38_col_Male,annual_estimates_observed_v1,2023,38,male,750,reported,
1.0,annual_population_estimates_by_age_sex_csv,1b7b14fa75cab035860dd865eedd72527a92dac1a9ca0fcf76bbb5a2b731e368,,2011/2024,observed,csv_row_2023_age_38_col_Female,annual_estimates_observed_v1,2023,38,female,710,reported,
1.0,annual_population_estimates_by_age_sex_csv,1b7b14fa75cab035860dd865eedd72527a92dac1a9ca0fcf76bbb5a2b731e368,,2011/2024,derived,derived_from_2023_age_38_Male_and_Female,annual_estimates_sex_sum_v1,2023,38,all,1460,reported,
1.0,annual_population_estimates_by_age_sex_csv,1b7b14fa75cab035860dd865eedd72527a92dac1a9ca0fcf76bbb5a2b731e368,,2011/2024,observed,csv_row_2023_age_39_col_Male,annual_estimates_observed_v1,2023,39,male,780,reported,
1.0,annual_population_estimates_by_age_sex_csv,1b7b14fa75cab035860dd865eedd72527a92dac1a9ca0fcf76bbb5a2b731e368,,2011/2024,observed,csv_row_2023_age_39_col_Female,annual_estimates_observed_v1,2023,39,female,770,reported,
1.0,annual_population_estimates_by_age_sex_csv,1b7b14fa75cab035860dd865eedd72527a92dac1a9ca0fcf76bbb5a2b731e368,,2011/2024,derived,derived_from_2023_age_39_Male_and_Female,annual_estimates_sex_sum_v1,2023,39,all,1550,reported,
1.0,annual_population_estimates_by_age_sex_csv,1b7b14fa75cab035860dd865eedd72527a92dac1a9ca0fcf76bbb5a2b731e368,,2011/2024,observed,csv_row_2023_age_40_col_Male,annual_estimates_observed_v1,2023,40,male,790,reported,
1.0,annual_population_estimates_by_age_sex_csv,1b7b14fa75cab035860dd865eedd72527a92dac1a9ca0fcf76bbb5a2b731e368,,2011/2024,observed,csv_row_2023_age_40_col_Female,annual_estimates_observed_v1,2023,40,female,790,reported,
1.0,annual_population_estimates_by_age_sex_csv,1b7b14fa75cab035860dd865eedd72527a92dac1a9ca0fcf76bbb5a2b731e368,,2011/2024,derived,derived_from_2023_age_40_Male_and_Female,annual_estimates_sex_sum_v1,2023,40,all,1580,reported,
1.0,annual_population_estimates_by_age_sex_csv,1b7b14fa75cab035860dd865eedd72527a92dac1a9ca0fcf76bbb5a2b731e368,,2011/2024,observed,csv_row_2023_age_41_col_Male,annual_estimates_observed_v1,2023,41,male,820,reported,
1.0,annual_population_estimates_by_age_sex_csv,1b7b14fa75cab035860dd865eedd72527a92dac1a9ca0fcf76bbb5a2b731e368,,2011/2024,observed,csv_row_2023_age_41_col_Female,annual_estimates_observed_v1,2023,41,female,740,reported,
1.0,annual_population_estimates_by_age_sex_csv,1b7b14fa75cab035860dd865eedd72527a92dac1a9ca0fcf76bbb5a2b731e368,,2011/2024,derived,derived_from_2023_age_41_Male_and_Female,annual_estimates_sex_sum_v1,2023,41,all,1560,reported,
1.0,annual_population_estimates_by_age_sex_csv,1b7b14fa75cab035860dd865eedd72527a92dac1a9ca0fcf76bbb5a2b731e368,,2011/2024,observed,csv_row_2023_age_42_col_Male,annual_estimates_observed_v1,2023,42,male,770,reported,
1.0,annual_population_estimates_by_age_sex_csv,1b7b14fa75cab035860dd865eedd72527a92dac1a9ca0fcf76bbb5a2b731e368,,2011/2024,observed,csv_row_2023_age_42_col_Female,annual_estimates_observed_v1,2023,42,female,820,reported,
1.0,annual_population_estimates_by_age_sex_csv,1b7b14fa75cab035860dd865eedd72527a92dac1a9ca0fcf76bbb5a2b731e368,,2011/2024,derived,derived_from_2023_age_42_Male_and_Female,annual_estimates_sex_sum_v1,2023,42,all,1590,reported,
1.0,annual_population_estimates_by_age_sex_csv,1b7b14fa75cab035860dd865eedd72527a92dac1a9ca0fcf76bbb5a2b731e368,,2011/2024,observed,csv_row_2023_age_43_col_Male,annual_estimates_observed_v1,2023,43,male,810,reported,
1.0,annual_population_estimates_by_age_sex_csv,1b7b14fa75cab035860dd865eedd72527a92dac1a9ca0fcf76bbb5a2b731e368,,2011/2024,observed,csv_row_2023_age_43_col_Female,annual_estimates_observed_v1,2023,43,female,790,reported,
1.0,annual_population_estimates_by_age_sex_csv,1b7b14fa75cab035860dd865eedd72527a92dac1a9ca0fcf76bbb5a2b731e368,,2011/2024,derived,derived_from_2023_age_43_Male_and_Female,annual_estimates_sex_sum_v1,2023,43,all,1600,reported,
1.0,annual_population_estimates_by_age_sex_csv,1b7b14fa75cab035860dd865eedd72527a92dac1a9ca0fcf76bbb5a2b731e368,,2011/2024,observed,csv_row_2023_age_44_col_Male,annual_estimates_observed_v1,2023,44,male,780,reported,
1.0,annual_population_estimates_by_age_sex_csv,1b7b14fa75cab035860dd865eedd72527a92dac1a9ca0fcf76bbb5a2b731e368,,2011/2024,observed,csv_row_2023_age_44_col_Female,annual_estimates_observed_v1,2023,44,female,790,reported,
1.0,annual_population_estimates_by_age_sex_csv,1b7b14fa75cab035860dd865eedd72527a92dac1a9ca0fcf76bbb5a2b731e368,,2011/2024,derived,derived_from_2023_age_44_Male_and_Female,annual_estimates_sex_sum_v1,2023,44,all,1570,reported,
1.0,annual_population_estimates_by_age_sex_csv,1b7b14fa75cab035860dd865eedd72527a92dac1a9ca0fcf76bbb5a2b731e368,,2011/2024,observed,csv_row_2023_age_45_col_Male,annual_estimates_observed_v1,2023,45,male,740,reported,
1.0,annual_population_estimates_by_age_sex_csv,1b7b14fa75cab035860dd865eedd72527a92dac1a9ca0fcf76bbb5a2b731e368,,2011/2024,observed,csv_row_2023_age_45_col_Female,annual_estimates_observed_v1,2023,45,female,720,reported,
1.0,annual_population_estimates_by_age_sex_csv,1b7b14fa75cab035860dd865eedd72527a92dac1a9ca0fcf76bbb5a2b731e368,,2011/2024,derived,derived_from_2023_age_45_Male_and_Female,annual_estimates_sex_sum_v1,2023,45,all,1460,reported,
1.0,annual_population_estimates_by_age_sex_csv,1b7b14fa75cab035860dd865eedd72527a92dac1a9ca0fcf76bbb5a2b731e368,,2011/2024,observed,csv_row_2023_age_46_col_Male,annual_estimates_observed_v1,2023,46,male,770,reported,
1.0,annual_population_estimates_by_age_sex_csv,1b7b14fa75cab035860dd865eedd72527a92dac1a9ca0fcf76bbb5a2b731e368,,2011/2024,observed,csv_row_2023_age_46_col_Female,annual_estimates_observed_v1,2023,46,female,770,reported,
1.0,annual_population_estimates_by_age_sex_csv,1b7b14fa75cab035860dd865eedd72527a92dac1a9ca0fcf76bbb5a2b731e368,,2011/2024,derived,derived_from_2023_age_46_Male_and_Female,annual_estimates_sex_sum_v1,2023,46,all,1540,reported,
1.0,annual_population_estimates_by_age_sex_csv,1b7b14fa75cab035860dd865eedd72527a92dac1a9ca0fcf76bbb5a2b731e368,,2011/2024,observed,csv_row_2023_age_47_col_Male,annual_estimates_observed_v1,2023,47,male,730,reported,
1.0,annual_population_estimates_by_age_sex_csv,1b7b14fa75cab035860dd865eedd72527a92dac1a9ca0fcf76bbb5a2b731e368,,2011/2024,observed,csv_row_2023_age_47_col_Female,annual_estimates_observed_v1,2023,47,female,710,reported,
1.0,annual_population_estimates_by_age_sex_csv,1b7b14fa75cab035860dd865eedd72527a92dac1a9ca0fcf76bbb5a2b731e368,,2011/2024,derived,derived_from_2023_age_47_Male_and_Female,annual_estimates_sex_sum_v1,2023,47,all,1440,reported,
1.0,annual_population_estimates_by_age_sex_csv,1b7b14fa75cab035860dd865eedd72527a92dac1a9ca0fcf76bbb5a2b731e368,,2011/2024,observed,csv_row_2023_age_48_col_Male,annual_estimates_observed_v1,2023,48,male,770,reported,
1.0,annual_population_estimates_by_age_sex_csv,1b7b14fa75cab035860dd865eedd72527a92dac1a9ca0fcf76bbb5a2b731e368,,2011/2024,observed,csv_row_2023_age_48_col_Female,annual_estimates_observed_v1,2023,48,female,740,reported,
1.0,annual_population_estimates_by_age_sex_csv,1b7b14fa75cab035860dd865eedd72527a92dac1a9ca0fcf76bbb5a2b731e368,,2011/2024,derived,derived_from_2023_age_48_Male_and_Female,annual_estimates_sex_sum_v1,2023,48,all,1510,reported,
1.0,annual_population_estimates_by_age_sex_csv,1b7b14fa75cab035860dd865eedd72527a92dac1a9ca0fcf76bbb5a2b731e368,,2011/2024,observed,csv_row_2023_age_49_col_Male,annual_estimates_observed_v1,2023,49,male,750,reported,
1.0,annual_population_estimates_by_age_sex_csv,1b7b14fa75cab035860dd865eedd72527a92dac1a9ca0fcf76bbb5a2b731e368,,2011/2024,observed,csv_row_2023_age_49_col_Female,annual_estimates_observed_v1,2023,49,female,740,reported,
1.0,annual_population_estimates_by_age_sex_csv,1b7b14fa75cab035860dd865eedd72527a92dac1a9ca0fcf76bbb5a2b731e368,,2011/2024,derived,derived_from_2023_age_49_Male_and_Female,annual_estimates_sex_sum_v1,2023,49,all,1490,reported,
1.0,annual_population_estimates_by_age_sex_csv,1b7b14fa75cab035860dd865eedd72527a92dac1a9ca0fcf76bbb5a2b731e368,,2011/2024,observed,csv_row_2023_age_50_col_Male,annual_estimates_observed_v1,2023,50,male,740,reported,
1.0,annual_population_estimates_by_age_sex_csv,1b7b14fa75cab035860dd865eedd72527a92dac1a9ca0fcf76bbb5a2b731e368,,2011/2024,observed,csv_row_2023_age_50_col_Female,annual_estimates_observed_v1,2023,50,female,720,reported,
1.0,annual_population_estimates_by_age_sex_csv,1b7b14fa75cab035860dd865eedd72527a92dac1a9ca0fcf76bbb5a2b731e368,,2011/2024,derived,derived_from_2023_age_50_Male_and_Female,annual_estimates_sex_sum_v1,2023,50,all,1460,reported,
1.0,annual_population_estimates_by_age_sex_csv,1b7b14fa75cab035860dd865eedd72527a92dac1a9ca0fcf76bbb5a2b731e368,,2011/2024,observed,csv_row_2023_age_51_col_Male,annual_estimates_observed_v1,2023,51,male,750,reported,
1.0,annual_population_estimates_by_age_sex_csv,1b7b14fa75cab035860dd865eedd72527a92dac1a9ca0fcf76bbb5a2b731e368,,2011/2024,observed,csv_row_2023_age_51_col_Female,annual_estimates_observed_v1,2023,51,female,780,reported,
1.0,annual_population_estimates_by_age_sex_csv,1b7b14fa75cab035860dd865eedd72527a92dac1a9ca0fcf76bbb5a2b731e368,,2011/2024,derived,derived_from_2023_age_51_Male_and_Female,annual_estimates_sex_sum_v1,2023,51,all,1530,reported,
1.0,annual_population_estimates_by_age_sex_csv,1b7b14fa75cab035860dd865eedd72527a92dac1a9ca0fcf76bbb5a2b731e368,,2011/2024,observed,csv_row_2023_age_52_col_Male,annual_estimates_observed_v1,2023,52,male,820,reported,
1.0,annual_population_estimates_by_age_sex_csv,1b7b14fa75cab035860dd865eedd72527a92dac1a9ca0fcf76bbb5a2b731e368,,2011/2024,observed,csv_row_2023_age_52_col_Female,annual_estimates_observed_v1,2023,52,female,810,reported,
1.0,annual_population_estimates_by_age_sex_csv,1b7b14fa75cab035860dd865eedd72527a92dac1a9ca0fcf76bbb5a2b731e368,,2011/2024,derived,derived_from_2023_age_52_Male_and_Female,annual_estimates_sex_sum_v1,2023,52,all,1630,reported,
1.0,annual_population_estimates_by_age_sex_csv,1b7b14fa75cab035860dd865eedd72527a92dac1a9ca0fcf76bbb5a2b731e368,,2011/2024,observed,csv_row_2023_age_53_col_Male,annual_estimates_observed_v1,2023,53,male,820,reported,
1.0,annual_population_estimates_by_age_sex_csv,1b7b14fa75cab035860dd865eedd72527a92dac1a9ca0fcf76bbb5a2b731e368,,2011/2024,observed,csv_row_2023_age_53_col_Female,annual_estimates_observed_v1,2023,53,female,810,reported,
1.0,annual_population_estimates_by_age_sex_csv,1b7b14fa75cab035860dd865eedd72527a92dac1a9ca0fcf76bbb5a2b731e368,,2011/2024,derived,derived_from_2023_age_53_Male_and_Female,annual_estimates_sex_sum_v1,2023,53,all,1630,reported,
1.0,annual_population_estimates_by_age_sex_csv,1b7b14fa75cab035860dd865eedd72527a92dac1a9ca0fcf76bbb5a2b731e368,,2011/2024,observed,csv_row_2023_age_54_col_Male,annual_estimates_observed_v1,2023,54,male,810,reported,
1.0,annual_population_estimates_by_age_sex_csv,1b7b14fa75cab035860dd865eedd72527a92dac1a9ca0fcf76bbb5a2b731e368,,2011/2024,observed,csv_row_2023_age_54_col_Female,annual_estimates_observed_v1,2023,54,female,850,reported,
1.0,annual_population_estimates_by_age_sex_csv,1b7b14fa75cab035860dd865eedd72527a92dac1a9ca0fcf76bbb5a2b731e368,,2011/2024,derived,derived_from_2023_age_54_Male_and_Female,annual_estimates_sex_sum_v1,2023,54,all,1660,reported,
1.0,annual_population_estimates_by_age_sex_csv,1b7b14fa75cab035860dd865eedd72527a92dac1a9ca0fcf76bbb5a2b731e368,,2011/2024,observed,csv_row_2023_age_55_col_Male,annual_estimates_observed_v1,2023,55,male,900,reported,
1.0,annual_population_estimates_by_age_sex_csv,1b7b14fa75cab035860dd865eedd72527a92dac1a9ca0fcf76bbb5a2b731e368,,2011/2024,observed,csv_row_2023_age_55_col_Female,annual_estimates_observed_v1,2023,55,female,790,reported,
1.0,annual_population_estimates_by_age_sex_csv,1b7b14fa75cab035860dd865eedd72527a92dac1a9ca0fcf76bbb5a2b731e368,,2011/2024,derived,derived_from_2023_age_55_Male_and_Female,annual_estimates_sex_sum_v1,2023,55,all,1690,reported,
1.0,annual_population_estimates_by_age_sex_csv,1b7b14fa75cab035860dd865eedd72527a92dac1a9ca0fcf76bbb5a2b731e368,,2011/2024,observed,csv_row_2023_age_56_col_Male,annual_estimates_observed_v1,2023,56,male,800,reported,
1.0,annual_population_estimates_by_age_sex_csv,1b7b14fa75cab035860dd865eedd72527a92dac1a9ca0fcf76bbb5a2b731e368,,2011/2024,observed,csv_row_2023_age_56_col_Female,annual_estimates_observed_v1,2023,56,female,850,reported,
1.0,annual_population_estimates_by_age_sex_csv,1b7b14fa75cab035860dd865eedd72527a92dac1a9ca0fcf76bbb5a2b731e368,,2011/2024,derived,derived_from_2023_age_56_Male_and_Female,annual_estimates_sex_sum_v1,2023,56,all,1650,reported,
1.0,annual_population_estimates_by_age_sex_csv,1b7b14fa75cab035860dd865eedd72527a92dac1a9ca0fcf76bbb5a2b731e368,,2011/2024,observed,csv_row_2023_age_57_col_Male,annual_estimates_observed_v1,2023,57,male,820,reported,
1.0,annual_population_estimates_by_age_sex_csv,1b7b14fa75cab035860dd865eedd72527a92dac1a9ca0fcf76bbb5a2b731e368,,2011/2024,observed,csv_row_2023_age_57_col_Female,annual_estimates_observed_v1,2023,57,female,850,reported,
1.0,annual_population_estimates_by_age_sex_csv,1b7b14fa75cab035860dd865eedd72527a92dac1a9ca0fcf76bbb5a2b731e368,,2011/2024,derived,derived_from_2023_age_57_Male_and_Female,annual_estimates_sex_sum_v1,2023,57,all,1670,reported,
1.0,annual_population_estimates_by_age_sex_csv,1b7b14fa75cab035860dd865eedd72527a92dac1a9ca0fcf76bbb5a2b731e368,,2011/2024,observed,csv_row_2023_age_58_col_Male,annual_estimates_observed_v1,2023,58,male,840,reported,
1.0,annual_population_estimates_by_age_sex_csv,1b7b14fa75cab035860dd865eedd72527a92dac1a9ca0fcf76bbb5a2b731e368,,2011/2024,observed,csv_row_2023_age_58_col_Female,annual_estimates_observed_v1,2023,58,female,820,reported,
1.0,annual_population_estimates_by_age_sex_csv,1b7b14fa75cab035860dd865eedd72527a92dac1a9ca0fcf76bbb5a2b731e368,,2011/2024,derived,derived_from_2023_age_58_Male_and_Female,annual_estimates_sex_sum_v1,2023,58,all,1660,reported,
1.0,annual_population_estimates_by_age_sex_csv,1b7b14fa75cab035860dd865eedd72527a92dac1a9ca0fcf76bbb5a2b731e368,,2011/2024,observed,csv_row_2023_age_59_col_Male,annual_estimates_observed_v1,2023,59,male,840,reported,
1.0,annual_population_estimates_by_age_sex_csv,1b7b14fa75cab035860dd865eedd72527a92dac1a9ca0fcf76bbb5a2b731e368,,2011/2024,observed,csv_row_2023_age_59_col_Female,annual_estimates_observed_v1,2023,59,female,830,reported,
1.0,annual_population_estimates_by_age_sex_csv,1b7b14fa75cab035860dd865eedd72527a92dac1a9ca0fcf76bbb5a2b731e368,,2011/2024,derived,derived_from_2023_age_59_Male_and_Female,annual_estimates_sex_sum_v1,2023,59,all,1670,reported,
1.0,annual_population_estimates_by_age_sex_csv,1b7b14fa75cab035860dd865eedd72527a92dac1a9ca0fcf76bbb5a2b731e368,,2011/2024,observed,csv_row_2023_age_60_col_Male,annual_estimates_observed_v1,2023,60,male,790,reported,
1.0,annual_population_estimates_by_age_sex_csv,1b7b14fa75cab035860dd865eedd72527a92dac1a9ca0fcf76bbb5a2b731e368,,2011/2024,observed,csv_row_2023_age_60_col_Female,annual_estimates_observed_v1,2023,60,female,780,reported,
1.0,annual_population_estimates_by_age_sex_csv,1b7b14fa75cab035860dd865eedd72527a92dac1a9ca0fcf76bbb5a2b731e368,,2011/2024,derived,derived_from_2023_age_60_Male_and_Female,annual_estimates_sex_sum_v1,2023,60,all,1570,reported,
1.0,annual_population_estimates_by_age_sex_csv,1b7b14fa75cab035860dd865eedd72527a92dac1a9ca0fcf76bbb5a2b731e368,,2011/2024,observed,csv_row_2023_age_61_col_Male,annual_estimates_observed_v1,2023,61,male,760,reported,
1.0,annual_population_estimates_by_age_sex_csv,1b7b14fa75cab035860dd865eedd72527a92dac1a9ca0fcf76bbb5a2b731e368,,2011/2024,observed,csv_row_2023_age_61_col_Female,annual_estimates_observed_v1,2023,61,female,740,reported,
1.0,annual_population_estimates_by_age_sex_csv,1b7b14fa75cab035860dd865eedd72527a92dac1a9ca0fcf76bbb5a2b731e368,,2011/2024,derived,derived_from_2023_age_61_Male_and_Female,annual_estimates_sex_sum_v1,2023,61,all,1500,reported,
1.0,annual_population_estimates_by_age_sex_csv,1b7b14fa75cab035860dd865eedd72527a92dac1a9ca0fcf76bbb5a2b731e368,,2011/2024,observed,csv_row_2023_age_62_col_Male,annual_estimates_observed_v1,2023,62,male,700,reported,
1.0,annual_population_estimates_by_age_sex_csv,1b7b14fa75cab035860dd865eedd72527a92dac1a9ca0fcf76bbb5a2b731e368,,2011/2024,observed,csv_row_2023_age_62_col_Female,annual_estimates_observed_v1,2023,62,female,700,reported,
1.0,annual_population_estimates_by_age_sex_csv,1b7b14fa75cab035860dd865eedd72527a92dac1a9ca0fcf76bbb5a2b731e368,,2011/2024,derived,derived_from_2023_age_62_Male_and_Female,annual_estimates_sex_sum_v1,2023,62,all,1400,reported,
1.0,annual_population_estimates_by_age_sex_csv,1b7b14fa75cab035860dd865eedd72527a92dac1a9ca0fcf76bbb5a2b731e368,,2011/2024,observed,csv_row_2023_age_63_col_Male,annual_estimates_observed_v1,2023,63,male,690,reported,
1.0,annual_population_estimates_by_age_sex_csv,1b7b14fa75cab035860dd865eedd72527a92dac1a9ca0fcf76bbb5a2b731e368,,2011/2024,observed,csv_row_2023_age_63_col_Female,annual_estimates_observed_v1,2023,63,female,670,reported,
1.0,annual_population_estimates_by_age_sex_csv,1b7b14fa75cab035860dd865eedd72527a92dac1a9ca0fcf76bbb5a2b731e368,,2011/2024,derived,derived_from_2023_age_63_Male_and_Female,annual_estimates_sex_sum_v1,2023,63,all,1360,reported,
1.0,annual_population_estimates_by_age_sex_csv,1b7b14fa75cab035860dd865eedd72527a92dac1a9ca0fcf76bbb5a2b731e368,,2011/2024,observed,csv_row_2023_age_64_col_Male,annual_estimates_observed_v1,2023,64,male,620,reported,
1.0,annual_population_estimates_by_age_sex_csv,1b7b14fa75cab035860dd865eedd72527a92dac1a9ca0fcf76bbb5a2b731e368,,2011/2024,observed,csv_row_2023_age_64_col_Female,annual_estimates_observed_v1,2023,64,female,660,reported,
1.0,annual_population_estimates_by_age_sex_csv,1b7b14fa75cab035860dd865eedd72527a92dac1a9ca0fcf76bbb5a2b731e368,,2011/2024,derived,derived_from_2023_age_64_Male_and_Female,annual_estimates_sex_sum_v1,2023,64,all,1280,reported,
1.0,annual_population_estimates_by_age_sex_csv,1b7b14fa75cab035860dd865eedd72527a92dac1a9ca0fcf76bbb5a2b731e368,,2011/2024,observed,csv_row_2023_age_65_col_Male,annual_estimates_observed_v1,2023,65,male,660,reported,
1.0,annual_population_estimates_by_age_sex_csv,1b7b14fa75cab035860dd865eedd72527a92dac1a9ca0fcf76bbb5a2b731e368,,2011/2024,observed,csv_row_2023_age_65_col_Female,annual_estimates_observed_v1,2023,65,female,690,reported,
1.0,annual_population_estimates_by_age_sex_csv,1b7b14fa75cab035860dd865eedd72527a92dac1a9ca0fcf76bbb5a2b731e368,,2011/2024,derived,derived_from_2023_age_65_Male_and_Female,annual_estimates_sex_sum_v1,2023,65,all,1350,reported,
1.0,annual_population_estimates_by_age_sex_csv,1b7b14fa75cab035860dd865eedd72527a92dac1a9ca0fcf76bbb5a2b731e368,,2011/2024,observed,csv_row_2023_age_66_col_Male,annual_estimates_observed_v1,2023,66,male,590,reported,
1.0,annual_population_estimates_by_age_sex_csv,1b7b14fa75cab035860dd865eedd72527a92dac1a9ca0fcf76bbb5a2b731e368,,2011/2024,observed,csv_row_2023_age_66_col_Female,annual_estimates_observed_v1,2023,66,female,620,reported,
1.0,annual_population_estimates_by_age_sex_csv,1b7b14fa75cab035860dd865eedd72527a92dac1a9ca0fcf76bbb5a2b731e368,,2011/2024,derived,derived_from_2023_age_66_Male_and_Female,annual_estimates_sex_sum_v1,2023,66,all,1210,reported,
1.0,annual_population_estimates_by_age_sex_csv,1b7b14fa75cab035860dd865eedd72527a92dac1a9ca0fcf76bbb5a2b731e368,,2011/2024,observed,csv_row_2023_age_67_col_Male,annual_estimates_observed_v1,2023,67,male,560,reported,
1.0,annual_population_estimates_by_age_sex_csv,1b7b14fa75cab035860dd865eedd72527a92dac1a9ca0fcf76bbb5a2b731e368,,2011/2024,observed,csv_row_2023_age_67_col_Female,annual_estimates_observed_v1,2023,67,female,580,reported,
1.0,annual_population_estimates_by_age_sex_csv,1b7b14fa75cab035860dd865eedd72527a92dac1a9ca0fcf76bbb5a2b731e368,,2011/2024,derived,derived_from_2023_age_67_Male_and_Female,annual_estimates_sex_sum_v1,2023,67,all,1140,reported,
1.0,annual_population_estimates_by_age_sex_csv,1b7b14fa75cab035860dd865eedd72527a92dac1a9ca0fcf76bbb5a2b731e368,,2011/2024,observed,csv_row_2023_age_68_col_Male,annual_estimates_observed_v1,2023,68,male,490,reported,
1.0,annual_population_estimates_by_age_sex_csv,1b7b14fa75cab035860dd865eedd72527a92dac1a9ca0fcf76bbb5a2b731e368,,2011/2024,observed,csv_row_2023_age_68_col_Female,annual_estimates_observed_v1,2023,68,female,550,reported,
1.0,annual_population_estimates_by_age_sex_csv,1b7b14fa75cab035860dd865eedd72527a92dac1a9ca0fcf76bbb5a2b731e368,,2011/2024,derived,derived_from_2023_age_68_Male_and_Female,annual_estimates_sex_sum_v1,2023,68,all,1040,reported,
1.0,annual_population_estimates_by_age_sex_csv,1b7b14fa75cab035860dd865eedd72527a92dac1a9ca0fcf76bbb5a2b731e368,,2011/2024,observed,csv_row_2023_age_69_col_Male,annual_estimates_observed_v1,2023,69,male,510,reported,
1.0,annual_population_estimates_by_age_sex_csv,1b7b14fa75cab035860dd865eedd72527a92dac1a9ca0fcf76bbb5a2b731e368,,2011/2024,observed,csv_row_2023_age_69_col_Female,annual_estimates_observed_v1,2023,69,female,530,reported,
1.0,annual_population_estimates_by_age_sex_csv,1b7b14fa75cab035860dd865eedd72527a92dac1a9ca0fcf76bbb5a2b731e368,,2011/2024,derived,derived_from_2023_age_69_Male_and_Female,annual_estimates_sex_sum_v1,2023,69,all,1040,reported,
1.0,annual_population_estimates_by_age_sex_csv,1b7b14fa75cab035860dd865eedd72527a92dac1a9ca0fcf76bbb5a2b731e368,,2011/2024,observed,csv_row_2023_age_70_col_Male,annual_estimates_observed_v1,2023,70,male,490,reported,
1.0,annual_population_estimates_by_age_sex_csv,1b7b14fa75cab035860dd865eedd72527a92dac1a9ca0fcf76bbb5a2b731e368,,2011/2024,observed,csv_row_2023_age_70_col_Female,annual_estimates_observed_v1,2023,70,female,510,reported,
1.0,annual_population_estimates_by_age_sex_csv,1b7b14fa75cab035860dd865eedd72527a92dac1a9ca0fcf76bbb5a2b731e368,,2011/2024,derived,derived_from_2023_age_70_Male_and_Female,annual_estimates_sex_sum_v1,2023,70,all,1000,reported,
1.0,annual_population_estimates_by_age_sex_csv,1b7b14fa75cab035860dd865eedd72527a92dac1a9ca0fcf76bbb5a2b731e368,,2011/2024,observed,csv_row_2023_age_71_col_Male,annual_estimates_observed_v1,2023,71,male,430,reported,
1.0,annual_population_estimates_by_age_sex_csv,1b7b14fa75cab035860dd865eedd72527a92dac1a9ca0fcf76bbb5a2b731e368,,2011/2024,observed,csv_row_2023_age_71_col_Female,annual_estimates_observed_v1,2023,71,female,520,reported,
1.0,annual_population_estimates_by_age_sex_csv,1b7b14fa75cab035860dd865eedd72527a92dac1a9ca0fcf76bbb5a2b731e368,,2011/2024,derived,derived_from_2023_age_71_Male_and_Female,annual_estimates_sex_sum_v1,2023,71,all,950,reported,
1.0,annual_population_estimates_by_age_sex_csv,1b7b14fa75cab035860dd865eedd72527a92dac1a9ca0fcf76bbb5a2b731e368,,2011/2024,observed,csv_row_2023_age_72_col_Male,annual_estimates_observed_v1,2023,72,male,470,reported,
1.0,annual_population_estimates_by_age_sex_csv,1b7b14fa75cab035860dd865eedd72527a92dac1a9ca0fcf76bbb5a2b731e368,,2011/2024,observed,csv_row_2023_age_72_col_Female,annual_estimates_observed_v1,2023,72,female,510,reported,
1.0,annual_population_estimates_by_age_sex_csv,1b7b14fa75cab035860dd865eedd72527a92dac1a9ca0fcf76bbb5a2b731e368,,2011/2024,derived,derived_from_2023_age_72_Male_and_Female,annual_estimates_sex_sum_v1,2023,72,all,980,reported,
1.0,annual_population_estimates_by_age_sex_csv,1b7b14fa75cab035860dd865eedd72527a92dac1a9ca0fcf76bbb5a2b731e368,,2011/2024,observed,csv_row_2023_age_73_col_Male,annual_estimates_observed_v1,2023,73,male,450,reported,
1.0,annual_population_estimates_by_age_sex_csv,1b7b14fa75cab035860dd865eedd72527a92dac1a9ca0fcf76bbb5a2b731e368,,2011/2024,observed,csv_row_2023_age_73_col_Female,annual_estimates_observed_v1,2023,73,female,470,reported,
1.0,annual_population_estimates_by_age_sex_csv,1b7b14fa75cab035860dd865eedd72527a92dac1a9ca0fcf76bbb5a2b731e368,,2011/2024,derived,derived_from_2023_age_73_Male_and_Female,annual_estimates_sex_sum_v1,2023,73,all,920,reported,
1.0,annual_population_estimates_by_age_sex_csv,1b7b14fa75cab035860dd865eedd72527a92dac1a9ca0fcf76bbb5a2b731e368,,2011/2024,observed,csv_row_2023_age_74_col_Male,annual_estimates_observed_v1,2023,74,male,430,reported,
1.0,annual_population_estimates_by_age_sex_csv,1b7b14fa75cab035860dd865eedd72527a92dac1a9ca0fcf76bbb5a2b731e368,,2011/2024,observed,csv_row_2023_age_74_col_Female,annual_estimates_observed_v1,2023,74,female,480,reported,
1.0,annual_population_estimates_by_age_sex_csv,1b7b14fa75cab035860dd865eedd72527a92dac1a9ca0fcf76bbb5a2b731e368,,2011/2024,derived,derived_from_2023_age_74_Male_and_Female,annual_estimates_sex_sum_v1,2023,74,all,910,reported,
1.0,annual_population_estimates_by_age_sex_csv,1b7b14fa75cab035860dd865eedd72527a92dac1a9ca0fcf76bbb5a2b731e368,,2011/2024,observed,csv_row_2023_age_75_col_Male,annual_estimates_observed_v1,2023,75,male,440,reported,
1.0,annual_population_estimates_by_age_sex_csv,1b7b14fa75cab035860dd865eedd72527a92dac1a9ca0fcf76bbb5a2b731e368,,2011/2024,observed,csv_row_2023_age_75_col_Female,annual_estimates_observed_v1,2023,75,female,480,reported,
1.0,annual_population_estimates_by_age_sex_csv,1b7b14fa75cab035860dd865eedd72527a92dac1a9ca0fcf76bbb5a2b731e368,,2011/2024,derived,derived_from_2023_age_75_Male_and_Female,annual_estimates_sex_sum_v1,2023,75,all,920,reported,
1.0,annual_population_estimates_by_age_sex_csv,1b7b14fa75cab035860dd865eedd72527a92dac1a9ca0fcf76bbb5a2b731e368,,2011/2024,observed,csv_row_2023_age_76_col_Male,annual_estimates_observed_v1,2023,76,male,450,reported,
1.0,annual_population_estimates_by_age_sex_csv,1b7b14fa75cab035860dd865eedd72527a92dac1a9ca0fcf76bbb5a2b731e368,,2011/2024,observed,csv_row_2023_age_76_col_Female,annual_estimates_observed_v1,2023,76,female,490,reported,
1.0,annual_population_estimates_by_age_sex_csv,1b7b14fa75cab035860dd865eedd72527a92dac1a9ca0fcf76bbb5a2b731e368,,2011/2024,derived,derived_from_2023_age_76_Male_and_Female,annual_estimates_sex_sum_v1,2023,76,all,940,reported,
1.0,annual_population_estimates_by_age_sex_csv,1b7b14fa75cab035860dd865eedd72527a92dac1a9ca0fcf76bbb5a2b731e368,,2011/2024,observed,csv_row_2023_age_77_col_Male,annual_estimates_observed_v1,2023,77,male,400,reported,
1.0,annual_population_estimates_by_age_sex_csv,1b7b14fa75cab035860dd865eedd72527a92dac1a9ca0fcf76bbb5a2b731e368,,2011/2024,observed,csv_row_2023_age_77_col_Female,annual_estimates_observed_v1,2023,77,female,470,reported,
1.0,annual_population_estimates_by_age_sex_csv,1b7b14fa75cab035860dd865eedd72527a92dac1a9ca0fcf76bbb5a2b731e368,,2011/2024,derived,derived_from_2023_age_77_Male_and_Female,annual_estimates_sex_sum_v1,2023,77,all,870,reported,
1.0,annual_population_estimates_by_age_sex_csv,1b7b14fa75cab035860dd865eedd72527a92dac1a9ca0fcf76bbb5a2b731e368,,2011/2024,observed,csv_row_2023_age_78_col_Male,annual_estimates_observed_v1,2023,78,male,290,reported,
1.0,annual_population_estimates_by_age_sex_csv,1b7b14fa75cab035860dd865eedd72527a92dac1a9ca0fcf76bbb5a2b731e368,,2011/2024,observed,csv_row_2023_age_78_col_Female,annual_estimates_observed_v1,2023,78,female,350,reported,
1.0,annual_population_estimates_by_age_sex_csv,1b7b14fa75cab035860dd865eedd72527a92dac1a9ca0fcf76bbb5a2b731e368,,2011/2024,derived,derived_from_2023_age_78_Male_and_Female,annual_estimates_sex_sum_v1,2023,78,all,640,reported,
1.0,annual_population_estimates_by_age_sex_csv,1b7b14fa75cab035860dd865eedd72527a92dac1a9ca0fcf76bbb5a2b731e368,,2011/2024,observed,csv_row_2023_age_79_col_Male,annual_estimates_observed_v1,2023,79,male,330,reported,
1.0,annual_population_estimates_by_age_sex_csv,1b7b14fa75cab035860dd865eedd72527a92dac1a9ca0fcf76bbb5a2b731e368,,2011/2024,observed,csv_row_2023_age_79_col_Female,annual_estimates_observed_v1,2023,79,female,400,reported,
1.0,annual_population_estimates_by_age_sex_csv,1b7b14fa75cab035860dd865eedd72527a92dac1a9ca0fcf76bbb5a2b731e368,,2011/2024,derived,derived_from_2023_age_79_Male_and_Female,annual_estimates_sex_sum_v1,2023,79,all,730,reported,
1.0,annual_population_estimates_by_age_sex_csv,1b7b14fa75cab035860dd865eedd72527a92dac1a9ca0fcf76bbb5a2b731e368,,2011/2024,observed,csv_row_2023_age_80_col_Male,annual_estimates_observed_v1,2023,80,male,270,reported,
1.0,annual_population_estimates_by_age_sex_csv,1b7b14fa75cab035860dd865eedd72527a92dac1a9ca0fcf76bbb5a2b731e368,,2011/2024,observed,csv_row_2023_age_80_col_Female,annual_estimates_observed_v1,2023,80,female,340,reported,
1.0,annual_population_estimates_by_age_sex_csv,1b7b14fa75cab035860dd865eedd72527a92dac1a9ca0fcf76bbb5a2b731e368,,2011/2024,derived,derived_from_2023_age_80_Male_and_Female,annual_estimates_sex_sum_v1,2023,80,all,610,reported,
1.0,annual_population_estimates_by_age_sex_csv,1b7b14fa75cab035860dd865eedd72527a92dac1a9ca0fcf76bbb5a2b731e368,,2011/2024,observed,csv_row_2023_age_81_col_Male,annual_estimates_observed_v1,2023,81,male,230,reported,
1.0,annual_population_estimates_by_age_sex_csv,1b7b14fa75cab035860dd865eedd72527a92dac1a9ca0fcf76bbb5a2b731e368,,2011/2024,observed,csv_row_2023_age_81_col_Female,annual_estimates_observed_v1,2023,81,female,300,reported,
1.0,annual_population_estimates_by_age_sex_csv,1b7b14fa75cab035860dd865eedd72527a92dac1a9ca0fcf76bbb5a2b731e368,,2011/2024,derived,derived_from_2023_age_81_Male_and_Female,annual_estimates_sex_sum_v1,2023,81,all,530,reported,
1.0,annual_population_estimates_by_age_sex_csv,1b7b14fa75cab035860dd865eedd72527a92dac1a9ca0fcf76bbb5a2b731e368,,2011/2024,observed,csv_row_2023_age_82_col_Male,annual_estimates_observed_v1,2023,82,male,220,reported,
1.0,annual_population_estimates_by_age_sex_csv,1b7b14fa75cab035860dd865eedd72527a92dac1a9ca0fcf76bbb5a2b731e368,,2011/2024,observed,csv_row_2023_age_82_col_Female,annual_estimates_observed_v1,2023,82,female,280,reported,
1.0,annual_population_estimates_by_age_sex_csv,1b7b14fa75cab035860dd865eedd72527a92dac1a9ca0fcf76bbb5a2b731e368,,2011/2024,derived,derived_from_2023_age_82_Male_and_Female,annual_estimates_sex_sum_v1,2023,82,all,500,reported,
1.0,annual_population_estimates_by_age_sex_csv,1b7b14fa75cab035860dd865eedd72527a92dac1a9ca0fcf76bbb5a2b731e368,,2011/2024,observed,csv_row_2023_age_83_col_Male,annual_estimates_observed_v1,2023,83,male,240,reported,
1.0,annual_population_estimates_by_age_sex_csv,1b7b14fa75cab035860dd865eedd72527a92dac1a9ca0fcf76bbb5a2b731e368,,2011/2024,observed,csv_row_2023_age_83_col_Female,annual_estimates_observed_v1,2023,83,female,300,reported,
1.0,annual_population_estimates_by_age_sex_csv,1b7b14fa75cab035860dd865eedd72527a92dac1a9ca0fcf76bbb5a2b731e368,,2011/2024,derived,derived_from_2023_age_83_Male_and_Female,annual_estimates_sex_sum_v1,2023,83,all,540,reported,
1.0,annual_population_estimates_by_age_sex_csv,1b7b14fa75cab035860dd865eedd72527a92dac1a9ca0fcf76bbb5a2b731e368,,2011/2024,observed,csv_row_2023_age_84_col_Male,annual_estimates_observed_v1,2023,84,male,240,reported,
1.0,annual_population_estimates_by_age_sex_csv,1b7b14fa75cab035860dd865eedd72527a92dac1a9ca0fcf76bbb5a2b731e368,,2011/2024,observed,csv_row_2023_age_84_col_Female,annual_estimates_observed_v1,2023,84,female,270,reported,
1.0,annual_population_estimates_by_age_sex_csv,1b7b14fa75cab035860dd865eedd72527a92dac1a9ca0fcf76bbb5a2b731e368,,2011/2024,derived,derived_from_2023_age_84_Male_and_Female,annual_estimates_sex_sum_v1,2023,84,all,510,reported,
1.0,annual_population_estimates_by_age_sex_csv,1b7b14fa75cab035860dd865eedd72527a92dac1a9ca0fcf76bbb5a2b731e368,,2011/2024,observed,csv_row_2023_age_85_col_Male,annual_estimates_observed_v1,2023,85,male,190,reported,
1.0,annual_population_estimates_by_age_sex_csv,1b7b14fa75cab035860dd865eedd72527a92dac1a9ca0fcf76bbb5a2b731e368,,2011/2024,observed,csv_row_2023_age_85_col_Female,annual_estimates_observed_v1,2023,85,female,270,reported,
1.0,annual_population_estimates_by_age_sex_csv,1b7b14fa75cab035860dd865eedd72527a92dac1a9ca0fcf76bbb5a2b731e368,,2011/2024,derived,derived_from_2023_age_85_Male_and_Female,annual_estimates_sex_sum_v1,2023,85,all,460,reported,
1.0,annual_population_estimates_by_age_sex_csv,1b7b14fa75cab035860dd865eedd72527a92dac1a9ca0fcf76bbb5a2b731e368,,2011/2024,observed,csv_row_2023_age_86_col_Male,annual_estimates_observed_v1,2023,86,male,160,reported,
1.0,annual_population_estimates_by_age_sex_csv,1b7b14fa75cab035860dd865eedd72527a92dac1a9ca0fcf76bbb5a2b731e368,,2011/2024,observed,csv_row_2023_age_86_col_Female,annual_estimates_observed_v1,2023,86,female,250,reported,
1.0,annual_population_estimates_by_age_sex_csv,1b7b14fa75cab035860dd865eedd72527a92dac1a9ca0fcf76bbb5a2b731e368,,2011/2024,derived,derived_from_2023_age_86_Male_and_Female,annual_estimates_sex_sum_v1,2023,86,all,410,reported,
1.0,annual_population_estimates_by_age_sex_csv,1b7b14fa75cab035860dd865eedd72527a92dac1a9ca0fcf76bbb5a2b731e368,,2011/2024,observed,csv_row_2023_age_87_col_Male,annual_estimates_observed_v1,2023,87,male,160,reported,
1.0,annual_population_estimates_by_age_sex_csv,1b7b14fa75cab035860dd865eedd72527a92dac1a9ca0fcf76bbb5a2b731e368,,2011/2024,observed,csv_row_2023_age_87_col_Female,annual_estimates_observed_v1,2023,87,female,230,reported,
1.0,annual_population_estimates_by_age_sex_csv,1b7b14fa75cab035860dd865eedd72527a92dac1a9ca0fcf76bbb5a2b731e368,,2011/2024,derived,derived_from_2023_age_87_Male_and_Female,annual_estimates_sex_sum_v1,2023,87,all,390,reported,
1.0,annual_population_estimates_by_age_sex_csv,1b7b14fa75cab035860dd865eedd72527a92dac1a9ca0fcf76bbb5a2b731e368,,2011/2024,observed,csv_row_2023_age_88_col_Male,annual_estimates_observed_v1,2023,88,male,130,reported,
1.0,annual_population_estimates_by_age_sex_csv,1b7b14fa75cab035860dd865eedd72527a92dac1a9ca0fcf76bbb5a2b731e368,,2011/2024,observed,csv_row_2023_age_88_col_Female,annual_estimates_observed_v1,2023,88,female,180,reported,
1.0,annual_population_estimates_by_age_sex_csv,1b7b14fa75cab035860dd865eedd72527a92dac1a9ca0fcf76bbb5a2b731e368,,2011/2024,derived,derived_from_2023_age_88_Male_and_Female,annual_estimates_sex_sum_v1,2023,88,all,310,reported,
1.0,annual_population_estimates_by_age_sex_csv,1b7b14fa75cab035860dd865eedd72527a92dac1a9ca0fcf76bbb5a2b731e368,,2011/2024,observed,csv_row_2023_age_89_col_Male,annual_estimates_observed_v1,2023,89,male,110,reported,
1.0,annual_population_estimates_by_age_sex_csv,1b7b14fa75cab035860dd865eedd72527a92dac1a9ca0fcf76bbb5a2b731e368,,2011/2024,observed,csv_row_2023_age_89_col_Female,annual_estimates_observed_v1,2023,89,female,170,reported,
1.0,annual_population_estimates_by_age_sex_csv,1b7b14fa75cab035860dd865eedd72527a92dac1a9ca0fcf76bbb5a2b731e368,,2011/2024,derived,derived_from_2023_age_89_Male_and_Female,annual_estimates_sex_sum_v1,2023,89,all,280,reported,
1.0,annual_population_estimates_by_age_sex_csv,1b7b14fa75cab035860dd865eedd72527a92dac1a9ca0fcf76bbb5a2b731e368,,2011/2024,observed,csv_row_2023_age_90_col_Male,annual_estimates_observed_v1,2023,90,male,80,reported,
1.0,annual_population_estimates_by_age_sex_csv,1b7b14fa75cab035860dd865eedd72527a92dac1a9ca0fcf76bbb5a2b731e368,,2011/2024,observed,csv_row_2023_age_90_col_Female,annual_estimates_observed_v1,2023,90,female,160,reported,
1.0,annual_population_estimates_by_age_sex_csv,1b7b14fa75cab035860dd865eedd72527a92dac1a9ca0fcf76bbb5a2b731e368,,2011/2024,derived,derived_from_2023_age_90_Male_and_Female,annual_estimates_sex_sum_v1,2023,90,all,240,reported,
1.0,annual_population_estimates_by_age_sex_csv,1b7b14fa75cab035860dd865eedd72527a92dac1a9ca0fcf76bbb5a2b731e368,,2011/2024,observed,csv_row_2023_age_91_col_Male,annual_estimates_observed_v1,2023,91,male,60,reported,
1.0,annual_population_estimates_by_age_sex_csv,1b7b14fa75cab035860dd865eedd72527a92dac1a9ca0fcf76bbb5a2b731e368,,2011/2024,observed,csv_row_2023_age_91_col_Female,annual_estimates_observed_v1,2023,91,female,130,reported,
1.0,annual_population_estimates_by_age_sex_csv,1b7b14fa75cab035860dd865eedd72527a92dac1a9ca0fcf76bbb5a2b731e368,,2011/2024,derived,derived_from_2023_age_91_Male_and_Female,annual_estimates_sex_sum_v1,2023,91,all,190,reported,
1.0,annual_population_estimates_by_age_sex_csv,1b7b14fa75cab035860dd865eedd72527a92dac1a9ca0fcf76bbb5a2b731e368,,2011/2024,observed,csv_row_2023_age_92_col_Male,annual_estimates_observed_v1,2023,92,male,50,reported,
1.0,annual_population_estimates_by_age_sex_csv,1b7b14fa75cab035860dd865eedd72527a92dac1a9ca0fcf76bbb5a2b731e368,,2011/2024,observed,csv_row_2023_age_92_col_Female,annual_estimates_observed_v1,2023,92,female,100,reported,
1.0,annual_population_estimates_by_age_sex_csv,1b7b14fa75cab035860dd865eedd72527a92dac1a9ca0fcf76bbb5a2b731e368,,2011/2024,derived,derived_from_2023_age_92_Male_and_Female,annual_estimates_sex_sum_v1,2023,92,all,150,reported,
1.0,annual_population_estimates_by_age_sex_csv,1b7b14fa75cab035860dd865eedd72527a92dac1a9ca0fcf76bbb5a2b731e368,,2011/2024,observed,csv_row_2023_age_93_col_Male,annual_estimates_observed_v1,2023,93,male,40,reported,
1.0,annual_population_estimates_by_age_sex_csv,1b7b14fa75cab035860dd865eedd72527a92dac1a9ca0fcf76bbb5a2b731e368,,2011/2024,observed,csv_row_2023_age_93_col_Female,annual_estimates_observed_v1,2023,93,female,80,reported,
1.0,annual_population_estimates_by_age_sex_csv,1b7b14fa75cab035860dd865eedd72527a92dac1a9ca0fcf76bbb5a2b731e368,,2011/2024,derived,derived_from_2023_age_93_Male_and_Female,annual_estimates_sex_sum_v1,2023,93,all,120,reported,
1.0,annual_population_estimates_by_age_sex_csv,1b7b14fa75cab035860dd865eedd72527a92dac1a9ca0fcf76bbb5a2b731e368,,2011/2024,observed,csv_row_2023_age_94_col_Male,annual_estimates_observed_v1,2023,94,male,30,reported,
1.0,annual_population_estimates_by_age_sex_csv,1b7b14fa75cab035860dd865eedd72527a92dac1a9ca0fcf76bbb5a2b731e368,,2011/2024,observed,csv_row_2023_age_94_col_Female,annual_estimates_observed_v1,2023,94,female,80,reported,
1.0,annual_population_estimates_by_age_sex_csv,1b7b14fa75cab035860dd865eedd72527a92dac1a9ca0fcf76bbb5a2b731e368,,2011/2024,derived,derived_from_2023_age_94_Male_and_Female,annual_estimates_sex_sum_v1,2023,94,all,110,reported,
1.0,annual_population_estimates_by_age_sex_csv,1b7b14fa75cab035860dd865eedd72527a92dac1a9ca0fcf76bbb5a2b731e368,,2011/2024,observed,csv_row_2023_age_95_col_Male,annual_estimates_observed_v1,2023,95,male,20,reported,
1.0,annual_population_estimates_by_age_sex_csv,1b7b14fa75cab035860dd865eedd72527a92dac1a9ca0fcf76bbb5a2b731e368,,2011/2024,observed,csv_row_2023_age_95_col_Female,annual_estimates_observed_v1,2023,95,female,60,reported,
1.0,annual_population_estimates_by_age_sex_csv,1b7b14fa75cab035860dd865eedd72527a92dac1a9ca0fcf76bbb5a2b731e368,,2011/2024,derived,derived_from_2023_age_95_Male_and_Female,annual_estimates_sex_sum_v1,2023,95,all,80,reported,
1.0,annual_population_estimates_by_age_sex_csv,1b7b14fa75cab035860dd865eedd72527a92dac1a9ca0fcf76bbb5a2b731e368,,2011/2024,observed,csv_row_2023_age_96_col_Male,annual_estimates_observed_v1,2023,96,male,10,reported,
1.0,annual_population_estimates_by_age_sex_csv,1b7b14fa75cab035860dd865eedd72527a92dac1a9ca0fcf76bbb5a2b731e368,,2011/2024,observed,csv_row_2023_age_96_col_Female,annual_estimates_observed_v1,2023,96,female,30,reported,
1.0,annual_population_estimates_by_age_sex_csv,1b7b14fa75cab035860dd865eedd72527a92dac1a9ca0fcf76bbb5a2b731e368,,2011/2024,derived,derived_from_2023_age_96_Male_and_Female,annual_estimates_sex_sum_v1,2023,96,all,40,reported,
1.0,annual_population_estimates_by_age_sex_csv,1b7b14fa75cab035860dd865eedd72527a92dac1a9ca0fcf76bbb5a2b731e368,,2011/2024,observed,csv_row_2023_age_97_col_Male,annual_estimates_observed_v1,2023,97,male,10,reported,
1.0,annual_population_estimates_by_age_sex_csv,1b7b14fa75cab035860dd865eedd72527a92dac1a9ca0fcf76bbb5a2b731e368,,2011/2024,observed,csv_row_2023_age_97_col_Female,annual_estimates_observed_v1,2023,97,female,30,reported,
1.0,annual_population_estimates_by_age_sex_csv,1b7b14fa75cab035860dd865eedd72527a92dac1a9ca0fcf76bbb5a2b731e368,,2011/2024,derived,derived_from_2023_age_97_Male_and_Female,annual_estimates_sex_sum_v1,2023,97,all,40,reported,
1.0,annual_population_estimates_by_age_sex_csv,1b7b14fa75cab035860dd865eedd72527a92dac1a9ca0fcf76bbb5a2b731e368,,2011/2024,observed,csv_row_2023_age_98_col_Male,annual_estimates_observed_v1,2023,98,male,10,reported,
1.0,annual_population_estimates_by_age_sex_csv,1b7b14fa75cab035860dd865eedd72527a92dac1a9ca0fcf76bbb5a2b731e368,,2011/2024,observed,csv_row_2023_age_98_col_Female,annual_estimates_observed_v1,2023,98,female,30,reported,
1.0,annual_population_estimates_by_age_sex_csv,1b7b14fa75cab035860dd865eedd72527a92dac1a9ca0fcf76bbb5a2b731e368,,2011/2024,derived,derived_from_2023_age_98_Male_and_Female,annual_estimates_sex_sum_v1,2023,98,all,40,reported,
1.0,annual_population_estimates_by_age_sex_csv,1b7b14fa75cab035860dd865eedd72527a92dac1a9ca0fcf76bbb5a2b731e368,,2011/2024,observed,csv_row_2023_age_99_col_Male,annual_estimates_observed_v1,2023,99,male,0,reported,
1.0,annual_population_estimates_by_age_sex_csv,1b7b14fa75cab035860dd865eedd72527a92dac1a9ca0fcf76bbb5a2b731e368,,2011/2024,observed,csv_row_2023_age_99_col_Female,annual_estimates_observed_v1,2023,99,female,20,reported,
1.0,annual_population_estimates_by_age_sex_csv,1b7b14fa75cab035860dd865eedd72527a92dac1a9ca0fcf76bbb5a2b731e368,,2011/2024,derived,derived_from_2023_age_99_Male_and_Female,annual_estimates_sex_sum_v1,2023,99,all,20,reported,
1.0,annual_population_estimates_by_age_sex_csv,1b7b14fa75cab035860dd865eedd72527a92dac1a9ca0fcf76bbb5a2b731e368,,2011/2024,observed,csv_row_2023_age_100_col_Male,annual_estimates_observed_v1,2023,100,male,0,reported,
1.0,annual_population_estimates_by_age_sex_csv,1b7b14fa75cab035860dd865eedd72527a92dac1a9ca0fcf76bbb5a2b731e368,,2011/2024,observed,csv_row_2023_age_100_col_Female,annual_estimates_observed_v1,2023,100,female,10,reported,
1.0,annual_population_estimates_by_age_sex_csv,1b7b14fa75cab035860dd865eedd72527a92dac1a9ca0fcf76bbb5a2b731e368,,2011/2024,derived,derived_from_2023_age_100_Male_and_Female,annual_estimates_sex_sum_v1,2023,100,all,10,reported,
1.0,annual_population_estimates_by_age_sex_csv,1b7b14fa75cab035860dd865eedd72527a92dac1a9ca0fcf76bbb5a2b731e368,,2011/2024,observed,csv_row_2024_age_0_col_Male,annual_estimates_observed_v1,2024,0,male,400,reported,
1.0,annual_population_estimates_by_age_sex_csv,1b7b14fa75cab035860dd865eedd72527a92dac1a9ca0fcf76bbb5a2b731e368,,2011/2024,observed,csv_row_2024_age_0_col_Female,annual_estimates_observed_v1,2024,0,female,340,reported,
1.0,annual_population_estimates_by_age_sex_csv,1b7b14fa75cab035860dd865eedd72527a92dac1a9ca0fcf76bbb5a2b731e368,,2011/2024,derived,derived_from_2024_age_0_Male_and_Female,annual_estimates_sex_sum_v1,2024,0,all,740,reported,
1.0,annual_population_estimates_by_age_sex_csv,1b7b14fa75cab035860dd865eedd72527a92dac1a9ca0fcf76bbb5a2b731e368,,2011/2024,observed,csv_row_2024_age_1_col_Male,annual_estimates_observed_v1,2024,1,male,420,reported,
1.0,annual_population_estimates_by_age_sex_csv,1b7b14fa75cab035860dd865eedd72527a92dac1a9ca0fcf76bbb5a2b731e368,,2011/2024,observed,csv_row_2024_age_1_col_Female,annual_estimates_observed_v1,2024,1,female,380,reported,
1.0,annual_population_estimates_by_age_sex_csv,1b7b14fa75cab035860dd865eedd72527a92dac1a9ca0fcf76bbb5a2b731e368,,2011/2024,derived,derived_from_2024_age_1_Male_and_Female,annual_estimates_sex_sum_v1,2024,1,all,800,reported,
1.0,annual_population_estimates_by_age_sex_csv,1b7b14fa75cab035860dd865eedd72527a92dac1a9ca0fcf76bbb5a2b731e368,,2011/2024,observed,csv_row_2024_age_2_col_Male,annual_estimates_observed_v1,2024,2,male,470,reported,
1.0,annual_population_estimates_by_age_sex_csv,1b7b14fa75cab035860dd865eedd72527a92dac1a9ca0fcf76bbb5a2b731e368,,2011/2024,observed,csv_row_2024_age_2_col_Female,annual_estimates_observed_v1,2024,2,female,390,reported,
1.0,annual_population_estimates_by_age_sex_csv,1b7b14fa75cab035860dd865eedd72527a92dac1a9ca0fcf76bbb5a2b731e368,,2011/2024,derived,derived_from_2024_age_2_Male_and_Female,annual_estimates_sex_sum_v1,2024,2,all,860,reported,
1.0,annual_population_estimates_by_age_sex_csv,1b7b14fa75cab035860dd865eedd72527a92dac1a9ca0fcf76bbb5a2b731e368,,2011/2024,observed,csv_row_2024_age_3_col_Male,annual_estimates_observed_v1,2024,3,male,470,reported,
1.0,annual_population_estimates_by_age_sex_csv,1b7b14fa75cab035860dd865eedd72527a92dac1a9ca0fcf76bbb5a2b731e368,,2011/2024,observed,csv_row_2024_age_3_col_Female,annual_estimates_observed_v1,2024,3,female,430,reported,
1.0,annual_population_estimates_by_age_sex_csv,1b7b14fa75cab035860dd865eedd72527a92dac1a9ca0fcf76bbb5a2b731e368,,2011/2024,derived,derived_from_2024_age_3_Male_and_Female,annual_estimates_sex_sum_v1,2024,3,all,900,reported,
1.0,annual_population_estimates_by_age_sex_csv,1b7b14fa75cab035860dd865eedd72527a92dac1a9ca0fcf76bbb5a2b731e368,,2011/2024,observed,csv_row_2024_age_4_col_Male,annual_estimates_observed_v1,2024,4,male,450,reported,
1.0,annual_population_estimates_by_age_sex_csv,1b7b14fa75cab035860dd865eedd72527a92dac1a9ca0fcf76bbb5a2b731e368,,2011/2024,observed,csv_row_2024_age_4_col_Female,annual_estimates_observed_v1,2024,4,female,430,reported,
1.0,annual_population_estimates_by_age_sex_csv,1b7b14fa75cab035860dd865eedd72527a92dac1a9ca0fcf76bbb5a2b731e368,,2011/2024,derived,derived_from_2024_age_4_Male_and_Female,annual_estimates_sex_sum_v1,2024,4,all,880,reported,
1.0,annual_population_estimates_by_age_sex_csv,1b7b14fa75cab035860dd865eedd72527a92dac1a9ca0fcf76bbb5a2b731e368,,2011/2024,observed,csv_row_2024_age_5_col_Male,annual_estimates_observed_v1,2024,5,male,480,reported,
1.0,annual_population_estimates_by_age_sex_csv,1b7b14fa75cab035860dd865eedd72527a92dac1a9ca0fcf76bbb5a2b731e368,,2011/2024,observed,csv_row_2024_age_5_col_Female,annual_estimates_observed_v1,2024,5,female,380,reported,
1.0,annual_population_estimates_by_age_sex_csv,1b7b14fa75cab035860dd865eedd72527a92dac1a9ca0fcf76bbb5a2b731e368,,2011/2024,derived,derived_from_2024_age_5_Male_and_Female,annual_estimates_sex_sum_v1,2024,5,all,860,reported,
1.0,annual_population_estimates_by_age_sex_csv,1b7b14fa75cab035860dd865eedd72527a92dac1a9ca0fcf76bbb5a2b731e368,,2011/2024,observed,csv_row_2024_age_6_col_Male,annual_estimates_observed_v1,2024,6,male,470,reported,
1.0,annual_population_estimates_by_age_sex_csv,1b7b14fa75cab035860dd865eedd72527a92dac1a9ca0fcf76bbb5a2b731e368,,2011/2024,observed,csv_row_2024_age_6_col_Female,annual_estimates_observed_v1,2024,6,female,470,reported,
1.0,annual_population_estimates_by_age_sex_csv,1b7b14fa75cab035860dd865eedd72527a92dac1a9ca0fcf76bbb5a2b731e368,,2011/2024,derived,derived_from_2024_age_6_Male_and_Female,annual_estimates_sex_sum_v1,2024,6,all,940,reported,
1.0,annual_population_estimates_by_age_sex_csv,1b7b14fa75cab035860dd865eedd72527a92dac1a9ca0fcf76bbb5a2b731e368,,2011/2024,observed,csv_row_2024_age_7_col_Male,annual_estimates_observed_v1,2024,7,male,500,reported,
1.0,annual_population_estimates_by_age_sex_csv,1b7b14fa75cab035860dd865eedd72527a92dac1a9ca0fcf76bbb5a2b731e368,,2011/2024,observed,csv_row_2024_age_7_col_Female,annual_estimates_observed_v1,2024,7,female,460,reported,
1.0,annual_population_estimates_by_age_sex_csv,1b7b14fa75cab035860dd865eedd72527a92dac1a9ca0fcf76bbb5a2b731e368,,2011/2024,derived,derived_from_2024_age_7_Male_and_Female,annual_estimates_sex_sum_v1,2024,7,all,960,reported,
1.0,annual_population_estimates_by_age_sex_csv,1b7b14fa75cab035860dd865eedd72527a92dac1a9ca0fcf76bbb5a2b731e368,,2011/2024,observed,csv_row_2024_age_8_col_Male,annual_estimates_observed_v1,2024,8,male,520,reported,
1.0,annual_population_estimates_by_age_sex_csv,1b7b14fa75cab035860dd865eedd72527a92dac1a9ca0fcf76bbb5a2b731e368,,2011/2024,observed,csv_row_2024_age_8_col_Female,annual_estimates_observed_v1,2024,8,female,500,reported,
1.0,annual_population_estimates_by_age_sex_csv,1b7b14fa75cab035860dd865eedd72527a92dac1a9ca0fcf76bbb5a2b731e368,,2011/2024,derived,derived_from_2024_age_8_Male_and_Female,annual_estimates_sex_sum_v1,2024,8,all,1020,reported,
1.0,annual_population_estimates_by_age_sex_csv,1b7b14fa75cab035860dd865eedd72527a92dac1a9ca0fcf76bbb5a2b731e368,,2011/2024,observed,csv_row_2024_age_9_col_Male,annual_estimates_observed_v1,2024,9,male,530,reported,
1.0,annual_population_estimates_by_age_sex_csv,1b7b14fa75cab035860dd865eedd72527a92dac1a9ca0fcf76bbb5a2b731e368,,2011/2024,observed,csv_row_2024_age_9_col_Female,annual_estimates_observed_v1,2024,9,female,520,reported,
1.0,annual_population_estimates_by_age_sex_csv,1b7b14fa75cab035860dd865eedd72527a92dac1a9ca0fcf76bbb5a2b731e368,,2011/2024,derived,derived_from_2024_age_9_Male_and_Female,annual_estimates_sex_sum_v1,2024,9,all,1050,reported,
1.0,annual_population_estimates_by_age_sex_csv,1b7b14fa75cab035860dd865eedd72527a92dac1a9ca0fcf76bbb5a2b731e368,,2011/2024,observed,csv_row_2024_age_10_col_Male,annual_estimates_observed_v1,2024,10,male,500,reported,
1.0,annual_population_estimates_by_age_sex_csv,1b7b14fa75cab035860dd865eedd72527a92dac1a9ca0fcf76bbb5a2b731e368,,2011/2024,observed,csv_row_2024_age_10_col_Female,annual_estimates_observed_v1,2024,10,female,500,reported,
1.0,annual_population_estimates_by_age_sex_csv,1b7b14fa75cab035860dd865eedd72527a92dac1a9ca0fcf76bbb5a2b731e368,,2011/2024,derived,derived_from_2024_age_10_Male_and_Female,annual_estimates_sex_sum_v1,2024,10,all,1000,reported,
1.0,annual_population_estimates_by_age_sex_csv,1b7b14fa75cab035860dd865eedd72527a92dac1a9ca0fcf76bbb5a2b731e368,,2011/2024,observed,csv_row_2024_age_11_col_Male,annual_estimates_observed_v1,2024,11,male,550,reported,
1.0,annual_population_estimates_by_age_sex_csv,1b7b14fa75cab035860dd865eedd72527a92dac1a9ca0fcf76bbb5a2b731e368,,2011/2024,observed,csv_row_2024_age_11_col_Female,annual_estimates_observed_v1,2024,11,female,530,reported,
1.0,annual_population_estimates_by_age_sex_csv,1b7b14fa75cab035860dd865eedd72527a92dac1a9ca0fcf76bbb5a2b731e368,,2011/2024,derived,derived_from_2024_age_11_Male_and_Female,annual_estimates_sex_sum_v1,2024,11,all,1080,reported,
1.0,annual_population_estimates_by_age_sex_csv,1b7b14fa75cab035860dd865eedd72527a92dac1a9ca0fcf76bbb5a2b731e368,,2011/2024,observed,csv_row_2024_age_12_col_Male,annual_estimates_observed_v1,2024,12,male,560,reported,
1.0,annual_population_estimates_by_age_sex_csv,1b7b14fa75cab035860dd865eedd72527a92dac1a9ca0fcf76bbb5a2b731e368,,2011/2024,observed,csv_row_2024_age_12_col_Female,annual_estimates_observed_v1,2024,12,female,570,reported,
1.0,annual_population_estimates_by_age_sex_csv,1b7b14fa75cab035860dd865eedd72527a92dac1a9ca0fcf76bbb5a2b731e368,,2011/2024,derived,derived_from_2024_age_12_Male_and_Female,annual_estimates_sex_sum_v1,2024,12,all,1130,reported,
1.0,annual_population_estimates_by_age_sex_csv,1b7b14fa75cab035860dd865eedd72527a92dac1a9ca0fcf76bbb5a2b731e368,,2011/2024,observed,csv_row_2024_age_13_col_Male,annual_estimates_observed_v1,2024,13,male,540,reported,
1.0,annual_population_estimates_by_age_sex_csv,1b7b14fa75cab035860dd865eedd72527a92dac1a9ca0fcf76bbb5a2b731e368,,2011/2024,observed,csv_row_2024_age_13_col_Female,annual_estimates_observed_v1,2024,13,female,550,reported,
1.0,annual_population_estimates_by_age_sex_csv,1b7b14fa75cab035860dd865eedd72527a92dac1a9ca0fcf76bbb5a2b731e368,,2011/2024,derived,derived_from_2024_age_13_Male_and_Female,annual_estimates_sex_sum_v1,2024,13,all,1090,reported,
1.0,annual_population_estimates_by_age_sex_csv,1b7b14fa75cab035860dd865eedd72527a92dac1a9ca0fcf76bbb5a2b731e368,,2011/2024,observed,csv_row_2024_age_14_col_Male,annual_estimates_observed_v1,2024,14,male,530,reported,
1.0,annual_population_estimates_by_age_sex_csv,1b7b14fa75cab035860dd865eedd72527a92dac1a9ca0fcf76bbb5a2b731e368,,2011/2024,observed,csv_row_2024_age_14_col_Female,annual_estimates_observed_v1,2024,14,female,540,reported,
1.0,annual_population_estimates_by_age_sex_csv,1b7b14fa75cab035860dd865eedd72527a92dac1a9ca0fcf76bbb5a2b731e368,,2011/2024,derived,derived_from_2024_age_14_Male_and_Female,annual_estimates_sex_sum_v1,2024,14,all,1070,reported,
1.0,annual_population_estimates_by_age_sex_csv,1b7b14fa75cab035860dd865eedd72527a92dac1a9ca0fcf76bbb5a2b731e368,,2011/2024,observed,csv_row_2024_age_15_col_Male,annual_estimates_observed_v1,2024,15,male,520,reported,
1.0,annual_population_estimates_by_age_sex_csv,1b7b14fa75cab035860dd865eedd72527a92dac1a9ca0fcf76bbb5a2b731e368,,2011/2024,observed,csv_row_2024_age_15_col_Female,annual_estimates_observed_v1,2024,15,female,500,reported,
1.0,annual_population_estimates_by_age_sex_csv,1b7b14fa75cab035860dd865eedd72527a92dac1a9ca0fcf76bbb5a2b731e368,,2011/2024,derived,derived_from_2024_age_15_Male_and_Female,annual_estimates_sex_sum_v1,2024,15,all,1020,reported,
1.0,annual_population_estimates_by_age_sex_csv,1b7b14fa75cab035860dd865eedd72527a92dac1a9ca0fcf76bbb5a2b731e368,,2011/2024,observed,csv_row_2024_age_16_col_Male,annual_estimates_observed_v1,2024,16,male,520,reported,
1.0,annual_population_estimates_by_age_sex_csv,1b7b14fa75cab035860dd865eedd72527a92dac1a9ca0fcf76bbb5a2b731e368,,2011/2024,observed,csv_row_2024_age_16_col_Female,annual_estimates_observed_v1,2024,16,female,560,reported,
1.0,annual_population_estimates_by_age_sex_csv,1b7b14fa75cab035860dd865eedd72527a92dac1a9ca0fcf76bbb5a2b731e368,,2011/2024,derived,derived_from_2024_age_16_Male_and_Female,annual_estimates_sex_sum_v1,2024,16,all,1080,reported,
1.0,annual_population_estimates_by_age_sex_csv,1b7b14fa75cab035860dd865eedd72527a92dac1a9ca0fcf76bbb5a2b731e368,,2011/2024,observed,csv_row_2024_age_17_col_Male,annual_estimates_observed_v1,2024,17,male,510,reported,
1.0,annual_population_estimates_by_age_sex_csv,1b7b14fa75cab035860dd865eedd72527a92dac1a9ca0fcf76bbb5a2b731e368,,2011/2024,observed,csv_row_2024_age_17_col_Female,annual_estimates_observed_v1,2024,17,female,530,reported,
1.0,annual_population_estimates_by_age_sex_csv,1b7b14fa75cab035860dd865eedd72527a92dac1a9ca0fcf76bbb5a2b731e368,,2011/2024,derived,derived_from_2024_age_17_Male_and_Female,annual_estimates_sex_sum_v1,2024,17,all,1040,reported,
1.0,annual_population_estimates_by_age_sex_csv,1b7b14fa75cab035860dd865eedd72527a92dac1a9ca0fcf76bbb5a2b731e368,,2011/2024,observed,csv_row_2024_age_18_col_Male,annual_estimates_observed_v1,2024,18,male,510,reported,
1.0,annual_population_estimates_by_age_sex_csv,1b7b14fa75cab035860dd865eedd72527a92dac1a9ca0fcf76bbb5a2b731e368,,2011/2024,observed,csv_row_2024_age_18_col_Female,annual_estimates_observed_v1,2024,18,female,530,reported,
1.0,annual_population_estimates_by_age_sex_csv,1b7b14fa75cab035860dd865eedd72527a92dac1a9ca0fcf76bbb5a2b731e368,,2011/2024,derived,derived_from_2024_age_18_Male_and_Female,annual_estimates_sex_sum_v1,2024,18,all,1040,reported,
1.0,annual_population_estimates_by_age_sex_csv,1b7b14fa75cab035860dd865eedd72527a92dac1a9ca0fcf76bbb5a2b731e368,,2011/2024,observed,csv_row_2024_age_19_col_Male,annual_estimates_observed_v1,2024,19,male,520,reported,
1.0,annual_population_estimates_by_age_sex_csv,1b7b14fa75cab035860dd865eedd72527a92dac1a9ca0fcf76bbb5a2b731e368,,2011/2024,observed,csv_row_2024_age_19_col_Female,annual_estimates_observed_v1,2024,19,female,520,reported,
1.0,annual_population_estimates_by_age_sex_csv,1b7b14fa75cab035860dd865eedd72527a92dac1a9ca0fcf76bbb5a2b731e368,,2011/2024,derived,derived_from_2024_age_19_Male_and_Female,annual_estimates_sex_sum_v1,2024,19,all,1040,reported,
1.0,annual_population_estimates_by_age_sex_csv,1b7b14fa75cab035860dd865eedd72527a92dac1a9ca0fcf76bbb5a2b731e368,,2011/2024,observed,csv_row_2024_age_20_col_Male,annual_estimates_observed_v1,2024,20,male,560,reported,
1.0,annual_population_estimates_by_age_sex_csv,1b7b14fa75cab035860dd865eedd72527a92dac1a9ca0fcf76bbb5a2b731e368,,2011/2024,observed,csv_row_2024_age_20_col_Female,annual_estimates_observed_v1,2024,20,female,530,reported,
1.0,annual_population_estimates_by_age_sex_csv,1b7b14fa75cab035860dd865eedd72527a92dac1a9ca0fcf76bbb5a2b731e368,,2011/2024,derived,derived_from_2024_age_20_Male_and_Female,annual_estimates_sex_sum_v1,2024,20,all,1090,reported,
1.0,annual_population_estimates_by_age_sex_csv,1b7b14fa75cab035860dd865eedd72527a92dac1a9ca0fcf76bbb5a2b731e368,,2011/2024,observed,csv_row_2024_age_21_col_Male,annual_estimates_observed_v1,2024,21,male,560,reported,
1.0,annual_population_estimates_by_age_sex_csv,1b7b14fa75cab035860dd865eedd72527a92dac1a9ca0fcf76bbb5a2b731e368,,2011/2024,observed,csv_row_2024_age_21_col_Female,annual_estimates_observed_v1,2024,21,female,500,reported,
1.0,annual_population_estimates_by_age_sex_csv,1b7b14fa75cab035860dd865eedd72527a92dac1a9ca0fcf76bbb5a2b731e368,,2011/2024,derived,derived_from_2024_age_21_Male_and_Female,annual_estimates_sex_sum_v1,2024,21,all,1060,reported,
1.0,annual_population_estimates_by_age_sex_csv,1b7b14fa75cab035860dd865eedd72527a92dac1a9ca0fcf76bbb5a2b731e368,,2011/2024,observed,csv_row_2024_age_22_col_Male,annual_estimates_observed_v1,2024,22,male,490,reported,
1.0,annual_population_estimates_by_age_sex_csv,1b7b14fa75cab035860dd865eedd72527a92dac1a9ca0fcf76bbb5a2b731e368,,2011/2024,observed,csv_row_2024_age_22_col_Female,annual_estimates_observed_v1,2024,22,female,480,reported,
1.0,annual_population_estimates_by_age_sex_csv,1b7b14fa75cab035860dd865eedd72527a92dac1a9ca0fcf76bbb5a2b731e368,,2011/2024,derived,derived_from_2024_age_22_Male_and_Female,annual_estimates_sex_sum_v1,2024,22,all,970,reported,
1.0,annual_population_estimates_by_age_sex_csv,1b7b14fa75cab035860dd865eedd72527a92dac1a9ca0fcf76bbb5a2b731e368,,2011/2024,observed,csv_row_2024_age_23_col_Male,annual_estimates_observed_v1,2024,23,male,530,reported,
1.0,annual_population_estimates_by_age_sex_csv,1b7b14fa75cab035860dd865eedd72527a92dac1a9ca0fcf76bbb5a2b731e368,,2011/2024,observed,csv_row_2024_age_23_col_Female,annual_estimates_observed_v1,2024,23,female,460,reported,
1.0,annual_population_estimates_by_age_sex_csv,1b7b14fa75cab035860dd865eedd72527a92dac1a9ca0fcf76bbb5a2b731e368,,2011/2024,derived,derived_from_2024_age_23_Male_and_Female,annual_estimates_sex_sum_v1,2024,23,all,990,reported,
1.0,annual_population_estimates_by_age_sex_csv,1b7b14fa75cab035860dd865eedd72527a92dac1a9ca0fcf76bbb5a2b731e368,,2011/2024,observed,csv_row_2024_age_24_col_Male,annual_estimates_observed_v1,2024,24,male,470,reported,
1.0,annual_population_estimates_by_age_sex_csv,1b7b14fa75cab035860dd865eedd72527a92dac1a9ca0fcf76bbb5a2b731e368,,2011/2024,observed,csv_row_2024_age_24_col_Female,annual_estimates_observed_v1,2024,24,female,470,reported,
1.0,annual_population_estimates_by_age_sex_csv,1b7b14fa75cab035860dd865eedd72527a92dac1a9ca0fcf76bbb5a2b731e368,,2011/2024,derived,derived_from_2024_age_24_Male_and_Female,annual_estimates_sex_sum_v1,2024,24,all,940,reported,
1.0,annual_population_estimates_by_age_sex_csv,1b7b14fa75cab035860dd865eedd72527a92dac1a9ca0fcf76bbb5a2b731e368,,2011/2024,observed,csv_row_2024_age_25_col_Male,annual_estimates_observed_v1,2024,25,male,560,reported,
1.0,annual_population_estimates_by_age_sex_csv,1b7b14fa75cab035860dd865eedd72527a92dac1a9ca0fcf76bbb5a2b731e368,,2011/2024,observed,csv_row_2024_age_25_col_Female,annual_estimates_observed_v1,2024,25,female,500,reported,
1.0,annual_population_estimates_by_age_sex_csv,1b7b14fa75cab035860dd865eedd72527a92dac1a9ca0fcf76bbb5a2b731e368,,2011/2024,derived,derived_from_2024_age_25_Male_and_Female,annual_estimates_sex_sum_v1,2024,25,all,1060,reported,
1.0,annual_population_estimates_by_age_sex_csv,1b7b14fa75cab035860dd865eedd72527a92dac1a9ca0fcf76bbb5a2b731e368,,2011/2024,observed,csv_row_2024_age_26_col_Male,annual_estimates_observed_v1,2024,26,male,550,reported,
1.0,annual_population_estimates_by_age_sex_csv,1b7b14fa75cab035860dd865eedd72527a92dac1a9ca0fcf76bbb5a2b731e368,,2011/2024,observed,csv_row_2024_age_26_col_Female,annual_estimates_observed_v1,2024,26,female,530,reported,
1.0,annual_population_estimates_by_age_sex_csv,1b7b14fa75cab035860dd865eedd72527a92dac1a9ca0fcf76bbb5a2b731e368,,2011/2024,derived,derived_from_2024_age_26_Male_and_Female,annual_estimates_sex_sum_v1,2024,26,all,1080,reported,
1.0,annual_population_estimates_by_age_sex_csv,1b7b14fa75cab035860dd865eedd72527a92dac1a9ca0fcf76bbb5a2b731e368,,2011/2024,observed,csv_row_2024_age_27_col_Male,annual_estimates_observed_v1,2024,27,male,630,reported,
1.0,annual_population_estimates_by_age_sex_csv,1b7b14fa75cab035860dd865eedd72527a92dac1a9ca0fcf76bbb5a2b731e368,,2011/2024,observed,csv_row_2024_age_27_col_Female,annual_estimates_observed_v1,2024,27,female,550,reported,
1.0,annual_population_estimates_by_age_sex_csv,1b7b14fa75cab035860dd865eedd72527a92dac1a9ca0fcf76bbb5a2b731e368,,2011/2024,derived,derived_from_2024_age_27_Male_and_Female,annual_estimates_sex_sum_v1,2024,27,all,1180,reported,
1.0,annual_population_estimates_by_age_sex_csv,1b7b14fa75cab035860dd865eedd72527a92dac1a9ca0fcf76bbb5a2b731e368,,2011/2024,observed,csv_row_2024_age_28_col_Male,annual_estimates_observed_v1,2024,28,male,630,reported,
1.0,annual_population_estimates_by_age_sex_csv,1b7b14fa75cab035860dd865eedd72527a92dac1a9ca0fcf76bbb5a2b731e368,,2011/2024,observed,csv_row_2024_age_28_col_Female,annual_estimates_observed_v1,2024,28,female,610,reported,
1.0,annual_population_estimates_by_age_sex_csv,1b7b14fa75cab035860dd865eedd72527a92dac1a9ca0fcf76bbb5a2b731e368,,2011/2024,derived,derived_from_2024_age_28_Male_and_Female,annual_estimates_sex_sum_v1,2024,28,all,1240,reported,
1.0,annual_population_estimates_by_age_sex_csv,1b7b14fa75cab035860dd865eedd72527a92dac1a9ca0fcf76bbb5a2b731e368,,2011/2024,observed,csv_row_2024_age_29_col_Male,annual_estimates_observed_v1,2024,29,male,650,reported,
1.0,annual_population_estimates_by_age_sex_csv,1b7b14fa75cab035860dd865eedd72527a92dac1a9ca0fcf76bbb5a2b731e368,,2011/2024,observed,csv_row_2024_age_29_col_Female,annual_estimates_observed_v1,2024,29,female,580,reported,
1.0,annual_population_estimates_by_age_sex_csv,1b7b14fa75cab035860dd865eedd72527a92dac1a9ca0fcf76bbb5a2b731e368,,2011/2024,derived,derived_from_2024_age_29_Male_and_Female,annual_estimates_sex_sum_v1,2024,29,all,1230,reported,
1.0,annual_population_estimates_by_age_sex_csv,1b7b14fa75cab035860dd865eedd72527a92dac1a9ca0fcf76bbb5a2b731e368,,2011/2024,observed,csv_row_2024_age_30_col_Male,annual_estimates_observed_v1,2024,30,male,690,reported,
1.0,annual_population_estimates_by_age_sex_csv,1b7b14fa75cab035860dd865eedd72527a92dac1a9ca0fcf76bbb5a2b731e368,,2011/2024,observed,csv_row_2024_age_30_col_Female,annual_estimates_observed_v1,2024,30,female,670,reported,
1.0,annual_population_estimates_by_age_sex_csv,1b7b14fa75cab035860dd865eedd72527a92dac1a9ca0fcf76bbb5a2b731e368,,2011/2024,derived,derived_from_2024_age_30_Male_and_Female,annual_estimates_sex_sum_v1,2024,30,all,1360,reported,
1.0,annual_population_estimates_by_age_sex_csv,1b7b14fa75cab035860dd865eedd72527a92dac1a9ca0fcf76bbb5a2b731e368,,2011/2024,observed,csv_row_2024_age_31_col_Male,annual_estimates_observed_v1,2024,31,male,690,reported,
1.0,annual_population_estimates_by_age_sex_csv,1b7b14fa75cab035860dd865eedd72527a92dac1a9ca0fcf76bbb5a2b731e368,,2011/2024,observed,csv_row_2024_age_31_col_Female,annual_estimates_observed_v1,2024,31,female,640,reported,
1.0,annual_population_estimates_by_age_sex_csv,1b7b14fa75cab035860dd865eedd72527a92dac1a9ca0fcf76bbb5a2b731e368,,2011/2024,derived,derived_from_2024_age_31_Male_and_Female,annual_estimates_sex_sum_v1,2024,31,all,1330,reported,
1.0,annual_population_estimates_by_age_sex_csv,1b7b14fa75cab035860dd865eedd72527a92dac1a9ca0fcf76bbb5a2b731e368,,2011/2024,observed,csv_row_2024_age_32_col_Male,annual_estimates_observed_v1,2024,32,male,740,reported,
1.0,annual_population_estimates_by_age_sex_csv,1b7b14fa75cab035860dd865eedd72527a92dac1a9ca0fcf76bbb5a2b731e368,,2011/2024,observed,csv_row_2024_age_32_col_Female,annual_estimates_observed_v1,2024,32,female,670,reported,
1.0,annual_population_estimates_by_age_sex_csv,1b7b14fa75cab035860dd865eedd72527a92dac1a9ca0fcf76bbb5a2b731e368,,2011/2024,derived,derived_from_2024_age_32_Male_and_Female,annual_estimates_sex_sum_v1,2024,32,all,1410,reported,
1.0,annual_population_estimates_by_age_sex_csv,1b7b14fa75cab035860dd865eedd72527a92dac1a9ca0fcf76bbb5a2b731e368,,2011/2024,observed,csv_row_2024_age_33_col_Male,annual_estimates_observed_v1,2024,33,male,680,reported,
1.0,annual_population_estimates_by_age_sex_csv,1b7b14fa75cab035860dd865eedd72527a92dac1a9ca0fcf76bbb5a2b731e368,,2011/2024,observed,csv_row_2024_age_33_col_Female,annual_estimates_observed_v1,2024,33,female,690,reported,
1.0,annual_population_estimates_by_age_sex_csv,1b7b14fa75cab035860dd865eedd72527a92dac1a9ca0fcf76bbb5a2b731e368,,2011/2024,derived,derived_from_2024_age_33_Male_and_Female,annual_estimates_sex_sum_v1,2024,33,all,1370,reported,
1.0,annual_population_estimates_by_age_sex_csv,1b7b14fa75cab035860dd865eedd72527a92dac1a9ca0fcf76bbb5a2b731e368,,2011/2024,observed,csv_row_2024_age_34_col_Male,annual_estimates_observed_v1,2024,34,male,770,reported,
1.0,annual_population_estimates_by_age_sex_csv,1b7b14fa75cab035860dd865eedd72527a92dac1a9ca0fcf76bbb5a2b731e368,,2011/2024,observed,csv_row_2024_age_34_col_Female,annual_estimates_observed_v1,2024,34,female,710,reported,
1.0,annual_population_estimates_by_age_sex_csv,1b7b14fa75cab035860dd865eedd72527a92dac1a9ca0fcf76bbb5a2b731e368,,2011/2024,derived,derived_from_2024_age_34_Male_and_Female,annual_estimates_sex_sum_v1,2024,34,all,1480,reported,
1.0,annual_population_estimates_by_age_sex_csv,1b7b14fa75cab035860dd865eedd72527a92dac1a9ca0fcf76bbb5a2b731e368,,2011/2024,observed,csv_row_2024_age_35_col_Male,annual_estimates_observed_v1,2024,35,male,710,reported,
1.0,annual_population_estimates_by_age_sex_csv,1b7b14fa75cab035860dd865eedd72527a92dac1a9ca0fcf76bbb5a2b731e368,,2011/2024,observed,csv_row_2024_age_35_col_Female,annual_estimates_observed_v1,2024,35,female,710,reported,
1.0,annual_population_estimates_by_age_sex_csv,1b7b14fa75cab035860dd865eedd72527a92dac1a9ca0fcf76bbb5a2b731e368,,2011/2024,derived,derived_from_2024_age_35_Male_and_Female,annual_estimates_sex_sum_v1,2024,35,all,1420,reported,
1.0,annual_population_estimates_by_age_sex_csv,1b7b14fa75cab035860dd865eedd72527a92dac1a9ca0fcf76bbb5a2b731e368,,2011/2024,observed,csv_row_2024_age_36_col_Male,annual_estimates_observed_v1,2024,36,male,740,reported,
1.0,annual_population_estimates_by_age_sex_csv,1b7b14fa75cab035860dd865eedd72527a92dac1a9ca0fcf76bbb5a2b731e368,,2011/2024,observed,csv_row_2024_age_36_col_Female,annual_estimates_observed_v1,2024,36,female,760,reported,
1.0,annual_population_estimates_by_age_sex_csv,1b7b14fa75cab035860dd865eedd72527a92dac1a9ca0fcf76bbb5a2b731e368,,2011/2024,derived,derived_from_2024_age_36_Male_and_Female,annual_estimates_sex_sum_v1,2024,36,all,1500,reported,
1.0,annual_population_estimates_by_age_sex_csv,1b7b14fa75cab035860dd865eedd72527a92dac1a9ca0fcf76bbb5a2b731e368,,2011/2024,observed,csv_row_2024_age_37_col_Male,annual_estimates_observed_v1,2024,37,male,810,reported,
1.0,annual_population_estimates_by_age_sex_csv,1b7b14fa75cab035860dd865eedd72527a92dac1a9ca0fcf76bbb5a2b731e368,,2011/2024,observed,csv_row_2024_age_37_col_Female,annual_estimates_observed_v1,2024,37,female,690,reported,
1.0,annual_population_estimates_by_age_sex_csv,1b7b14fa75cab035860dd865eedd72527a92dac1a9ca0fcf76bbb5a2b731e368,,2011/2024,derived,derived_from_2024_age_37_Male_and_Female,annual_estimates_sex_sum_v1,2024,37,all,1500,reported,
1.0,annual_population_estimates_by_age_sex_csv,1b7b14fa75cab035860dd865eedd72527a92dac1a9ca0fcf76bbb5a2b731e368,,2011/2024,observed,csv_row_2024_age_38_col_Male,annual_estimates_observed_v1,2024,38,male,750,reported,
1.0,annual_population_estimates_by_age_sex_csv,1b7b14fa75cab035860dd865eedd72527a92dac1a9ca0fcf76bbb5a2b731e368,,2011/2024,observed,csv_row_2024_age_38_col_Female,annual_estimates_observed_v1,2024,38,female,720,reported,
1.0,annual_population_estimates_by_age_sex_csv,1b7b14fa75cab035860dd865eedd72527a92dac1a9ca0fcf76bbb5a2b731e368,,2011/2024,derived,derived_from_2024_age_38_Male_and_Female,annual_estimates_sex_sum_v1,2024,38,all,1470,reported,
1.0,annual_population_estimates_by_age_sex_csv,1b7b14fa75cab035860dd865eedd72527a92dac1a9ca0fcf76bbb5a2b731e368,,2011/2024,observed,csv_row_2024_age_39_col_Male,annual_estimates_observed_v1,2024,39,male,780,reported,
1.0,annual_population_estimates_by_age_sex_csv,1b7b14fa75cab035860dd865eedd72527a92dac1a9ca0fcf76bbb5a2b731e368,,2011/2024,observed,csv_row_2024_age_39_col_Female,annual_estimates_observed_v1,2024,39,female,700,reported,
1.0,annual_population_estimates_by_age_sex_csv,1b7b14fa75cab035860dd865eedd72527a92dac1a9ca0fcf76bbb5a2b731e368,,2011/2024,derived,derived_from_2024_age_39_Male_and_Female,annual_estimates_sex_sum_v1,2024,39,all,1480,reported,
1.0,annual_population_estimates_by_age_sex_csv,1b7b14fa75cab035860dd865eedd72527a92dac1a9ca0fcf76bbb5a2b731e368,,2011/2024,observed,csv_row_2024_age_40_col_Male,annual_estimates_observed_v1,2024,40,male,800,reported,
1.0,annual_population_estimates_by_age_sex_csv,1b7b14fa75cab035860dd865eedd72527a92dac1a9ca0fcf76bbb5a2b731e368,,2011/2024,observed,csv_row_2024_age_40_col_Female,annual_estimates_observed_v1,2024,40,female,780,reported,
1.0,annual_population_estimates_by_age_sex_csv,1b7b14fa75cab035860dd865eedd72527a92dac1a9ca0fcf76bbb5a2b731e368,,2011/2024,derived,derived_from_2024_age_40_Male_and_Female,annual_estimates_sex_sum_v1,2024,40,all,1580,reported,
1.0,annual_population_estimates_by_age_sex_csv,1b7b14fa75cab035860dd865eedd72527a92dac1a9ca0fcf76bbb5a2b731e368,,2011/2024,observed,csv_row_2024_age_41_col_Male,annual_estimates_observed_v1,2024,41,male,810,reported,
1.0,annual_population_estimates_by_age_sex_csv,1b7b14fa75cab035860dd865eedd72527a92dac1a9ca0fcf76bbb5a2b731e368,,2011/2024,observed,csv_row_2024_age_41_col_Female,annual_estimates_observed_v1,2024,41,female,790,reported,
1.0,annual_population_estimates_by_age_sex_csv,1b7b14fa75cab035860dd865eedd72527a92dac1a9ca0fcf76bbb5a2b731e368,,2011/2024,derived,derived_from_2024_age_41_Male_and_Female,annual_estimates_sex_sum_v1,2024,41,all,1600,reported,
1.0,annual_population_estimates_by_age_sex_csv,1b7b14fa75cab035860dd865eedd72527a92dac1a9ca0fcf76bbb5a2b731e368,,2011/2024,observed,csv_row_2024_age_42_col_Male,annual_estimates_observed_v1,2024,42,male,840,reported,
1.0,annual_population_estimates_by_age_sex_csv,1b7b14fa75cab035860dd865eedd72527a92dac1a9ca0fcf76bbb5a2b731e368,,2011/2024,observed,csv_row_2024_age_42_col_Female,annual_estimates_observed_v1,2024,42,female,740,reported,
1.0,annual_population_estimates_by_age_sex_csv,1b7b14fa75cab035860dd865eedd72527a92dac1a9ca0fcf76bbb5a2b731e368,,2011/2024,derived,derived_from_2024_age_42_Male_and_Female,annual_estimates_sex_sum_v1,2024,42,all,1580,reported,
1.0,annual_population_estimates_by_age_sex_csv,1b7b14fa75cab035860dd865eedd72527a92dac1a9ca0fcf76bbb5a2b731e368,,2011/2024,observed,csv_row_2024_age_43_col_Male,annual_estimates_observed_v1,2024,43,male,790,reported,
1.0,annual_population_estimates_by_age_sex_csv,1b7b14fa75cab035860dd865eedd72527a92dac1a9ca0fcf76bbb5a2b731e368,,2011/2024,observed,csv_row_2024_age_43_col_Female,annual_estimates_observed_v1,2024,43,female,830,reported,
1.0,annual_population_estimates_by_age_sex_csv,1b7b14fa75cab035860dd865eedd72527a92dac1a9ca0fcf76bbb5a2b731e368,,2011/2024,derived,derived_from_2024_age_43_Male_and_Female,annual_estimates_sex_sum_v1,2024,43,all,1620,reported,
1.0,annual_population_estimates_by_age_sex_csv,1b7b14fa75cab035860dd865eedd72527a92dac1a9ca0fcf76bbb5a2b731e368,,2011/2024,observed,csv_row_2024_age_44_col_Male,annual_estimates_observed_v1,2024,44,male,820,reported,
1.0,annual_population_estimates_by_age_sex_csv,1b7b14fa75cab035860dd865eedd72527a92dac1a9ca0fcf76bbb5a2b731e368,,2011/2024,observed,csv_row_2024_age_44_col_Female,annual_estimates_observed_v1,2024,44,female,800,reported,
1.0,annual_population_estimates_by_age_sex_csv,1b7b14fa75cab035860dd865eedd72527a92dac1a9ca0fcf76bbb5a2b731e368,,2011/2024,derived,derived_from_2024_age_44_Male_and_Female,annual_estimates_sex_sum_v1,2024,44,all,1620,reported,
1.0,annual_population_estimates_by_age_sex_csv,1b7b14fa75cab035860dd865eedd72527a92dac1a9ca0fcf76bbb5a2b731e368,,2011/2024,observed,csv_row_2024_age_45_col_Male,annual_estimates_observed_v1,2024,45,male,800,reported,
1.0,annual_population_estimates_by_age_sex_csv,1b7b14fa75cab035860dd865eedd72527a92dac1a9ca0fcf76bbb5a2b731e368,,2011/2024,observed,csv_row_2024_age_45_col_Female,annual_estimates_observed_v1,2024,45,female,800,reported,
1.0,annual_population_estimates_by_age_sex_csv,1b7b14fa75cab035860dd865eedd72527a92dac1a9ca0fcf76bbb5a2b731e368,,2011/2024,derived,derived_from_2024_age_45_Male_and_Female,annual_estimates_sex_sum_v1,2024,45,all,1600,reported,
1.0,annual_population_estimates_by_age_sex_csv,1b7b14fa75cab035860dd865eedd72527a92dac1a9ca0fcf76bbb5a2b731e368,,2011/2024,observed,csv_row_2024_age_46_col_Male,annual_estimates_observed_v1,2024,46,male,740,reported,
1.0,annual_population_estimates_by_age_sex_csv,1b7b14fa75cab035860dd865eedd72527a92dac1a9ca0fcf76bbb5a2b731e368,,2011/2024,observed,csv_row_2024_age_46_col_Female,annual_estimates_observed_v1,2024,46,female,710,reported,
1.0,annual_population_estimates_by_age_sex_csv,1b7b14fa75cab035860dd865eedd72527a92dac1a9ca0fcf76bbb5a2b731e368,,2011/2024,derived,derived_from_2024_age_46_Male_and_Female,annual_estimates_sex_sum_v1,2024,46,all,1450,reported,
1.0,annual_population_estimates_by_age_sex_csv,1b7b14fa75cab035860dd865eedd72527a92dac1a9ca0fcf76bbb5a2b731e368,,2011/2024,observed,csv_row_2024_age_47_col_Male,annual_estimates_observed_v1,2024,47,male,780,reported,
1.0,annual_population_estimates_by_age_sex_csv,1b7b14fa75cab035860dd865eedd72527a92dac1a9ca0fcf76bbb5a2b731e368,,2011/2024,observed,csv_row_2024_age_47_col_Female,annual_estimates_observed_v1,2024,47,female,770,reported,
1.0,annual_population_estimates_by_age_sex_csv,1b7b14fa75cab035860dd865eedd72527a92dac1a9ca0fcf76bbb5a2b731e368,,2011/2024,derived,derived_from_2024_age_47_Male_and_Female,annual_estimates_sex_sum_v1,2024,47,all,1550,reported,
1.0,annual_population_estimates_by_age_sex_csv,1b7b14fa75cab035860dd865eedd72527a92dac1a9ca0fcf76bbb5a2b731e368,,2011/2024,observed,csv_row_2024_age_48_col_Male,annual_estimates_observed_v1,2024,48,male,740,reported,
1.0,annual_population_estimates_by_age_sex_csv,1b7b14fa75cab035860dd865eedd72527a92dac1a9ca0fcf76bbb5a2b731e368,,2011/2024,observed,csv_row_2024_age_48_col_Female,annual_estimates_observed_v1,2024,48,female,710,reported,
1.0,annual_population_estimates_by_age_sex_csv,1b7b14fa75cab035860dd865eedd72527a92dac1a9ca0fcf76bbb5a2b731e368,,2011/2024,derived,derived_from_2024_age_48_Male_and_Female,annual_estimates_sex_sum_v1,2024,48,all,1450,reported,
1.0,annual_population_estimates_by_age_sex_csv,1b7b14fa75cab035860dd865eedd72527a92dac1a9ca0fcf76bbb5a2b731e368,,2011/2024,observed,csv_row_2024_age_49_col_Male,annual_estimates_observed_v1,2024,49,male,780,reported,
1.0,annual_population_estimates_by_age_sex_csv,1b7b14fa75cab035860dd865eedd72527a92dac1a9ca0fcf76bbb5a2b731e368,,2011/2024,observed,csv_row_2024_age_49_col_Female,annual_estimates_observed_v1,2024,49,female,750,reported,
1.0,annual_population_estimates_by_age_sex_csv,1b7b14fa75cab035860dd865eedd72527a92dac1a9ca0fcf76bbb5a2b731e368,,2011/2024,derived,derived_from_2024_age_49_Male_and_Female,annual_estimates_sex_sum_v1,2024,49,all,1530,reported,
1.0,annual_population_estimates_by_age_sex_csv,1b7b14fa75cab035860dd865eedd72527a92dac1a9ca0fcf76bbb5a2b731e368,,2011/2024,observed,csv_row_2024_age_50_col_Male,annual_estimates_observed_v1,2024,50,male,760,reported,
1.0,annual_population_estimates_by_age_sex_csv,1b7b14fa75cab035860dd865eedd72527a92dac1a9ca0fcf76bbb5a2b731e368,,2011/2024,observed,csv_row_2024_age_50_col_Female,annual_estimates_observed_v1,2024,50,female,750,reported,
1.0,annual_population_estimates_by_age_sex_csv,1b7b14fa75cab035860dd865eedd72527a92dac1a9ca0fcf76bbb5a2b731e368,,2011/2024,derived,derived_from_2024_age_50_Male_and_Female,annual_estimates_sex_sum_v1,2024,50,all,1510,reported,
1.0,annual_population_estimates_by_age_sex_csv,1b7b14fa75cab035860dd865eedd72527a92dac1a9ca0fcf76bbb5a2b731e368,,2011/2024,observed,csv_row_2024_age_51_col_Male,annual_estimates_observed_v1,2024,51,male,750,reported,
1.0,annual_population_estimates_by_age_sex_csv,1b7b14fa75cab035860dd865eedd72527a92dac1a9ca0fcf76bbb5a2b731e368,,2011/2024,observed,csv_row_2024_age_51_col_Female,annual_estimates_observed_v1,2024,51,female,720,reported,
1.0,annual_population_estimates_by_age_sex_csv,1b7b14fa75cab035860dd865eedd72527a92dac1a9ca0fcf76bbb5a2b731e368,,2011/2024,derived,derived_from_2024_age_51_Male_and_Female,annual_estimates_sex_sum_v1,2024,51,all,1470,reported,
1.0,annual_population_estimates_by_age_sex_csv,1b7b14fa75cab035860dd865eedd72527a92dac1a9ca0fcf76bbb5a2b731e368,,2011/2024,observed,csv_row_2024_age_52_col_Male,annual_estimates_observed_v1,2024,52,male,760,reported,
1.0,annual_population_estimates_by_age_sex_csv,1b7b14fa75cab035860dd865eedd72527a92dac1a9ca0fcf76bbb5a2b731e368,,2011/2024,observed,csv_row_2024_age_52_col_Female,annual_estimates_observed_v1,2024,52,female,770,reported,
1.0,annual_population_estimates_by_age_sex_csv,1b7b14fa75cab035860dd865eedd72527a92dac1a9ca0fcf76bbb5a2b731e368,,2011/2024,derived,derived_from_2024_age_52_Male_and_Female,annual_estimates_sex_sum_v1,2024,52,all,1530,reported,
1.0,annual_population_estimates_by_age_sex_csv,1b7b14fa75cab035860dd865eedd72527a92dac1a9ca0fcf76bbb5a2b731e368,,2011/2024,observed,csv_row_2024_age_53_col_Male,annual_estimates_observed_v1,2024,53,male,820,reported,
1.0,annual_population_estimates_by_age_sex_csv,1b7b14fa75cab035860dd865eedd72527a92dac1a9ca0fcf76bbb5a2b731e368,,2011/2024,observed,csv_row_2024_age_53_col_Female,annual_estimates_observed_v1,2024,53,female,810,reported,
1.0,annual_population_estimates_by_age_sex_csv,1b7b14fa75cab035860dd865eedd72527a92dac1a9ca0fcf76bbb5a2b731e368,,2011/2024,derived,derived_from_2024_age_53_Male_and_Female,annual_estimates_sex_sum_v1,2024,53,all,1630,reported,
1.0,annual_population_estimates_by_age_sex_csv,1b7b14fa75cab035860dd865eedd72527a92dac1a9ca0fcf76bbb5a2b731e368,,2011/2024,observed,csv_row_2024_age_54_col_Male,annual_estimates_observed_v1,2024,54,male,830,reported,
1.0,annual_population_estimates_by_age_sex_csv,1b7b14fa75cab035860dd865eedd72527a92dac1a9ca0fcf76bbb5a2b731e368,,2011/2024,observed,csv_row_2024_age_54_col_Female,annual_estimates_observed_v1,2024,54,female,810,reported,
1.0,annual_population_estimates_by_age_sex_csv,1b7b14fa75cab035860dd865eedd72527a92dac1a9ca0fcf76bbb5a2b731e368,,2011/2024,derived,derived_from_2024_age_54_Male_and_Female,annual_estimates_sex_sum_v1,2024,54,all,1640,reported,
1.0,annual_population_estimates_by_age_sex_csv,1b7b14fa75cab035860dd865eedd72527a92dac1a9ca0fcf76bbb5a2b731e368,,2011/2024,observed,csv_row_2024_age_55_col_Male,annual_estimates_observed_v1,2024,55,male,810,reported,
1.0,annual_population_estimates_by_age_sex_csv,1b7b14fa75cab035860dd865eedd72527a92dac1a9ca0fcf76bbb5a2b731e368,,2011/2024,observed,csv_row_2024_age_55_col_Female,annual_estimates_observed_v1,2024,55,female,850,reported,
1.0,annual_population_estimates_by_age_sex_csv,1b7b14fa75cab035860dd865eedd72527a92dac1a9ca0fcf76bbb5a2b731e368,,2011/2024,derived,derived_from_2024_age_55_Male_and_Female,annual_estimates_sex_sum_v1,2024,55,all,1660,reported,
1.0,annual_population_estimates_by_age_sex_csv,1b7b14fa75cab035860dd865eedd72527a92dac1a9ca0fcf76bbb5a2b731e368,,2011/2024,observed,csv_row_2024_age_56_col_Male,annual_estimates_observed_v1,2024,56,male,900,reported,
1.0,annual_population_estimates_by_age_sex_csv,1b7b14fa75cab035860dd865eedd72527a92dac1a9ca0fcf76bbb5a2b731e368,,2011/2024,observed,csv_row_2024_age_56_col_Female,annual_estimates_observed_v1,2024,56,female,800,reported,
1.0,annual_population_estimates_by_age_sex_csv,1b7b14fa75cab035860dd865eedd72527a92dac1a9ca0fcf76bbb5a2b731e368,,2011/2024,derived,derived_from_2024_age_56_Male_and_Female,annual_estimates_sex_sum_v1,2024,56,all,1700,reported,
1.0,annual_population_estimates_by_age_sex_csv,1b7b14fa75cab035860dd865eedd72527a92dac1a9ca0fcf76bbb5a2b731e368,,2011/2024,observed,csv_row_2024_age_57_col_Male,annual_estimates_observed_v1,2024,57,male,800,reported,
1.0,annual_population_estimates_by_age_sex_csv,1b7b14fa75cab035860dd865eedd72527a92dac1a9ca0fcf76bbb5a2b731e368,,2011/2024,observed,csv_row_2024_age_57_col_Female,annual_estimates_observed_v1,2024,57,female,850,reported,
1.0,annual_population_estimates_by_age_sex_csv,1b7b14fa75cab035860dd865eedd72527a92dac1a9ca0fcf76bbb5a2b731e368,,2011/2024,derived,derived_from_2024_age_57_Male_and_Female,annual_estimates_sex_sum_v1,2024,57,all,1650,reported,
1.0,annual_population_estimates_by_age_sex_csv,1b7b14fa75cab035860dd865eedd72527a92dac1a9ca0fcf76bbb5a2b731e368,,2011/2024,observed,csv_row_2024_age_58_col_Male,annual_estimates_observed_v1,2024,58,male,820,reported,
1.0,annual_population_estimates_by_age_sex_csv,1b7b14fa75cab035860dd865eedd72527a92dac1a9ca0fcf76bbb5a2b731e368,,2011/2024,observed,csv_row_2024_age_58_col_Female,annual_estimates_observed_v1,2024,58,female,850,reported,
1.0,annual_population_estimates_by_age_sex_csv,1b7b14fa75cab035860dd865eedd72527a92dac1a9ca0fcf76bbb5a2b731e368,,2011/2024,derived,derived_from_2024_age_58_Male_and_Female,annual_estimates_sex_sum_v1,2024,58,all,1670,reported,
1.0,annual_population_estimates_by_age_sex_csv,1b7b14fa75cab035860dd865eedd72527a92dac1a9ca0fcf76bbb5a2b731e368,,2011/2024,observed,csv_row_2024_age_59_col_Male,annual_estimates_observed_v1,2024,59,male,850,reported,
1.0,annual_population_estimates_by_age_sex_csv,1b7b14fa75cab035860dd865eedd72527a92dac1a9ca0fcf76bbb5a2b731e368,,2011/2024,observed,csv_row_2024_age_59_col_Female,annual_estimates_observed_v1,2024,59,female,820,reported,
1.0,annual_population_estimates_by_age_sex_csv,1b7b14fa75cab035860dd865eedd72527a92dac1a9ca0fcf76bbb5a2b731e368,,2011/2024,derived,derived_from_2024_age_59_Male_and_Female,annual_estimates_sex_sum_v1,2024,59,all,1670,reported,
1.0,annual_population_estimates_by_age_sex_csv,1b7b14fa75cab035860dd865eedd72527a92dac1a9ca0fcf76bbb5a2b731e368,,2011/2024,observed,csv_row_2024_age_60_col_Male,annual_estimates_observed_v1,2024,60,male,840,reported,
1.0,annual_population_estimates_by_age_sex_csv,1b7b14fa75cab035860dd865eedd72527a92dac1a9ca0fcf76bbb5a2b731e368,,2011/2024,observed,csv_row_2024_age_60_col_Female,annual_estimates_observed_v1,2024,60,female,830,reported,
1.0,annual_population_estimates_by_age_sex_csv,1b7b14fa75cab035860dd865eedd72527a92dac1a9ca0fcf76bbb5a2b731e368,,2011/2024,derived,derived_from_2024_age_60_Male_and_Female,annual_estimates_sex_sum_v1,2024,60,all,1670,reported,
1.0,annual_population_estimates_by_age_sex_csv,1b7b14fa75cab035860dd865eedd72527a92dac1a9ca0fcf76bbb5a2b731e368,,2011/2024,observed,csv_row_2024_age_61_col_Male,annual_estimates_observed_v1,2024,61,male,790,reported,
1.0,annual_population_estimates_by_age_sex_csv,1b7b14fa75cab035860dd865eedd72527a92dac1a9ca0fcf76bbb5a2b731e368,,2011/2024,observed,csv_row_2024_age_61_col_Female,annual_estimates_observed_v1,2024,61,female,770,reported,
1.0,annual_population_estimates_by_age_sex_csv,1b7b14fa75cab035860dd865eedd72527a92dac1a9ca0fcf76bbb5a2b731e368,,2011/2024,derived,derived_from_2024_age_61_Male_and_Female,annual_estimates_sex_sum_v1,2024,61,all,1560,reported,
1.0,annual_population_estimates_by_age_sex_csv,1b7b14fa75cab035860dd865eedd72527a92dac1a9ca0fcf76bbb5a2b731e368,,2011/2024,observed,csv_row_2024_age_62_col_Male,annual_estimates_observed_v1,2024,62,male,740,reported,
1.0,annual_population_estimates_by_age_sex_csv,1b7b14fa75cab035860dd865eedd72527a92dac1a9ca0fcf76bbb5a2b731e368,,2011/2024,observed,csv_row_2024_age_62_col_Female,annual_estimates_observed_v1,2024,62,female,730,reported,
1.0,annual_population_estimates_by_age_sex_csv,1b7b14fa75cab035860dd865eedd72527a92dac1a9ca0fcf76bbb5a2b731e368,,2011/2024,derived,derived_from_2024_age_62_Male_and_Female,annual_estimates_sex_sum_v1,2024,62,all,1470,reported,
1.0,annual_population_estimates_by_age_sex_csv,1b7b14fa75cab035860dd865eedd72527a92dac1a9ca0fcf76bbb5a2b731e368,,2011/2024,observed,csv_row_2024_age_63_col_Male,annual_estimates_observed_v1,2024,63,male,700,reported,
1.0,annual_population_estimates_by_age_sex_csv,1b7b14fa75cab035860dd865eedd72527a92dac1a9ca0fcf76bbb5a2b731e368,,2011/2024,observed,csv_row_2024_age_63_col_Female,annual_estimates_observed_v1,2024,63,female,690,reported,
1.0,annual_population_estimates_by_age_sex_csv,1b7b14fa75cab035860dd865eedd72527a92dac1a9ca0fcf76bbb5a2b731e368,,2011/2024,derived,derived_from_2024_age_63_Male_and_Female,annual_estimates_sex_sum_v1,2024,63,all,1390,reported,
1.0,annual_population_estimates_by_age_sex_csv,1b7b14fa75cab035860dd865eedd72527a92dac1a9ca0fcf76bbb5a2b731e368,,2011/2024,observed,csv_row_2024_age_64_col_Male,annual_estimates_observed_v1,2024,64,male,690,reported,
1.0,annual_population_estimates_by_age_sex_csv,1b7b14fa75cab035860dd865eedd72527a92dac1a9ca0fcf76bbb5a2b731e368,,2011/2024,observed,csv_row_2024_age_64_col_Female,annual_estimates_observed_v1,2024,64,female,660,reported,
1.0,annual_population_estimates_by_age_sex_csv,1b7b14fa75cab035860dd865eedd72527a92dac1a9ca0fcf76bbb5a2b731e368,,2011/2024,derived,derived_from_2024_age_64_Male_and_Female,annual_estimates_sex_sum_v1,2024,64,all,1350,reported,
1.0,annual_population_estimates_by_age_sex_csv,1b7b14fa75cab035860dd865eedd72527a92dac1a9ca0fcf76bbb5a2b731e368,,2011/2024,observed,csv_row_2024_age_65_col_Male,annual_estimates_observed_v1,2024,65,male,600,reported,
1.0,annual_population_estimates_by_age_sex_csv,1b7b14fa75cab035860dd865eedd72527a92dac1a9ca0fcf76bbb5a2b731e368,,2011/2024,observed,csv_row_2024_age_65_col_Female,annual_estimates_observed_v1,2024,65,female,650,reported,
1.0,annual_population_estimates_by_age_sex_csv,1b7b14fa75cab035860dd865eedd72527a92dac1a9ca0fcf76bbb5a2b731e368,,2011/2024,derived,derived_from_2024_age_65_Male_and_Female,annual_estimates_sex_sum_v1,2024,65,all,1250,reported,
1.0,annual_population_estimates_by_age_sex_csv,1b7b14fa75cab035860dd865eedd72527a92dac1a9ca0fcf76bbb5a2b731e368,,2011/2024,observed,csv_row_2024_age_66_col_Male,annual_estimates_observed_v1,2024,66,male,640,reported,
1.0,annual_population_estimates_by_age_sex_csv,1b7b14fa75cab035860dd865eedd72527a92dac1a9ca0fcf76bbb5a2b731e368,,2011/2024,observed,csv_row_2024_age_66_col_Female,annual_estimates_observed_v1,2024,66,female,680,reported,
1.0,annual_population_estimates_by_age_sex_csv,1b7b14fa75cab035860dd865eedd72527a92dac1a9ca0fcf76bbb5a2b731e368,,2011/2024,derived,derived_from_2024_age_66_Male_and_Female,annual_estimates_sex_sum_v1,2024,66,all,1320,reported,
1.0,annual_population_estimates_by_age_sex_csv,1b7b14fa75cab035860dd865eedd72527a92dac1a9ca0fcf76bbb5a2b731e368,,2011/2024,observed,csv_row_2024_age_67_col_Male,annual_estimates_observed_v1,2024,67,male,560,reported,
1.0,annual_population_estimates_by_age_sex_csv,1b7b14fa75cab035860dd865eedd72527a92dac1a9ca0fcf76bbb5a2b731e368,,2011/2024,observed,csv_row_2024_age_67_col_Female,annual_estimates_observed_v1,2024,67,female,610,reported,
1.0,annual_population_estimates_by_age_sex_csv,1b7b14fa75cab035860dd865eedd72527a92dac1a9ca0fcf76bbb5a2b731e368,,2011/2024,derived,derived_from_2024_age_67_Male_and_Female,annual_estimates_sex_sum_v1,2024,67,all,1170,reported,
1.0,annual_population_estimates_by_age_sex_csv,1b7b14fa75cab035860dd865eedd72527a92dac1a9ca0fcf76bbb5a2b731e368,,2011/2024,observed,csv_row_2024_age_68_col_Male,annual_estimates_observed_v1,2024,68,male,540,reported,
1.0,annual_population_estimates_by_age_sex_csv,1b7b14fa75cab035860dd865eedd72527a92dac1a9ca0fcf76bbb5a2b731e368,,2011/2024,observed,csv_row_2024_age_68_col_Female,annual_estimates_observed_v1,2024,68,female,570,reported,
1.0,annual_population_estimates_by_age_sex_csv,1b7b14fa75cab035860dd865eedd72527a92dac1a9ca0fcf76bbb5a2b731e368,,2011/2024,derived,derived_from_2024_age_68_Male_and_Female,annual_estimates_sex_sum_v1,2024,68,all,1110,reported,
1.0,annual_population_estimates_by_age_sex_csv,1b7b14fa75cab035860dd865eedd72527a92dac1a9ca0fcf76bbb5a2b731e368,,2011/2024,observed,csv_row_2024_age_69_col_Male,annual_estimates_observed_v1,2024,69,male,470,reported,
1.0,annual_population_estimates_by_age_sex_csv,1b7b14fa75cab035860dd865eedd72527a92dac1a9ca0fcf76bbb5a2b731e368,,2011/2024,observed,csv_row_2024_age_69_col_Female,annual_estimates_observed_v1,2024,69,female,540,reported,
1.0,annual_population_estimates_by_age_sex_csv,1b7b14fa75cab035860dd865eedd72527a92dac1a9ca0fcf76bbb5a2b731e368,,2011/2024,derived,derived_from_2024_age_69_Male_and_Female,annual_estimates_sex_sum_v1,2024,69,all,1010,reported,
1.0,annual_population_estimates_by_age_sex_csv,1b7b14fa75cab035860dd865eedd72527a92dac1a9ca0fcf76bbb5a2b731e368,,2011/2024,observed,csv_row_2024_age_70_col_Male,annual_estimates_observed_v1,2024,70,male,490,reported,
1.0,annual_population_estimates_by_age_sex_csv,1b7b14fa75cab035860dd865eedd72527a92dac1a9ca0fcf76bbb5a2b731e368,,2011/2024,observed,csv_row_2024_age_70_col_Female,annual_estimates_observed_v1,2024,70,female,520,reported,
1.0,annual_population_estimates_by_age_sex_csv,1b7b14fa75cab035860dd865eedd72527a92dac1a9ca0fcf76bbb5a2b731e368,,2011/2024,derived,derived_from_2024_age_70_Male_and_Female,annual_estimates_sex_sum_v1,2024,70,all,1010,reported,
1.0,annual_population_estimates_by_age_sex_csv,1b7b14fa75cab035860dd865eedd72527a92dac1a9ca0fcf76bbb5a2b731e368,,2011/2024,observed,csv_row_2024_age_71_col_Male,annual_estimates_observed_v1,2024,71,male,480,reported,
1.0,annual_population_estimates_by_age_sex_csv,1b7b14fa75cab035860dd865eedd72527a92dac1a9ca0fcf76bbb5a2b731e368,,2011/2024,observed,csv_row_2024_age_71_col_Female,annual_estimates_observed_v1,2024,71,female,500,reported,
1.0,annual_population_estimates_by_age_sex_csv,1b7b14fa75cab035860dd865eedd72527a92dac1a9ca0fcf76bbb5a2b731e368,,2011/2024,derived,derived_from_2024_age_71_Male_and_Female,annual_estimates_sex_sum_v1,2024,71,all,980,reported,
1.0,annual_population_estimates_by_age_sex_csv,1b7b14fa75cab035860dd865eedd72527a92dac1a9ca0fcf76bbb5a2b731e368,,2011/2024,observed,csv_row_2024_age_72_col_Male,annual_estimates_observed_v1,2024,72,male,420,reported,
1.0,annual_population_estimates_by_age_sex_csv,1b7b14fa75cab035860dd865eedd72527a92dac1a9ca0fcf76bbb5a2b731e368,,2011/2024,observed,csv_row_2024_age_72_col_Female,annual_estimates_observed_v1,2024,72,female,510,reported,
1.0,annual_population_estimates_by_age_sex_csv,1b7b14fa75cab035860dd865eedd72527a92dac1a9ca0fcf76bbb5a2b731e368,,2011/2024,derived,derived_from_2024_age_72_Male_and_Female,annual_estimates_sex_sum_v1,2024,72,all,930,reported,
1.0,annual_population_estimates_by_age_sex_csv,1b7b14fa75cab035860dd865eedd72527a92dac1a9ca0fcf76bbb5a2b731e368,,2011/2024,observed,csv_row_2024_age_73_col_Male,annual_estimates_observed_v1,2024,73,male,460,reported,
1.0,annual_population_estimates_by_age_sex_csv,1b7b14fa75cab035860dd865eedd72527a92dac1a9ca0fcf76bbb5a2b731e368,,2011/2024,observed,csv_row_2024_age_73_col_Female,annual_estimates_observed_v1,2024,73,female,500,reported,
1.0,annual_population_estimates_by_age_sex_csv,1b7b14fa75cab035860dd865eedd72527a92dac1a9ca0fcf76bbb5a2b731e368,,2011/2024,derived,derived_from_2024_age_73_Male_and_Female,annual_estimates_sex_sum_v1,2024,73,all,960,reported,
1.0,annual_population_estimates_by_age_sex_csv,1b7b14fa75cab035860dd865eedd72527a92dac1a9ca0fcf76bbb5a2b731e368,,2011/2024,observed,csv_row_2024_age_74_col_Male,annual_estimates_observed_v1,2024,74,male,450,reported,
1.0,annual_population_estimates_by_age_sex_csv,1b7b14fa75cab035860dd865eedd72527a92dac1a9ca0fcf76bbb5a2b731e368,,2011/2024,observed,csv_row_2024_age_74_col_Female,annual_estimates_observed_v1,2024,74,female,460,reported,
1.0,annual_population_estimates_by_age_sex_csv,1b7b14fa75cab035860dd865eedd72527a92dac1a9ca0fcf76bbb5a2b731e368,,2011/2024,derived,derived_from_2024_age_74_Male_and_Female,annual_estimates_sex_sum_v1,2024,74,all,910,reported,
1.0,annual_population_estimates_by_age_sex_csv,1b7b14fa75cab035860dd865eedd72527a92dac1a9ca0fcf76bbb5a2b731e368,,2011/2024,observed,csv_row_2024_age_75_col_Male,annual_estimates_observed_v1,2024,75,male,410,reported,
1.0,annual_population_estimates_by_age_sex_csv,1b7b14fa75cab035860dd865eedd72527a92dac1a9ca0fcf76bbb5a2b731e368,,2011/2024,observed,csv_row_2024_age_75_col_Female,annual_estimates_observed_v1,2024,75,female,470,reported,
1.0,annual_population_estimates_by_age_sex_csv,1b7b14fa75cab035860dd865eedd72527a92dac1a9ca0fcf76bbb5a2b731e368,,2011/2024,derived,derived_from_2024_age_75_Male_and_Female,annual_estimates_sex_sum_v1,2024,75,all,880,reported,
1.0,annual_population_estimates_by_age_sex_csv,1b7b14fa75cab035860dd865eedd72527a92dac1a9ca0fcf76bbb5a2b731e368,,2011/2024,observed,csv_row_2024_age_76_col_Male,annual_estimates_observed_v1,2024,76,male,430,reported,
1.0,annual_population_estimates_by_age_sex_csv,1b7b14fa75cab035860dd865eedd72527a92dac1a9ca0fcf76bbb5a2b731e368,,2011/2024,observed,csv_row_2024_age_76_col_Female,annual_estimates_observed_v1,2024,76,female,470,reported,
1.0,annual_population_estimates_by_age_sex_csv,1b7b14fa75cab035860dd865eedd72527a92dac1a9ca0fcf76bbb5a2b731e368,,2011/2024,derived,derived_from_2024_age_76_Male_and_Female,annual_estimates_sex_sum_v1,2024,76,all,900,reported,
1.0,annual_population_estimates_by_age_sex_csv,1b7b14fa75cab035860dd865eedd72527a92dac1a9ca0fcf76bbb5a2b731e368,,2011/2024,observed,csv_row_2024_age_77_col_Male,annual_estimates_observed_v1,2024,77,male,440,reported,
1.0,annual_population_estimates_by_age_sex_csv,1b7b14fa75cab035860dd865eedd72527a92dac1a9ca0fcf76bbb5a2b731e368,,2011/2024,observed,csv_row_2024_age_77_col_Female,annual_estimates_observed_v1,2024,77,female,490,reported,
1.0,annual_population_estimates_by_age_sex_csv,1b7b14fa75cab035860dd865eedd72527a92dac1a9ca0fcf76bbb5a2b731e368,,2011/2024,derived,derived_from_2024_age_77_Male_and_Female,annual_estimates_sex_sum_v1,2024,77,all,930,reported,
1.0,annual_population_estimates_by_age_sex_csv,1b7b14fa75cab035860dd865eedd72527a92dac1a9ca0fcf76bbb5a2b731e368,,2011/2024,observed,csv_row_2024_age_78_col_Male,annual_estimates_observed_v1,2024,78,male,380,reported,
1.0,annual_population_estimates_by_age_sex_csv,1b7b14fa75cab035860dd865eedd72527a92dac1a9ca0fcf76bbb5a2b731e368,,2011/2024,observed,csv_row_2024_age_78_col_Female,annual_estimates_observed_v1,2024,78,female,460,reported,
1.0,annual_population_estimates_by_age_sex_csv,1b7b14fa75cab035860dd865eedd72527a92dac1a9ca0fcf76bbb5a2b731e368,,2011/2024,derived,derived_from_2024_age_78_Male_and_Female,annual_estimates_sex_sum_v1,2024,78,all,840,reported,
1.0,annual_population_estimates_by_age_sex_csv,1b7b14fa75cab035860dd865eedd72527a92dac1a9ca0fcf76bbb5a2b731e368,,2011/2024,observed,csv_row_2024_age_79_col_Male,annual_estimates_observed_v1,2024,79,male,280,reported,
1.0,annual_population_estimates_by_age_sex_csv,1b7b14fa75cab035860dd865eedd72527a92dac1a9ca0fcf76bbb5a2b731e368,,2011/2024,observed,csv_row_2024_age_79_col_Female,annual_estimates_observed_v1,2024,79,female,340,reported,
1.0,annual_population_estimates_by_age_sex_csv,1b7b14fa75cab035860dd865eedd72527a92dac1a9ca0fcf76bbb5a2b731e368,,2011/2024,derived,derived_from_2024_age_79_Male_and_Female,annual_estimates_sex_sum_v1,2024,79,all,620,reported,
1.0,annual_population_estimates_by_age_sex_csv,1b7b14fa75cab035860dd865eedd72527a92dac1a9ca0fcf76bbb5a2b731e368,,2011/2024,observed,csv_row_2024_age_80_col_Male,annual_estimates_observed_v1,2024,80,male,320,reported,
1.0,annual_population_estimates_by_age_sex_csv,1b7b14fa75cab035860dd865eedd72527a92dac1a9ca0fcf76bbb5a2b731e368,,2011/2024,observed,csv_row_2024_age_80_col_Female,annual_estimates_observed_v1,2024,80,female,390,reported,
1.0,annual_population_estimates_by_age_sex_csv,1b7b14fa75cab035860dd865eedd72527a92dac1a9ca0fcf76bbb5a2b731e368,,2011/2024,derived,derived_from_2024_age_80_Male_and_Female,annual_estimates_sex_sum_v1,2024,80,all,710,reported,
1.0,annual_population_estimates_by_age_sex_csv,1b7b14fa75cab035860dd865eedd72527a92dac1a9ca0fcf76bbb5a2b731e368,,2011/2024,observed,csv_row_2024_age_81_col_Male,annual_estimates_observed_v1,2024,81,male,260,reported,
1.0,annual_population_estimates_by_age_sex_csv,1b7b14fa75cab035860dd865eedd72527a92dac1a9ca0fcf76bbb5a2b731e368,,2011/2024,observed,csv_row_2024_age_81_col_Female,annual_estimates_observed_v1,2024,81,female,330,reported,
1.0,annual_population_estimates_by_age_sex_csv,1b7b14fa75cab035860dd865eedd72527a92dac1a9ca0fcf76bbb5a2b731e368,,2011/2024,derived,derived_from_2024_age_81_Male_and_Female,annual_estimates_sex_sum_v1,2024,81,all,590,reported,
1.0,annual_population_estimates_by_age_sex_csv,1b7b14fa75cab035860dd865eedd72527a92dac1a9ca0fcf76bbb5a2b731e368,,2011/2024,observed,csv_row_2024_age_82_col_Male,annual_estimates_observed_v1,2024,82,male,210,reported,
1.0,annual_population_estimates_by_age_sex_csv,1b7b14fa75cab035860dd865eedd72527a92dac1a9ca0fcf76bbb5a2b731e368,,2011/2024,observed,csv_row_2024_age_82_col_Female,annual_estimates_observed_v1,2024,82,female,290,reported,
1.0,annual_population_estimates_by_age_sex_csv,1b7b14fa75cab035860dd865eedd72527a92dac1a9ca0fcf76bbb5a2b731e368,,2011/2024,derived,derived_from_2024_age_82_Male_and_Female,annual_estimates_sex_sum_v1,2024,82,all,500,reported,
1.0,annual_population_estimates_by_age_sex_csv,1b7b14fa75cab035860dd865eedd72527a92dac1a9ca0fcf76bbb5a2b731e368,,2011/2024,observed,csv_row_2024_age_83_col_Male,annual_estimates_observed_v1,2024,83,male,200,reported,
1.0,annual_population_estimates_by_age_sex_csv,1b7b14fa75cab035860dd865eedd72527a92dac1a9ca0fcf76bbb5a2b731e368,,2011/2024,observed,csv_row_2024_age_83_col_Female,annual_estimates_observed_v1,2024,83,female,260,reported,
1.0,annual_population_estimates_by_age_sex_csv,1b7b14fa75cab035860dd865eedd72527a92dac1a9ca0fcf76bbb5a2b731e368,,2011/2024,derived,derived_from_2024_age_83_Male_and_Female,annual_estimates_sex_sum_v1,2024,83,all,460,reported,
1.0,annual_population_estimates_by_age_sex_csv,1b7b14fa75cab035860dd865eedd72527a92dac1a9ca0fcf76bbb5a2b731e368,,2011/2024,observed,csv_row_2024_age_84_col_Male,annual_estimates_observed_v1,2024,84,male,220,reported,
1.0,annual_population_estimates_by_age_sex_csv,1b7b14fa75cab035860dd865eedd72527a92dac1a9ca0fcf76bbb5a2b731e368,,2011/2024,observed,csv_row_2024_age_84_col_Female,annual_estimates_observed_v1,2024,84,female,280,reported,
1.0,annual_population_estimates_by_age_sex_csv,1b7b14fa75cab035860dd865eedd72527a92dac1a9ca0fcf76bbb5a2b731e368,,2011/2024,derived,derived_from_2024_age_84_Male_and_Female,annual_estimates_sex_sum_v1,2024,84,all,500,reported,
1.0,annual_population_estimates_by_age_sex_csv,1b7b14fa75cab035860dd865eedd72527a92dac1a9ca0fcf76bbb5a2b731e368,,2011/2024,observed,csv_row_2024_age_85_col_Male,annual_estimates_observed_v1,2024,85,male,230,reported,
1.0,annual_population_estimates_by_age_sex_csv,1b7b14fa75cab035860dd865eedd72527a92dac1a9ca0fcf76bbb5a2b731e368,,2011/2024,observed,csv_row_2024_age_85_col_Female,annual_estimates_observed_v1,2024,85,female,250,reported,
1.0,annual_population_estimates_by_age_sex_csv,1b7b14fa75cab035860dd865eedd72527a92dac1a9ca0fcf76bbb5a2b731e368,,2011/2024,derived,derived_from_2024_age_85_Male_and_Female,annual_estimates_sex_sum_v1,2024,85,all,480,reported,
1.0,annual_population_estimates_by_age_sex_csv,1b7b14fa75cab035860dd865eedd72527a92dac1a9ca0fcf76bbb5a2b731e368,,2011/2024,observed,csv_row_2024_age_86_col_Male,annual_estimates_observed_v1,2024,86,male,180,reported,
1.0,annual_population_estimates_by_age_sex_csv,1b7b14fa75cab035860dd865eedd72527a92dac1a9ca0fcf76bbb5a2b731e368,,2011/2024,observed,csv_row_2024_age_86_col_Female,annual_estimates_observed_v1,2024,86,female,250,reported,
1.0,annual_population_estimates_by_age_sex_csv,1b7b14fa75cab035860dd865eedd72527a92dac1a9ca0fcf76bbb5a2b731e368,,2011/2024,derived,derived_from_2024_age_86_Male_and_Female,annual_estimates_sex_sum_v1,2024,86,all,430,reported,
1.0,annual_population_estimates_by_age_sex_csv,1b7b14fa75cab035860dd865eedd72527a92dac1a9ca0fcf76bbb5a2b731e368,,2011/2024,observed,csv_row_2024_age_87_col_Male,annual_estimates_observed_v1,2024,87,male,140,reported,
1.0,annual_population_estimates_by_age_sex_csv,1b7b14fa75cab035860dd865eedd72527a92dac1a9ca0fcf76bbb5a2b731e368,,2011/2024,observed,csv_row_2024_age_87_col_Female,annual_estimates_observed_v1,2024,87,female,230,reported,
1.0,annual_population_estimates_by_age_sex_csv,1b7b14fa75cab035860dd865eedd72527a92dac1a9ca0fcf76bbb5a2b731e368,,2011/2024,derived,derived_from_2024_age_87_Male_and_Female,annual_estimates_sex_sum_v1,2024,87,all,370,reported,
1.0,annual_population_estimates_by_age_sex_csv,1b7b14fa75cab035860dd865eedd72527a92dac1a9ca0fcf76bbb5a2b731e368,,2011/2024,observed,csv_row_2024_age_88_col_Male,annual_estimates_observed_v1,2024,88,male,140,reported,
1.0,annual_population_estimates_by_age_sex_csv,1b7b14fa75cab035860dd865eedd72527a92dac1a9ca0fcf76bbb5a2b731e368,,2011/2024,observed,csv_row_2024_age_88_col_Female,annual_estimates_observed_v1,2024,88,female,200,reported,
1.0,annual_population_estimates_by_age_sex_csv,1b7b14fa75cab035860dd865eedd72527a92dac1a9ca0fcf76bbb5a2b731e368,,2011/2024,derived,derived_from_2024_age_88_Male_and_Female,annual_estimates_sex_sum_v1,2024,88,all,340,reported,
1.0,annual_population_estimates_by_age_sex_csv,1b7b14fa75cab035860dd865eedd72527a92dac1a9ca0fcf76bbb5a2b731e368,,2011/2024,observed,csv_row_2024_age_89_col_Male,annual_estimates_observed_v1,2024,89,male,110,reported,
1.0,annual_population_estimates_by_age_sex_csv,1b7b14fa75cab035860dd865eedd72527a92dac1a9ca0fcf76bbb5a2b731e368,,2011/2024,observed,csv_row_2024_age_89_col_Female,annual_estimates_observed_v1,2024,89,female,160,reported,
1.0,annual_population_estimates_by_age_sex_csv,1b7b14fa75cab035860dd865eedd72527a92dac1a9ca0fcf76bbb5a2b731e368,,2011/2024,derived,derived_from_2024_age_89_Male_and_Female,annual_estimates_sex_sum_v1,2024,89,all,270,reported,
1.0,annual_population_estimates_by_age_sex_csv,1b7b14fa75cab035860dd865eedd72527a92dac1a9ca0fcf76bbb5a2b731e368,,2011/2024,observed,csv_row_2024_age_90_col_Male,annual_estimates_observed_v1,2024,90,male,100,reported,
1.0,annual_population_estimates_by_age_sex_csv,1b7b14fa75cab035860dd865eedd72527a92dac1a9ca0fcf76bbb5a2b731e368,,2011/2024,observed,csv_row_2024_age_90_col_Female,annual_estimates_observed_v1,2024,90,female,160,reported,
1.0,annual_population_estimates_by_age_sex_csv,1b7b14fa75cab035860dd865eedd72527a92dac1a9ca0fcf76bbb5a2b731e368,,2011/2024,derived,derived_from_2024_age_90_Male_and_Female,annual_estimates_sex_sum_v1,2024,90,all,260,reported,
1.0,annual_population_estimates_by_age_sex_csv,1b7b14fa75cab035860dd865eedd72527a92dac1a9ca0fcf76bbb5a2b731e368,,2011/2024,observed,csv_row_2024_age_91_col_Male,annual_estimates_observed_v1,2024,91,male,70,reported,
1.0,annual_population_estimates_by_age_sex_csv,1b7b14fa75cab035860dd865eedd72527a92dac1a9ca0fcf76bbb5a2b731e368,,2011/2024,observed,csv_row_2024_age_91_col_Female,annual_estimates_observed_v1,2024,91,female,150,reported,
1.0,annual_population_estimates_by_age_sex_csv,1b7b14fa75cab035860dd865eedd72527a92dac1a9ca0fcf76bbb5a2b731e368,,2011/2024,derived,derived_from_2024_age_91_Male_and_Female,annual_estimates_sex_sum_v1,2024,91,all,220,reported,
1.0,annual_population_estimates_by_age_sex_csv,1b7b14fa75cab035860dd865eedd72527a92dac1a9ca0fcf76bbb5a2b731e368,,2011/2024,observed,csv_row_2024_age_92_col_Male,annual_estimates_observed_v1,2024,92,male,50,reported,
1.0,annual_population_estimates_by_age_sex_csv,1b7b14fa75cab035860dd865eedd72527a92dac1a9ca0fcf76bbb5a2b731e368,,2011/2024,observed,csv_row_2024_age_92_col_Female,annual_estimates_observed_v1,2024,92,female,120,reported,
1.0,annual_population_estimates_by_age_sex_csv,1b7b14fa75cab035860dd865eedd72527a92dac1a9ca0fcf76bbb5a2b731e368,,2011/2024,derived,derived_from_2024_age_92_Male_and_Female,annual_estimates_sex_sum_v1,2024,92,all,170,reported,
1.0,annual_population_estimates_by_age_sex_csv,1b7b14fa75cab035860dd865eedd72527a92dac1a9ca0fcf76bbb5a2b731e368,,2011/2024,observed,csv_row_2024_age_93_col_Male,annual_estimates_observed_v1,2024,93,male,40,reported,
1.0,annual_population_estimates_by_age_sex_csv,1b7b14fa75cab035860dd865eedd72527a92dac1a9ca0fcf76bbb5a2b731e368,,2011/2024,observed,csv_row_2024_age_93_col_Female,annual_estimates_observed_v1,2024,93,female,80,reported,
1.0,annual_population_estimates_by_age_sex_csv,1b7b14fa75cab035860dd865eedd72527a92dac1a9ca0fcf76bbb5a2b731e368,,2011/2024,derived,derived_from_2024_age_93_Male_and_Female,annual_estimates_sex_sum_v1,2024,93,all,120,reported,
1.0,annual_population_estimates_by_age_sex_csv,1b7b14fa75cab035860dd865eedd72527a92dac1a9ca0fcf76bbb5a2b731e368,,2011/2024,observed,csv_row_2024_age_94_col_Male,annual_estimates_observed_v1,2024,94,male,40,reported,
1.0,annual_population_estimates_by_age_sex_csv,1b7b14fa75cab035860dd865eedd72527a92dac1a9ca0fcf76bbb5a2b731e368,,2011/2024,observed,csv_row_2024_age_94_col_Female,annual_estimates_observed_v1,2024,94,female,60,reported,
1.0,annual_population_estimates_by_age_sex_csv,1b7b14fa75cab035860dd865eedd72527a92dac1a9ca0fcf76bbb5a2b731e368,,2011/2024,derived,derived_from_2024_age_94_Male_and_Female,annual_estimates_sex_sum_v1,2024,94,all,100,reported,
1.0,annual_population_estimates_by_age_sex_csv,1b7b14fa75cab035860dd865eedd72527a92dac1a9ca0fcf76bbb5a2b731e368,,2011/2024,observed,csv_row_2024_age_95_col_Male,annual_estimates_observed_v1,2024,95,male,20,reported,
1.0,annual_population_estimates_by_age_sex_csv,1b7b14fa75cab035860dd865eedd72527a92dac1a9ca0fcf76bbb5a2b731e368,,2011/2024,observed,csv_row_2024_age_95_col_Female,annual_estimates_observed_v1,2024,95,female,60,reported,
1.0,annual_population_estimates_by_age_sex_csv,1b7b14fa75cab035860dd865eedd72527a92dac1a9ca0fcf76bbb5a2b731e368,,2011/2024,derived,derived_from_2024_age_95_Male_and_Female,annual_estimates_sex_sum_v1,2024,95,all,80,reported,
1.0,annual_population_estimates_by_age_sex_csv,1b7b14fa75cab035860dd865eedd72527a92dac1a9ca0fcf76bbb5a2b731e368,,2011/2024,observed,csv_row_2024_age_96_col_Male,annual_estimates_observed_v1,2024,96,male,10,reported,
1.0,annual_population_estimates_by_age_sex_csv,1b7b14fa75cab035860dd865eedd72527a92dac1a9ca0fcf76bbb5a2b731e368,,2011/2024,observed,csv_row_2024_age_96_col_Female,annual_estimates_observed_v1,2024,96,female,50,reported,
1.0,annual_population_estimates_by_age_sex_csv,1b7b14fa75cab035860dd865eedd72527a92dac1a9ca0fcf76bbb5a2b731e368,,2011/2024,derived,derived_from_2024_age_96_Male_and_Female,annual_estimates_sex_sum_v1,2024,96,all,60,reported,
1.0,annual_population_estimates_by_age_sex_csv,1b7b14fa75cab035860dd865eedd72527a92dac1a9ca0fcf76bbb5a2b731e368,,2011/2024,observed,csv_row_2024_age_97_col_Male,annual_estimates_observed_v1,2024,97,male,10,reported,
1.0,annual_population_estimates_by_age_sex_csv,1b7b14fa75cab035860dd865eedd72527a92dac1a9ca0fcf76bbb5a2b731e368,,2011/2024,observed,csv_row_2024_age_97_col_Female,annual_estimates_observed_v1,2024,97,female,20,reported,
1.0,annual_population_estimates_by_age_sex_csv,1b7b14fa75cab035860dd865eedd72527a92dac1a9ca0fcf76bbb5a2b731e368,,2011/2024,derived,derived_from_2024_age_97_Male_and_Female,annual_estimates_sex_sum_v1,2024,97,all,30,reported,
1.0,annual_population_estimates_by_age_sex_csv,1b7b14fa75cab035860dd865eedd72527a92dac1a9ca0fcf76bbb5a2b731e368,,2011/2024,observed,csv_row_2024_age_98_col_Male,annual_estimates_observed_v1,2024,98,male,10,reported,
1.0,annual_population_estimates_by_age_sex_csv,1b7b14fa75cab035860dd865eedd72527a92dac1a9ca0fcf76bbb5a2b731e368,,2011/2024,observed,csv_row_2024_age_98_col_Female,annual_estimates_observed_v1,2024,98,female,20,reported,
1.0,annual_population_estimates_by_age_sex_csv,1b7b14fa75cab035860dd865eedd72527a92dac1a9ca0fcf76bbb5a2b731e368,,2011/2024,derived,derived_from_2024_age_98_Male_and_Female,annual_estimates_sex_sum_v1,2024,98,all,30,reported,
1.0,annual_population_estimates_by_age_sex_csv,1b7b14fa75cab035860dd865eedd72527a92dac1a9ca0fcf76bbb5a2b731e368,,2011/2024,observed,csv_row_2024_age_99_col_Male,annual_estimates_observed_v1,2024,99,male,10,reported,
1.0,annual_population_estimates_by_age_sex_csv,1b7b14fa75cab035860dd865eedd72527a92dac1a9ca0fcf76bbb5a2b731e368,,2011/2024,observed,csv_row_2024_age_99_col_Female,annual_estimates_observed_v1,2024,99,female,20,reported,
1.0,annual_population_estimates_by_age_sex_csv,1b7b14fa75cab035860dd865eedd72527a92dac1a9ca0fcf76bbb5a2b731e368,,2011/2024,derived,derived_from_2024_age_99_Male_and_Female,annual_estimates_sex_sum_v1,2024,99,all,30,reported,
1.0,annual_population_estimates_by_age_sex_csv,1b7b14fa75cab035860dd865eedd72527a92dac1a9ca0fcf76bbb5a2b731e368,,2011/2024,observed,csv_row_2024_age_100_col_Male,annual_estimates_observed_v1,2024,100,male,0,reported,
1.0,annual_population_estimates_by_age_sex_csv,1b7b14fa75cab035860dd865eedd72527a92dac1a9ca0fcf76bbb5a2b731e368,,2011/2024,observed,csv_row_2024_age_100_col_Female,annual_estimates_observed_v1,2024,100,female,20,reported,
1.0,annual_population_estimates_by_age_sex_csv,1b7b14fa75cab035860dd865eedd72527a92dac1a9ca0fcf76bbb5a2b731e368,,2011/2024,derived,derived_from_2024_age_100_Male_and_Female,annual_estimates_sex_sum_v1,2024,100,all,20,reported,
