Date,TestsTotaltests,TestsTotalsamplestestedpriorto1July2020,TestsTotalsamplestestedsince1July2020,TestsReasonfortestseekinghealthcaresymptomatic,TestsReasonforTestInboundTravel,TestsReasonforTestOnIslandSurveillanceScreening,TestsPendingResults,TestsNegativeTestsPriorto1July2020,TestsNegativeTestssince1July2020,TestsAverageTurnaroundTimeAllSwabsLast7days,TestsTotalNegativeTests,CasesTotalConfirmedPositiveCases,CasesFemalePositiveNumber,CasesMalePositiveNumber,CasesFemalePositivePercentage,CasesMalePositivePercentage,CasesAverageAgeTestedPositive,CasesSeven7DayNumberper100000,CasesFortnight14dayNumberper100000,CasesPositiveCasesIdentifiedPriorto1July2020,CasesPositiveCasesIdentifiedSince1July2020,CasesPositiveCasesIdentifiedSymptomaticIndividualsSeekingHealthcare,CasesPositiveCasesIdentifiedInboundTravelArrivalsScreening,CasesPositiveCasesIdentifiedAdmissionsScreening,CasesPositiveCasesIdentifiedWorkforceScreening,CasesPositiveCasesIdentifiedCohortScreening,CasesPositiveCasesIdentifiedContactTracing,CasesOldCasesConfirmedBySerology,CasesManagedInOtherJurisdictions,CasesCurrentKnownActiveCases,CasesSymptomatic,CasesAsymptomatic,CasesNumberOfKnownDirectContactsOfCurrentActiveCases,CasesDailyNewConfirmedCases,CasesKnownCasesInCareHomes,CasesKnownCasesInCommunity,CasesKnownCasesInHospital,RecoveriesTotalRecovered,RecoveriesFemaleRecoveredNumber,RecoveriesMaleRecoveredNumber,RecoveriesFemaleRecoveredPercentage,RecoveriesMaleRecoveredPercentage,RecoveriesAverageAgeRecovered,MortalityTotalDeaths,MortalityLaboratoryProvenDeaths,MortalityProbableCovid-19,MortalityDeathsGeneralHospital,MortalityDeathsStSaviours,MortalityDeathsCareHomes,MortalityDeathsDomesticProperties,MortalityDeathsAge40to49,Mortalitypercentageregistereddeathsaged40-49,MortalityDeathsAge50to59,Mortalitypercentageregistereddeathsaged50-59,MortalityDeathsAge60to69,Mortalitypercentageregistereddeathsaged60-69,MortalityDeathsAge70to79,Mortalitypercentageregistereddeathsaged70-79,MortalityDeathsAge80to89,Mortalitypercentageregistereddeathsaged80-89,MortalityDeathsAge90andover,Mortalitypercentageregistereddeathsaged90andover,MortalityDeathsFemale,MortalityDeathsMale,InboundTravelPercentageArrivalsScreeningIdentifiedatDay0,InboundTravelPercentageArrivalsScreeningIdentifiedatDay5,InboundTravelPercentageArrivalsScreeningIdentifiedatDay8or10,InboundTravelPercentageArrivingfromRed,InboundTravelPercentageArrivingfromAmber,InboundTravelPercentageArrivingfromGreen,InboundTravelPercentageArrivingbyAir,InboundTravelPercentageArrivingBySea,InboundTravelPercentageTravellersDeclaredasResident,InboundTravelReasonforTravelBusinessVisitortoJersey,InboundTravelReasonforTravelCriticalWorker,InboundTravelReasonforTravelHolidayLeisureVisitortoJersey,InboundTravelReasonforTravelJerseyResidentReturningHome,InboundTravelReasonforTravelNotRecorded,InboundTravelReasonforTravelSeasonalWorker,InboundTravelReasonforTravelUniversityStudentReturningHome,InboundTravelReasonforTravelVisitingFriendsRelativesinJersey,InboundTravelReasonforTravelCrewonInboundCraft,InboundTravelArrivalsfromAmber,InboundTravelArrivalsfromGreen,InboundTravelArrivalsfromRed,InboundTravelPositiveArrivalsByAir,InboundTravelPositiveArrivalsBySea,InboundTravelNumberArrivalsScreeningIdentifiedatDay0,InboundTravelNumberArrivalsScreeningIdentifiedatDay8or10,InboundTravelNumberArrivalsScreeningIdentifiedatDay5,InboundTravelReasonforTravelBoardingSchoolStudentReturningHome,InboundTravelReasonforTravelPercentageBoardingSchoolStudentReturningHome,InboundTravelReasonforTravelPercentageBusinessVisitortoJersey,InboundTravelReasonforTravelPercentageCriticalWorker,InboundTravelReasonforTravelPercentageHolidayLeisureVisitortoJersey,InboundTravelReasonforTravelPercentageJerseyResidentReturningHome,InboundTravelReasonforTravelPercentageNotRecorded,InboundTravelReasonforTravelPercentageSeasonalWorker,InboundTravelReasonforTravelPercentageUniversityStudentReturningHome,InboundTravelReasonforTravelPercentageVisitingFriendsRelativesinJersey,InboundTravelReasonforTravelPercentageCrewonInboundCraft,7DayRate18to39,7DayRate40to59,7DayRateOver60,7DayRateUnder18,TestReasonbyWeekInboundTravel,TestReasonbyWeekOnIslandSurveillanceScreening,TestReasonbyWeekSeekingHealthcareSymptomatic,7DayRatePercentageChange,DateTime,DateTimeShort
2023-02-01,1140136,15802,1124334,103522,486755,534057,72,15482,1058190,4.4,float;#1073672.00000000,66391,35507,30884,0.535,0.465,39,53.8,128.94,320,66084,53624,2515,1128,2411,783,5611,13,55,96,0,0,0,0,2,82,12,66170,35402,30768,0.535,0.465,39,161,144,17,99,3,48,11,2,0.012,7,0.043,14,0.087,31,0.193,57,0.354,50,0.311,0.447,0.553,0.933,0.03,0.037,0.111,0.033,0.856,0.844,0.156,0.278,25226,9659,172356,156126,6873,3487,4367,66210,2569,84,2152,279,2122,393,2347,93,75,1746,0.004,0.056,0.022,0.384,0.348,0.015,0.008,0.01,0.148,0.006,52,85,120,39,,,,-0.333415934,"12:00 AM, Wednesday 1 February 2023","12:00 AM, 1 Feb 2023"
2023-01-31,,,,,,,,,,,float;#0,-1,,,,,,-1,-1,,,,,,,,,,,-1,,,,0,,,,,,,,,,,,,,,,,,,,,,,,,,,,,,,,,,,,,,,,,,,,,,,,,,,,,,,,,,,,,,,,,,,,-1,-1,-1,-1,,,,,"12:00 AM, Tuesday 31 January 2023","12:00 AM, 31 Jan 2023"
2023-01-30,,,,,,,,,,,float;#0,-1,,,,,,-1,-1,,,,,,,,,,,-1,,,,5,,,,,,,,,,,,,,,,,,,,,,,,,,,,,,,,,,,,,,,,,,,,,,,,,,,,,,,,,,,,,,,,,,,,-1,-1,-1,-1,,2080,60,,"12:00 AM, Monday 30 January 2023","12:00 AM, 30 Jan 2023"
2023-01-29,,,,,,,,,,,float;#0,-1,,,,,,-1,-1,,,,,,,,,,,-1,,,,8,,,,,,,,,,,,,,,,,,,,,,,,,,,,,,,,,,,,,,,,,,,,,,,,,,,,,,,,,,,,,,,,,,,,-1,-1,-1,-1,,,,,"12:00 AM, Sunday 29 January 2023","12:00 AM, 29 Jan 2023"
2023-01-28,,,,,,,,,,,float;#0,-1,,,,,,-1,-1,,,,,,,,,,,-1,,,,6,,,,,,,,,,,,,,,,,,,,,,,,,,,,,,,,,,,,,,,,,,,,,,,,,,,,,,,,,,,,,,,,,,,,-1,-1,-1,-1,,,,,"12:00 AM, Saturday 28 January 2023","12:00 AM, 28 Jan 2023"
2023-01-27,,,,,,,,,,,float;#0,-1,,,,,,-1,-1,,,,,,,,,,,-1,,,,4,,,,,,,,,,,,,,,,,,,,,,,,,,,,,,,,,,,,,,,,,,,,,,,,,,,,,,,,,,,,,,,,,,,,-1,-1,-1,-1,,,,,"12:00 AM, Friday 27 January 2023","12:00 AM, 27 Jan 2023"
2023-01-26,1138497,15802,1122695,103483,486755,532457,65,15482,1056602,5.13,float;#1072084.00000000,66347,35481,30866,0.535,0.465,39,77.92,159.55,320,66040,53591,2515,1118,2411,782,5611,13,55,108,0,0,0,21,1,89,18,66114,35370,30744,0.535,0.465,39,157,140,17,97,3,47,10,2,0.013,6,0.038,13,0.083,30,0.191,56,0.357,50,0.318,0.446,0.554,0.933,0.03,0.037,0.111,0.033,0.856,0.844,0.156,0.278,25226,9659,172356,156126,6873,3487,4367,66210,2569,84,2152,279,2122,393,2347,93,75,1746,0.004,0.056,0.022,0.384,0.348,0.015,0.008,0.01,0.148,0.006,66,85,140,44,,,,0.166641713,"12:00 AM, Thursday 26 January 2023","12:00 AM, 26 Jan 2023"
2023-01-25,,,,,,,,,,,float;#0,-1,,,,,,-1,-1,,,,,,,,,,,-1,,,,14,,,,,,,,,,,,,,,,,,,,,,,,,,,,,,,,,,,,,,,,,,,,,,,,,,,,,,,,,,,,,,,,,,,,-1,-1,-1,-1,,,,,"12:00 AM, Wednesday 25 January 2023","12:00 AM, 25 Jan 2023"
2023-01-24,,,,,,,,,,,float;#0,-1,,,,,,-1,-1,,,,,,,,,,,-1,,,,19,,,,,,,,,,,,,,,,,,,,,,,,,,,,,,,,,,,,,,,,,,,,,,,,,,,,,,,,,,,,,,,,,,,,-1,-1,-1,-1,,,,,"12:00 AM, Tuesday 24 January 2023","12:00 AM, 24 Jan 2023"
2023-01-23,,,,,,,,,,,float;#0,-1,,,,,,-1,-1,,,,,,,,,,,-1,,,,21,,,,,,,,,,,,,,,,,,,,,,,,,,,,,,,,,,,,,,,,,,,,,,,,,,,,,,,,,,,,,,,,,,,,-1,-1,-1,-1,,2240,60,,"12:00 AM, Monday 23 January 2023","12:00 AM, 23 Jan 2023"
2023-01-22,,,,,,,,,,,float;#0,-1,,,,,,-1,-1,,,,,,,,,,,-1,,,,9,,,,,,,,,,,,,,,,,,,,,,,,,,,,,,,,,,,,,,,,,,,,,,,,,,,,,,,,,,,,,,,,,,,,-1,-1,-1,-1,,,,,"12:00 AM, Sunday 22 January 2023","12:00 AM, 22 Jan 2023"
2023-01-21,,,,,,,,,,,float;#0,-1,,,,,,-1,-1,,,,,,,,,,,-1,,,,4,,,,,,,,,,,,,,,,,,,,,,,,,,,,,,,,,,,,,,,,,,,,,,,,,,,,,,,,,,,,,,,,,,,,-1,-1,-1,-1,,,,,"12:00 AM, Saturday 21 January 2023","12:00 AM, 21 Jan 2023"
2023-01-20,,,,,,,,,,,float;#0,-1,,,,,,-1,-1,,,,,,,,,,,-1,,,,13,,,,,,,,,,,,,,,,,,,,,,,,,,,,,,,,,,,,,,,,,,,,,,,,,,,,,,,,,,,,,,,,,,,,-1,-1,-1,-1,,,,,"12:00 AM, Friday 20 January 2023","12:00 AM, 20 Jan 2023"
2023-01-19,1136220,15802,1120418,103390,486755,530273,66,15482,1054412,6.21,float;#1069894.00000000,66259,35429,30830,0.535,0.465,39,77.92,259.74,320,65952,53525,2515,1102,2405,782,5611,13,55,126,0,0,0,6,5,116,5,66008,35295,30713,0.535,0.465,39,155,138,17,96,3,46,10,2,0.013,6,0.039,13,0.084,29,0.187,56,0.361,49,0.316,0.445,0.555,0.933,0.03,0.037,0.111,0.033,0.856,0.844,0.156,0.278,25226,9659,172356,156126,6873,3487,4367,66210,2569,84,2152,279,2122,393,2347,93,75,1746,0.004,0.056,0.022,0.384,0.348,0.015,0.008,0.01,0.148,0.006,62,104,84,73,,,,-0.545947206,"12:00 AM, Thursday 19 January 2023","12:00 AM, 19 Jan 2023"
2023-01-18,,,,,,,,,,,float;#0,-1,,,,,,-1,-1,,,,,,,,,,,-1,,,,11,,,,,,,,,,,,,,,,,,,,,,,,,,,,,,,,,,,,,,,,,,,,,,,,,,,,,,,,,,,,,,,,,,,,-1,-1,-1,-1,,,,,"12:00 AM, Wednesday 18 January 2023","12:00 AM, 18 Jan 2023"
2023-01-17,,,,,,,,,,,float;#0,-1,,,,,,-1,-1,,,,,,,,,,,-1,,,,12,,,,,,,,,,,,,,,,,,,,,,,,,,,,,,,,,,,,,,,,,,,,,,,,,,,,,,,,,,,,,,,,,,,,-1,-1,-1,-1,,,,,"12:00 AM, Tuesday 17 January 2023","12:00 AM, 17 Jan 2023"
2023-01-16,,,,,,,,,,,float;#0,-1,,,,,,-1,-1,,,,,,,,,,,-1,,,,17,,,,,,,,,,,,,,,,,,,,,,,,,,,,,,,,,,,,,,,,,,,,,,,,,,,,,,,,,,,,,,,,,,,,-1,-1,-1,-1,,2080,130,,"12:00 AM, Monday 16 January 2023","12:00 AM, 16 Jan 2023"
2023-01-15,,,,,,,,,,,float;#0,-1,,,,,,-1,-1,,,,,,,,,,,-1,,,,6,,,,,,,,,,,,,,,,,,,,,,,,,,,,,,,,,,,,,,,,,,,,,,,,,,,,,,,,,,,,,,,,,,,,-1,-1,-1,-1,,,,,"12:00 AM, Sunday 15 January 2023","12:00 AM, 15 Jan 2023"
2023-01-14,,,,,,,,,,,float;#0,-1,,,,,,-1,-1,,,,,,,,,,,-1,,,,9,,,,,,,,,,,,,,,,,,,,,,,,,,,,,,,,,,,,,,,,,,,,,,,,,,,,,,,,,,,,,,,,,,,,-1,-1,-1,-1,,,,,"12:00 AM, Saturday 14 January 2023","12:00 AM, 14 Jan 2023"
2023-01-13,,,,,,,,,,,float;#0,-1,,,,,,-1,-1,,,,,,,,,,,-1,,,,11,,,,,,,,,,,,,,,,,,,,,,,,,,,,,,,,,,,,,,,,,,,,,,,,,,,,,,,,,,,,,,,,,,,,-1,-1,-1,-1,,,,,"12:00 AM, Friday 13 January 2023","12:00 AM, 13 Jan 2023"
2023-01-12,1133952,15802,1118150,103271,486755,528124,43,15482,1052252,5.52,float;#1067734.00000000,66174,35370,30804,0.534,0.466,39,179.96,487.01,320,65867,53451,2515,1096,2401,781,5611,13,55,282,0,0,0,20,13,259,10,65767,35150,30617,0.534,0.466,38,154,137,17,96,3,45,10,2,0.013,6,0.039,13,0.084,29,0.188,55,0.357,49,0.318,0.442,0.558,0.933,0.03,0.037,0.111,0.033,0.856,0.844,0.156,0.278,25226,9659,172356,156126,6873,3487,4367,66210,2569,84,2152,279,2122,393,2347,93,75,1746,0.004,0.056,0.022,0.384,0.348,0.015,0.008,0.01,0.148,0.006,157,249,224,106,,,,-0.337895511,"12:00 AM, Thursday 12 January 2023","12:00 AM, 12 Jan 2023"
2023-01-11,,,,,,,,,,,float;#0,-1,,,,,,-1,-1,,,,,,,,,,,-1,,,,21,,,,,,,,,,,,,,,,,,,,,,,,,,,,,,,,,,,,,,,,,,,,,,,,,,,,,,,,,,,,,,,,,,,,-1,-1,-1,-1,,,,,"12:00 AM, Wednesday 11 January 2023","12:00 AM, 11 Jan 2023"
2023-01-10,,,,,,,,,,,float;#0,-1,,,,,,-1,-1,,,,,,,,,,,-1,,,,20,,,,,,,,,,,,,,,,,,,,,,,,,,,,,,,,,,,,,,,,,,,,,,,,,,,,,,,,,,,,,,,,,,,,-1,-1,-1,-1,,,,,"12:00 AM, Tuesday 10 January 2023","12:00 AM, 10 Jan 2023"
2023-01-09,,,,,,,,,,,float;#0,-1,,,,,,-1,-1,,,,,,,,,,,-1,,,,39,,,,,,,,,,,,,,,,,,,,,,,,,,,,,,,,,,,,,,,,,,,,,,,,,,,,,,,,,,,,,,,,,,,,-1,-1,-1,-1,,2170,240,,"12:00 AM, Monday 9 January 2023","12:00 AM, 9 Jan 2023"
2023-01-08,,,,,,,,,,,float;#0,-1,,,,,,-1,-1,,,,,,,,,,,-1,,,,22,,,,,,,,,,,,,,,,,,,,,,,,,,,,,,,,,,,,,,,,,,,,,,,,,,,,,,,,,,,,,,,,,,,,-1,-1,-1,-1,,,,,"12:00 AM, Sunday 8 January 2023","12:00 AM, 8 Jan 2023"
2023-01-07,,,,,,,,,,,float;#0,-1,,,,,,-1,-1,,,,,,,,,,,-1,,,,18,,,,,,,,,,,,,,,,,,,,,,,,,,,,,,,,,,,,,,,,,,,,,,,,,,,,,,,,,,,,,,,,,,,,-1,-1,-1,-1,,,,,"12:00 AM, Saturday 7 January 2023","12:00 AM, 7 Jan 2023"
2023-01-06,,,,,,,,,,,float;#0,-1,,,,,,-1,-1,,,,,,,,,,,-1,,,,44,,,,,,,,,,,,,,,,,,,,,,,,,,,,,,,,,,,,,,,,,,,,,,,,,,,,,,,,,,,,,,,,,,,,-1,-1,-1,-1,,,,,"12:00 AM, Friday 6 January 2023","12:00 AM, 6 Jan 2023"
2023-01-05,1131670,15802,1115868,103036,486755,526077,224,15482,1049987,5.33,float;#1065469.00000000,65976,35248,30728,0.534,0.466,39,303.34,762.52,320,65669,53278,2515,1083,2401,769,5611,13,55,515,0,0,0,35,14,495,6,65337,34932,30405,0.535,0.465,38,150,133,17,92,3,45,10,2,0.013,6,0.04,12,0.08,28,0.187,53,0.353,49,0.327,0.447,0.553,0.933,0.03,0.037,0.111,0.033,0.856,0.844,0.156,0.278,25226,9659,172356,156126,6873,3487,4367,66210,2569,84,2152,279,2122,393,2347,93,75,1746,0.004,0.056,0.022,0.384,0.348,0.015,0.008,0.01,0.148,0.006,299,439,393,68,,,,-0.28445734,"12:00 AM, Thursday 5 January 2023","12:00 AM, 5 Jan 2023"
2023-01-04,,,,,,,,,,,float;#0,-1,,,,,,-1,-1,,,,,,,,,,,-1,,,,42,,,,,,,,,,,,,,,,,,,,,,,,,,,,,,,,,,,,,,,,,,,,,,,,,,,,,,,,,,,,,,,,,,,,-1,-1,-1,-1,,,,,"12:00 AM, Wednesday 4 January 2023","12:00 AM, 4 Jan 2023"
2023-01-03,,,,,,,,,,,float;#0,-1,,,,,,-1,-1,,,,,,,,,,,-1,,,,48,,,,,,,,,,,,,,,,,,,,,,,,,,,,,,,,,,,,,,,,,,,,,,,,,,,,,,,,,,,,,,,,,,,,-1,-1,-1,-1,,,,,"12:00 AM, Tuesday 3 January 2023","12:00 AM, 3 Jan 2023"
2023-01-02,,,,,,,,,,,float;#0,-1,,,,,,-1,-1,,,,,,,,,,,-1,,,,51,,,,,,,,,,,,,,,,,,,,,,,,,,,,,,,,,,,,,,,,,,,,,,,,,,,,,,,,,,,,,,,,,,,,-1,-1,-1,-1,,1400,330,,"12:00 AM, Monday 2 January 2023","12:00 AM, 2 Jan 2023"
2023-01-01,,,,,,,,,,,float;#0,-1,,,,,,-1,-1,,,,,,,,,,,-1,,,,33,,,,,,,,,,,,,,,,,,,,,,,,,,,,,,,,,,,,,,,,,,,,,,,,,,,,,,,,,,,,,,,,,,,,-1,-1,-1,-1,,,,,"12:00 AM, Sunday 1 January 2023","12:00 AM, 1 Jan 2023"
2022-12-31,,,,,,,,,,,float;#0,-1,,,,,,-1,-1,,,,,,,,,,,-1,,,,25,,,,,,,,,,,,,,,,,,,,,,,,,,,,,,,,,,,,,,,,,,,,,,,,,,,,,,,,,,,,,,,,,,,,-1,-1,-1,-1,,,,,"12:00 AM, Saturday 31 December 2022","12:00 AM, 31 Dec 2022"
2022-12-30,,,,,,,,,,,float;#0,-1,,,,,,-1,-1,,,,,,,,,,,-1,,,,67,,,,,,,,,,,,,,,,,,,,,,,,,,,,,,,,,,,,,,,,,,,,,,,,,,,,,,,,,,,,,,,,,,,,-1,-1,-1,-1,,,,,"12:00 AM, Friday 30 December 2022","12:00 AM, 30 Dec 2022"
2022-12-29,1129207,15802,1113405,102614,486755,524036,64,15482,1048021,5.05,float;#1063503.00000000,65639,35074,30565,0.534,0.466,39,449.91,1207.79,320,65332,52980,2515,1076,2384,754,5611,13,55,765,0,0,0,68,16,729,20,64753,34611,30142,0.535,0.465,38,146,129,17,89,3,44,10,2,0.014,6,0.041,12,0.082,27,0.185,53,0.363,46,0.315,0.432,0.568,0.933,0.03,0.037,0.111,0.033,0.856,0.844,0.156,0.278,25226,9659,172356,156126,6873,3487,4367,66210,2569,84,2152,279,2122,393,2347,93,75,1746,0.004,0.056,0.022,0.384,0.348,0.015,0.008,0.01,0.148,0.006,394,640,561,184,,,,-0.409256828,"12:00 AM, Thursday 29 December 2022","12:00 AM, 29 Dec 2022"
2022-12-28,,,,,,,,,,,float;#0,-1,,,,,,-1,-1,,,,,,,,,,,-1,,,,137,,,,,,,,,,,,,,,,,,,,,,,,,,,,,,,,,,,,,,,,,,,,,,,,,,,,,,,,,,,,,,,,,,,,-1,-1,-1,-1,,,,,"12:00 AM, Wednesday 28 December 2022","12:00 AM, 28 Dec 2022"
2022-12-27,,,,,,,,,,,float;#0,-1,,,,,,-1,-1,,,,,,,,,,,-1,,,,62,,,,,,,,,,,,,,,,,,,,,,,,,,,,,,,,,,,,,,,,,,,,,,,,,,,,,,,,,,,,,,,,,,,,-1,-1,-1,-1,,,,,"12:00 AM, Tuesday 27 December 2022","12:00 AM, 27 Dec 2022"
2022-12-26,,,,,,,,,,,float;#0,-1,,,,,,-1,-1,,,,,,,,,,,-1,,,,57,,,,,,,,,,,,,,,,,,,,,,,,,,,,,,,,,,,,,,,,,,,,,,,,,,,,,,,,,,,,,,,,,,,,-1,-1,-1,-1,,2410,580,,"12:00 AM, Monday 26 December 2022","12:00 AM, 26 Dec 2022"
2022-12-25,,,,,,,,,,,float;#0,-1,,,,,,-1,-1,,,,,,,,,,,-1,,,,7,,,,,,,,,,,,,,,,,,,,,,,,,,,,,,,,,,,,,,,,,,,,,,,,,,,,,,,,,,,,,,,,,,,,-1,-1,-1,-1,,,,,"12:00 AM, Sunday 25 December 2022","12:00 AM, 25 Dec 2022"
2022-12-24,,,,,,,,,,,float;#0,-1,,,,,,-1,-1,,,,,,,,,,,-1,,,,48,,,,,,,,,,,,,,,,,,,,,,,,,,,,,,,,,,,,,,,,,,,,,,,,,,,,,,,,,,,,,,,,,,,,-1,-1,-1,-1,,,,,"12:00 AM, Saturday 24 December 2022","12:00 AM, 24 Dec 2022"
2022-12-23,,,,,,,,,,,float;#0,-1,,,,,,-1,-1,,,,,,,,,,,-1,,,,85,,,,,,,,,,,,,,,,,,,,,,,,,,,,,,,,,,,,,,,,,,,,,,,,,,,,,,,,,,,,,,,,,,,,-1,-1,-1,-1,,,,,"12:00 AM, Friday 23 December 2022","12:00 AM, 23 Dec 2022"
2022-12-22,1127191,15802,1111389,102071,486755,522563,194,15482,1046384,6.11,float;#1061866.00000000,65130,34784,30346,0.534,0.466,38,735.62,1414.66,320,64823,52534,2515,1069,2356,737,5600,13,55,1047,0,0,0,107,23,998,26,63965,34132,29833,0.534,0.466,38,146,129,17,89,3,44,10,2,0.014,6,0.041,12,0.082,27,0.185,53,0.363,46,0.315,0.432,0.568,0.933,0.03,0.037,0.111,0.033,0.856,0.844,0.156,0.278,25226,9659,172356,156126,6873,3487,4367,66210,2569,84,2152,279,2122,393,2347,93,75,1746,0.004,0.056,0.022,0.384,0.348,0.015,0.008,0.01,0.148,0.006,787,1092,785,165,,,,0.07452527,"12:00 AM, Thursday 22 December 2022","12:00 AM, 22 Dec 2022"
2022-12-21,,,,,,,,,,,float;#0,-1,,,,,,-1,-1,,,,,,,,,,,-1,,,,141,,,,,,,,,,,,,,,,,,,,,,,,,,,,,,,,,,,,,,,,,,,,,,,,,,,,,,,,,,,,,,,,,,,,-1,-1,-1,-1,,,,,"12:00 AM, Wednesday 21 December 2022","12:00 AM, 21 Dec 2022"
2022-12-20,,,,,,,,,,,float;#0,-1,,,,,,-1,-1,,,,,,,,,,,-1,,,,145,,,,,,,,,,,,,,,,,,,,,,,,,,,,,,,,,,,,,,,,,,,,,,,,,,,,,,,,,,,,,,,,,,,,-1,-1,-1,-1,,,,,"12:00 AM, Tuesday 20 December 2022","12:00 AM, 20 Dec 2022"
2022-12-19,,,,,,,,,,,float;#0,-1,,,,,,-1,-1,,,,,,,,,,,-1,,,,183,,,,,,,,,,,,,,,,,,,,,,,,,,,,,,,,,,,,,,,,,,,,,,,,,,,,,,,,,,,,,,,,,,,,-1,-1,-1,-1,,2390,610,,"12:00 AM, Monday 19 December 2022","12:00 AM, 19 Dec 2022"
2022-12-18,,,,,,,,,,,float;#0,-1,,,,,,-1,-1,,,,,,,,,,,-1,,,,73,,,,,,,,,,,,,,,,,,,,,,,,,,,,,,,,,,,,,,,,,,,,,,,,,,,,,,,,,,,,,,,,,,,,-1,-1,-1,-1,,,,,"12:00 AM, Sunday 18 December 2022","12:00 AM, 18 Dec 2022"
2022-12-17,,,,,,,,,,,float;#0,-1,,,,,,-1,-1,,,,,,,,,,,-1,,,,74,,,,,,,,,,,,,,,,,,,,,,,,,,,,,,,,,,,,,,,,,,,,,,,,,,,,,,,,,,,,,,,,,,,,-1,-1,-1,-1,,,,,"12:00 AM, Saturday 17 December 2022","12:00 AM, 17 Dec 2022"
2022-12-16,,,,,,,,,,,float;#0,-1,,,,,,-1,-1,,,,,,,,,,,-1,,,,99,,,,,,,,,,,,,,,,,,,,,,,,,,,,,,,,,,,,,,,,,,,,,,,,,,,,,,,,,,,,,,,,,,,,-1,-1,-1,-1,,,,,"12:00 AM, Friday 16 December 2022","12:00 AM, 16 Dec 2022"
2022-12-15,1123601,15802,1107799,101129,486755,519915,116,15482,1043686,5.77,float;#1059168.00000000,64316,34314,30002,0.534,0.466,38,658.63,1099.26,320,64009,51777,2515,1049,2331,725,5600,13,55,815,0,0,0,104,58,734,23,63329,33767,29562,0.533,0.467,38,144,127,17,87,3,44,10,2,0.014,6,0.042,11,0.076,27,0.188,53,0.368,45,0.312,0.424,0.576,0.933,0.03,0.037,0.111,0.033,0.856,0.844,0.156,0.278,25226,9659,172356,156126,6873,3487,4367,66210,2569,84,2152,279,2122,393,2347,93,75,1746,0.004,0.056,0.022,0.384,0.348,0.015,0.008,0.01,0.148,0.006,686,899,769,281,,,,0.332099589,"12:00 AM, Thursday 15 December 2022","12:00 AM, 15 Dec 2022"
2022-12-14,,,,,,,,,,,float;#0,-1,,,,,,-1,-1,,,,,,,,,,,-1,,,,128,,,,,,,,,,,,,,,,,,,,,,,,,,,,,,,,,,,,,,,,,,,,,,,,,,,,,,,,,,,,,,,,,,,,-1,-1,-1,-1,,,,,"12:00 AM, Wednesday 14 December 2022","12:00 AM, 14 Dec 2022"
2022-12-13,,,,,,,,,,,float;#0,-1,,,,,,-1,-1,,,,,,,,,,,-1,,,,132,,,,,,,,,,,,,,,,,,,,,,,,,,,,,,,,,,,,,,,,,,,,,,,,,,,,,,,,,,,,,,,,,,,,-1,-1,-1,-1,,,,,"12:00 AM, Tuesday 13 December 2022","12:00 AM, 13 Dec 2022"
2022-12-12,,,,,,,,,,,float;#0,-1,,,,,,-1,-1,,,,,,,,,,,-1,,,,149,,,,,,,,,,,,,,,,,,,,,,,,,,,,,,,,,,,,,,,,,,,,,,,,,,,,,,,,,,,,,,,,,,,,-1,-1,-1,-1,,2620,530,,"12:00 AM, Monday 12 December 2022","12:00 AM, 12 Dec 2022"
2022-12-11,,,,,,,,,,,float;#0,-1,,,,,,-1,-1,,,,,,,,,,,-1,,,,83,,,,,,,,,,,,,,,,,,,,,,,,,,,,,,,,,,,,,,,,,,,,,,,,,,,,,,,,,,,,,,,,,,,,-1,-1,-1,-1,,,,,"12:00 AM, Sunday 11 December 2022","12:00 AM, 11 Dec 2022"
2022-12-10,,,,,,,,,,,float;#0,-1,,,,,,-1,-1,,,,,,,,,,,-1,,,,64,,,,,,,,,,,,,,,,,,,,,,,,,,,,,,,,,,,,,,,,,,,,,,,,,,,,,,,,,,,,,,,,,,,,-1,-1,-1,-1,,,,,"12:00 AM, Saturday 10 December 2022","12:00 AM, 10 Dec 2022"
2022-12-09,,,,,,,,,,,float;#0,-1,,,,,,-1,-1,,,,,,,,,,,-1,,,,77,,,,,,,,,,,,,,,,,,,,,,,,,,,,,,,,,,,,,,,,,,,,,,,,,,,,,,,,,,,,,,,,,,,,-1,-1,-1,-1,,,,,"12:00 AM, Friday 9 December 2022","12:00 AM, 9 Dec 2022"
2022-12-08,1120328,15802,1104526,100302,486755,517469,142,15482,1041108,6.1,float;#1056590.00000000,63595,33896,29699,0.533,0.467,38,430.43,709.65,320,63288,51139,2515,1027,2299,696,5600,13,55,514,0,0,0,106,37,461,16,62909,33524,29385,0.533,0.467,38,142,125,17,86,3,43,10,2,0.014,6,0.042,11,0.077,26,0.183,53,0.373,44,0.31,0.415,0.585,0.933,0.03,0.037,0.111,0.033,0.856,0.844,0.156,0.278,25226,9659,172356,156126,6873,3487,4367,66210,2569,84,2152,279,2122,393,2347,93,75,1746,0.004,0.056,0.022,0.384,0.348,0.015,0.008,0.01,0.148,0.006,463,590,393,276,,,,0.501639687,"12:00 AM, Thursday 8 December 2022","12:00 AM, 8 Dec 2022"
2022-12-07,,,,,,,,,,,float;#0,-1,,,,,,-1,-1,,,,,,,,,,,-1,,,,93,,,,,,,,,,,,,,,,,,,,,,,,,,,,,,,,,,,,,,,,,,,,,,,,,,,,,,,,,,,,,,,,,,,,-1,-1,-1,-1,,,,,"12:00 AM, Wednesday 7 December 2022","12:00 AM, 7 Dec 2022"
2022-12-06,,,,,,,,,,,float;#0,-1,,,,,,-1,-1,,,,,,,,,,,-1,,,,96,,,,,,,,,,,,,,,,,,,,,,,,,,,,,,,,,,,,,,,,,,,,,,,,,,,,,,,,,,,,,,,,,,,,-1,-1,-1,-1,,,,,"12:00 AM, Tuesday 6 December 2022","12:00 AM, 6 Dec 2022"
2022-12-05,,,,,,,,,,,float;#0,-1,,,,,,-1,-1,,,,,,,,,,,-1,,,,90,,,,,,,,,,,,,,,,,,,,,,,,,,,,,,,,,,,,,,,,,,,,,,,,,,,,,,,,,,,,,,,,,,,,-1,-1,-1,-1,,2070,330,,"12:00 AM, Monday 5 December 2022","12:00 AM, 5 Dec 2022"
2022-12-04,,,,,,,,,,,float;#0,-1,,,,,,-1,-1,,,,,,,,,,,-1,,,,57,,,,,,,,,,,,,,,,,,,,,,,,,,,,,,,,,,,,,,,,,,,,,,,,,,,,,,,,,,,,,,,,,,,,-1,-1,-1,-1,,,,,"12:00 AM, Sunday 4 December 2022","12:00 AM, 4 Dec 2022"
2022-12-03,,,,,,,,,,,float;#0,-1,,,,,,-1,-1,,,,,,,,,,,-1,,,,44,,,,,,,,,,,,,,,,,,,,,,,,,,,,,,,,,,,,,,,,,,,,,,,,,,,,,,,,,,,,,,,,,,,,-1,-1,-1,-1,,,,,"12:00 AM, Saturday 3 December 2022","12:00 AM, 3 Dec 2022"
2022-12-02,,,,,,,,,,,float;#0,-1,,,,,,-1,-1,,,,,,,,,,,-1,,,,45,,,,,,,,,,,,,,,,,,,,,,,,,,,,,,,,,,,,,,,,,,,,,,,,,,,,,,,,,,,,,,,,,,,,-1,-1,-1,-1,,,,,"12:00 AM, Friday 2 December 2022","12:00 AM, 2 Dec 2022"
2022-12-01,1117204,15802,1101402,99711,486755,514936,62,15482,1038531,5.4,float;#1054013.00000000,63128,33622,29506,0.533,0.467,38,277.37,500,320,62821,50746,2515,1015,2272,667,5594,13,55,337,0,0,0,41,2,326,9,62621,33360,29261,0.533,0.467,38,142,125,17,86,3,43,10,2,0.014,6,0.042,11,0.077,26,0.183,53,0.373,44,0.31,0.415,0.585,0.933,0.03,0.037,0.111,0.033,0.856,0.844,0.156,0.278,25226,9659,172356,156126,6873,3487,4367,66210,2569,84,2152,279,2122,393,2347,93,75,1746,0.004,0.056,0.022,0.384,0.348,0.015,0.008,0.01,0.148,0.006,305,334,280,218,,,,0.317171621,"12:00 AM, Thursday 1 December 2022","12:00 AM, 1 Dec 2022"
2022-11-30,,,,,,,,,,,float;#0,-1,,,,,,-1,-1,,,,,,,,,,,-1,,,,49,,,,,,,,,,,,,,,,,,,,,,,,,,,,,,,,,,,,,,,,,,,,,,,,,,,,,,,,,,,,,,,,,,,,-1,-1,-1,-1,,,,,"12:00 AM, Wednesday 30 November 2022","12:00 AM, 30 Nov 2022"
2022-11-29,,,,,,,,,,,float;#0,-1,,,,,,-1,-1,,,,,,,,,,,-1,,,,63,,,,,,,,,,,,,,,,,,,,,,,,,,,,,,,,,,,,,,,,,,,,,,,,,,,,,,,,,,,,,,,,,,,,-1,-1,-1,-1,,,,,"12:00 AM, Tuesday 29 November 2022","12:00 AM, 29 Nov 2022"
2022-11-28,,,,,,,,,,,float;#0,-1,,,,,,-1,-1,,,,,,,,,,,-1,,,,73,,,,,,,,,,,,,,,,,,,,,,,,,,,,,,,,,,,,,,,,,,,,,,,,,,,,,,,,,,,,,,,,,,,,-1,-1,-1,-1,,2150,230,,"12:00 AM, Monday 28 November 2022","12:00 AM, 28 Nov 2022"
2022-11-27,,,,,,,,,,,float;#0,-1,,,,,,-1,-1,,,,,,,,,,,-1,,,,33,,,,,,,,,,,,,,,,,,,,,,,,,,,,,,,,,,,,,,,,,,,,,,,,,,,,,,,,,,,,,,,,,,,,-1,-1,-1,-1,,,,,"12:00 AM, Sunday 27 November 2022","12:00 AM, 27 Nov 2022"
2022-11-26,,,,,,,,,,,float;#0,-1,,,,,,-1,-1,,,,,,,,,,,-1,,,,22,,,,,,,,,,,,,,,,,,,,,,,,,,,,,,,,,,,,,,,,,,,,,,,,,,,,,,,,,,,,,,,,,,,,-1,-1,-1,-1,,,,,"12:00 AM, Saturday 26 November 2022","12:00 AM, 26 Nov 2022"
2022-11-25,,,,,,,,,,,float;#0,-1,,,,,,-1,-1,,,,,,,,,,,,,,,30,,,,,,,,,,,,,,,,,,,,,,,,,,,,,,,,,,,,,,,,,,,,,,,,,,,,,,,,,,,,,,,,,,,,-1,-1,-1,-1,,,,,"12:00 AM, Friday 25 November 2022","12:00 AM, 25 Nov 2022"
2022-11-24,1114727,15802,1098925,99288,486755,512882,105,15482,1036313,4.6,float;#1051795.00000000,62826,33440,29386,0.532,0.468,38,218,467.53,320,62519,50465,2515,1008,2261,664,5594,13,55,275,0,0,0,34,8,263,4,62381,33218,29163,0.533,0.467,38,142,125,17,86,3,43,10,2,0.014,6,0.042,11,0.077,26,0.183,53,0.373,44,0.31,0.415,0.585,0.933,0.03,0.037,0.111,0.033,0.856,0.844,0.156,0.278,25226,9659,172356,156126,6873,3487,4367,66210,2569,84,2152,279,2122,393,2347,93,75,1746,0.004,0.056,0.022,0.384,0.348,0.015,0.008,0.01,0.148,0.006,236,309,176,140,,,,-0.119832041,"12:00 AM, Thursday 24 November 2022","12:00 AM, 24 Nov 2022"
2022-11-23,,,,,,,,,,,float;#0,-1,,,,,,-1,-1,,,,,,,,,,,-1,,,,33,,,,,,,,,,,,,,,,,,,,,,,,,,,,,,,,,,,,,,,,,,,,,,,,,,,,,,,,,,,,,,,,,,,,-1,-1,-1,-1,,,,,"12:00 AM, Wednesday 23 November 2022","12:00 AM, 23 Nov 2022"
2022-11-22,,,,,,,,,,,float;#0,-1,,,,,,-1,-1,,,,,,,,,,,-1,,,,40,,,,,,,,,,,,,,,,,,,,,,,,,,,,,,,,,,,,,,,,,,,,,,,,,,,,,,,,,,,,,,,,,,,,-1,-1,-1,-1,,,,,"12:00 AM, Tuesday 22 November 2022","12:00 AM, 22 Nov 2022"
2022-11-21,,,,,,,,,,,float;#0,-1,,,,,,-1,-1,,,,,,,,,,,-1,,,,46,,,,,,,,,,,,,,,,,,,,,,,,,,,,,,,,,,,,,,,,,,,,,,,,,,,,,,,,,,,,,,,,,,,,-1,-1,-1,-1,,1900,310,,"12:00 AM, Monday 21 November 2022","12:00 AM, 21 Nov 2022"
2022-11-20,,,,,,,,,,,float;#0,-1,,,,,,-1,-1,,,,,,,,,,,-1,,,,23,,,,,,,,,,,,,,,,,,,,,,,,,,,,,,,,,,,,,,,,,,,,,,,,,,,,,,,,,,,,,,,,,,,,-1,-1,-1,-1,,,,,"12:00 AM, Sunday 20 November 2022","12:00 AM, 20 Nov 2022"
2022-11-19,,,,,,,,,,,float;#0,-1,,,,,,-1,-1,,,,,,,,,,,-1,,,,23,,,,,,,,,,,,,,,,,,,,,,,,,,,,,,,,,,,,,,,,,,,,,,,,,,,,,,,,,,,,,,,,,,,,-1,-1,-1,-1,,,,,"12:00 AM, Saturday 19 November 2022","12:00 AM, 19 Nov 2022"
2022-11-18,,,,,,,,,,,float;#0,-1,,,,,,-1,-1,,,,,,,,,,,-1,,,,28,,,,,,,,,,,,,,,,,,,,,,,,,,,,,,,,,,,,,,,,,,,,,,,,,,,,,,,,,,,,,,,,,,,,-1,-1,-1,-1,,,,,"12:00 AM, Friday 18 November 2022","12:00 AM, 18 Nov 2022"
2022-11-17,1112275,15802,1096473,98927,486755,510791,70,15482,1034133,5.3,float;#1049615.00000000,62589,33308,29281,0.532,0.468,38,248.61,524.12,320,62282,50245,2515,1005,2253,658,5594,13,55,319,0,0,0,43,2,312,5,62100,33058,29042,0.532,0.468,38,142,125,17,86,3,43,10,2,0.014,6,0.042,11,0.077,26,0.183,53,0.373,44,0.31,0.415,0.585,0.933,0.03,0.037,0.111,0.033,0.856,0.844,0.156,0.278,25226,9659,172356,156126,6873,3487,4367,66210,2569,84,2152,279,2122,393,2347,93,75,1746,0.004,0.056,0.022,0.384,0.348,0.015,0.008,0.01,0.148,0.006,295,287,212,208,,,,-0.112582545,"12:00 AM, Thursday 17 November 2022","12:00 AM, 17 Nov 2022"
2022-11-16,,,,,,,,,,,float;#0,-1,,,,,,-1,-1,,,,,,,,,,,-1,,,,37,,,,,,,,,,,,,,,,,,,,,,,,,,,,,,,,,,,,,,,,,,,,,,,,,,,,,,,,,,,,,,,,,,,,-1,-1,-1,-1,,,,,"12:00 AM, Wednesday 16 November 2022","12:00 AM, 16 Nov 2022"
2022-11-15,,,,,,,,,,,float;#0,-1,,,,,,-1,-1,,,,,,,,,,,-1,,,,44,,,,,,,,,,,,,,,,,,,,,,,,,,,,,,,,,,,,,,,,,,,,,,,,,,,,,,,,,,,,,,,,,,,,-1,-1,-1,-1,,,,,"12:00 AM, Tuesday 15 November 2022","12:00 AM, 15 Nov 2022"
2022-11-14,,,,,,,,,,,float;#0,-1,,,,,,-1,-1,,,,,,,,,,,-1,,,,44,,,,,,,,,,,,,,,,,,,,,,,,,,,,,,,,,,,,,,,,,,,,,,,,,,,,,,,,,,,,,,,,,,,,-1,-1,-1,-1,,2400,320,,"12:00 AM, Monday 14 November 2022","12:00 AM, 14 Nov 2022"
2022-11-13,,,,,,,,,,,float;#0,-1,,,,,,-1,-1,,,,,,,,,,,-1,,,,31,,,,,,,,,,,,,,,,,,,,,,,,,,,,,,,,,,,,,,,,,,,,,,,,,,,,,,,,,,,,,,,,,,,,-1,-1,-1,-1,,,,,"12:00 AM, Sunday 13 November 2022","12:00 AM, 13 Nov 2022"
2022-11-12,,,,,,,,,,,float;#0,-1,,,,,,-1,-1,,,,,,,,,,,-1,,,,22,,,,,,,,,,,,,,,,,,,,,,,,,,,,,,,,,,,,,,,,,,,,,,,,,,,,,,,,,,,,,,,,,,,,-1,-1,-1,-1,,,,,"12:00 AM, Saturday 12 November 2022","12:00 AM, 12 Nov 2022"
2022-11-11,,,,,,,,,,,float;#0,-1,,,,,,-1,-1,,,,,,,,,,,-1,,,,47,,,,,,,,,,,,,,,,,,,,,,,,,,,,,,,,,,,,,,,,,,,,,,,,,,,,,,,,,,,,,,,,,,,,-1,-1,-1,-1,,,,,"12:00 AM, Friday 11 November 2022","12:00 AM, 11 Nov 2022"
2022-11-10,1109857,15802,1094055,98538,486755,508762,128,15482,1031929,5.34,float;#1047411.00000000,62317,33148,29169,0.532,0.468,38,272.73,564.01,320,62010,49995,2515,1000,2239,655,5594,13,55,403,0,0,0,47,3,399,1,61744,32852,28892,0.532,0.468,38,141,124,17,85,3,43,10,2,0.014,6,0.043,11,0.078,26,0.184,53,0.376,43,0.305,0.411,0.589,0.933,0.03,0.037,0.111,0.033,0.856,0.844,0.156,0.278,25226,9659,172356,156126,6873,3487,4367,66210,2569,84,2152,279,2122,393,2347,93,75,1746,0.004,0.056,0.022,0.384,0.348,0.015,0.008,0.01,0.148,0.006,262,369,260,228,,,,-0.054662045,"12:00 AM, Thursday 10 November 2022","12:00 AM, 10 Nov 2022"
2022-11-09,,,,,,,,,,,float;#0,-1,,,,,,-1,-1,,,,,,,,,,,-1,,,,47,,,,,,,,,,,,,,,,,,,,,,,,,,,,,,,,,,,,,,,,,,,,,,,,,,,,,,,,,,,,,,,,,,,,-1,-1,-1,-1,,,,,"12:00 AM, Wednesday 9 November 2022","12:00 AM, 9 Nov 2022"
2022-11-08,,,,,,,,,,,float;#0,-1,,,,,,-1,-1,,,,,,,,,,,-1,,,,38,,,,,,,,,,,,,,,,,,,,,,,,,,,,,,,,,,,,,,,,,,,,,,,,,,,,,,,,,,,,,,,,,,,,-1,-1,-1,-1,,,,,"12:00 AM, Tuesday 8 November 2022","12:00 AM, 8 Nov 2022"
2022-11-07,,,,,,,,,,,float;#0,-1,,,,,,-1,-1,,,,,,,,,,,-1,,,,71,,,,,,,,,,,,,,,,,,,,,,,,,,,,,,,,,,,,,,,,,,,,,,,,,,,,,,,,,,,,,,,,,,,,-1,-1,-1,-1,,2070,290,,"12:00 AM, Monday 7 November 2022","12:00 AM, 7 Nov 2022"
2022-11-06,,,,,,,,,,,float;#0,-1,,,,,,-1,-1,,,,,,,,,,,-1,,,,30,,,,,,,,,,,,,,,,,,,,,,,,,,,,,,,,,,,,,,,,,,,,,,,,,,,,,,,,,,,,,,,,,,,,-1,-1,-1,-1,,,,,"12:00 AM, Sunday 6 November 2022","12:00 AM, 6 Nov 2022"
2022-11-05,,,,,,,,,,,float;#0,-1,,,,,,-1,-1,,,,,,,,,,,-1,,,,23,,,,,,,,,,,,,,,,,,,,,,,,,,,,,,,,,,,,,,,,,,,,,,,,,,,,,,,,,,,,,,,,,,,,-1,-1,-1,-1,,,,,"12:00 AM, Saturday 5 November 2022","12:00 AM, 5 Nov 2022"
2022-11-04,,,,,,,,,,,float;#0,-1,,,,,,-1,-1,,,,,,,,,,,-1,,,,51,,,,,,,,,,,,,,,,,,,,,,,,,,,,,,,,,,,,,,,,,,,,,,,,,,,,,,,,,,,,,,,,,,,,-1,-1,-1,-1,,,,,"12:00 AM, Friday 4 November 2022","12:00 AM, 4 Nov 2022"
2022-11-03,1107136,15802,1091334,98118,486755,506461,93,15482,1029546,5.13,float;#1045028.00000000,62014,32977,29037,0.532,0.468,38,282.93,573.28,320,61707,49717,2515,994,2226,650,5593,13,55,359,0,0,0,43,7,348,4,61486,32710,28776,0.532,0.468,38,141,124,17,85,3,43,10,2,0.014,6,0.043,11,0.078,26,0.184,53,0.376,43,0.305,0.411,0.589,0.933,0.03,0.037,0.111,0.033,0.856,0.844,0.156,0.278,25226,9659,172356,156126,6873,3487,4367,66210,2569,84,2152,279,2122,393,2347,93,75,1746,0.004,0.056,0.022,0.384,0.348,0.015,0.008,0.01,0.148,0.006,344,388,268,92,,,,-0.040882742,"12:00 AM, Thursday 3 November 2022","12:00 AM, 3 Nov 2022"
2022-11-02,,,,,,,,,,,float;#0,-1,,,,,,-1,-1,,,,,,,,,,,-1,,,,54,,,,,,,,,,,,,,,,,,,,,,,,,,,,,,,,,,,,,,,,,,,,,,,,,,,,,,,,,,,,,,,,,,,,-1,-1,-1,-1,,,,,"12:00 AM, Wednesday 2 November 2022","12:00 AM, 2 Nov 2022"
2022-11-01,,,,,,,,,,,float;#0,-1,,,,,,-1,-1,,,,,,,,,,,-1,,,,46,,,,,,,,,,,,,,,,,,,,,,,,,,,,,,,,,,,,,,,,,,,,,,,,,,,,,,,,,,,,,,,,,,,,-1,-1,-1,-1,,,,,"12:00 AM, Tuesday 1 November 2022","12:00 AM, 1 Nov 2022"
2022-10-31,,,,,,,,,,,float;#0,-1,,,,,,-1,-1,,,,,,,,,,,-1,,,,62,,,,,,,,,,,,,,,,,,,,,,,,,,,,,,,,,,,,,,,,,,,,,,,,,,,,,,,,,,,,,,,,,,,,-1,-1,-1,-1,,2380,280,,"12:00 AM, Monday 31 October 2022","12:00 AM, 31 Oct 2022"
2022-10-30,,,,,,,,,,,float;#0,-1,,,,,,-1,-1,,,,,,,,,,,-1,,,,28,,,,,,,,,,,,,,,,,,,,,,,,,,,,,,,,,,,,,,,,,,,,,,,,,,,,,,,,,,,,,,,,,,,,-1,-1,-1,-1,,,,,"12:00 AM, Sunday 30 October 2022","12:00 AM, 30 Oct 2022"
2022-10-29,,,,,,,,,,,float;#0,-1,,,,,,-1,-1,,,,,,,,,,,-1,,,,39,,,,,,,,,,,,,,,,,,,,,,,,,,,,,,,,,,,,,,,,,,,,,,,,,,,,,,,,,,,,,,,,,,,,-1,-1,-1,-1,,,,,"12:00 AM, Saturday 29 October 2022","12:00 AM, 29 Oct 2022"
2022-10-28,,,,,,,,,,,float;#0,-1,,,,,,-1,-1,,,,,,,,,,,-1,,,,34,,,,,,,,,,,,,,,,,,,,,,,,,,,,,,,,,,,,,,,,,,,,,,,,,,,,,,,,,,,,,,,,,,,,-1,-1,-1,-1,,,,,"12:00 AM, Friday 28 October 2022","12:00 AM, 28 Oct 2022"
2022-10-27,1104505,15802,1088703,97686,486755,504262,139,15482,1027227,5.26,float;#1042709.00000000,61656,32777,28879,0.532,0.468,38,241.19,555.66,320,61349,49388,2515,986,2207,649,5592,13,55,391,0,0,0,46,1,383,7,61096,32490,28606,0.532,0.468,38,141,124,17,85,3,43,10,2,0.014,6,0.043,11,0.078,26,0.184,53,0.376,43,0.305,0.411,0.589,0.933,0.03,0.037,0.111,0.033,0.856,0.844,0.156,0.278,25226,9659,172356,156126,6873,3487,4367,66210,2569,84,2152,279,2122,393,2347,93,75,1746,0.004,0.056,0.022,0.384,0.348,0.015,0.008,0.01,0.148,0.006,266,413,361,63,,,,-0.216864731,"12:00 AM, Thursday 27 October 2022","12:00 AM, 27 Oct 2022"
2022-10-26,,,,,,,,,,,float;#0,-1,,,,,,-1,-1,,,,,,,,,,,-1,,,,51,,,,,,,,,,,,,,,,,,,,,,,,,,,,,,,,,,,,,,,,,,,,,,,,,,,,,,,,,,,,,,,,,,,,-1,-1,-1,-1,,,,,"12:00 AM, Wednesday 26 October 2022","12:00 AM, 26 Oct 2022"
2022-10-25,,,,,,,,,,,float;#0,-1,,,,,,-1,-1,,,,,,,,,,,-1,,,,57,,,,,,,,,,,,,,,,,,,,,,,,,,,,,,,,,,,,,,,,,,,,,,,,,,,,,,,,,,,,,,,,,,,,-1,-1,-1,-1,,,,,"12:00 AM, Tuesday 25 October 2022","12:00 AM, 25 Oct 2022"
2022-10-24,,,,,,,,,,,float;#0,-1,,,,,,-1,-1,,,,,,,,,,,-1,,,,67,,,,,,,,,,,,,,,,,,,,,,,,,,,,,,,,,,,,,,,,,,,,,,,,,,,,,,,,,,,,,,,,,,,,-1,-1,-1,-1,,2040,330,,"12:00 AM, Monday 24 October 2022","12:00 AM, 24 Oct 2022"
2022-10-23,,,,,,,,,,,float;#0,-1,,,,,,-1,-1,,,,,,,,,,,-1,,,,27,,,,,,,,,,,,,,,,,,,,,,,,,,,,,,,,,,,,,,,,,,,,,,,,,,,,,,,,,,,,,,,,,,,,-1,-1,-1,-1,,,,,"12:00 AM, Sunday 23 October 2022","12:00 AM, 23 Oct 2022"
2022-10-22,,,,,,,,,,,float;#0,-1,,,,,,-1,-1,,,,,,,,,,,-1,,,,31,,,,,,,,,,,,,,,,,,,,,,,,,,,,,,,,,,,,,,,,,,,,,,,,,,,,,,,,,,,,,,,,,,,,-1,-1,-1,-1,,,,,"12:00 AM, Saturday 22 October 2022","12:00 AM, 22 Oct 2022"
2022-10-21,,,,,,,,,,,float;#0,-1,,,,,,-1,-1,,,,,,,,,,,-1,,,,39,,,,,,,,,,,,,,,,,,,,,,,,,,,,,,,,,,,,,,,,,,,,,,,,,,,,,,,,,,,,,,,,,,,,-1,-1,-1,-1,,,,,"12:00 AM, Friday 21 October 2022","12:00 AM, 21 Oct 2022"
2022-10-20,1101871,15802,1086069,97344,486755,501970,63,15482,1024936,5.08,float;#1040418.00000000,61389,32617,28772,0.531,0.469,38,307.98,679.96,320,61082,49134,2515,979,2205,648,5589,13,55,417,0,0,0,45,2,407,8,60803,32319,28484,0.532,0.468,38,141,124,17,85,3,43,10,2,0.014,6,0.043,11,0.078,26,0.184,53,0.376,43,0.305,0.411,0.589,0.933,0.03,0.037,0.111,0.033,0.856,0.844,0.156,0.278,25226,9659,172356,156126,6873,3487,4367,66210,2569,84,2152,279,2122,393,2347,93,75,1746,0.004,0.056,0.022,0.384,0.348,0.015,0.008,0.01,0.148,0.006,308,445,345,126,,,,-0.142116992,"4:00 PM, Thursday 20 October 2022","4:00 PM, 20 Oct 2022"
2022-10-19,,,,,,,,,,,float;#0,-1,,,,,,-1,-1,,,,,,,,,,,-1,,,,63,,,,,,,,,,,,,,,,,,,,,,,,,,,,,,,,,,,,,,,,,,,,,,,,,,,,,,,,,,,,,,,,,,,,-1,-1,-1,-1,,,,,"12:00 AM, Wednesday 19 October 2022","12:00 AM, 19 Oct 2022"
2022-10-18,,,,,,,,,,,float;#0,-1,,,,,,-1,-1,,,,,,,,,,,-1,,,,63,,,,,,,,,,,,,,,,,,,,,,,,,,,,,,,,,,,,,,,,,,,,,,,,,,,,,,,,,,,,,,,,,,,,-1,-1,-1,-1,,,,,"12:00 AM, Tuesday 18 October 2022","12:00 AM, 18 Oct 2022"
2022-10-17,,,,,,,,,,,float;#0,-1,,,,,,-1,-1,,,,,,,,,,,-1,,,,52,,,,,,,,,,,,,,,,,,,,,,,,,,,,,,,,,,,,,,,,,,,,,,,,,,,,,,,,,,,,,,,,,,,,-1,-1,-1,-1,,2380,400,,"12:00 AM, Monday 17 October 2022","12:00 AM, 17 Oct 2022"
2022-10-16,,,,,,,,,,,float;#0,-1,,,,,,-1,-1,,,,,,,,,,,-1,,,,40,,,,,,,,,,,,,,,,,,,,,,,,,,,,,,,,,,,,,,,,,,,,,,,,,,,,,,,,,,,,,,,,,,,,-1,-1,-1,-1,,,,,"12:00 AM, Sunday 16 October 2022","12:00 AM, 16 Oct 2022"
2022-10-15,,,,,,,,,,,float;#0,-1,,,,,,-1,-1,,,,,,,,,,,-1,,,,33,,,,,,,,,,,,,,,,,,,,,,,,,,,,,,,,,,,,,,,,,,,,,,,,,,,,,,,,,,,,,,,,,,,,-1,-1,-1,-1,,,,,"12:00 AM, Saturday 15 October 2022","12:00 AM, 15 Oct 2022"
2022-10-14,,,,,,,,,,,float;#0,-1,,,,,,-1,-1,,,,,,,,,,,-1,,,,38,,,,,,,,,,,,,,,,,,,,,,,,,,,,,,,,,,,,,,,,,,,,,,,,,,,,,,,,,,,,,,,,,,,,-1,-1,-1,-1,,,,,"12:00 AM, Friday 14 October 2022","12:00 AM, 14 Oct 2022"
2022-10-13,1099302,15802,1083500,96916,486755,499829,116,15482,1022655,5.28,float;#1038137.00000000,61048,32431,28617,0.531,0.469,38,365.49,732.84,320,60741,48809,2515,966,2202,648,5589,13,55,478,0,0,0,49,4,463,11,60401,32107,28294,0.532,0.468,38,141,124,17,85,3,43,10,2,0.014,6,0.043,11,0.078,26,0.184,53,0.376,43,0.305,0.411,0.589,0.933,0.03,0.037,0.111,0.033,0.856,0.844,0.156,0.278,25226,9659,172356,156126,6873,3487,4367,66210,2569,84,2152,279,2122,393,2347,93,75,1746,0.004,0.056,0.022,0.384,0.348,0.015,0.008,0.01,0.148,0.006,299,530,437,169,,,,-0.027175938,"12:00 AM, Thursday 13 October 2022","12:00 AM, 13 Oct 2022"
2022-10-12,,,,,,,,,,,float;#0,-1,,,,,,-1,-1,,,,,,,,,,,-1,,,,64,,,,,,,,,,,,,,,,,,,,,,,,,,,,,,,,,,,,,,,,,,,,,,,,,,,,,,,,,,,,,,,,,,,,-1,-1,-1,-1,,,,,"12:00 AM, Wednesday 12 October 2022","12:00 AM, 12 Oct 2022"
2022-10-11,,,,,,,,,,,float;#0,-1,,,,,,-1,-1,,,,,,,,,,,-1,,,,66,,,,,,,,,,,,,,,,,,,,,,,,,,,,,,,,,,,,,,,,,,,,,,,,,,,,,,,,,,,,,,,,,,,,-1,-1,-1,-1,,,,,"12:00 AM, Tuesday 11 October 2022","12:00 AM, 11 Oct 2022"
2022-10-10,,,,,,,,,,,float;#0,-1,,,,,,-1,-1,,,,,,,,,,,-1,,,,76,,,,,,,,,,,,,,,,,,,,,,,,,,,,,,,,,,,,,,,,,,,,,,,,,,,,,,,,,,,,,,,,,,,,-1,-1,-1,-1,,2080,450,,"12:00 AM, Monday 10 October 2022","12:00 AM, 10 Oct 2022"
2022-10-09,,,,,,,,,,,float;#0,-1,,,,,,-1,-1,,,,,,,,,,,-1,,,,42,,,,,,,,,,,,,,,,,,,,,,,,,,,,,,,,,,,,,,,,,,,,,,,,,,,,,,,,,,,,,,,,,,,,-1,-1,-1,-1,,,,,"12:00 AM, Sunday 9 October 2022","12:00 AM, 9 Oct 2022"
2022-10-08,,,,,,,,,,,float;#0,-1,,,,,,-1,-1,,,,,,,,,,,-1,,,,41,,,,,,,,,,,,,,,,,,,,,,,,,,,,,,,,,,,,,,,,,,,,,,,,,,,,,,,,,,,,,,,,,,,,-1,-1,-1,-1,,,,,"12:00 AM, Saturday 8 October 2022","12:00 AM, 8 Oct 2022"
2022-10-07,,,,,,,,,,,float;#0,-1,,,,,,-1,-1,,,,,,,,,,,-1,,,,45,,,,,,,,,,,,,,,,,,,,,,,,,,,,,,,,,,,,,,,,,,,,,,,,,,,,,,,,,,,,,,,,,,,,-1,-1,-1,-1,,,,,"12:00 AM, Friday 7 October 2022","12:00 AM, 7 Oct 2022"
2022-10-06,1096420,15802,1080618,96368,486755,497495,97,15482,1020194,5.39,float;#1035676.00000000,60646,32214,28432,0.531,0.469,38,359,709.65,320,60339,48426,2515,957,2192,648,5589,13,55,472,0,0,0,67,2,464,6,60006,31885,28121,0.531,0.469,38,141,124,17,85,3,43,10,2,0.014,6,0.043,11,0.078,26,0.184,53,0.376,43,0.305,0.411,0.589,0.933,0.03,0.037,0.111,0.033,0.856,0.844,0.156,0.278,25226,9659,172356,156126,6873,3487,4367,66210,2569,84,2152,279,2122,393,2347,93,75,1746,0.004,0.056,0.022,0.384,0.348,0.015,0.008,0.01,0.148,0.006,335,480,505,92,,,,0.023812919,"12:00 AM, Thursday 6 October 2022","12:00 AM, 6 Oct 2022"
2022-10-05,,,,,,,,,,,float;#0,-1,,,,,,-1,-1,,,,,,,,,,,-1,,,,60,,,,,,,,,,,,,,,,,,,,,,,,,,,,,,,,,,,,,,,,,,,,,,,,,,,,,,,,,,,,,,,,,,,,-1,-1,-1,-1,,,,,"12:00 AM, Wednesday 5 October 2022","12:00 AM, 5 Oct 2022"
2022-10-04,,,,,,,,,,,float;#0,-1,,,,,,-1,-1,,,,,,,,,,,-1,,,,70,,,,,,,,,,,,,,,,,,,,,,,,,,,,,,,,,,,,,,,,,,,,,,,,,,,,,,,,,,,,,,,,,,,,-1,-1,-1,-1,,,,,"12:00 AM, Tuesday 4 October 2022","12:00 AM, 4 Oct 2022"
2022-10-03,,,,,,,,,,,float;#0,-1,,,,,,-1,-1,,,,,,,,,,,-1,,,,78,,,,,,,,,,,,,,,,,,,,,,,,,,,,,,,,,,,,,,,,,,,,,,,,,,,,,,,,,,,,,,,,,,,,-1,-1,-1,-1,,2520,440,,"12:00 AM, Monday 3 October 2022","12:00 AM, 3 Oct 2022"
2022-10-02,,,,,,,,,,,float;#0,-1,,,,,,-1,-1,,,,,,,,,,,-1,,,,47,,,,,,,,,,,,,,,,,,,,,,,,,,,,,,,,,,,,,,,,,,,,,,,,,,,,,,,,,,,,,,,,,,,,-1,-1,-1,-1,,,,,"12:00 AM, Sunday 2 October 2022","12:00 AM, 2 Oct 2022"
2022-10-01,,,,,,,,,,,float;#0,-1,,,,,,-1,-1,,,,,,,,,,,-1,,,,28,,,,,,,,,,,,,,,,,,,,,,,,,,,,,,,,,,,,,,,,,,,,,,,,,,,,,,,,,,,,,,,,,,,,-1,-1,-1,-1,,,,,"12:00 AM, Saturday 1 October 2022","12:00 AM, 1 Oct 2022"
2022-09-30,,,,,,,,,,,float;#0,-1,,,,,,-1,-1,,,,,,,,,,,-1,,,,56,,,,,,,,,,,,,,,,,,,,,,,,,,,,,,,,,,,,,,,,,,,,,,,,,,,,,,,,,,,,,,,,,,,,-1,-1,-1,-1,,,,,"12:00 AM, Friday 30 September 2022","12:00 AM, 30 Sep 2022"
2022-09-29,1093720,15802,1077918,95839,486755,495324,142,15482,1017843,5.17,float;#1033325.00000000,60252,31988,28264,0.531,0.469,38,345.08,640.07,320,59945,48054,2515,945,2188,642,5589,13,55,452,0,0,0,53,23,422,7,59632,31689,27943,0.531,0.469,38,139,122,17,84,3,42,10,2,0.014,6,0.043,11,0.079,26,0.187,52,0.374,42,0.302,0.41,0.59,0.933,0.03,0.037,0.111,0.033,0.856,0.844,0.156,0.278,25226,9659,172356,156126,6873,3487,4367,66210,2569,84,2152,279,2122,393,2347,93,75,1746,0.004,0.056,0.022,0.384,0.348,0.015,0.008,0.01,0.148,0.006,305,439,421,208,,,,0.169802366,"12:00 AM, Thursday 29 September 2022","12:00 AM, 29 Sep 2022"
2022-09-28,,,,,,,,,,,float;#0,-1,,,,,,-1,-1,,,,,,,,,,,-1,,,,67,,,,,,,,,,,,,,,,,,,,,,,,,,,,,,,,,,,,,,,,,,,,,,,,,,,,,,,,,,,,,,,,,,,,-1,-1,-1,-1,,,,,"12:00 AM, Wednesday 28 September 2022","12:00 AM, 28 Sep 2022"
2022-09-27,,,,,,,,,,,float;#0,-1,,,,,,-1,-1,,,,,,,,,,,-1,,,,64,,,,,,,,,,,,,,,,,,,,,,,,,,,,,,,,,,,,,,,,,,,,,,,,,,,,,,,,,,,,,,,,,,,,-1,-1,-1,-1,,,,,"12:00 AM, Tuesday 27 September 2022","12:00 AM, 27 Sep 2022"
2022-09-26,,,,,,,,,,,float;#0,-1,,,,,,-1,-1,,,,,,,,,,,-1,,,,83,,,,,,,,,,,,,,,,,,,,,,,,,,,,,,,,,,,,,,,,,,,,,,,,,,,,,,,,,,,,,,,,,,,,-1,-1,-1,-1,,1900,400,,"12:00 AM, Monday 26 September 2022","12:00 AM, 26 Sep 2022"
2022-09-25,,,,,,,,,,,float;#0,-1,,,,,,-1,-1,,,,,,,,,,,-1,,,,33,,,,,,,,,,,,,,,,,,,,,,,,,,,,,,,,,,,,,,,,,,,,,,,,,,,,,,,,,,,,,,,,,,,,-1,-1,-1,-1,,,,,"12:00 AM, Sunday 25 September 2022","12:00 AM, 25 Sep 2022"
2022-09-24,,,,,,,,,,,float;#0,-1,,,,,,-1,-1,,,,,,,,,,,-1,,,,32,,,,,,,,,,,,,,,,,,,,,,,,,,,,,,,,,,,,,,,,,,,,,,,,,,,,,,,,,,,,,,,,,,,,-1,-1,-1,-1,,,,,"12:00 AM, Saturday 24 September 2022","12:00 AM, 24 Sep 2022"
2022-09-23,,,,,,,,,,,float;#0,-1,,,,,,-1,-1,,,,,,,,,,,-1,,,,47,,,,,,,,,,,,,,,,,,,,,,,,,,,,,,,,,,,,,,,,,,,,,,,,,,,,,,,,,,,,,,,,,,,,-1,-1,-1,-1,,,,,"12:00 AM, Friday 23 September 2022","12:00 AM, 23 Sep 2022"
2022-09-22,1090772,15802,1074970,95333,486755,492882,105,15482,1015310,4.85,float;#1030792.00000000,59874,31795,28079,0.531,0.469,38,290.35,554.73,320,59567,47712,2515,932,2176,631,5589,13,55,378,0,0,0,50,8,364,6,59328,31528,27800,0.531,0.469,38,138,121,17,83,3,42,10,2,0.014,6,0.043,11,0.08,25,0.181,52,0.377,42,0.304,0.406,0.594,0.933,0.03,0.037,0.111,0.033,0.856,0.844,0.156,0.278,25226,9659,172356,156126,6873,3487,4367,66210,2569,84,2152,279,2122,393,2347,93,75,1746,0.004,0.056,0.022,0.384,0.348,0.015,0.008,0.01,0.148,0.006,259,353,320,242,,,,0.053863744,"12:00 AM, Thursday 22 September 2022","12:00 AM, 22 Sep 2022"
2022-09-21,,,,,,,,,,,float;#0,-1,,,,,,-1,-1,,,,,,,,,,,-1,,,,57,,,,,,,,,,,,,,,,,,,,,,,,,,,,,,,,,,,,,,,,,,,,,,,,,,,,,,,,,,,,,,,,,,,,-1,-1,-1,-1,,,,,"12:00 AM, Wednesday 21 September 2022","12:00 AM, 21 Sep 2022"
2022-09-20,,,,,,,,,,,float;#0,-1,,,,,,-1,-1,,,,,,,,,,,-1,,,,97,,,,,,,,,,,,,,,,,,,,,,,,,,,,,,,,,,,,,,,,,,,,,,,,,,,,,,,,,,,,,,,,,,,,-1,-1,-1,-1,,,,,"12:00 AM, Tuesday 20 September 2022","12:00 AM, 20 Sep 2022"
2022-09-19,,,,,,,,,,,float;#0,-1,,,,,,-1,-1,,,,,,,,,,,-1,,,,17,,,,,,,,,,,,,,,,,,,,,,,,,,,,,,,,,,,,,,,,,,,,,,,,,,,,,,,,,,,,,,,,,,,,-1,-1,-1,-1,,2480,370,,"12:00 AM, Monday 19 September 2022","12:00 AM, 19 Sep 2022"
2022-09-18,,,,,,,,,,,float;#0,-1,,,,,,-1,-1,,,,,,,,,,,-1,,,,22,,,,,,,,,,,,,,,,,,,,,,,,,,,,,,,,,,,,,,,,,,,,,,,,,,,,,,,,,,,,,,,,,,,,-1,-1,-1,-1,,,,,"12:00 AM, Sunday 18 September 2022","12:00 AM, 18 Sep 2022"
2022-09-17,,,,,,,,,,,float;#0,-1,,,,,,-1,-1,,,,,,,,,,,-1,,,,29,,,,,,,,,,,,,,,,,,,,,,,,,,,,,,,,,,,,,,,,,,,,,,,,,,,,,,,,,,,,,,,,,,,,-1,-1,-1,-1,,,,,"12:00 AM, Saturday 17 September 2022","12:00 AM, 17 Sep 2022"
2022-09-16,,,,,,,,,,,float;#0,-1,,,,,,-1,-1,,,,,,,,,,,-1,,,,40,,,,,,,,,,,,,,,,,,,,,,,,,,,,,,,,,,,,,,,,,,,,,,,,,,,,,,,,,,,,,,,,,,,,-1,-1,-1,-1,,,,,"12:00 AM, Friday 16 September 2022","12:00 AM, 16 Sep 2022"
2022-09-15,1088321,15802,1072519,94879,486755,490885,117,15482,1013166,6.12,float;#1028648.00000000,59555,31625,27930,0.531,0.469,38,259.74,458.26,320,59248,47423,2515,915,2166,628,5589,13,55,329,0,0,0,55,0,320,9,59058,31372,27686,0.531,0.469,38,138,121,17,83,3,42,10,2,0.014,6,0.043,11,0.08,25,0.181,52,0.377,42,0.304,0.406,0.594,0.933,0.03,0.037,0.111,0.033,0.856,0.844,0.156,0.278,25226,9659,172356,156126,6873,3487,4367,66210,2569,84,2152,279,2122,393,2347,93,75,1746,0.004,0.056,0.022,0.384,0.348,0.015,0.008,0.01,0.148,0.006,249,344,224,237,,,,0.272736182,"12:00 AM, Thursday 15 September 2022","12:00 AM, 15 Sep 2022"
2022-09-14,,,,,,,,,,,float;#0,-1,,,,,,-1,-1,,,,,,,,,,,-1,,,,44,,,,,,,,,,,,,,,,,,,,,,,,,,,,,,,,,,,,,,,,,,,,,,,,,,,,,,,,,,,,,,,,,,,,-1,-1,-1,-1,,,,,"12:00 AM, Wednesday 14 September 2022","12:00 AM, 14 Sep 2022"
2022-09-13,,,,,,,,,,,float;#0,-1,,,,,,-1,-1,,,,,,,,,,,-1,,,,56,,,,,,,,,,,,,,,,,,,,,,,,,,,,,,,,,,,,,,,,,,,,,,,,,,,,,,,,,,,,,,,,,,,,-1,-1,-1,-1,,,,,"12:00 AM, Tuesday 13 September 2022","12:00 AM, 13 Sep 2022"
2022-09-12,,,,,,,,,,,float;#0,-1,,,,,,-1,-1,,,,,,,,,,,-1,,,,50,,,,,,,,,,,,,,,,,,,,,,,,,,,,,,,,,,,,,,,,,,,,,,,,,,,,,,,,,,,,,,,,,,,,-1,-1,-1,-1,,1990,270,,"12:00 AM, Monday 12 September 2022","12:00 AM, 12 Sep 2022"
2022-09-11,,,,,,,,,,,float;#0,-1,,,,,,-1,-1,,,,,,,,,,,-1,,,,30,,,,,,,,,,,,,,,,,,,,,,,,,,,,,,,,,,,,,,,,,,,,,,,,,,,,,,,,,,,,,,,,,,,,-1,-1,-1,-1,,,,,"12:00 AM, Sunday 11 September 2022","12:00 AM, 11 Sep 2022"
2022-09-10,,,,,,,,,,,float;#0,-1,,,,,,-1,-1,,,,,,,,,,,-1,,,,30,,,,,,,,,,,,,,,,,,,,,,,,,,,,,,,,,,,,,,,,,,,,,,,,,,,,,,,,,,,,,,,,,,,,-1,-1,-1,-1,,,,,"12:00 AM, Saturday 10 September 2022","12:00 AM, 10 Sep 2022"
2022-09-09,,,,,,,,,,,float;#0,-1,,,,,,-1,-1,,,,,,,,,,,-1,,,,35,,,,,,,,,,,,,,,,,,,,,,,,,,,,,,,,,,,,,,,,,,,,,,,,,,,,,,,,,,,,,,,,,,,,-1,-1,-1,-1,,,,,"12:00 AM, Friday 9 September 2022","12:00 AM, 9 Sep 2022"
2022-09-08,1085344,15802,1069542,94433,486755,488354,73,15482,1010518,4.8,float;#1026000.00000000,59270,31461,27809,0.531,0.469,38,193.88,351.58,320,58963,47158,2515,904,2160,625,5589,13,55,268,0,0,0,38,0,266,2,58834,31246,27588,0.531,0.469,38,137,120,17,82,3,42,10,2,0.015,6,0.044,11,0.08,25,0.182,51,0.372,42,0.307,0.409,0.591,0.933,0.03,0.037,0.111,0.033,0.856,0.844,0.156,0.278,25226,9659,172356,156126,6873,3487,4367,66210,2569,84,2152,279,2122,393,2347,93,75,1746,0.004,0.056,0.022,0.384,0.348,0.015,0.008,0.01,0.148,0.006,200,268,164,136,,,,0.148374104,"2:55 PM, Thursday 8 September 2022","2:55 PM, 8 Sep 2022"
2022-09-07,,,,,,,,,,,float;#0,-1,,,,,,-1,-1,,,,,,,,,,,-1,,,,40,,,,,,,,,,,,,,,,,,,,,,,,,,,,,,,,,,,,,,,,,,,,,,,,,,,,,,,,,,,,,,,,,,,,-1,-1,-1,-1,,,,,"12:00 AM, Wednesday 7 September 2022","12:00 AM, 7 Sep 2022"
2022-09-06,,,,,,,,,,,float;#0,-1,,,,,,-1,-1,,,,,,,,,,,-1,,,,30,,,,,,,,,,,,,,,,,,,,,,,,,,,,,,,,,,,,,,,,,,,,,,,,,,,,,,,,,,,,,,,,,,,,-1,-1,-1,-1,,,,,"12:00 AM, Tuesday 6 September 2022","12:00 AM, 6 Sep 2022"
2022-09-05,1084268,15802,1068466,94278,486755,487433,131,15482,1009491,4.88,float;#1024973.00000000,59163,31402,27761,0.531,0.469,38,188.31,328.39,320,58856,47060,2515,901,2154,625,5589,13,55,235,0,0,0,37,0,232,3,58762,31207,27555,0.531,0.469,38,136,119,17,82,3,42,9,2,0.015,6,0.044,10,0.074,25,0.184,51,0.375,42,0.309,0.404,0.596,0.933,0.03,0.037,0.111,0.033,0.856,0.844,0.156,0.278,25226,9659,172356,156126,6873,3487,4367,66210,2569,84,2152,279,2122,393,2347,93,75,1746,0.004,0.056,0.022,0.384,0.348,0.015,0.008,0.01,0.148,0.006,230,240,200,82,,2320,220,0.429514917,"5:00 PM, Monday 5 September 2022","5:00 PM, 5 Sep 2022"
2022-09-04,,,,,,,,,,,float;#0,-1,,,,,,-1,-1,,,,,,,,,,,-1,,,,19,,,,,,,,,,,,,,,,,,,,,,,,,,,,,,,,,,,,,,,,,,,,,,,,,,,,,,,,,,,,,,,,,,,,-1,-1,-1,-1,,,,,"12:00 AM, Sunday 4 September 2022","12:00 AM, 4 Sep 2022"
2022-09-03,,,,,,,,,,,float;#0,-1,,,,,,-1,-1,,,,,,,,,,,-1,,,,23,,,,,,,,,,,,,,,,,,,,,,,,,,,,,,,,,,,,,,,,,,,,,,,,,,,,,,,,,,,,,,,,,,,,-1,-1,-1,-1,,,,,"12:00 AM, Saturday 3 September 2022","12:00 AM, 3 Sep 2022"
2022-09-02,,,,,,,,,,,float;#0,-1,,,,,,-1,-1,,,,,,,,,,,-1,,,,32,,,,,,,,,,,,,,,,,,,,,,,,,,,,,,,,,,,,,,,,,,,,,,,,,,,,,,,,,,,,,,,,,,,,-1,-1,-1,-1,,,,,"12:00 AM, Friday 2 September 2022","12:00 AM, 2 Sep 2022"
2022-09-01,,,,,,,,,,,float;#0,-1,,,,,,-1,-1,,,,,,,,,,,-1,,,,32,,,,,,,,,,,,,,,,,,,,,,,,,,,,,,,,,,,,,,,,,,,,,,,,,,,,,,,,,,,,,,,,,,,,-1,-1,-1,-1,,,,,"12:00 AM, Thursday 1 September 2022","12:00 AM, 1 Sep 2022"
2022-08-31,,,,,,,,,,,float;#0,-1,,,,,,-1,-1,,,,,,,,,,,-1,,,,47,,,,,,,,,,,,,,,,,,,,,,,,,,,,,,,,,,,,,,,,,,,,,,,,,,,,,,,,,,,,,,,,,,,,-1,-1,-1,-1,,,,,"12:00 AM, Wednesday 31 August 2022","12:00 AM, 31 Aug 2022"
2022-08-30,,,,,,,,,,,float;#0,-1,,,,,,-1,-1,,,,,,,,,,,-1,,,,40,,,,,,,,,,,,,,,,,,,,,,,,,,,,,,,,,,,,,,,,,,,,,,,,,,,,,,,,,,,,,,,,,,,,-1,-1,-1,-1,,,,,"12:00 AM, Tuesday 30 August 2022","12:00 AM, 30 Aug 2022"
2022-08-29,,,,,,,,,,,float;#0,-1,,,,,,-1,-1,,,,,,,,,,,-1,,,,16,,,,,,,,,,,,,,,,,,,,,,,,,,,,,,,,,,,,,,,,,,,,,,,,,,,,,,,,,,,,,,,,,,,,-1,-1,-1,-1,,1830,170,,"12:00 AM, Monday 29 August 2022","12:00 AM, 29 Aug 2022"
2022-08-28,,,,,,,,,,,float;#0,-1,,,,,,-1,-1,,,,,,,,,,,-1,,,,12,,,,,,,,,,,,,,,,,,,,,,,,,,,,,,,,,,,,,,,,,,,,,,,,,,,,,,,,,,,,,,,,,,,,-1,-1,-1,-1,,,,,"12:00 AM, Sunday 28 August 2022","12:00 AM, 28 Aug 2022"
2022-08-27,,,,,,,,,,,float;#0,-1,,,,,,-1,-1,,,,,,,,,,,-1,,,,15,,,,,,,,,,,,,,,,,,,,,,,,,,,,,,,,,,,,,,,,,,,,,,,,,,,,,,,,,,,,,,,,,,,,-1,-1,-1,-1,,,,,"12:00 AM, Saturday 27 August 2022","12:00 AM, 27 Aug 2022"
2022-08-26,,,,,,,,,,,float;#0,-1,,,,,,-1,-1,,,,,,,,,,,-1,,,,19,,,,,,,,,,,,,,,,,,,,,,,,,,,,,,,,,,,,,,,,,,,,,,,,,,,,,,,,,,,,,,,,,,,,-1,-1,-1,-1,,,,,"12:00 AM, Friday 26 August 2022","12:00 AM, 26 Aug 2022"
2022-08-25,1080809,15802,1065007,93903,486755,484349,107,15482,1006329,4.83,float;#1021811.00000000,58890,31247,27643,0.531,0.469,38,141,325.6,320,58583,46808,2515,889,2149,621,5589,13,55,193,0,0,0,19,1,187,5,58531,31073,27458,0.531,0.469,38,136,119,17,82,3,42,9,2,0.015,6,0.044,10,0.074,25,0.184,51,0.375,42,0.309,0.404,0.596,0.933,0.03,0.037,0.111,0.033,0.856,0.844,0.156,0.278,25226,9659,172356,156126,6873,3487,4367,66210,2569,84,2152,279,2122,393,2347,93,75,1746,0.004,0.056,0.022,0.384,0.348,0.015,0.008,0.01,0.148,0.006,144,205,160,68,,,,-0.155587496,"12:00 AM, Thursday 25 August 2022","12:00 AM, 25 Aug 2022"
2022-08-24,,,,,,,,,,,float;#0,-1,,,,,,-1,-1,,,,,,,,,,,-1,,,,32,,,,,,,,,,,,,,,,,,,,,,,,,,,,,,,,,,,,,,,,,,,,,,,,,,,,,,,,,,,,,,,,,,,,-1,-1,-1,-1,,,,,"12:00 AM, Wednesday 24 August 2022","12:00 AM, 24 Aug 2022"
2022-08-23,,,,,,,,,,,float;#0,-1,,,,,,-1,-1,,,,,,,,,,,-1,,,,27,,,,,,,,,,,,,,,,,,,,,,,,,,,,,,,,,,,,,,,,,,,,,,,,,,,,,,,,,,,,,,,,,,,,-1,-1,-1,-1,,,,,"12:00 AM, Tuesday 23 August 2022","12:00 AM, 23 Aug 2022"
2022-08-22,,,,,,,,,,,float;#0,-1,,,,,,-1,-1,,,,,,,,,,,-1,,,,23,,,,,,,,,,,,,,,,,,,,,,,,,,,,,,,,,,,,,,,,,,,,,,,,,,,,,,,,,,,,,,,,,,,,-1,-1,-1,-1,,2540,180,,"12:00 AM, Monday 22 August 2022","12:00 AM, 22 Aug 2022"
2022-08-21,,,,,,,,,,,float;#0,-1,,,,,,-1,-1,,,,,,,,,,,-1,,,,8,,,,,,,,,,,,,,,,,,,,,,,,,,,,,,,,,,,,,,,,,,,,,,,,,,,,,,,,,,,,,,,,,,,,-1,-1,-1,-1,,,,,"12:00 AM, Sunday 21 August 2022","12:00 AM, 21 Aug 2022"
2022-08-20,,,,,,,,,,,float;#0,-1,,,,,,-1,-1,,,,,,,,,,,-1,,,,22,,,,,,,,,,,,,,,,,,,,,,,,,,,,,,,,,,,,,,,,,,,,,,,,,,,,,,,,,,,,,,,,,,,,-1,-1,-1,-1,,,,,"12:00 AM, Saturday 20 August 2022","12:00 AM, 20 Aug 2022"
2022-08-19,,,,,,,,,,,float;#0,-1,,,,,,-1,-1,,,,,,,,,,,-1,,,,22,,,,,,,,,,,,,,,,,,,,,,,,,,,,,,,,,,,,,,,,,,,,,,,,,,,,,,,,,,,,,,,,,,,,-1,-1,-1,-1,,,,,"12:00 AM, Friday 19 August 2022","12:00 AM, 19 Aug 2022"
2022-08-18,1078419,15802,1062617,93705,486755,482157,40,15482,1004163,5.71,float;#1019645.00000000,58733,31150,27583,0.53,0.47,38,179.96,371.06,320,58426,46672,2515,872,2146,620,5589,13,55,234,0,0,0,21,1,227,6,58334,30956,27378,0.531,0.469,38,135,118,17,81,3,42,9,2,0.015,6,0.044,10,0.074,24,0.178,51,0.378,42,0.311,0.407,0.593,0.933,0.03,0.037,0.111,0.033,0.856,0.844,0.156,0.278,25226,9659,172356,156126,6873,3487,4367,66210,2569,84,2152,279,2122,393,2347,93,75,1746,0.004,0.056,0.022,0.384,0.348,0.015,0.008,0.01,0.148,0.006,164,189,300,68,,,,-0.030022099,"3:22 PM, Thursday 18 August 2022","3:22 PM, 18 Aug 2022"
2022-08-17,,,,,,,,,,,float;#0,-1,,,,,,-1,-1,,,,,,,,,,,-1,,,,34,,,,,,,,,,,,,,,,,,,,,,,,,,,,,,,,,,,,,,,,,,,,,,,,,,,,,,,,,,,,,,,,,,,,-1,-1,-1,-1,,,,,"10:00 AM, Wednesday 17 August 2022","10:00 AM, 17 Aug 2022"
2022-08-16,,,,,,,,,,,float;#0,-1,,,,,,-1,-1,,,,,,,,,,,-1,,,,26,,,,,,,,,,,,,,,,,,,,,,,,,,,,,,,,,,,,,,,,,,,,,,,,,,,,,,,,,,,,,,,,,,,,-1,-1,-1,-1,,,,,"10:00 AM, Tuesday 16 August 2022","10:00 AM, 16 Aug 2022"
2022-08-15,,,,,,,,,,,float;#0,-1,,,,,,-1,-1,,,,,,,,,,,-1,,,,30,,,,,,,,,,,,,,,,,,,,,,,,,,,,,,,,,,,,,,,,,,,,,,,,,,,,,,,,,,,,,,,,,,,,-1,-1,-1,-1,,1920,240,,"10:00 AM, Monday 15 August 2022","10:00 AM, 15 Aug 2022"
2022-08-14,,,,,,,,,,,float;#0,-1,,,,,,-1,-1,,,,,,,,,,,-1,,,,26,,,,,,,,,,,,,,,,,,,,,,,,,,,,,,,,,,,,,,,,,,,,,,,,,,,,,,,,,,,,,,,,,,,,-1,-1,-1,-1,,,,,"10:00 AM, Sunday 14 August 2022","10:00 AM, 14 Aug 2022"
2022-08-13,,,,,,,,,,,float;#0,-1,,,,,,-1,-1,,,,,,,,,,,-1,,,,16,,,,,,,,,,,,,,,,,,,,,,,,,,,,,,,,,,,,,,,,,,,,,,,,,,,,,,,,,,,,,,,,,,,,-1,-1,-1,-1,,,,,"10:00 AM, Saturday 13 August 2022","10:00 AM, 13 Aug 2022"
2022-08-12,,,,,,,,,,,float;#0,-1,,,,,,-1,-1,,,,,,,,,,,-1,,,,26,,,,,,,,,,,,,,,,,,,,,,,,,,,,,,,,,,,,,,,,,,,,,,,,,,,,,,,,,,,,,,,,,,,,-1,-1,-1,-1,,,,,"10:00 AM, Friday 12 August 2022","10:00 AM, 12 Aug 2022"
2022-08-11,1075810,15802,1060008,93445,486755,479808,47,15482,1001744,5.39,float;#1017226.00000000,58536,31042,27494,0.53,0.47,38,188.31,490.72,320,58229,46489,2515,862,2142,620,5589,13,55,291,0,0,0,39,0,201,4,58080,30817,27263,0.531,0.469,38,135,118,17,81,3,42,9,2,0.015,6,0.044,10,0.074,24,0.178,51,0.378,42,0.311,0.407,0.593,0.933,0.03,0.037,0.111,0.033,0.856,0.844,0.156,0.278,25226,9659,172356,156126,6873,3487,4367,66210,2569,84,2152,279,2122,393,2347,93,75,1746,0.004,0.056,0.022,0.384,0.348,0.015,0.008,0.01,0.148,0.006,194,246,208,73,,,,-0.373469524,"4:00 PM, Thursday 11 August 2022","4:00 PM, 11 Aug 2022"
2022-08-10,,,,,,,,,,,float;#0,-1,,,,,,-1,-1,,,,,,,,,,,-1,,,,31,,,,,,,,,,,,,,,,,,,,,,,,,,,,,,,,,,,,,,,,,,,,,,,,,,,,,,,,,,,,,,,,,,,,-1,-1,-1,-1,,,,,"12:00 AM, Wednesday 10 August 2022","12:00 AM, 10 Aug 2022"
2022-08-09,,,,,,,,,,,float;#0,-1,,,,,,-1,-1,,,,,,,,,,,-1,,,,32,,,,,,,,,,,,,,,,,,,,,,,,,,,,,,,,,,,,,,,,,,,,,,,,,,,,,,,,,,,,,,,,,,,,-1,-1,-1,-1,,,,,"12:00 AM, Tuesday 9 August 2022","12:00 AM, 9 Aug 2022"
2022-08-08,,,,,,,,,,,float;#0,-1,,,,,,-1,-1,,,,,,,,,,,-1,,,,33,,,,,,,,,,,,,,,,,,,,,,,,,,,,,,,,,,,,,,,,,,,,,,,,,,,,,,,,,,,,,,,,,,,,-1,-1,-1,-1,,2490,320,,"12:00 AM, Monday 8 August 2022","12:00 AM, 8 Aug 2022"
2022-08-07,,,,,,,,,,,float;#0,-1,,,,,,-1,-1,,,,,,,,,,,-1,,,,22,,,,,,,,,,,,,,,,,,,,,,,,,,,,,,,,,,,,,,,,,,,,,,,,,,,,,,,,,,,,,,,,,,,,-1,-1,-1,-1,,,,,"12:00 AM, Sunday 7 August 2022","12:00 AM, 7 Aug 2022"
2022-08-06,,,,,,,,,,,float;#0,-1,,,,,,-1,-1,,,,,,,,,,,-1,,,,25,,,,,,,,,,,,,,,,,,,,,,,,,,,,,,,,,,,,,,,,,,,,,,,,,,,,,,,,,,,,,,,,,,,,-1,-1,-1,-1,,,,,"12:00 AM, Saturday 6 August 2022","12:00 AM, 6 Aug 2022"
2022-08-05,,,,,,,,,,,float;#0,-1,,,,,,-1,-1,,,,,,,,,,,-1,,,,19,,,,,,,,,,,,,,,,,,,,,,,,,,,,,,,,,,,,,,,,,,,,,,,,,,,,,,,,,,,,,,,,,,,,-1,-1,-1,-1,,,,,"12:00 AM, Friday 5 August 2022","12:00 AM, 5 Aug 2022"
2022-08-04,1073445,15802,1057643,93156,486755,477732,73,15482,999558,5.28,float;#1015040.00000000,58331,30931,27400,0.53,0.47,38,300.56,705.01,320,58024,46299,2515,850,2139,620,5589,13,55,409,0,0,0,42,2,404,3,57757,30639,27118,0.53,0.47,38,135,118,17,81,3,42,9,2,0.015,6,0.044,10,0.074,24,0.178,51,0.378,42,0.311,0.407,0.593,0.933,0.03,0.037,0.111,0.033,0.856,0.844,0.156,0.278,25226,9659,172356,156126,6873,3487,4367,66210,2569,84,2152,279,2122,393,2347,93,75,1746,0.004,0.056,0.022,0.384,0.348,0.015,0.008,0.01,0.148,0.006,318,394,320,136,,,,-0.167077733,"10:00 AM, Thursday 4 August 2022","10:00 AM, 4 Aug 2022"
2022-08-03,,,,,,,,,,,float;#0,-1,,,,,,-1,-1,,,,,,,,,,,-1,,,,49,,,,,,,,,,,,,,,,,,,,,,,,,,,,,,,,,,,,,,,,,,,,,,,,,,,,,,,,,,,,,,,,,,,,-1,-1,-1,-1,,,,,"10:00 AM, Wednesday 3 August 2022","10:00 AM, 3 Aug 2022"
2022-08-02,,,,,,,,,,,float;#0,-1,,,,,,-1,-1,,,,,,,,,,,-1,,,,51,,,,,,,,,,,,,,,,,,,,,,,,,,,,,,,,,,,,,,,,,,,,,,,,,,,,,,,,,,,,,,,,,,,,-1,-1,-1,-1,,,,,"10:00 AM, Tuesday 2 August 2022","10:00 AM, 2 Aug 2022"
2022-08-01,,,,,,,,,,,float;#0,-1,,,,,,-1,-1,,,,,,,,,,,-1,,,,84,,,,,,,,,,,,,,,,,,,,,,,,,,,,,,,,,,,,,,,,,,,,,,,,,,,,,,,,,,,,,,,,,,,,-1,-1,-1,-1,,2310,400,,"10:00 AM, Monday 1 August 2022","10:00 AM, 1 Aug 2022"
2022-07-31,,,,,,,,,,,float;#0,-1,,,,,,-1,-1,,,,,,,,,,,-1,,,,32,,,,,,,,,,,,,,,,,,,,,,,,,,,,,,,,,,,,,,,,,,,,,,,,,,,,,,,,,,,,,,,,,,,,-1,-1,-1,-1,,,,,"10:00 AM, Sunday 31 July 2022","10:00 AM, 31 Jul 2022"
2022-07-30,,,,,,,,,,,float;#0,-1,,,,,,-1,-1,,,,,,,,,,,-1,,,,24,,,,,,,,,,,,,,,,,,,,,,,,,,,,,,,,,,,,,,,,,,,,,,,,,,,,,,,,,,,,,,,,,,,,-1,-1,-1,-1,,,,,"10:00 AM, Saturday 30 July 2022","10:00 AM, 30 Jul 2022"
2022-07-29,,,,,,,,,,,float;#0,-1,,,,,,-1,-1,,,,,,,,,,,-1,,,,38,,,,,,,,,,,,,,,,,,,,,,,,,,,,,,,,,,,,,,,,,,,,,,,,,,,,,,,,,,,,,,,,,,,,-1,-1,-1,-1,,,,,"10:00 AM, Friday 29 July 2022","10:00 AM, 29 Jul 2022"
2022-07-28,1070515,15802,1054713,92727,486755,475231,89,15482,996940,5.75,float;#1012422.00000000,58003,30739,27264,0.53,0.47,38,401.67,1094.62,320,57696,45991,2515,840,2131,618,5589,13,55,571,0,0,0,51,8,557,6,57267,30353,26914,0.53,0.47,37,133,116,17,80,3,42,8,2,0.015,6,0.045,10,0.075,24,0.18,51,0.383,40,0.301,0.414,0.586,0.933,0.03,0.037,0.111,0.033,0.856,0.844,0.156,0.278,25226,9659,172356,156126,6873,3487,4367,66210,2569,84,2152,279,2122,393,2347,93,75,1746,0.004,0.056,0.022,0.384,0.348,0.015,0.008,0.01,0.148,0.006,358,562,469,194,,,,-0.383194361,"10:00 AM, Thursday 28 July 2022","10:00 AM, 28 Jul 2022"
2022-07-27,,,,,,,,,,,float;#0,-1,,,,,,-1,-1,,,,,,,,,,,-1,,,,55,,,,,,,,,,,,,,,,,,,,,,,,,,,,,,,,,,,,,,,,,,,,,,,,,,,,,,,,,,,,,,,,,,,,-1,-1,-1,-1,,,,,"10:00 AM, Wednesday 27 July 2022","10:00 AM, 27 Jul 2022"
2022-07-26,,,,,,,,,,,float;#0,-1,,,,,,-1,-1,,,,,,,,,,,-1,,,,62,,,,,,,,,,,,,,,,,,,,,,,,,,,,,,,,,,,,,,,,,,,,,,,,,,,,,,,,,,,,,,,,,,,,-1,-1,-1,-1,,,,,"10:00 AM, Tuesday 26 July 2022","10:00 AM, 26 Jul 2022"
2022-07-25,,,,,,,,,,,float;#0,-1,,,,,,-1,-1,,,,,,,,,,,-1,,,,83,,,,,,,,,,,,,,,,,,,,,,,,,,,,,,,,,,,,,,,,,,,,,,,,,,,,,,,,,,,,,,,,,,,,-1,-1,-1,-1,,3340,620,,"10:00 AM, Monday 25 July 2022","10:00 AM, 25 Jul 2022"
2022-07-24,,,,,,,,,,,float;#0,-1,,,,,,-1,-1,,,,,,,,,,,-1,,,,44,,,,,,,,,,,,,,,,,,,,,,,,,,,,,,,,,,,,,,,,,,,,,,,,,,,,,,,,,,,,,,,,,,,,-1,-1,-1,-1,,,,,"10:00 AM, Sunday 24 July 2022","10:00 AM, 24 Jul 2022"
2022-07-23,,,,,,,,,,,float;#0,-1,,,,,,-1,-1,,,,,,,,,,,-1,,,,48,,,,,,,,,,,,,,,,,,,,,,,,,,,,,,,,,,,,,,,,,,,,,,,,,,,,,,,,,,,,,,,,,,,,-1,-1,-1,-1,,,,,"10:00 AM, Saturday 23 July 2022","10:00 AM, 23 Jul 2022"
2022-07-22,,,,,,,,,,,float;#0,-1,,,,,,-1,-1,,,,,,,,,,,-1,,,,54,,,,,,,,,,,,,,,,,,,,,,,,,,,,,,,,,,,,,,,,,,,,,,,,,,,,,,,,,,,,,,,,,,,,-1,-1,-1,-1,,,,,"10:00 AM, Friday 22 July 2022","10:00 AM, 22 Jul 2022"
2022-07-21,1067252,15802,1051450,92148,486755,472547,191,15482,994037,5.67,float;#1009519.00000000,57541,30479,27062,0.53,0.47,38,666.05,1828.39,320,57234,45553,2515,825,2123,617,5589,13,55,927,0,0,0,98,18,900,9,56451,29898,26553,0.53,0.47,37,132,115,17,80,3,41,8,2,0.015,6,0.045,10,0.076,24,0.182,51,0.386,39,0.295,0.409,0.591,0.933,0.03,0.037,0.111,0.033,0.856,0.844,0.156,0.278,25226,9659,172356,156126,6873,3487,4367,66210,2569,84,2152,279,2122,393,2347,93,75,1746,0.004,0.056,0.022,0.384,0.348,0.015,0.008,0.01,0.148,0.006,630,902,737,402,,,,-0.395620849,"10:00 AM, Thursday 21 July 2022","10:00 AM, 21 Jul 2022"
2022-07-20,,,,,,,,,,,float;#0,-1,,,,,,-1,-1,,,,,,,,,,,-1,,,,99,,,,,,,,,,,,,,,,,,,,,,,,,,,,,,,,,,,,,,,,,,,,,,,,,,,,,,,,,,,,,,,,,,,,-1,-1,-1,-1,,,,,"10:00 AM, Wednesday 20 July 2022","10:00 AM, 20 Jul 2022"
2022-07-19,,,,,,,,,,,float;#0,-1,,,,,,-1,-1,,,,,,,,,,,-1,,,,94,,,,,,,,,,,,,,,,,,,,,,,,,,,,,,,,,,,,,,,,,,,,,,,,,,,,,,,,,,,,,,,,,,,,-1,-1,-1,-1,,,,,"12:00 AM, Tuesday 19 July 2022","12:00 AM, 19 Jul 2022"
2022-07-18,,,,,,,,,,,float;#0,-1,,,,,,-1,-1,,,,,,,,,,,-1,,,,132,,,,,,,,,,,,,,,,,,,,,,,,,,,,,,,,,,,,,,,,,,,,,,,,,,,,,,,,,,,,,,,,,,,,-1,-1,-1,-1,,2270,1110,,"10:00 AM, Monday 18 July 2022","10:00 AM, 18 Jul 2022"
2022-07-17,,,,,,,,,,,float;#0,-1,,,,,,-1,-1,,,,,,,,,,,-1,,,,72,,,,,,,,,,,,,,,,,,,,,,,,,,,,,,,,,,,,,,,,,,,,,,,,,,,,,,,,,,,,,,,,,,,,-1,-1,-1,-1,,,,,"10:00 AM, Sunday 17 July 2022","10:00 AM, 17 Jul 2022"
2022-07-16,,,,,,,,,,,float;#0,-1,,,,,,-1,-1,,,,,,,,,,,-1,,,,87,,,,,,,,,,,,,,,,,,,,,,,,,,,,,,,,,,,,,,,,,,,,,,,,,,,,,,,,,,,,,,,,,,,,-1,-1,-1,-1,,,,,"10:00 AM, Saturday 16 July 2022","10:00 AM, 16 Jul 2022"
2022-07-15,,,,,,,,,,,float;#0,-1,,,,,,-1,-1,,,,,,,,,,,-1,,,,126,,,,,,,,,,,,,,,,,,,,,,,,,,,,,,,,,,,,,,,,,,,,,,,,,,,,,,,,,,,,,,,,,,,,-1,-1,-1,-1,,,,,"10:00 AM, Friday 15 July 2022","10:00 AM, 15 Jul 2022"
2022-07-14,1063188,15802,1047386,91246,486755,469385,126,15482,990776,6.19,float;#1006258.00000000,56803,30068,26735,0.529,0.471,37,1145.64,2679.04,320,56496,44865,2515,793,2109,614,5588,13,55,1503,0,0,0,142,18,1470,15,55137,29147,25990,0.529,0.471,37,131,114,17,79,3,41,8,2,0.015,6,0.046,10,0.076,24,0.183,51,0.389,38,0.29,0.405,0.595,0.933,0.03,0.037,0.111,0.033,0.856,0.844,0.156,0.278,25226,9659,172356,156126,6873,3487,4367,66210,2569,84,2152,279,2122,393,2347,93,75,1746,0.004,0.056,0.022,0.384,0.348,0.015,0.008,0.01,0.148,0.006,1073,1461,1242,857,,,,-0.256024781,"10:00 AM, Thursday 14 July 2022","10:00 AM, 14 Jul 2022"
2022-07-13,,,,,,,,,,,float;#0,-1,,,,,,-1,-1,,,,,,,,,,,-1,,,,191,,,,,,,,,,,,,,,,,,,,,,,,,,,,,,,,,,,,,,,,,,,,,,,,,,,,,,,,,,,,,,,,,,,,-1,-1,-1,-1,,,,,"10:00 AM, Wednesday 13 July 2022","10:00 AM, 13 Jul 2022"
2022-07-12,,,,,,,,,,,float;#0,-1,,,,,,-1,-1,,,,,,,,,,,-1,,,,177,,,,,,,,,,,,,,,,,,,,,,,,,,,,,,,,,,,,,,,,,,,,,,,,,,,,,,,,,,,,,,,,,,,,-1,-1,-1,-1,,,,,"10:00 AM, Tuesday 12 July 2022","10:00 AM, 12 Jul 2022"
2022-07-11,,,,,,,,,,,float;#0,-1,,,,,,-1,-1,,,,,,,,,,,-1,,,,234,,,,,,,,,,,,,,,,,,,,,,,,,,,,,,,,,,,,,,,,,,,,,,,,,,,,,,,,,,,,,,,,,,,,-1,-1,-1,-1,,2570,1660,,"10:00 AM, Monday 11 July 2022","10:00 AM, 11 Jul 2022"
2022-07-10,,,,,,,,,,,float;#0,-1,,,,,,-1,-1,,,,,,,,,,,-1,,,,122,,,,,,,,,,,,,,,,,,,,,,,,,,,,,,,,,,,,,,,,,,,,,,,,,,,,,,,,,,,,,,,,,,,,-1,-1,-1,-1,,,,,"10:00 AM, Sunday 10 July 2022","10:00 AM, 10 Jul 2022"
2022-07-09,,,,,,,,,,,float;#0,-1,,,,,,-1,-1,,,,,,,,,,,-1,,,,138,,,,,,,,,,,,,,,,,,,,,,,,,,,,,,,,,,,,,,,,,,,,,,,,,,,,,,,,,,,,,,,,,,,,-1,-1,-1,-1,,,,,"10:00 AM, Saturday 9 July 2022","10:00 AM, 9 Jul 2022"
2022-07-08,,,,,,,,,,,float;#0,-1,,,,,,-1,-1,,,,,,,,,,,-1,,,,194,,,,,,,,,,,,,,,,,,,,,,,,,,,,,,,,,,,,,,,,,,,,,,,,,,,,,,,,,,,,,,,,,,,,-1,-1,-1,-1,,,,,"10:00 AM, Friday 8 July 2022","10:00 AM, 8 Jul 2022"
2022-07-07,1059521,15802,1043719,89649,486755,467315,302,15482,988263,6.64,float;#1003745.00000000,55473,29315,26158,0.528,0.472,37,1445.27,2673.47,320,55166,43591,2515,763,2092,605,5588,13,55,1808,0,0,0,216,27,1769,12,53504,28237,25267,0.528,0.472,37,131,114,17,79,3,41,8,2,0.015,6,0.046,10,0.076,24,0.183,51,0.389,38,0.29,0.405,0.595,0.933,0.03,0.037,0.111,0.033,0.856,0.844,0.156,0.278,25226,9659,172356,156126,6873,3487,4367,66210,2569,84,2152,279,2122,393,2347,93,75,1746,0.004,0.056,0.022,0.384,0.348,0.015,0.008,0.01,0.148,0.006,1273,1843,1498,1215,,,,0.184793212,"12:00 AM, Thursday 7 July 2022","12:00 AM, 7 Jul 2022"
2022-07-06,,,,,,,,,,,float;#0,-1,,,,,,-1,-1,,,,,,,,,,,-1,,,,284,,,,,,,,,,,,,,,,,,,,,,,,,,,,,,,,,,,,,,,,,,,,,,,,,,,,,,,,,,,,,,,,,,,,-1,-1,-1,-1,,,,,"12:00 AM, Wednesday 6 July 2022","12:00 AM, 6 Jul 2022"
2022-07-05,,,,,,,,,,,float;#0,-1,,,,,,-1,-1,,,,,,,,,,,-1,,,,303,,,,,,,,,,,,,,,,,,,,,,,,,,,,,,,,,,,,,,,,,,,,,,,,,,,,,,,,,,,,,,,,,,,,-1,-1,-1,-1,,,,,"12:00 AM, Tuesday 5 July 2022","12:00 AM, 5 Jul 2022"
2022-07-04,,,,,,,,,,,float;#0,-1,,,,,,-1,-1,,,,,,,,,,,-1,,,,321,,,,,,,,,,,,,,,,,,,,,,,,,,,,,,,,,,,,,,,,,,,,,,,,,,,,,,,,,,,,,,,,,,,,-1,-1,-1,-1,,2090,1440,,"12:00 AM, Monday 4 July 2022","12:00 AM, 4 Jul 2022"
2022-07-03,,,,,,,,,,,float;#0,-1,,,,,,-1,-1,,,,,,,,,,,-1,,,,154,,,,,,,,,,,,,,,,,,,,,,,,,,,,,,,,,,,,,,,,,,,,,,,,,,,,,,,,,,,,,,,,,,,,-1,-1,-1,-1,,,,,"12:00 AM, Sunday 3 July 2022","12:00 AM, 3 Jul 2022"
2022-07-02,,,,,,,,,,,float;#0,-1,,,,,,-1,-1,,,,,,,,,,,-1,,,,184,,,,,,,,,,,,,,,,,,,,,,,,,,,,,,,,,,,,,,,,,,,,,,,,,,,,,,,,,,,,,,,,,,,,-1,-1,-1,-1,,,,,"12:00 AM, Saturday 2 July 2022","12:00 AM, 2 Jul 2022"
2022-07-01,,,,,,,,,,,float;#0,-1,,,,,,-1,-1,,,,,,,,,,,-1,,,,201,,,,,,,,,,,,,,,,,,,,,,,,,,,,,,,,,,,,,,,,,,,,,,,,,,,,,,,,,,,,,,,,,,,,-1,-1,-1,-1,,,,,"12:00 AM, Friday 1 July 2022","12:00 AM, 1 Jul 2022"
2022-06-30,1054958,15802,1039156,87545,486755,464856,121,15482,985465,5.91,float;#1000947.00000000,53889,28418,25471,0.527,0.473,37,1204.08,2022.26,320,53582,42084,2515,730,2059,594,5588,13,55,1492,0,0,0,203,9,1472,11,52238,27507,24731,0.527,0.473,37,131,114,17,79,3,41,8,2,0.015,6,0.046,10,0.076,24,0.183,51,0.389,38,0.29,0.405,0.595,0.933,0.03,0.037,0.111,0.033,0.856,0.844,0.156,0.278,25226,9659,172356,156126,6873,3487,4367,66210,2569,84,2152,279,2122,393,2347,93,75,1746,0.004,0.056,0.022,0.384,0.348,0.015,0.008,0.01,0.148,0.006,1194,1502,1210,847,,,,0.300597328,"4:00 PM, Thursday 30 June 2022","4:00 PM, 30 Jun 2022"
2022-06-29,,,,,,,,,,,float;#0,-1,,,,,,-1,-1,,,,,,,,,,,-1,,,,233,,,,,,,,,,,,,,,,,,,,,,,,,,,,,,,,,,,,,,,,,,,,,,,,,,,,,,,,,,,,,,,,,,,,-1,-1,-1,-1,,,,,"10:00 AM, Wednesday 29 June 2022","10:00 AM, 29 Jun 2022"
2022-06-28,,,,,,,,,,,float;#0,-1,,,,,,-1,-1,,,,,,,,,,,-1,,,,230,,,,,,,,,,,,,,,,,,,,,,,,,,,,,,,,,,,,,,,,,,,,,,,,,,,,,,,,,,,,,,,,,,,,-1,-1,-1,-1,,,,,"10:00 AM, Tuesday 28 June 2022","10:00 AM, 28 Jun 2022"
2022-06-27,,,,,,,,,,,float;#0,-1,,,,,,-1,-1,,,,,,,,,,,-1,,,,203,,,,,,,,,,,,,,,,,,,,,,,,,,,,,,,,,,,,,,,,,,,,,,,,,,,,,,,,,,,,,,,,,,,,-1,-1,-1,-1,,2410,1180,,"10:00 AM, Monday 27 June 2022","10:00 AM, 27 Jun 2022"
2022-06-26,,,,,,,,,,,float;#0,-1,,,,,,-1,-1,,,,,,,,,,,-1,,,,141,,,,,,,,,,,,,,,,,,,,,,,,,,,,,,,,,,,,,,,,,,,,,,,,,,,,,,,,,,,,,,,,,,,,-1,-1,-1,-1,,,,,"10:00 AM, Sunday 26 June 2022","10:00 AM, 26 Jun 2022"
2022-06-25,,,,,,,,,,,float;#0,-1,,,,,,-1,-1,,,,,,,,,,,-1,,,,133,,,,,,,,,,,,,,,,,,,,,,,,,,,,,,,,,,,,,,,,,,,,,,,,,,,,,,,,,,,,,,,,,,,,-1,-1,-1,-1,,,,,"10:00 AM, Saturday 25 June 2022","10:00 AM, 25 Jun 2022"
2022-06-24,,,,,,,,,,,float;#0,-1,,,,,,-1,-1,,,,,,,,,,,-1,,,,169,,,,,,,,,,,,,,,,,,,,,,,,,,,,,,,,,,,,,,,,,,,,,,,,,,,,,,,,,,,,,,,,,,,,-1,-1,-1,-1,,,,,"10:00 AM, Friday 24 June 2022","10:00 AM, 24 Jun 2022"
2022-06-23,1051069,15802,1035267,85968,486756,462543,108,15482,982902,6.08,float;#998384.000000000,52576,27664,24912,0.526,0.474,37,804.27,1333.95,320,52269,40819,2515,701,2046,588,5588,13,55,941,0,0,0,204,3,933,5,51476,27108,24368,0.527,0.473,37,131,114,17,79,3,41,8,2,0.015,6,0.046,10,0.076,24,0.183,51,0.389,38,0.29,0.405,0.595,0.933,0.03,0.037,0.111,0.033,0.856,0.844,0.156,0.278,25226,9659,172356,156126,6873,3487,4367,66210,2569,84,2152,279,2122,393,2347,93,75,1746,0.004,0.056,0.022,0.384,0.348,0.015,0.008,0.01,0.148,0.006,850,972,877,431,,,,0.464519183,"12:00 PM, Thursday 23 June 2022","12:00 PM, 23 Jun 2022"
2022-06-22,,,,,,,,,,,float;#0,-1,,,,,,-1,-1,,,,,,,,,,,-1,,,,203,,,,,,,,,,,,,,,,,,,,,,,,,,,,,,,,,,,,,,,,,,,,,,,,,,,,,,,,,,,,,,,,,,,,-1,-1,-1,-1,,,,,"10:00 AM, Wednesday 22 June 2022","10:00 AM, 22 Jun 2022"
2022-06-21,,,,,,,,,,,float;#0,-1,,,,,,-1,-1,,,,,,,,,,,-1,,,,173,,,,,,,,,,,,,,,,,,,,,,,,,,,,,,,,,,,,,,,,,,,,,,,,,,,,,,,,,,,,,,,,,,,,-1,-1,-1,-1,,,,,"10:00 AM, Tuesday 21 June 2022","10:00 AM, 21 Jun 2022"
2022-06-20,,,,,,,,,,,float;#0,-1,,,,,,-1,-1,,,,,,,,,,,-1,,,,166,,,,,,,,,,,,,,,,,,,,,,,,,,,,,,,,,,,,,,,,,,,,,,,,,,,,,,,,,,,,,,,,,,,,-1,-1,-1,-1,,1790,640,,"10:00 AM, Monday 20 June 2022","10:00 AM, 20 Jun 2022"
2022-06-19,,,,,,,,,,,float;#0,-1,,,,,,-1,-1,,,,,,,,,,,-1,,,,91,,,,,,,,,,,,,,,,,,,,,,,,,,,,,,,,,,,,,,,,,,,,,,,,,,,,,,,,,,,,,,,,,,,,-1,-1,-1,-1,,,,,"10:00 AM, Sunday 19 June 2022","10:00 AM, 19 Jun 2022"
2022-06-18,,,,,,,,,,,float;#0,-1,,,,,,-1,-1,,,,,,,,,,,-1,,,,67,,,,,,,,,,,,,,,,,,,,,,,,,,,,,,,,,,,,,,,,,,,,,,,,,,,,,,,,,,,,,,,,,,,,-1,-1,-1,-1,,,,,"10:00 AM, Saturday 18 June 2022","10:00 AM, 18 Jun 2022"
2022-06-17,1048307,15802,1032505,85002,486756,460747,49,15482,980983,4.84,float;#996465.000000000,51792,27244,24548,0.526,0.474,37,541.74,918.37,320,51485,40063,2515,684,2039,584,5588,13,55,639,0,0,0,85,0,636,3,50994,26847,24147,0.526,0.474,37,131,114,17,79,3,41,8,2,0.015,6,0.046,10,0.076,24,0.183,51,0.389,38,0.29,0.405,0.595,0.933,0.03,0.037,0.111,0.033,0.856,0.844,0.156,0.278,25226,9659,172356,156126,6873,3487,4367,66210,2569,84,2152,279,2122,393,2347,93,75,1746,0.004,0.056,0.022,0.384,0.348,0.015,0.008,0.01,0.148,0.006,463,707,621,353,,,,0.283500758,"12:00 PM, Friday 17 June 2022","12:00 PM, 17 Jun 2022"
2022-06-16,,,,,,,,,,,float;#0,-1,,,,,,-1,-1,,,,,,,,,,,-1,,,,89,,,,,,,,,,,,,,,,,,,,,,,,,,,,,,,,,,,,,,,,,,,,,,,,,,,,,,,,,,,,,,,,,,,,-1,-1,-1,-1,,,,,"10:00 AM, Thursday 16 June 2022","10:00 AM, 16 Jun 2022"
2022-06-15,,,,,,,,,,,float;#0,-1,,,,,,-1,-1,,,,,,,,,,,-1,,,,102,,,,,,,,,,,,,,,,,,,,,,,,,,,,,,,,,,,,,,,,,,,,,,,,,,,,,,,,,,,,,,,,,,,,-1,-1,-1,-1,,,,,"10:00 AM, Wednesday 15 June 2022","10:00 AM, 15 Jun 2022"
2022-06-14,,,,,,,,,,,float;#0,-1,,,,,,-1,-1,,,,,,,,,,,-1,,,,108,,,,,,,,,,,,,,,,,,,,,,,,,,,,,,,,,,,,,,,,,,,,,,,,,,,,,,,,,,,,,,,,,,,,-1,-1,-1,-1,,,,,"10:00 AM, Tuesday 14 June 2022","10:00 AM, 14 Jun 2022"
2022-06-13,,,,,,,,,,,float;#0,-1,,,,,,-1,-1,,,,,,,,,,,-1,,,,106,,,,,,,,,,,,,,,,,,,,,,,,,,,,,,,,,,,,,,,,,,,,,,,,,,,,,,,,,,,,,,,,,,,,-1,-1,-1,-1,,2500,470,,"10:00 AM, Monday 13 June 2022","10:00 AM, 13 Jun 2022"
2022-06-12,,,,,,,,,,,float;#0,-1,,,,,,-1,-1,,,,,,,,,,,-1,,,,59,,,,,,,,,,,,,,,,,,,,,,,,,,,,,,,,,,,,,,,,,,,,,,,,,,,,,,,,,,,,,,,,,,,,-1,-1,-1,-1,,,,,"10:00 AM, Sunday 12 June 2022","10:00 AM, 12 Jun 2022"
2022-06-11,,,,,,,,,,,float;#0,-1,,,,,,-1,-1,,,,,,,,,,,-1,,,,50,,,,,,,,,,,,,,,,,,,,,,,,,,,,,,,,,,,,,,,,,,,,,,,,,,,,,,,,,,,,,,,,,,,,-1,-1,-1,-1,,,,,"10:00 AM, Saturday 11 June 2022","10:00 AM, 11 Jun 2022"
2022-06-10,,,,,,,,,,,float;#0,-1,,,,,,-1,-1,,,,,,,,,,,-1,,,,78,,,,,,,,,,,,,,,,,,,,,,,,,,,,,,,,,,,,,,,,,,,,,,,,,,,,,,,,,,,,,,,,,,,,-1,-1,-1,-1,,,,,"10:00 AM, Friday 10 June 2022","10:00 AM, 10 Jun 2022"
2022-06-09,1045284,15802,1029482,84250,486756,458476,87,15482,978582,5.8,float;#994064.000000000,51132,26895,24237,0.526,0.474,37,331.17,480.52,320,50825,39423,2515,671,2033,583,5588,13,55,394,0,0,0,65,0,394,0,50580,26611,23969,0.526,0.474,37,129,112,17,78,3,40,8,1,0.008,6,0.047,10,0.078,24,0.186,51,0.395,37,0.287,0.403,0.597,0.933,0.03,0.037,0.111,0.033,0.856,0.844,0.156,0.278,25226,9659,172356,156126,6873,3487,4367,66210,2569,84,2152,279,2122,393,2347,93,75,1746,0.004,0.056,0.022,0.384,0.348,0.015,0.008,0.01,0.148,0.006,276,451,389,174,,,,1.176888188,"3:00 PM, Thursday 9 June 2022","3:00 PM, 9 Jun 2022"
2022-06-08,,,,,,,,,,,float;#0,-1,,,,,,-1,-1,,,,,,,,,,,-1,,,,54,,,,,,,,,,,,,,,,,,,,,,,,,,,,,,,,,,,,,,,,,,,,,,,,,,,,,,,,,,,,,,,,,,,,-1,-1,-1,-1,,,,,"12:00 AM, Wednesday 8 June 2022","12:00 AM, 8 Jun 2022"
2022-06-07,,,,,,,,,,,float;#0,-1,,,,,,-1,-1,,,,,,,,,,,-1,,,,87,,,,,,,,,,,,,,,,,,,,,,,,,,,,,,,,,,,,,,,,,,,,,,,,,,,,,,,,,,,,,,,,,,,,-1,-1,-1,-1,,,,,"12:00 AM, Tuesday 7 June 2022","12:00 AM, 7 Jun 2022"
2022-06-06,,,,,,,,,,,float;#0,-1,,,,,,-1,-1,,,,,,,,,,,-1,,,,74,,,,,,,,,,,,,,,,,,,,,,,,,,,,,,,,,,,,,,,,,,,,,,,,,,,,,,,,,,,,,,,,,,,,-1,-1,-1,-1,,1420,270,,"12:00 AM, Monday 6 June 2022","12:00 AM, 6 Jun 2022"
2022-06-05,,,,,,,,,,,float;#0,-1,,,,,,-1,-1,,,,,,,,,,,-1,,,,62,,,,,,,,,,,,,,,,,,,,,,,,,,,,,,,,,,,,,,,,,,,,,,,,,,,,,,,,,,,,,,,,,,,,-1,-1,-1,-1,,,,,"12:00 AM, Sunday 5 June 2022","12:00 AM, 5 Jun 2022"
2022-06-04,,,,,,,,,,,float;#0,-1,,,,,,-1,-1,,,,,,,,,,,-1,,,,32,,,,,,,,,,,,,,,,,,,,,,,,,,,,,,,,,,,,,,,,,,,,,,,,,,,,,,,,,,,,,,,,,,,,-1,-1,-1,-1,,,,,"12:00 AM, Saturday 4 June 2022","12:00 AM, 4 Jun 2022"
2022-06-03,,,,,,,,,,,float;#0,-1,,,,,,-1,-1,,,,,,,,,,,-1,,,,25,,,,,,,,,,,,,,,,,,,,,,,,,,,,,,,,,,,,,,,,,,,,,,,,,,,,,,,,,,,,,,,,,,,,-1,-1,-1,-1,,,,,"12:00 AM, Friday 3 June 2022","12:00 AM, 3 Jun 2022"
2022-06-02,,,,,,,,,,,float;#0,-1,,,,,,-1,-1,,,,,,,,,,,-1,,,,24,,,,,,,,,,,,,,,,,,,,,,,,,,,,,,,,,,,,,,,,,,,,,,,,,,,,,,,,,,,,,,,,,,,,-1,-1,-1,-1,,,,,"12:00 AM, Thursday 2 June 2022","12:00 AM, 2 Jun 2022"
2022-06-01,1042358,15802,1026556,83765,486756,456035,45,15482,976090,4.8,float;#991572.000000000,50740,26669,24071,0.526,0.474,37,140.07,305.19,320,50433,39053,2515,661,2024,580,5588,13,55,170,0,0,0,33,0,170,0,50412,26515,23897,0.526,0.474,37,129,112,17,78,3,40,8,1,0.008,6,0.047,10,0.078,24,0.186,51,0.395,37,0.287,0.403,0.597,0.933,0.03,0.037,0.111,0.033,0.856,0.844,0.156,0.278,25226,9659,172356,156126,6873,3487,4367,66210,2569,84,2152,279,2122,393,2347,93,75,1746,0.004,0.056,0.022,0.384,0.348,0.015,0.008,0.01,0.148,0.006,131,199,160,63,,,,-0.079274305,"4:00 PM, Wednesday 1 June 2022","4:00 PM, 1 Jun 2022"
2022-05-31,,,,,,,,,,,float;#0,-1,,,,,,-1,-1,,,,,,,,,,,-1,,,,22,,,,,,,,,,,,,,,,,,,,,,,,,,,,,,,,,,,,,,,,,,,,,,,,,,,,,,,,,,,,,,,,,,,,-1,-1,-1,-1,,,,,"12:00 AM, Tuesday 31 May 2022","12:00 AM, 31 May 2022"
2022-05-30,,,,,,,,,,,float;#0,-1,,,,,,-1,-1,,,,,,,,,,,-1,,,,29,,,,,,,,,,,,,,,,,,,,,,,,,,,,,,,,,,,,,,,,,,,,,,,,,,,,,,,,,,,,,,,,,,,,-1,-1,-1,-1,,2270,230,,"12:00 AM, Monday 30 May 2022","12:00 AM, 30 May 2022"
2022-05-29,,,,,,,,,,,float;#0,-1,,,,,,-1,-1,,,,,,,,,,,-1,,,,15,,,,,,,,,,,,,,,,,,,,,,,,,,,,,,,,,,,,,,,,,,,,,,,,,,,,,,,,,,,,,,,,,,,,-1,-1,-1,-1,,,,,"12:00 AM, Sunday 29 May 2022","12:00 AM, 29 May 2022"
2022-05-28,,,,,,,,,,,float;#0,-1,,,,,,-1,-1,,,,,,,,,,,-1,,,,19,,,,,,,,,,,,,,,,,,,,,,,,,,,,,,,,,,,,,,,,,,,,,,,,,,,,,,,,,,,,,,,,,,,,-1,-1,-1,-1,,,,,"12:00 AM, Saturday 28 May 2022","12:00 AM, 28 May 2022"
2022-05-27,,,,,,,,,,,float;#0,-1,,,,,,-1,-1,,,,,,,,,,,-1,,,,23,,,,,,,,,,,,,,,,,,,,,,,,,,,,,,,,,,,,,,,,,,,,,,,,,,,,,,,,,,,,,,,,,,,,-1,-1,-1,-1,,,,,"12:00 AM, Friday 27 May 2022","12:00 AM, 27 May 2022"
2022-05-26,1040676,15802,1024874,83592,486756,454526,15,15482,974567,5.03,float;#990049.000000000,50611,26601,24010,0.526,0.474,37,150.28,350.65,320,50304,38927,2515,661,2021,580,5588,13,55,192,0,0,0,22,1,191,0,50261,26441,23820,0.526,0.474,37,129,112,17,78,3,40,8,1,0.008,6,0.047,10,0.078,24,0.186,51,0.395,37,0.287,0.403,0.597,0.933,0.03,0.037,0.111,0.033,0.856,0.844,0.156,0.278,25226,9659,172356,156126,6873,3487,4367,66210,2569,84,2152,279,2122,393,2347,93,75,1746,0.004,0.056,0.022,0.384,0.348,0.015,0.008,0.01,0.148,0.006,161,237,132,68,,,,-0.21737319,"2:00 PM, Thursday 26 May 2022","2:00 PM, 26 May 2022"
2022-05-25,,,,,,,,,,,float;#0,-1,,,,,,-1,-1,,,,,,,,,,,-1,,,,26,,,,,,,,,,,,,,,,,,,,,,,,,,,,,,,,,,,,,,,,,,,,,,,,,,,,,,,,,,,,,,,,,,,,-1,-1,-1,-1,,,,,"12:00 AM, Wednesday 25 May 2022","12:00 AM, 25 May 2022"
2022-05-24,,,,,,,,,,,float;#0,-1,,,,,,-1,-1,,,,,,,,,,,-1,,,,22,,,,,,,,,,,,,,,,,,,,,,,,,,,,,,,,,,,,,,,,,,,,,,,,,,,,,,,,,,,,,,,,,,,,-1,-1,-1,-1,,,,,"12:00 AM, Tuesday 24 May 2022","12:00 AM, 24 May 2022"
2022-05-23,,,,,,,,,,,float;#0,-1,,,,,,-1,-1,,,,,,,,,,,-1,,,,31,,,,,,,,,,,,,,,,,,,,,,,,,,,,,,,,,,,,,,,,,,,,,,,,,,,,,,,,,,,,,,,,,,,,-1,-1,-1,-1,,2160,270,,"12:00 AM, Monday 23 May 2022","12:00 AM, 23 May 2022"
2022-05-22,,,,,,,,,,,float;#0,-1,,,,,,-1,-1,,,,,,,,,,,-1,,,,25,,,,,,,,,,,,,,,,,,,,,,,,,,,,,,,,,,,,,,,,,,,,,,,,,,,,,,,,,,,,,,,,,,,,-1,-1,-1,-1,,,,,"12:00 AM, Sunday 22 May 2022","12:00 AM, 22 May 2022"
2022-05-21,,,,,,,,,,,float;#0,-1,,,,,,-1,-1,,,,,,,,,,,-1,,,,13,,,,,,,,,,,,,,,,,,,,,,,,,,,,,,,,,,,,,,,,,,,,,,,,,,,,,,,,,,,,,,,,,,,,-1,-1,-1,-1,,,,,"12:00 AM, Saturday 21 May 2022","12:00 AM, 21 May 2022"
2022-05-20,,,,,,,,,,,float;#0,-1,,,,,,-1,-1,,,,,,,,,,,-1,,,,22,,,,,,,,,,,,,,,,,,,,,,,,,,,,,,,,,,,,,,,,,,,,,,,,,,,,,,,,,,,,,,,,,,,,-1,-1,-1,-1,,,,,"12:00 AM, Friday 20 May 2022","12:00 AM, 20 May 2022"
2022-05-19,1038055,15802,1022253,83325,486756,452172,43,15482,972090,4.9,float;#987572.000000000,50439,26511,23928,0.526,0.474,37,191.09,369.2,320,50132,38760,2515,659,2018,580,5588,13,55,260,0,0,0,33,1,258,1,50021,26311,23710,0.526,0.474,36,129,112,17,78,3,40,8,1,0.008,6,0.047,10,0.078,24,0.186,51,0.395,37,0.287,0.403,0.597,0.933,0.03,0.037,0.111,0.033,0.856,0.844,0.156,0.278,25226,9659,172356,156126,6873,3487,4367,66210,2569,84,2152,279,2122,393,2347,93,75,1746,0.004,0.056,0.022,0.384,0.348,0.015,0.008,0.01,0.148,0.006,171,256,172,160,,,,-0.014390345,"12:00 AM, Thursday 19 May 2022","12:00 AM, 19 May 2022"
2022-05-18,,,,,,,,,,,float;#0,-1,,,,,,-1,-1,,,,,,,,,,,-1,,,,36,,,,,,,,,,,,,,,,,,,,,,,,,,,,,,,,,,,,,,,,,,,,,,,,,,,,,,,,,,,,,,,,,,,,-1,-1,-1,-1,,,,,"12:00 AM, Wednesday 18 May 2022","12:00 AM, 18 May 2022"
2022-05-17,,,,,,,,,,,float;#0,-1,,,,,,-1,-1,,,,,,,,,,,-1,,,,32,,,,,,,,,,,,,,,,,,,,,,,,,,,,,,,,,,,,,,,,,,,,,,,,,,,,,,,,,,,,,,,,,,,,-1,-1,-1,-1,,,,,"12:00 AM, Tuesday 17 May 2022","12:00 AM, 17 May 2022"
2022-05-16,,,,,,,,,,,float;#0,-1,,,,,,-1,-1,,,,,,,,,,,-1,,,,41,,,,,,,,,,,,,,,,,,,,,,,,,,,,,,,,,,,,,,,,,,,,,,,,,,,,,,,,,,,,,,,,,,,,-1,-1,-1,-1,,2280,290,,"12:00 AM, Monday 16 May 2022","12:00 AM, 16 May 2022"
2022-05-15,,,,,,,,,,,float;#0,-1,,,,,,-1,-1,,,,,,,,,,,-1,,,,23,,,,,,,,,,,,,,,,,,,,,,,,,,,,,,,,,,,,,,,,,,,,,,,,,,,,,,,,,,,,,,,,,,,,-1,-1,-1,-1,,,,,"12:00 AM, Sunday 15 May 2022","12:00 AM, 15 May 2022"
2022-05-14,,,,,,,,,,,float;#0,-1,,,,,,-1,-1,,,,,,,,,,,-1,,,,14,,,,,,,,,,,,,,,,,,,,,,,,,,,,,,,,,,,,,,,,,,,,,,,,,,,,,,,,,,,,,,,,,,,,-1,-1,-1,-1,,,,,"12:00 AM, Saturday 14 May 2022","12:00 AM, 14 May 2022"
2022-05-13,,,,,,,,,,,float;#0,-1,,,,,,-1,-1,,,,,,,,,,,-1,,,,29,,,,,,,,,,,,,,,,,,,,,,,,,,,,,,,,,,,,,,,,,,,,,,,,,,,,,,,,,,,,,,,,,,,,-1,-1,-1,-1,,,,,"12:00 AM, Friday 13 May 2022","12:00 AM, 13 May 2022"
2022-05-12,1035607,15802,1019805,83005,486756,450044,59,15482,969832,5.71,float;#985314.000000000,50233,26399,23834,0.526,0.474,37,178.11,414.66,320,49926,38559,2515,655,2017,580,5588,13,55,231,0,0,0,33,2,224,5,49845,26222,23623,0.526,0.474,36,127,110,17,77,3,40,7,1,0.008,6,0.047,10,0.079,24,0.189,49,0.386,37,0.291,0.402,0.598,0.933,0.03,0.037,0.111,0.033,0.856,0.844,0.156,0.278,25226,9659,172356,156126,6873,3487,4367,66210,2569,84,2152,279,2122,393,2347,93,75,1746,0.004,0.056,0.022,0.384,0.348,0.015,0.008,0.01,0.148,0.006,148,265,160,145,,,,-0.18985672,"3:45 PM, Thursday 12 May 2022","3:45 PM, 12 May 2022"
2022-05-11,,,,,,,,,,,float;#0,-1,,,,,,-1,-1,,,,,,,,,,,-1,,,,42,,,,,,,,,,,,,,,,,,,,,,,,,,,,,,,,,,,,,,,,,,,,,,,,,,,,,,,,,,,,,,,,,,,,-1,-1,-1,-1,,,,,"12:00 AM, Wednesday 11 May 2022","12:00 AM, 11 May 2022"
2022-05-10,,,,,,,,,,,float;#0,-1,,,,,,-1,-1,,,,,,,,,,,-1,,,,46,,,,,,,,,,,,,,,,,,,,,,,,,,,,,,,,,,,,,,,,,,,,,,,,,,,,,,,,,,,,,,,,,,,,-1,-1,-1,-1,,,,,"12:00 AM, Tuesday 10 May 2022","12:00 AM, 10 May 2022"
2022-05-09,,,,,,,,,,,float;#0,-1,,,,,,-1,-1,,,,,,,,,,,-1,,,,25,,,,,,,,,,,,,,,,,,,,,,,,,,,,,,,,,,,,,,,,,,,,,,,,,,,,,,,,,,,,,,,,,,,,-1,-1,-1,-1,,1940,280,,"12:00 AM, Monday 9 May 2022","12:00 AM, 9 May 2022"
2022-05-08,,,,,,,,,,,float;#0,-1,,,,,,-1,-1,,,,,,,,,,,-1,,,,22,,,,,,,,,,,,,,,,,,,,,,,,,,,,,,,,,,,,,,,,,,,,,,,,,,,,,,,,,,,,,,,,,,,,-1,-1,-1,-1,,,,,"12:00 AM, Sunday 8 May 2022","12:00 AM, 8 May 2022"
2022-05-07,,,,,,,,,,,float;#0,-1,,,,,,-1,-1,,,,,,,,,,,-1,,,,24,,,,,,,,,,,,,,,,,,,,,,,,,,,,,,,,,,,,,,,,,,,,,,,,,,,,,,,,,,,,,,,,,,,,-1,-1,-1,-1,,,,,"12:00 AM, Saturday 7 May 2022","12:00 AM, 7 May 2022"
2022-05-06,,,,,,,,,,,float;#0,-1,,,,,,-1,-1,,,,,,,,,,,-1,,,,18,,,,,,,,,,,,,,,,,,,,,,,,,,,,,,,,,,,,,,,,,,,,,,,,,,,,,,,,,,,,,,,,,,,,-1,-1,-1,-1,,,,,"12:00 AM, Friday 6 May 2022","12:00 AM, 6 May 2022"
2022-05-05,1033067,15802,1017265,82706,486756,447803,31,15482,967520,6.41,float;#983002.000000000,50033,26298,23735,0.526,0.474,37,229.13,647.5,320,49726,38370,2515,646,2015,580,5588,13,55,327,0,0,0,23,3,315,9,49549,26052,23497,0.526,0.474,36,127,110,17,77,3,40,7,1,0.008,6,0.047,10,0.079,24,0.189,49,0.386,37,0.291,0.402,0.598,0.933,0.03,0.037,0.111,0.033,0.856,0.844,0.156,0.278,25226,9659,172356,156126,6873,3487,4367,66210,2569,84,2152,279,2122,393,2347,93,75,1746,0.004,0.056,0.022,0.384,0.348,0.015,0.008,0.01,0.148,0.006,184,312,240,208,,,,-0.3901251,"2:00 PM, Thursday 5 May 2022","2:00 PM, 5 May 2022"
2022-05-04,,,,,,,,,,,float;#0,-1,,,,,,-1,-1,,,,,,,,,,,-1,,,,51,,,,,,,,,,,,,,,,,,,,,,,,,,,,,,,,,,,,,,,,,,,,,,,,,,,,,,,,,,,,,,,,,,,,-1,-1,-1,-1,,,,,"12:00 AM, Wednesday 4 May 2022","12:00 AM, 4 May 2022"
2022-05-03,,,,,,,,,,,float;#0,-1,,,,,,-1,-1,,,,,,,,,,,-1,,,,44,,,,,,,,,,,,,,,,,,,,,,,,,,,,,,,,,,,,,,,,,,,,,,,,,,,,,,,,,,,,,,,,,,,,-1,-1,-1,-1,,,,,"12:00 AM, Tuesday 3 May 2022","12:00 AM, 3 May 2022"
2022-05-02,,,,,,,,,,,float;#0,-1,,,,,,-1,-1,,,,,,,,,,,-1,,,,34,,,,,,,,,,,,,,,,,,,,,,,,,,,,,,,,,,,,,,,,,,,,,,,,,,,,,,,,,,,,,,,,,,,,-1,-1,-1,-1,,2350,440,,"12:00 AM, Monday 2 May 2022","12:00 AM, 2 May 2022"
2022-05-01,,,,,,,,,,,float;#0,-1,,,,,,-1,-1,,,,,,,,,,,-1,,,,19,,,,,,,,,,,,,,,,,,,,,,,,,,,,,,,,,,,,,,,,,,,,,,,,,,,,,,,,,,,,,,,,,,,,-1,-1,-1,-1,,,,,"12:00 AM, Sunday 1 May 2022","12:00 AM, 1 May 2022"
2022-04-30,,,,,,,,,,,float;#0,-1,,,,,,-1,-1,,,,,,,,,,,-1,,,,35,,,,,,,,,,,,,,,,,,,,,,,,,,,,,,,,,,,,,,,,,,,,,,,,,,,,,,,,,,,,,,,,,,,,-1,-1,-1,-1,,,,,"12:00 AM, Saturday 30 April 2022","12:00 AM, 30 Apr 2022"
2022-04-29,1031295,15802,1015493,82417,486756,446320,94,15482,965908,5.88,float;#981390.000000000,49810,26169,23641,0.525,0.475,37,364.56,946.2,320,49503,38164,2515,634,2012,578,5588,13,55,436,0,0,0,40,3,424,9,49217,25880,23337,0.526,0.474,36,126,109,17,76,3,40,7,1,0.008,6,0.048,10,0.079,24,0.19,49,0.389,36,0.286,0.405,0.595,0.933,0.03,0.037,0.111,0.033,0.856,0.844,0.156,0.278,25226,9659,172356,156126,6873,3487,4367,66210,2569,84,2152,279,2122,393,2347,93,75,1746,0.004,0.056,0.022,0.384,0.348,0.015,0.008,0.01,0.148,0.006,354,454,393,266,,,,-0.373209773,"3:23 PM, Friday 29 April 2022","3:23 PM, 29 Apr 2022"
2022-04-28,1030806,15802,1015004,82342,486756,445906,58,15482,965487,6.17,float;#980969.000000000,49778,26155,23623,0.525,0.475,37,410.95,1029.68,320,49471,38134,2515,632,2012,578,5588,13,55,487,0,0,0,31,3,478,6,49134,25835,23299,0.526,0.474,36,126,109,17,76,3,40,7,1,0.008,6,0.048,10,0.079,24,0.19,49,0.389,36,0.286,0.405,0.595,0.933,0.03,0.037,0.111,0.033,0.856,0.844,0.156,0.278,25226,9659,172356,156126,6873,3487,4367,66210,2569,84,2152,279,2122,393,2347,93,75,1746,0.004,0.056,0.022,0.384,0.348,0.015,0.008,0.01,0.148,0.006,390,533,429,300,,,,-0.293451163,"3:20 PM, Thursday 28 April 2022","3:20 PM, 28 Apr 2022"
2022-04-27,1030310,15802,1014508,82282,486756,445470,58,15482,965052,6.57,float;#980534.000000000,49717,26124,23593,0.525,0.475,37,430.43,1076.99,320,49410,38078,2515,628,2011,578,5588,13,55,504,0,0,0,62,4,495,5,49056,25797,23259,0.526,0.474,36,124,107,17,74,3,40,7,1,0.008,6,0.048,10,0.081,24,0.194,49,0.395,34,0.274,0.403,0.597,0.933,0.03,0.037,0.111,0.033,0.856,0.844,0.156,0.278,25226,9659,172356,156126,6873,3487,4367,66210,2569,84,2152,279,2122,393,2347,93,75,1746,0.004,0.056,0.022,0.384,0.348,0.015,0.008,0.01,0.148,0.006,469,574,437,271,,,,-0.304344313,"3:30 PM, Wednesday 27 April 2022","3:30 PM, 27 Apr 2022"
2022-04-26,1029606,15802,1013804,82167,486756,444881,24,15482,964443,6.61,float;#979925.000000000,49656,26087,23569,0.525,0.475,37,489.8,1136.36,320,49349,38023,2515,626,2008,577,5588,13,55,564,0,0,0,61,3,558,3,48935,25739,23196,0.526,0.474,36,124,107,17,74,3,40,7,1,0.008,6,0.048,10,0.081,24,0.194,49,0.395,34,0.274,0.403,0.597,0.933,0.03,0.037,0.111,0.033,0.856,0.844,0.156,0.278,25226,9659,172356,156126,6873,3487,4367,66210,2569,84,2152,279,2122,393,2347,93,75,1746,0.004,0.056,0.022,0.384,0.348,0.015,0.008,0.01,0.148,0.006,591,609,485,295,,,,-0.24246408,"3:00 PM, Tuesday 26 April 2022","3:00 PM, 26 Apr 2022"
2022-04-25,1029061,15802,1013259,82076,486756,444427,52,15482,963951,6.63,float;#979433.000000000,49575,26044,23531,0.525,0.475,37,524.12,1221.71,320,49268,37945,2515,624,2007,577,5588,13,55,583,0,0,0,81,3,573,7,48836,25686,23150,0.526,0.474,36,124,107,17,74,3,40,7,1,0.008,6,0.048,10,0.081,24,0.194,49,0.395,34,0.274,0.403,0.597,0.933,0.03,0.037,0.111,0.033,0.856,0.844,0.156,0.278,25226,9659,172356,156126,6873,3487,4367,66210,2569,84,2152,279,2122,393,2347,93,75,1746,0.004,0.056,0.022,0.384,0.348,0.015,0.008,0.01,0.148,0.006,640,647,509,281,,2080,690,-0.18938398,"2:35 PM, Monday 25 April 2022","2:35 PM, 25 Apr 2022"
2022-04-24,,,,,,,,,,,float;#0,-1,,,,,,-1,-1,,,,,,,,,,,-1,,,,54,,,,,,,,,,,,,,,,,,,,,,,,,,,,,,,,,,,,,,,,,,,,,,,,,,,,,,,,,,,,,,,,,,,,-1,-1,-1,-1,,,,,"10:00 AM, Sunday 24 April 2022","10:00 AM, 24 Apr 2022"
2022-04-23,,,,,,,,,,,float;#0,-1,,,,,,-1,-1,,,,,,,,,,,-1,,,,48,,,,,,,,,,,,,,,,,,,,,,,,,,,,,,,,,,,,,,,,,,,,,,,,,,,,,,,,,,,,,,,,,,,,-1,-1,-1,-1,,,,,"10:00 AM, Saturday 23 April 2022","10:00 AM, 23 Apr 2022"
2022-04-22,1028196,15802,1012394,81843,486756,443795,26,15482,963279,6.5,float;#978761.000000000,49408,25959,23449,0.525,0.475,36,573.28,1374.77,320,49101,37790,2515,615,2004,577,5588,13,55,707,0,0,0,65,7,691,9,48545,25520,23025,0.526,0.474,36,123,106,17,74,3,39,7,1,0.008,6,0.049,10,0.081,24,0.195,48,0.39,34,0.276,0.407,0.593,0.933,0.03,0.037,0.111,0.033,0.856,0.844,0.156,0.278,25226,9659,172356,156126,6873,3487,4367,66210,2569,84,2152,279,2122,393,2347,93,75,1746,0.004,0.056,0.022,0.384,0.348,0.015,0.008,0.01,0.148,0.006,682,868,561,363,,,,-0.239853084,"3:00 PM, Friday 22 April 2022","3:00 PM, 22 Apr 2022"
2022-04-21,1027650,15802,1011848,81728,486756,443364,15,15482,962830,6.33,float;#978312.000000000,49322,25914,23408,0.525,0.475,36,607.61,1433.21,320,49015,37708,2515,612,2003,577,5588,13,55,725,0,0,0,85,7,709,9,48441,25457,22984,0.526,0.474,36,123,106,17,74,3,39,7,1,0.008,6,0.049,10,0.081,24,0.195,48,0.39,34,0.276,0.407,0.593,0.933,0.03,0.037,0.111,0.033,0.856,0.844,0.156,0.278,25226,9659,172356,156126,6873,3487,4367,66210,2569,84,2152,279,2122,393,2347,93,75,1746,0.004,0.056,0.022,0.384,0.348,0.015,0.008,0.01,0.148,0.006,682,868,561,363,,,,-0.241890003,"2:30 PM, Thursday 21 April 2022","2:30 PM, 21 Apr 2022"
2022-04-20,1027159,15802,1011357,81609,486756,442992,9,15482,962439,5.96,float;#977921.000000000,49228,25864,23364,0.525,0.475,36,623.38,1502.78,320,48921,37618,2515,610,2001,577,5588,13,55,721,0,0,0,95,7,702,12,48351,25410,22941,0.526,0.474,36,123,106,17,74,3,39,7,1,0.008,6,0.049,10,0.081,24,0.195,48,0.39,34,0.276,0.407,0.593,0.933,0.03,0.037,0.111,0.033,0.856,0.844,0.156,0.278,25226,9659,172356,156126,6873,3487,4367,66210,2569,84,2152,279,2122,393,2347,93,75,1746,0.004,0.056,0.022,0.384,0.348,0.015,0.008,0.01,0.148,0.006,682,868,561,363,,,,-0.244937016,"3:17 PM, Wednesday 20 April 2022","3:17 PM, 20 Apr 2022"
2022-04-19,1026557,15802,1010755,81461,486756,442538,32,15482,961939,6.16,float;#977421.000000000,49103,25800,23303,0.525,0.475,36,624.3,1576.07,320,48796,37499,2515,605,2000,577,5588,13,55,756,0,0,0,126,7,731,18,48191,25321,22870,0.525,0.475,36,122,105,17,74,3,38,7,1,0.008,6,0.049,10,0.082,24,0.197,48,0.393,33,0.27,0.402,0.598,0.933,0.03,0.037,0.111,0.033,0.856,0.844,0.156,0.278,25226,9659,172356,156126,6873,3487,4367,66210,2569,84,2152,279,2122,393,2347,93,75,1746,0.004,0.056,0.022,0.384,0.348,0.015,0.008,0.01,0.148,0.006,653,868,593,358,,,,-0.290092221,"2:30 PM, Tuesday 19 April 2022","2:30 PM, 19 Apr 2022"
2022-04-18,,,,,,,,,,,float;#0,-1,,,,,,-1,-1,,,,,,,,,,,-1,,,,111,,,,,,,,,,,,,,,,,,,,,,,,,,,,,,,,,,,,,,,,,,,,,,,,,,,,,,,,,,,,,,,,,,,,-1,-1,-1,-1,,2030,900,,"9:00 AM, Monday 18 April 2022","9:00 AM, 18 Apr 2022"
2022-04-17,,,,,,,,,,,float;#0,-1,,,,,,-1,-1,,,,,,,,,,,-1,,,,70,,,,,,,,,,,,,,,,,,,,,,,,,,,,,,,,,,,,,,,,,,,,,,,,,,,,,,,,,,,,,,,,,,,,-1,-1,-1,-1,,,,,"9:00 AM, Sunday 17 April 2022","9:00 AM, 17 Apr 2022"
2022-04-16,,,,,,,,,,,float;#0,-1,,,,,,-1,-1,,,,,,,,,,,-1,,,,72,,,,,,,,,,,,,,,,,,,,,,,,,,,,,,,,,,,,,,,,,,,,,,,,,,,,,,,,,,,,,,,,,,,,-1,-1,-1,-1,,,,,"9:00 AM, Saturday 16 April 2022","9:00 AM, 16 Apr 2022"
2022-04-15,,,,,,,,,,,float;#0,-1,,,,,,-1,-1,,,,,,,,,,,-1,,,,80,,,,,,,,,,,,,,,,,,,,,,,,,,,,,,,,,,,,,,,,,,,,,,,,,,,,,,,,,,,,,,,,,,,,-1,-1,-1,-1,,,,,"9:00 AM, Friday 15 April 2022","9:00 AM, 15 Apr 2022"
2022-04-14,1025133,15802,1009331,80910,486756,441665,57,15482,960949,7.98,float;#976431.000000000,48644,25543,23101,0.525,0.475,36,802.41,1868.27,320,48337,37054,2515,596,1996,576,5588,13,55,957,0,0,0,126,4,926,27,47531,24953,22578,0.525,0.475,36,122,105,17,74,3,38,7,1,0.008,6,0.049,10,0.082,24,0.197,48,0.393,33,0.27,0.402,0.598,0.933,0.03,0.037,0.111,0.033,0.856,0.844,0.156,0.278,25226,9659,172356,156126,6873,3487,4367,66210,2569,84,2152,279,2122,393,2347,93,75,1746,0.004,0.056,0.022,0.384,0.348,0.015,0.008,0.01,0.148,0.006,843,934,986,465,,,,-0.230427652,"2:50 PM, Thursday 14 April 2022","2:50 PM, 14 Apr 2022"
2022-04-13,1024594,15802,1008792,80766,486756,441270,70,15482,960512,7.93,float;#975994.000000000,48529,25481,23048,0.525,0.475,36,855.29,1935.06,320,48222,36944,2515,593,1995,575,5588,13,55,1054,0,0,0,113,2,1030,22,47320,24852,22468,0.525,0.475,36,121,104,17,74,3,38,6,1,0.008,6,0.05,10,0.083,24,0.198,48,0.397,32,0.264,0.405,0.595,0.933,0.03,0.037,0.111,0.033,0.856,0.844,0.156,0.278,25226,9659,172356,156126,6873,3487,4367,66210,2569,84,2152,279,2122,393,2347,93,75,1746,0.004,0.056,0.022,0.384,0.348,0.015,0.008,0.01,0.148,0.006,981,978,1002,547,,,,-0.197558779,"3:00 PM, Wednesday 13 April 2022","3:00 PM, 13 Apr 2022"
2022-04-12,1023924,15802,1008122,80601,486756,440765,305,15482,959831,6.17,float;#975313.000000000,48305,25353,22952,0.525,0.475,36,835.81,1944.34,320,47998,36731,2515,589,1988,575,5588,13,55,1007,0,0,0,122,2,981,24,47143,24752,22391,0.525,0.475,36,121,104,17,74,3,38,6,1,0.008,6,0.05,10,0.083,24,0.198,48,0.397,32,0.264,0.405,0.595,0.933,0.03,0.037,0.111,0.033,0.856,0.844,0.156,0.278,25226,9659,172356,156126,6873,3487,4367,66210,2569,84,2152,279,2122,393,2347,93,75,1746,0.004,0.056,0.022,0.384,0.348,0.015,0.008,0.01,0.148,0.006,925,959,941,547,,,,-0.225944174,"3:00 PM, Tuesday 12 April 2022","3:00 PM, 12 Apr 2022"
2022-04-11,1023260,15802,1007458,80398,486756,440304,181,15482,959434,5.85,float;#974916.000000000,48162,25266,22896,0.525,0.475,36,897.03,2124.3,320,47855,36599,2515,585,1982,574,5588,13,55,986,0,0,0,172,2,964,20,47021,24684,22337,0.525,0.475,36,121,104,17,74,3,38,6,1,0.008,6,0.05,10,0.083,24,0.198,48,0.397,32,0.264,0.405,0.595,0.933,0.03,0.037,0.111,0.033,0.856,0.844,0.156,0.278,25226,9659,172356,156126,6873,3487,4367,66210,2569,84,2152,279,2122,393,2347,93,75,1746,0.004,0.056,0.022,0.384,0.348,0.015,0.008,0.01,0.148,0.006,984,1041,998,634,,2260,1290,-0.190793213,"3:00 PM, Monday 11 April 2022","3:00 PM, 11 Apr 2022"
2022-04-10,,,,,,,,,,,float;#0,-1,,,,,,-1,-1,,,,,,,,,,,-1,,,,109,,,,,,,,,,,,,,,,,,,,,,,,,,,,,,,,,,,,,,,,,,,,,,,,,,,,,,,,,,,,,,,,,,,,-1,-1,-1,-1,,,,,"3:00 PM, Sunday 10 April 2022","3:00 PM, 10 Apr 2022"
2022-04-09,,,,,,,,,,,float;#0,-1,,,,,,-1,-1,,,,,,,,,,,-1,,,,101,,,,,,,,,,,,,,,,,,,,,,,,,,,,,,,,,,,,,,,,,,,,,,,,,,,,,,,,,,,,,,,,,,,,-1,-1,-1,-1,,,,,"3:00 PM, Saturday 9 April 2022","3:00 PM, 9 Apr 2022"
2022-04-08,1022191,15802,1006389,79935,486756,439698,33,15482,958794,6.27,float;#974276.000000000,47881,25123,22758,0.525,0.475,36,1002.78,2447.12,320,47574,36335,2515,571,1979,574,5588,13,55,1225,0,0,0,137,3,1211,11,46501,24413,22088,0.525,0.475,36,121,104,17,74,3,38,6,1,0.008,6,0.05,10,0.083,24,0.198,48,0.397,32,0.264,0.405,0.595,0.933,0.03,0.037,0.111,0.033,0.856,0.844,0.156,0.278,25226,9659,172356,156126,6873,3487,4367,66210,2569,84,2152,279,2122,393,2347,93,75,1746,0.004,0.056,0.022,0.384,0.348,0.015,0.008,0.01,0.148,0.006,1112,1193,937,760,,,,-0.265626259,"2:40 PM, Friday 8 April 2022","2:40 PM, 8 Apr 2022"
2022-04-07,1021586,15802,1005784,79780,486756,439248,45,15482,958312,6.39,float;#973794.000000000,47746,25054,22692,0.525,0.475,36,1038.96,2589.05,320,47439,36207,2515,567,1976,574,5588,13,55,1282,0,0,0,140,4,1266,12,46309,24305,22004,0.525,0.475,36,121,104,17,74,3,38,6,1,0.008,6,0.05,10,0.083,24,0.198,48,0.397,32,0.264,0.405,0.595,0.933,0.03,0.037,0.111,0.033,0.856,0.844,0.156,0.278,25226,9659,172356,156126,6873,3487,4367,66210,2569,84,2152,279,2122,393,2347,93,75,1746,0.004,0.056,0.022,0.384,0.348,0.015,0.008,0.01,0.148,0.006,1194,1218,945,804,,,,,"3:00 PM, Thursday 7 April 2022","3:00 PM, 7 Apr 2022"
2022-04-06,1021169,15802,1005367,79581,486793,438993,302,15482,957823,6.34,float;#973305.000000000,47561,24940,22621,0.524,0.476,36,1036.18,2743.04,320,47254,36027,2515,563,1974,575,5588,13,55,1311,0,0,0,190,3,1298,10,46095,24194,21901,0.525,0.475,36,121,104,17,74,3,38,6,1,0.008,6,0.05,10,0.083,24,0.198,48,0.397,32,0.264,0.405,0.595,0.933,0.03,0.037,0.111,0.033,0.856,0.844,0.156,0.278,25226,9659,172356,156126,6873,3487,4367,66210,2569,84,2152,279,2122,393,2347,93,75,1746,0.004,0.056,0.022,0.384,0.348,0.015,0.008,0.01,0.148,0.006,1174,1237,982,808,,,,,"3:30 PM, Wednesday 6 April 2022","3:30 PM, 6 Apr 2022"
2022-04-05,1020529,15802,1004727,79366,486872,438489,307,15482,957372,6.4,float;#972854.000000000,47367,24840,22527,0.524,0.476,36,1076.07,2862.71,320,47060,35848,2515,552,1970,575,5588,13,55,1419,0,0,0,185,7,1402,10,45793,24015,21778,0.524,0.476,36,120,103,17,73,3,38,6,1,0.008,6,0.05,10,0.083,23,0.192,48,0.4,32,0.267,0.408,0.592,0.933,0.03,0.037,0.111,0.033,0.856,0.844,0.156,0.278,25226,9659,172356,156126,6873,3487,4367,66210,2569,84,2152,279,2122,393,2347,93,75,1746,0.004,0.056,0.022,0.384,0.348,0.015,0.008,0.01,0.148,0.006,1227,1313,1018,944,,,,-0.369561651,"3:00 PM, Tuesday 5 April 2022","3:00 PM, 5 Apr 2022"
2022-04-04,1019899,15802,1004097,79104,486872,438121,321,15482,956939,6.44,float;#972421.000000000,47156,24725,22431,0.524,0.476,36,1192.95,3031.54,320,46849,35648,2515,545,1966,575,5588,13,55,1447,0,0,0,218,9,1431,7,45555,23891,21664,0.524,0.476,36,120,103,17,73,3,38,6,1,0.008,6,0.05,10,0.083,23,0.192,48,0.4,32,0.267,0.408,0.592,0.933,0.03,0.037,0.111,0.033,0.856,0.844,0.156,0.278,25226,9659,172356,156126,6873,3487,4367,66210,2569,84,2152,279,2122,393,2347,93,75,1746,0.004,0.056,0.022,0.384,0.348,0.015,0.008,0.01,0.148,0.006,1316,1445,1018,1089,,2490,1560,-0.332294139,"3:00 PM, Monday 4 April 2022","3:00 PM, 4 Apr 2022"
2022-04-03,,,,,,,,,,,float;#0,-1,,,,,,-1,-1,,,,,,,,,,,-1,,,,132,,,,,,,,,,,,,,,,,,,,,,,,,,,,,,,,,,,,,,,,,,,,,,,,,,,,,,,,,,,,,,,,,,,,-1,-1,-1,-1,,,,,"12:00 AM, Sunday 3 April 2022","12:00 AM, 3 Apr 2022"
2022-04-02,,,,,,,,,,,float;#0,-1,,,,,,-1,-1,,,,,,,,,,,-1,,,,117,,,,,,,,,,,,,,,,,,,,,,,,,,,,,,,,,,,,,,,,,,,,,,,,,,,,,,,,,,,,,,,,,,,,-1,-1,-1,-1,,,,,"12:00 AM, Saturday 2 April 2022","12:00 AM, 2 Apr 2022"
2022-04-01,1018837,15802,1003035,78598,486872,437565,296,15482,956279,6.23,float;#971761.000000000,46779,24532,22247,0.524,0.476,36,1425.79,3448.98,320,46472,35287,2515,535,1960,575,5588,13,55,1835,0,0,0,130,17,1812,6,44791,23468,21323,0.524,0.476,36,120,103,17,73,3,38,6,1,0.008,6,0.05,10,0.083,23,0.192,48,0.4,32,0.267,0.408,0.592,0.933,0.03,0.037,0.111,0.033,0.856,0.844,0.156,0.278,25226,9659,172356,156126,6873,3487,4367,66210,2569,84,2152,279,2122,393,2347,93,75,1746,0.004,0.056,0.022,0.384,0.348,0.015,0.008,0.01,0.148,0.006,1463,1786,1274,1331,,,,-0.272941908,"3:00 PM, Friday 1 April 2022","3:00 PM, 1 Apr 2022"
2022-03-31,1018263,15802,1002461,78391,486872,437198,383,15482,955801,6.79,float;#971283.000000000,46596,24428,22168,0.524,0.476,36,1524.12,3538.03,320,46289,35111,2515,535,1955,573,5588,13,55,1963,0,0,0,178,14,1945,4,44480,23301,21179,0.524,0.476,36,120,103,17,73,3,38,6,1,0.008,6,0.05,10,0.083,23,0.192,48,0.4,32,0.267,0.408,0.592,0.933,0.03,0.037,0.111,0.033,0.856,0.844,0.156,0.278,25226,9659,172356,156126,6873,3487,4367,66210,2569,84,2152,279,2122,393,2347,93,75,1746,0.004,0.056,0.022,0.384,0.348,0.015,0.008,0.01,0.148,0.006,1509,1972,1418,1467,,,,,"3:00 PM, Thursday 31 March 2022","3:00 PM, 31 Mar 2022"
2022-03-30,1017478,15802,1001676,78107,486872,436697,343,15482,955296,6.79,float;#970778.000000000,46356,24290,22066,0.524,0.476,36,1628.94,3619.67,320,46049,34884,2515,526,1954,570,5588,13,55,2056,0,0,0,197,14,2036,6,44147,23125,21022,0.524,0.476,36,120,103,17,73,3,38,6,1,0.008,6,0.05,10,0.083,23,0.192,48,0.4,32,0.267,0.408,0.592,0.933,0.03,0.037,0.111,0.033,0.856,0.844,0.156,0.278,25226,9659,172356,156126,6873,3487,4367,66210,2569,84,2152,279,2122,393,2347,93,75,1746,0.004,0.056,0.022,0.384,0.348,0.015,0.008,0.01,0.148,0.006,1653,2149,1550,1530,,,,,"4:00 PM, Wednesday 30 March 2022","4:00 PM, 30 Mar 2022"
2022-03-29,1016538,15802,1000736,77736,486867,436133,309,15482,954638,6.59,float;#970120.000000000,46108,24158,21950,0.524,0.476,36,1697.59,3722.63,320,45801,34638,2515,526,1952,570,5588,13,55,2176,0,0,0,269,18,2145,13,43779,22912,20867,0.523,0.477,36,120,103,17,73,3,38,6,1,0.008,6,0.05,10,0.083,23,0.192,48,0.4,32,0.267,0.408,0.592,0.933,0.03,0.037,0.111,0.033,0.856,0.844,0.156,0.278,25226,9659,172356,156126,6873,3487,4367,66210,2569,84,2152,279,2122,393,2347,93,75,1746,0.004,0.056,0.022,0.384,0.348,0.015,0.008,0.01,0.148,0.006,1660,2234,1590,1573,,,,,"3:00 PM, Tuesday 29 March 2022","3:00 PM, 29 Mar 2022"
2022-03-28,1015654,15802,999852,77357,486867,435628,333,15482,954068,6.78,float;#969550.000000000,45770,23966,21804,0.524,0.476,36,1747.68,3771.8,320,45463,34322,2515,510,1946,570,5588,13,55,2109,0,0,0,307,29,2066,14,43508,22769,20739,0.523,0.477,36,120,103,17,73,3,38,6,1,0.008,6,0.05,10,0.083,23,0.192,48,0.4,32,0.267,0.408,0.592,0.933,0.03,0.037,0.111,0.033,0.856,0.844,0.156,0.278,25226,9659,172356,156126,6873,3487,4367,66210,2569,84,2152,279,2122,393,2347,93,75,1746,0.004,0.056,0.022,0.384,0.348,0.015,0.008,0.01,0.148,0.006,1693,2322,1703,1699,,2390,2220,,"3:30 PM, Monday 28 March 2022","3:30 PM, 28 Mar 2022"
2022-03-27,,,,,,,,,,,float;#0,-1,,,,,,-1,-1,,,,,,,,,,,-1,,,,216,,,,,,,,,,,,,,,,,,,,,,,,,,,,,,,,,,,,,,,,,,,,,,,,,,,,,,,,,,,,,,,,,,,,-1,-1,-1,-1,,,,,"12:00 AM, Sunday 27 March 2022","12:00 AM, 27 Mar 2022"
2022-03-26,,,,,,,,,,,float;#0,-1,,,,,,-1,-1,,,,,,,,,,,-1,,,,213,,,,,,,,,,,,,,,,,,,,,,,,,,,,,,,,,,,,,,,,,,,,,,,,,,,,,,,,,,,,,,,,,,,,-1,-1,-1,-1,,,,,"1:00 AM, Saturday 26 March 2022","1:00 AM, 26 Mar 2022"
2022-03-25,1014331,15802,998529,76648,486865,435016,331,15482,953371,6.99,float;#968853.000000000,45146,23628,21518,0.523,0.477,36,1937.85,3963.82,320,44839,33720,2515,502,1937,565,5588,13,55,2305,0,0,0,219,32,2264,9,42689,22328,20361,0.523,0.477,35,119,102,17,72,3,38,6,1,0.008,6,0.05,10,0.084,23,0.193,48,0.403,31,0.261,0.403,0.597,0.933,0.03,0.037,0.111,0.033,0.856,0.844,0.156,0.278,25226,9659,172356,156126,6873,3487,4367,66210,2569,84,2152,279,2122,393,2347,93,75,1746,0.004,0.056,0.022,0.384,0.348,0.015,0.008,0.01,0.148,0.006,1827,2426,1835,1931,,,,-0.040421297,"3:00 PM, Friday 25 March 2022","3:00 PM, 25 Mar 2022"
2022-03-24,1013491,15802,997689,76296,486863,434530,340,15482,952809,6.39,float;#968291.000000000,44859,23481,21378,0.523,0.477,36,1929.5,3991.65,320,44552,33447,2515,502,1923,565,5588,13,55,2332,0,0,0,316,32,2292,8,42375,22159,20216,0.523,0.477,35,118,101,17,72,3,37,6,1,0.008,6,0.051,10,0.085,22,0.186,48,0.407,31,0.263,0.398,0.602,0.933,0.03,0.037,0.111,0.033,0.856,0.844,0.156,0.278,25226,9659,172356,156126,6873,3487,4367,66210,2569,84,2152,279,2122,393,2347,93,75,1746,0.004,0.056,0.022,0.384,0.348,0.015,0.008,0.01,0.148,0.006,1824,2325,1803,1999,,,,-0.047616697,"3:07 PM, Thursday 24 March 2022","3:07 PM, 24 Mar 2022"
2022-03-23,1012702,15802,996900,75905,486861,434134,409,15482,952318,6.69,float;#967800.000000000,44492,23278,21214,0.523,0.477,36,1896.1,3981.45,320,44185,33097,2515,494,1914,565,5588,13,55,2323,0,0,0,345,30,2287,6,42017,21985,20032,0.523,0.477,35,118,101,17,72,3,37,6,1,0.008,6,0.051,10,0.085,22,0.186,48,0.407,31,0.263,0.398,0.602,0.933,0.03,0.037,0.111,0.033,0.856,0.844,0.156,0.278,25226,9659,172356,156126,6873,3487,4367,66210,2569,84,2152,279,2122,393,2347,93,75,1746,0.004,0.056,0.022,0.384,0.348,0.015,0.008,0.01,0.148,0.006,1847,2259,1747,2125,,,,,"3:45 PM, Wednesday 23 March 2022","3:45 PM, 23 Mar 2022"
2022-03-22,1011882,15802,996080,75496,486861,433723,374,15482,951826,6.71,float;#967308.000000000,44199,23114,21085,0.523,0.477,36,1955.47,3994.43,320,43892,32809,2515,492,1911,565,5588,13,55,2374,0,0,0,317,35,2332,7,41673,21787,19886,0.523,0.477,35,118,101,17,72,3,37,6,1,0.008,6,0.051,10,0.085,22,0.186,48,0.407,31,0.263,0.398,0.602,0.933,0.03,0.037,0.111,0.033,0.856,0.844,0.156,0.278,25226,9659,172356,156126,6873,3487,4367,66210,2569,84,2152,279,2122,393,2347,93,75,1746,0.004,0.056,0.022,0.384,0.348,0.015,0.008,0.01,0.148,0.006,1893,2313,1699,2183,,,,,"3:30 PM, Tuesday 22 March 2022","3:30 PM, 22 Mar 2022"
2022-03-21,1010892,15802,995090,74963,486860,433267,331,15482,951280,6.36,float;#966762.000000000,43798,22883,20915,0.522,0.478,36,1948.05,3950.83,320,43491,32413,2515,492,1907,564,5588,13,55,2295,0,0,0,401,37,2248,10,41351,21608,19743,0.523,0.477,35,116,99,17,71,3,36,6,1,0.009,6,0.052,10,0.086,22,0.19,47,0.405,30,0.259,0.397,0.603,0.933,0.03,0.037,0.111,0.033,0.856,0.844,0.156,0.278,25226,9659,172356,156126,6873,3487,4367,66210,2569,84,2152,279,2122,393,2347,93,75,1746,0.004,0.056,0.022,0.384,0.348,0.015,0.008,0.01,0.148,0.006,1870,2278,1683,2188,,2550,2360,,"3:30 PM, Monday 21 March 2022","3:30 PM, 21 Mar 2022"
2022-03-20,,,,,,,,,,,float;#0,-1,,,,,,-1,-1,,,,,,,,,,,-1,,,,258,,,,,,,,,,,,,,,,,,,,,,,,,,,,,,,,,,,,,,,,,,,,,,,,,,,,,,,,,,,,,,,,,,,,-1,-1,-1,-1,,,,,"3:30 PM, Sunday 20 March 2022","3:30 PM, 20 Mar 2022"
2022-03-19,,,,,,,,,,,float;#0,-1,,,,,,-1,-1,,,,,,,,,,,-1,,,,261,,,,,,,,,,,,,,,,,,,,,,,,,,,,,,,,,,,,,,,,,,,,,,,,,,,,,,,,,,,,,,,,,,,,-1,-1,-1,-1,,,,,"3:30 PM, Saturday 19 March 2022","3:30 PM, 19 Mar 2022"
2022-03-18,1009420,15802,993618,74073,486859,432686,348,15482,950594,6.46,float;#966076.000000000,42995,22451,20544,0.522,0.478,36,1948.98,3769.94,320,42688,31634,2515,490,1893,556,5588,13,55,2378,0,0,0,283,27,2338,13,40466,21127,19339,0.522,0.478,35,116,99,17,71,3,36,6,1,0.009,6,0.052,10,0.086,22,0.19,47,0.405,30,0.259,0.397,0.603,0.933,0.03,0.037,0.111,0.033,0.856,0.844,0.156,0.278,25226,9659,172356,156126,6873,3487,4367,66210,2569,84,2152,279,2122,393,2347,93,75,1746,0.004,0.056,0.022,0.384,0.348,0.015,0.008,0.01,0.148,0.006,-1,-1,-1,-1,,,,,"2:30 PM, Friday 18 March 2022","2:30 PM, 18 Mar 2022"
2022-03-17,1008547,15802,992745,73635,486855,432255,328,15482,950061,6.07,float;#965543.000000000,42675,22291,20384,0.522,0.478,36,1948.98,3769.94,320,42368,31321,2515,490,1888,554,5588,13,55,2419,0,0,0,291,30,2379,10,40105,20929,19176,0.522,0.478,35,116,99,17,71,3,36,6,1,0.009,6,0.052,10,0.086,22,0.19,47,0.405,30,0.259,0.397,0.603,0.933,0.03,0.037,0.111,0.033,0.856,0.844,0.156,0.278,25226,9659,172356,156126,6873,3487,4367,66210,2569,84,2152,279,2122,393,2347,93,75,1746,0.004,0.056,0.022,0.384,0.348,0.015,0.008,0.01,0.148,0.006,1870,2291,1667,2324,,,,,"3:00 PM, Thursday 17 March 2022","3:00 PM, 17 Mar 2022"
2022-03-16,1007730,15802,991928,73311,486853,431764,367,15482,949519,6.44,float;#965001.000000000,42361,22129,20232,0.522,0.478,36,1948.98,3769.94,320,42054,31017,2515,487,1885,550,5588,13,55,2448,0,0,0,345,25,2411,12,39762,20736,19026,0.522,0.478,35,116,99,17,71,3,36,6,1,0.009,6,0.052,10,0.086,22,0.19,47,0.405,30,0.259,0.397,0.603,0.933,0.03,0.037,0.111,0.033,0.856,0.844,0.156,0.278,25226,9659,172356,156126,6873,3487,4367,66210,2569,84,2152,279,2122,393,2347,93,75,1746,0.004,0.056,0.022,0.384,0.348,0.015,0.008,0.01,0.148,0.006,1965,2388,1695,2251,,,,,"4:00 PM, Wednesday 16 March 2022","4:00 PM, 16 Mar 2022"
2022-03-15,1006764,15802,990962,72914,486851,431197,349,15482,948914,6.43,float;#964396.000000000,42018,21950,20068,0.522,0.478,36,1948.98,3769.94,320,41711,30686,2515,484,1880,546,5588,13,55,2397,0,0,0,342,27,2357,13,39470,20579,18891,0.521,0.479,35,116,99,17,71,3,36,6,1,0.009,6,0.052,10,0.086,22,0.19,47,0.405,30,0.259,0.397,0.603,0.933,0.03,0.037,0.111,0.033,0.856,0.844,0.156,0.278,25226,9659,172356,156126,6873,3487,4367,66210,2569,84,2152,279,2122,393,2347,93,75,1746,0.004,0.056,0.022,0.384,0.348,0.015,0.008,0.01,0.148,0.006,1936,2404,1755,2227,,,,,"3:00 PM, Tuesday 15 March 2022","3:00 PM, 15 Mar 2022"
2022-03-14,1005816,15802,990014,72444,486845,430725,370,15482,948328,6.45,float;#963810.000000000,41635,21731,19904,0.522,0.478,35,1948.98,3769.94,320,41328,30317,2515,481,1870,545,5588,13,55,2274,0,0,0,383,29,2232,13,39211,20442,18769,0.521,0.479,35,116,99,17,71,3,36,6,1,0.009,6,0.052,10,0.086,22,0.19,47,0.405,30,0.259,0.397,0.603,0.933,0.03,0.037,0.111,0.033,0.856,0.844,0.156,0.278,25226,9659,172356,156126,6873,3487,4367,66210,2569,84,2152,279,2122,393,2347,93,75,1746,0.004,0.056,0.022,0.384,0.348,0.015,0.008,0.01,0.148,0.006,1916,2297,1827,2173,,2410,2320,,"3:30 PM, Monday 14 March 2022","3:30 PM, 14 Mar 2022"
2022-03-13,,,,,,,,,,,float;#0,-1,,,,,,-1,-1,,,,,,,,,,,-1,,,,255,,,,,,,,,,,,,,,,,,,,,,,,,,,,,,,,,,,,,,,,,,,,,,,,,,,,,,,,,,,,,,,,,,,,1906,2183,1815,2043,,,,,"3:00 PM, Sunday 13 March 2022","3:00 PM, 13 Mar 2022"
2022-03-12,,,,,,,,,,,float;#0,-1,,,,,,-1,-1,,,,,,,,,,,-1,,,,261,,,,,,,,,,,,,,,,,,,,,,,,,,,,,,,,,,,,,,,,,,,,,,,,,,,,,,,,,,,,,,,,,,,,1899,2123,1811,2033,,,,,"3:00 PM, Saturday 12 March 2022","3:00 PM, 12 Mar 2022"
2022-03-11,1004191,15802,988389,71452,486843,430094,324,15482,947577,6.59,float;#963059.000000000,40807,21267,19540,0.521,0.479,35,1818.18,3595.55,320,40500,29524,2515,468,1856,537,5588,13,55,2220,0,0,0,313,39,2156,25,38437,20011,18426,0.521,0.479,35,116,99,17,71,3,36,6,1,0.009,6,0.052,10,0.086,22,0.19,47,0.405,30,0.259,0.397,0.603,0.933,0.03,0.037,0.111,0.033,0.856,0.844,0.156,0.278,25226,9659,172356,156126,6873,3487,4367,66210,2569,84,2152,279,2122,393,2347,93,75,1746,0.004,0.056,0.022,0.384,0.348,0.015,0.008,0.01,0.148,0.006,1873,2073,1763,1980,,,,,"4:00 PM, Friday 11 March 2022","4:00 PM, 11 Mar 2022"
2022-03-10,1003368,15802,987566,71124,486842,429600,351,15482,947074,6.7,float;#962556.000000000,40460,21081,19379,0.521,0.479,35,1774.58,3445.27,320,40153,29193,2515,466,1843,536,5588,13,55,2182,0,0,0,344,50,2095,37,38128,19838,18290,0.52,0.48,35,115,98,17,71,3,35,6,1,0.009,6,0.052,10,0.087,22,0.191,46,0.4,30,0.261,0.391,0.609,0.933,0.03,0.037,0.111,0.033,0.856,0.844,0.156,0.278,25226,9659,172356,156126,6873,3487,4367,66210,2569,84,2152,279,2122,393,2347,93,75,1746,0.004,0.056,0.022,0.384,0.348,0.015,0.008,0.01,0.148,0.006,1834,1991,1815,1781,,,,,"3:15 PM, Thursday 10 March 2022","3:15 PM, 10 Mar 2022"
2022-03-09,1002428,15802,986626,70673,486841,429112,331,15482,946503,6.48,float;#961985.000000000,40111,20897,19214,0.521,0.479,35,1748.61,3340.45,320,39804,28856,2515,463,1837,533,5588,13,55,2146,0,0,0,351,45,2062,39,37816,19678,18138,0.52,0.48,35,115,98,17,71,3,35,6,1,0.009,6,0.052,10,0.087,22,0.191,46,0.4,30,0.261,0.391,0.609,0.933,0.03,0.037,0.111,0.033,0.856,0.844,0.156,0.278,25226,9659,172356,156126,6873,3487,4367,66210,2569,84,2152,279,2122,393,2347,93,75,1746,0.004,0.056,0.022,0.384,0.348,0.015,0.008,0.01,0.148,0.006,1762,1937,1883,1762,,,,,"3:15 PM, Wednesday 9 March 2022","3:15 PM, 9 Mar 2022"
2022-03-08,1001596,15802,985794,70269,486793,428732,285,15482,946026,7,float;#961508.000000000,39802,20722,19080,0.521,0.479,35,1752.32,3256.96,320,39495,28560,2515,459,1835,526,5588,13,55,2193,0,0,0,309,46,2104,43,37461,19467,17994,0.52,0.48,35,115,98,17,71,3,35,6,1,0.009,6,0.052,10,0.087,22,0.191,46,0.4,30,0.261,0.391,0.609,0.933,0.03,0.037,0.111,0.033,0.856,0.844,0.156,0.278,25226,9659,172356,156126,6873,3487,4367,66210,2569,84,2152,279,2122,393,2347,93,75,1746,0.004,0.056,0.022,0.384,0.348,0.015,0.008,0.01,0.148,0.006,1699,1944,1931,1631,,,,,"3:10 PM, Tuesday 8 March 2022","3:10 PM, 8 Mar 2022"
2022-03-07,1000827,15802,985025,69905,486793,428327,310,15482,945544,7.51,float;#961026.000000000,39490,20552,18938,0.52,0.48,35,1782,3205.01,320,39183,28255,2515,456,1831,526,5588,13,55,2115,0,0,0,314,52,2014,49,37227,19338,17889,0.519,0.481,35,115,98,17,71,3,35,6,1,0.009,6,0.052,10,0.087,22,0.191,46,0.4,30,0.261,0.391,0.609,0.933,0.03,0.037,0.111,0.033,0.856,0.844,0.156,0.278,25226,9659,172356,156126,6873,3487,4367,66210,2569,84,2152,279,2122,393,2347,93,75,1746,0.004,0.056,0.022,0.384,0.348,0.015,0.008,0.01,0.148,0.006,1706,1909,2019,1573,,2680,2180,,"3:31 PM, Monday 7 March 2022","3:31 PM, 7 Mar 2022"
2022-03-06,,,,,,,,,,,float;#0,-1,,,,,,-1,-1,,,,,,,,,,,-1,,,,230,,,,,,,,,,,,,,,,,,,,,,,,,,,,,,,,,,,,,,,,,,,,,,,,,,,,,,,,,,,,,,,,,,,,1742,1887,2067,1641,,,,,"12:00 AM, Sunday 6 March 2022","12:00 AM, 6 Mar 2022"
2022-03-05,,,,,,,,,,,float;#0,-1,,,,,,-1,-1,,,,,,,,,,,-1,,,,215,,,,,,,,,,,,,,,,,,,,,,,,,,,,,,,,,,,,,,,,,,,,,,,,,,,,,,,,,,,,,,,,,,,,1758,1858,2115,1622,,,,,"12:00 AM, Saturday 5 March 2022","12:00 AM, 5 Mar 2022"
2022-03-04,999413,15802,983611,69074,486793,427744,299,15482,944835,7.75,float;#960317.000000000,38796,20174,18622,0.52,0.48,35,1734.69,3008.35,320,38489,27589,2515,444,1823,521,5585,13,55,2050,0,0,0,247,44,1962,44,36598,18999,17599,0.519,0.481,34,114,97,17,71,3,34,6,1,0.009,6,0.053,10,0.088,22,0.193,46,0.404,29,0.254,0.386,0.614,0.933,0.03,0.037,0.111,0.033,0.856,0.844,0.156,0.278,25226,9659,172356,156126,6873,3487,4367,66210,2569,84,2152,279,2122,393,2347,93,75,1746,0.004,0.056,0.022,0.384,0.348,0.015,0.008,0.01,0.148,0.006,1706,1849,2059,1535,,,,,"12:10 AM, Friday 4 March 2022","12:10 AM, 4 Mar 2022"
2022-03-03,998602,15802,982800,68731,486793,427276,322,15482,944317,7.8,float;#959799.000000000,38480,20003,18477,0.52,0.48,35,1611.32,2919.29,320,38173,27307,2515,438,1804,513,5584,13,55,1994,0,0,0,318,57,1897,40,36338,18854,17484,0.519,0.481,34,113,96,17,70,3,34,6,1,0.009,5,0.044,10,0.088,22,0.195,46,0.407,29,0.257,0.381,0.619,0.933,0.03,0.037,0.111,0.033,0.856,0.844,0.156,0.278,25226,9659,172356,156126,6873,3487,4367,66210,2569,84,2152,279,2122,393,2347,93,75,1746,0.004,0.056,0.022,0.384,0.348,0.015,0.008,0.01,0.148,0.006,1660,1795,2015,1573,,,,,"3:40 PM, Thursday 3 March 2022","3:40 PM, 3 Mar 2022"
2022-03-02,997689,15802,981887,68350,486793,426744,274,15482,943773,7.92,float;#959255.000000000,38159,19834,18325,0.52,0.48,35,1534.32,2820.04,320,37852,27017,2515,429,1785,510,5584,13,55,1855,0,0,0,319,42,1779,34,36157,18755,17402,0.519,0.481,34,113,96,17,70,3,34,6,1,0.009,5,0.044,10,0.088,22,0.195,46,0.407,29,0.257,0.381,0.619,0.933,0.03,0.037,0.111,0.033,0.856,0.844,0.156,0.278,25226,9659,172356,156126,6873,3487,4367,66210,2569,84,2152,279,2122,393,2347,93,75,1746,0.004,0.056,0.022,0.384,0.348,0.015,0.008,0.01,0.148,0.006,1548,1685,1847,1505,,,,,"3:25 PM, Wednesday 2 March 2022","3:25 PM, 2 Mar 2022"
2022-03-01,996723,15802,980921,67961,486793,426167,261,15482,943128,7.86,float;#958610.000000000,37851,19668,18183,0.52,0.48,35,1448.98,2763.45,320,37544,26732,2515,416,1776,509,5584,13,55,1847,0,0,0,311,31,1792,24,35857,18577,17280,0.518,0.482,34,113,96,17,70,3,34,6,1,0.009,5,0.044,10,0.088,22,0.195,46,0.407,29,0.257,0.381,0.619,0.933,0.03,0.037,0.111,0.033,0.856,0.844,0.156,0.278,25226,9659,172356,156126,6873,3487,4367,66210,2569,84,2152,279,2122,393,2347,93,75,1746,0.004,0.056,0.022,0.384,0.348,0.015,0.008,0.01,0.148,0.006,1522,1615,1679,1539,,,,,"4:00 PM, Tuesday 1 March 2022","4:00 PM, 1 Mar 2022"
2022-02-28,995814,15802,980012,67604,486793,425615,308,15482,942524,7.05,float;#958006.000000000,37499,19462,18037,0.519,0.481,35,1363.64,2684.6,320,37192,26408,2515,408,1771,496,5582,13,55,1661,0,0,0,344,26,1612,23,35691,18483,17208,0.518,0.482,34,112,95,17,70,3,33,6,1,0.009,5,0.045,10,0.089,22,0.196,45,0.402,29,0.259,0.384,0.616,0.933,0.03,0.037,0.111,0.033,0.856,0.844,0.156,0.278,25226,9659,172356,156126,6873,3487,4367,66210,2569,84,2152,279,2122,393,2347,93,75,1746,0.004,0.056,0.022,0.384,0.348,0.015,0.008,0.01,0.148,0.006,1440,1537,1558,1447,,2210,1670,,"4:00 PM, Monday 28 February 2022","4:00 PM, 28 Feb 2022"
2022-02-27,,,,,,,,,,,float;#0,-1,,,,,,-1,-1,,,,,,,,,,,-1,,,,234,,,,,,,,,,,,,,,,,,,,,,,,,,,,,,,,,,,,,,,,,,,,,,,,,,,,,,,,,,,,,,,,,,,,1342,1477,1466,1365,,,,,"4:00 PM, Sunday 27 February 2022","4:00 PM, 27 Feb 2022"
2022-02-26,,,,,,,,,,,float;#0,-1,,,,,,-1,-1,,,,,,,,,,,-1,,,,164,,,,,,,,,,,,,,,,,,,,,,,,,,,,,,,,,,,,,,,,,,,,,,,,,,,,,,,,,,,,,,,,,,,,1220,1442,1386,1375,,,,,"4:00 PM, Saturday 26 February 2022","4:00 PM, 26 Feb 2022"
2022-02-25,994465,15802,978663,66839,486793,425031,256,15482,941845,7.02,float;#957327.000000000,36881,19120,17761,0.518,0.482,35,1235.62,2673.47,320,36574,25818,2515,395,1762,490,5582,13,55,1516,0,0,0,213,22,1483,11,35220,18247,16973,0.518,0.482,34,112,95,17,70,3,33,6,1,0.009,5,0.045,10,0.089,22,0.196,45,0.402,29,0.259,0.384,0.616,0.933,0.03,0.037,0.111,0.033,0.856,0.844,0.156,0.278,25226,9659,172356,156126,6873,3487,4367,66210,2569,84,2152,279,2122,393,2347,93,75,1746,0.004,0.056,0.022,0.384,0.348,0.015,0.008,0.01,0.148,0.006,1207,1410,1358,1360,,,,,"3:45 PM, Friday 25 February 2022","3:45 PM, 25 Feb 2022"
2022-02-24,993819,15802,978017,66632,486794,424591,279,15482,941353,7.64,float;#956835.000000000,36704,19027,17677,0.518,0.482,35,1274.58,2724.49,320,36397,25646,2515,394,1761,487,5582,13,55,1529,0,0,0,193,24,1494,11,35030,18138,16892,0.518,0.482,34,112,95,17,70,3,33,6,1,0.009,5,0.045,10,0.089,22,0.196,45,0.402,29,0.259,0.384,0.616,0.933,0.03,0.037,0.111,0.033,0.856,0.844,0.156,0.278,25226,9659,172356,156126,6873,3487,4367,66210,2569,84,2152,279,2122,393,2347,93,75,1746,0.004,0.056,0.022,0.384,0.348,0.015,0.008,0.01,0.148,0.006,1174,1372,1254,1360,,,,,"12:00 AM, Thursday 24 February 2022","12:00 AM, 24 Feb 2022"
2022-02-23,993069,15802,977267,66323,486794,424150,328,15482,940838,7.75,float;#956320.000000000,36420,18874,17546,0.518,0.482,35,1211.5,2714.29,320,36113,25377,2515,391,1751,485,5582,13,55,1530,0,0,0,254,25,1495,10,34745,17995,16750,0.518,0.482,34,111,94,17,69,3,33,6,1,0.009,5,0.045,10,0.09,22,0.198,45,0.405,28,0.252,0.378,0.622,0.933,0.03,0.037,0.111,0.033,0.856,0.844,0.156,0.278,25226,9659,172356,156126,6873,3487,4367,66210,2569,84,2152,279,2122,393,2347,93,75,1746,0.004,0.056,0.022,0.384,0.348,0.015,0.008,0.01,0.148,0.006,1191,1385,1222,1443,,,,,"3:48 PM, Wednesday 23 February 2022","3:48 PM, 23 Feb 2022"
2022-02-22,992492,15802,976690,66082,486793,423815,287,15482,940489,9.09,float;#955971.000000000,36233,18768,17465,0.518,0.482,34,1261.6,2807.98,320,35926,25196,2515,387,1751,483,5582,13,55,1658,0,0,0,212,10,1638,10,34430,17833,16597,0.518,0.482,34,110,93,17,68,3,33,6,1,0.009,5,0.045,10,0.091,22,0.2,44,0.4,28,0.255,0.382,0.618,0.933,0.03,0.037,0.111,0.033,0.856,0.844,0.156,0.278,25226,9659,172356,156126,6873,3487,4367,66210,2569,84,2152,279,2122,393,2347,93,75,1746,0.004,0.056,0.022,0.384,0.348,0.015,0.008,0.01,0.148,0.006,1158,1354,1166,1481,,,,,"4:00 PM, Tuesday 22 February 2022","4:00 PM, 22 Feb 2022"
2022-02-21,991834,15802,976032,65839,486793,423400,301,15482,940067,9.98,float;#955549.000000000,35983,18621,17362,0.517,0.483,34,1279.22,2864.56,320,35676,24961,2515,386,1748,472,5582,13,55,1596,0,0,0,255,14,1571,11,34242,17738,16504,0.518,0.482,34,109,92,17,68,3,32,6,1,0.009,5,0.046,10,0.092,22,0.202,44,0.404,27,0.248,0.376,0.624,0.933,0.03,0.037,0.111,0.033,0.856,0.844,0.156,0.278,25226,9659,172356,156126,6873,3487,4367,66210,2569,84,2152,279,2122,393,2347,93,75,1746,0.004,0.056,0.022,0.384,0.348,0.015,0.008,0.01,0.148,0.006,1171,1417,1038,1728,,2580,1730,,"3:50 PM, Monday 21 February 2022","3:50 PM, 21 Feb 2022"
2022-02-20,,,,,,,,,,,float;#0,-1,,,,,,-1,-1,,,,,,,,,,,-1,,,,168,,,,,,,,,,,,,,,,,,,,,,,,,,,,,,,,,,,,,,,,,,,,,,,,,,,,,,,,,,,,,,,,,,,,1125,1470,925,1902,,,,,"12:00 AM, Sunday 20 February 2022","12:00 AM, 20 Feb 2022"
2022-02-19,,,,,,,,,,,float;#0,-1,,,,,,-1,-1,,,,,,,,,,,-1,,,,140,,,,,,,,,,,,,,,,,,,,,,,,,,,,,,,,,,,,,,,,,,,,,,,,,,,,,,,,,,,,,,,,,,,,1174,1505,885,1931,,,,,"4:00 PM, Saturday 19 February 2022","4:00 PM, 19 Feb 2022"
2022-02-18,990697,15802,974895,65214,486793,422888,269,15482,939439,10.1,float;#954921.000000000,35506,18364,17142,0.517,0.483,34,1397.96,3089.98,320,35199,24496,2516,381,1743,469,5582,13,55,1786,0,0,0,164,18,1761,7,33576,17392,16184,0.518,0.482,34,109,92,17,68,3,32,6,1,0.009,5,0.046,10,0.092,22,0.202,44,0.404,27,0.248,0.376,0.624,0.933,0.03,0.037,0.111,0.033,0.856,0.844,0.156,0.278,25226,9659,172356,156126,6873,3487,4367,66210,2569,84,2153,279,2123,393,2348,93,75,1746,0.004,0.056,0.022,0.384,0.348,0.015,0.008,0.01,0.148,0.006,1188,1540,853,2019,,,,,"4:30 PM, Friday 18 February 2022","4:30 PM, 18 Feb 2022"
2022-02-17,990053,15802,974251,64983,486793,422475,328,15482,938941,9.53,float;#954423.000000000,35301,18259,17042,0.517,0.483,34,1422.08,3137.29,320,34994,24296,2516,380,1741,468,5581,13,55,1857,0,0,0,212,19,1829,9,33300,17258,16042,0.518,0.482,34,108,91,17,67,3,32,6,1,0.009,5,0.046,10,0.093,22,0.204,44,0.407,26,0.241,0.38,0.62,0.933,0.03,0.037,0.111,0.033,0.856,0.844,0.156,0.278,25226,9659,172356,156126,6873,3487,4367,66210,2569,84,2153,279,2123,393,2348,93,75,1746,0.004,0.056,0.022,0.384,0.348,0.015,0.008,0.01,0.148,0.006,1230,1615,841,2178,,,,,"3:15 PM, Thursday 17 February 2022","3:15 PM, 17 Feb 2022"
2022-02-16,989174,15802,973372,64656,486793,421923,280,15482,938339,9.57,float;#953821.000000000,35072,18139,16933,0.517,0.483,34,1464.75,3202.23,320,34765,24075,2516,379,1736,466,5581,13,55,1932,0,0,0,228,28,1896,8,32996,17095,15901,0.518,0.482,34,108,91,17,67,3,32,6,1,0.009,5,0.046,10,0.093,22,0.204,44,0.407,26,0.241,0.38,0.62,0.933,0.03,0.037,0.111,0.033,0.856,0.844,0.156,0.278,25226,9659,172356,156126,6873,3487,4367,66210,2569,84,2153,279,2123,393,2348,93,75,1746,0.004,0.056,0.022,0.384,0.348,0.015,0.008,0.01,0.148,0.006,1250,1609,829,2338,,,,,"4:30 PM, Wednesday 16 February 2022","4:30 PM, 16 Feb 2022"
2022-02-15,988213,15802,972411,64318,486793,421300,327,15482,937618,8.75,float;#953100.000000000,34785,17998,16787,0.517,0.483,34,1467.53,3276.44,320,34478,23797,2516,374,1733,465,5581,13,55,1928,0,0,0,255,25,1893,10,32713,16961,15752,0.518,0.482,34,108,91,17,67,3,32,6,1,0.009,5,0.046,10,0.093,22,0.204,44,0.407,26,0.241,0.38,0.62,0.933,0.03,0.037,0.111,0.033,0.856,0.844,0.156,0.278,25226,9659,172356,156126,6873,3487,4367,66210,2569,84,2153,279,2123,393,2348,93,75,1746,0.004,0.056,0.022,0.384,0.348,0.015,0.008,0.01,0.148,0.006,1299,1691,813,2430,,,,,"4:00 PM, Tuesday 15 February 2022","4:00 PM, 15 Feb 2022"
2022-02-14,987419,15802,971617,64000,486793,420824,286,15482,937093,8.46,float;#952575.000000000,34557,17880,16677,0.517,0.483,34,1537.11,3435.99,320,34250,23575,2516,373,1729,462,5583,13,55,1920,0,0,0,266,29,1879,12,32493,16850,15643,0.519,0.481,34,108,91,17,67,3,32,6,1,0.009,5,0.046,10,0.093,22,0.204,44,0.407,26,0.241,0.38,0.62,0.933,0.03,0.037,0.111,0.033,0.856,0.844,0.156,0.278,25226,9659,172356,156126,6873,3487,4367,66210,2569,84,2153,279,2123,393,2348,93,75,1746,0.004,0.056,0.022,0.384,0.348,0.015,0.008,0.01,0.148,0.006,1309,1660,797,2411,,2580,2210,,"3:25 PM, Monday 14 February 2022","3:25 PM, 14 Feb 2022"
2022-02-13,,,,,,,,,,,float;#0,-1,,,,,,-1,-1,,,,,,,,,,,-1,,,,190,,,,,,,,,,,,,,,,,,,,,,,,,,,,,,,,,,,,,,,,,,,,,,,,,,,,,,,,,,,,,,,,,,,,1358,1694,833,2667,,,,,"11:00 AM, Sunday 13 February 2022","11:00 AM, 13 Feb 2022"
2022-02-12,,,,,,,,,,,float;#0,-1,,,,,,-1,-1,,,,,,,,,,,-1,,,,165,,,,,,,,,,,,,,,,,,,,,,,,,,,,,,,,,,,,,,,,,,,,,,,,,,,,,,,,,,,,,,,,,,,,1414,1656,777,2948,,,,,"11:00 AM, Saturday 12 February 2022","11:00 AM, 12 Feb 2022"
2022-02-11,986125,15802,970323,63347,486793,420183,395,15482,936278,9.04,float;#951760.000000000,33969,17571,16398,0.517,0.483,34,1660.48,3730.06,320,33662,23006,2516,367,1724,454,5583,13,55,2081,0,0,0,232,42,2020,19,31746,16447,15299,0.518,0.482,34,106,89,17,66,3,31,6,1,0.009,5,0.047,10,0.094,22,0.208,43,0.406,25,0.236,0.377,0.623,0.933,0.03,0.037,0.111,0.033,0.856,0.844,0.156,0.278,25226,9659,172356,156126,6873,3487,4367,66210,2569,84,2153,279,2123,393,2348,93,75,1746,0.004,0.056,0.022,0.384,0.348,0.015,0.008,0.01,0.148,0.006,1430,1688,849,3195,,,,,"3:15 PM, Friday 11 February 2022","3:15 PM, 11 Feb 2022"
2022-02-10,985143,15802,969341,62882,486799,419660,271,15482,935671,10.67,float;#951153.000000000,33718,17443,16275,0.517,0.483,34,1666.05,3814.47,320,33411,22771,2516,365,1718,447,5582,13,55,2156,0,0,0,245,37,2102,17,31420,16255,15165,0.517,0.483,34,106,89,17,66,3,31,6,1,0.009,5,0.047,10,0.094,22,0.208,43,0.406,25,0.236,0.377,0.623,0.933,0.03,0.037,0.111,0.033,0.856,0.844,0.156,0.278,25226,9659,172356,156126,6873,3487,4367,66210,2569,84,2153,279,2123,393,2348,93,75,1746,0.004,0.056,0.022,0.384,0.348,0.015,0.008,0.01,0.148,0.006,1427,1653,837,3185,,,,,"2:50 PM, Thursday 10 February 2022","2:50 PM, 10 Feb 2022"
2022-02-09,984413,15802,968611,62610,486795,419206,435,15482,935081,10.47,float;#950563.000000000,33414,17294,16120,0.518,0.482,34,1659.55,3846.01,320,33107,22486,2516,365,1707,439,5582,13,55,2176,0,0,0,284,37,2121,18,31096,16069,15027,0.517,0.483,34,106,89,17,66,3,31,6,1,0.009,5,0.047,10,0.094,22,0.208,43,0.406,25,0.236,0.377,0.623,0.933,0.03,0.037,0.111,0.033,0.856,0.844,0.156,0.278,25226,9658,172353,156126,6873,3485,4367,66210,2569,84,2153,279,2124,393,2348,93,75,1746,0.004,0.056,0.022,0.384,0.348,0.015,0.008,0.01,0.148,0.006,1401,1685,861,3243,,,,,"4:21 PM, Wednesday 9 February 2022","4:21 PM, 9 Feb 2022"
2022-02-08,983475,15802,967673,62123,486790,418760,356,15482,934469,11.1,float;#949951.000000000,33167,17170,15997,0.518,0.482,34,1771.8,3975.88,320,32860,22243,2517,361,1706,439,5582,13,55,2328,0,0,0,271,35,2276,17,30697,15841,14856,0.516,0.484,34,106,89,17,66,3,31,6,1,0.009,5,0.047,10,0.094,22,0.208,43,0.406,25,0.236,0.377,0.623,0.933,0.03,0.037,0.111,0.033,0.856,0.844,0.156,0.278,25217,9657,172345,156119,6873,3485,4367,66206,2569,84,2154,279,2124,393,2349,93,75,1746,0.004,0.056,0.022,0.384,0.348,0.015,0.008,0.01,0.148,0.006,1365,1691,909,3422,,,,,"3:34 PM, Tuesday 8 February 2022","3:34 PM, 8 Feb 2022"
2022-02-07,982520,15802,966718,61679,486790,418249,331,15482,933856,13.21,float;#949338.000000000,32850,17007,15843,0.518,0.482,34,1853.43,4054.73,320,32543,21955,2517,359,1697,421,5582,13,55,2339,2026,313,4336,321,35,2281,23,30369,15663,14706,0.516,0.484,34,104,87,17,66,3,30,5,1,0.01,5,0.048,10,0.096,22,0.212,42,0.404,24,0.231,0.365,0.635,0.933,0.03,0.037,0.111,0.033,0.856,0.844,0.156,0.278,25165,9631,172309,156060,6872,3478,4366,66184,2569,84,2154,279,2124,393,2349,93,75,1746,0.004,0.056,0.022,0.384,0.348,0.015,0.008,0.01,0.148,0.006,1394,1738,961,3655,1140,3360,2640,,"3:15 PM, Monday 7 February 2022","3:15 PM, 7 Feb 2022"
2022-02-06,,,,,,,,,,,float;#0,-1,,,,,,-1,-1,,,,,,,,,,,-1,,,,240,,,,,,,,,,,,,,,,,,,,,,,,,,,,,,,,,,,,,,,,,,,,,,,,,,,,,,,,,,,,,,,,,,,,1486,1820,913,3892,,,,,"12:00 PM, Sunday 6 February 2022","12:00 PM, 6 Feb 2022"
2022-02-05,,,,,,,,,,,float;#0,-1,,,,,,-1,-1,,,,,,,,,,,-1,,,,248,,,,,,,,,,,,,,,,,,,,,,,,,,,,,,,,,,,,,,,,,,,,,,,,,,,,,,,,,,,,,,,,,,,,1486,1893,998,3960,,,,,"12:00 PM, Saturday 5 February 2022","12:00 PM, 5 Feb 2022"
2022-02-04,980390,15802,964588,60816,486231,417541,671,15482,932163,11.97,float;#947645.000000000,32073,16603,15470,0.518,0.482,34,1973.1,4072.36,320,31766,21234,2496,353,1683,411,5577,13,55,2505,2181,324,5112,216,27,2451,27,29427,15142,14285,0.515,0.485,34,104,87,17,66,3,30,5,1,0.01,5,0.048,10,0.096,22,0.212,42,0.404,24,0.231,0.365,0.635,0.933,0.03,0.037,0.112,0.034,0.855,0.843,0.157,0.28,25002,9568,171337,154395,6774,3450,4348,65789,2560,84,2133,279,2103,393,2328,93,75,1738,0.004,0.056,0.022,0.385,0.347,0.015,0.008,0.01,0.148,0.006,1483,1912,933,4047,,,,,"3:38 PM, Friday 4 February 2022","3:38 PM, 4 Feb 2022"
2022-02-03,979056,15802,963254,60335,486058,416861,278,15482,931413,11.38,float;#946895.000000000,31882,16493,15389,0.517,0.483,34,2113.17,4156.77,320,31575,21057,2494,349,1677,410,5576,13,55,2677,2343,334,5386,265,20,2635,22,29064,14946,14118,0.514,0.486,35,104,87,17,66,3,30,5,1,0.01,5,0.048,10,0.096,22,0.212,42,0.404,24,0.231,0.365,0.635,0.933,0.03,0.037,0.112,0.034,0.854,0.842,0.158,0.28,24916,9550,171035,154019,6763,3436,4340,65619,2556,84,2131,279,2101,393,2326,93,75,1738,0.004,0.056,0.022,0.385,0.347,0.015,0.008,0.01,0.148,0.006,1545,2003,953,4429,,,,,"3:35 PM, Thursday 3 February 2022","3:35 PM, 3 Feb 2022"
2022-02-02,977950,15802,962148,59939,485961,416248,564,15482,930341,10.2,float;#945823.000000000,31562,16305,15257,0.517,0.483,34,2129.87,4129.87,320,31255,20752,2491,347,1670,410,5573,13,55,2716,2354,362,5599,325,27,2666,23,28705,14763,13942,0.514,0.486,35,103,86,17,65,3,30,5,1,0.01,5,0.049,10,0.097,21,0.204,42,0.408,24,0.233,0.369,0.631,0.933,0.03,0.037,0.112,0.034,0.854,0.842,0.158,0.281,24780,9536,170967,153720,6759,3427,4335,65567,2554,84,2128,279,2098,393,2323,93,75,1738,0.004,0.056,0.022,0.386,0.347,0.015,0.008,0.01,0.148,0.006,1581,2108,941,4618,,,,,"3:18 PM, Wednesday 2 February 2022","3:18 PM, 2 Feb 2022"
2022-02-01,976426,15802,960624,59341,485826,415457,332,15482,929460,7.57,float;#944942.000000000,31151,16058,15093,0.515,0.485,34,2111.32,4020.41,320,30844,20390,2484,340,1646,402,5570,13,55,2745,2391,354,5669,356,17,2709,19,28271,14539,13732,0.514,0.486,35,103,86,17,65,3,30,5,1,0.01,5,0.049,10,0.097,21,0.204,42,0.408,24,0.233,0.369,0.631,0.932,0.03,0.037,0.112,0.034,0.854,0.842,0.158,0.281,24680,9518,170869,153352,6752,3405,4332,65515,2552,84,2121,279,2091,393,2316,93,75,1738,0.004,0.056,0.022,0.386,0.346,0.015,0.008,0.01,0.148,0.006,1611,2104,889,4787,,,,,"4:00 PM, Tuesday 1 February 2022","4:00 PM, 1 Feb 2022"
2022-01-31,975152,15802,959350,58823,485644,414883,285,15482,928593,7.48,float;#944075.000000000,30791,15865,14926,0.515,0.485,35,2151.21,4000,320,30484,20048,2481,337,1637,401,5568,13,55,2596,2257,339,5425,413,18,2557,21,28060,14427,13633,0.514,0.486,35,101,84,17,63,3,30,5,1,0.01,5,0.05,9,0.089,21,0.208,41,0.406,24,0.238,0.376,0.624,0.932,0.03,0.038,0.113,0.034,0.854,0.842,0.158,0.282,24525,9454,170711,152779,6732,3396,4331,65484,2549,84,2118,279,2089,392,2313,93,75,1738,0.004,0.056,0.021,0.387,0.346,0.015,0.008,0.01,0.148,0.006,1617,2048,821,5117,1080,3260,3050,,"4:00 PM, Monday 31 January 2022","4:00 PM, 31 Jan 2022"
2022-01-30,,,,,,,,,,,float;#0,-1,,,,,,-1,-1,,,,,,,,,,,-1,,,,299,,,,,,,,,,,,,,,,,,,,,,,,,,,,,,,,,,,,,,,,,,,,,,,,,,,,,,,,,,,,,,,,,,,,1562,2026,805,5194,,,,,"12:00 PM, Sunday 30 January 2022","12:00 PM, 30 Jan 2022"
2022-01-29,,,,,,,,,,,float;#0,-1,,,,,,-1,-1,,,,,,,,,,,-1,,,,255,,,,,,,,,,,,,,,,,,,,,,,,,,,,,,,,,,,,,,,,,,,,,,,,,,,,,,,,,,,,,,,,,,,,1542,2051,773,5180,,,,,"12:00 PM, Saturday 29 January 2022","12:00 PM, 29 Jan 2022"
2022-01-28,972589,15802,956787,57743,485086,413958,318,15482,926908,7.71,float;#942390.000000000,29880,15350,14530,0.514,0.486,35,2042.67,3899.81,320,29573,19213,2461,323,1617,397,5550,13,55,2156,1871,285,4139,348,14,2130,12,27589,14172,13417,0.514,0.486,35,100,83,17,62,3,30,5,1,0.01,5,0.05,9,0.09,21,0.21,40,0.4,24,0.24,0.37,0.63,0.932,0.03,0.038,0.113,0.034,0.852,0.841,0.159,0.284,24351,9394,169856,151204,6653,3360,4300,65127,2540,84,2098,279,2069,392,2293,93,75,1676,0.004,0.056,0.021,0.387,0.345,0.015,0.008,0.01,0.149,0.006,1565,1950,741,5112,,,,,"4:00 PM, Friday 28 January 2022","4:00 PM, 28 Jan 2022"
2022-01-27,971301,15802,955499,57239,484941,413319,289,15482,925984,7.78,float;#941466.000000000,29545,15178,14367,0.514,0.486,35,1992.58,3841.37,320,29238,18903,2457,322,1609,394,5541,13,56,2337,2023,314,4735,345,25,2298,14,27073,13891,13182,0.513,0.487,35,99,82,17,61,3,30,5,1,0.01,5,0.051,9,0.091,21,0.212,40,0.404,23,0.232,0.374,0.626,0.932,0.031,0.038,0.114,0.034,0.852,0.84,0.16,0.285,24272,9382,169629,150833,6648,3354,4295,64969,2535,84,2094,279,2065,392,2289,93,75,1664,0.004,0.056,0.021,0.388,0.345,0.015,0.008,0.01,0.149,0.006,1568,1849,705,4967,,,,,"3:20 PM, Thursday 27 January 2022","3:20 PM, 27 Jan 2022"
2022-01-26,970081,15802,954279,56696,484856,412727,284,15482,925138,7.51,float;#940620.000000000,29176,14983,14193,0.514,0.486,35,1922.08,3792.21,320,28869,18558,2452,320,1602,392,5533,13,55,1982,1725,257,3699,355,27,1936,19,27060,13884,13176,0.513,0.487,35,99,82,17,61,3,30,5,1,0.01,5,0.051,9,0.091,21,0.212,40,0.404,23,0.232,0.374,0.626,0.931,0.031,0.038,0.114,0.034,0.852,0.84,0.16,0.285,24169,9359,169557,150601,6638,3346,4290,64907,2534,84,2089,279,2060,392,2284,93,75,1661,0.004,0.055,0.021,0.388,0.345,0.015,0.008,0.01,0.149,0.006,1571,1723,685,4855,,,,,"3:00 PM, Wednesday 26 January 2022","3:00 PM, 26 Jan 2022"
2022-01-25,968946,15802,953144,56172,484763,412209,309,15482,924368,7.78,float;#939850.000000000,28786,14782,14004,0.514,0.486,35,1831.17,3730.06,320,28479,18186,2450,314,1593,392,5532,13,55,1947,1672,275,3266,391,34,1892,21,26707,13678,13029,0.512,0.488,35,99,82,17,61,3,30,5,1,0.01,5,0.051,9,0.091,21,0.212,40,0.404,23,0.232,0.374,0.626,0.931,0.031,0.038,0.114,0.034,0.852,0.84,0.16,0.285,24046,9333,169446,150328,6621,3331,4285,64850,2532,84,2086,279,2058,392,2281,93,75,1659,0.004,0.055,0.021,0.388,0.344,0.015,0.008,0.01,0.149,0.006,1578,1650,677,4691,,,,,"3:15 PM, Tuesday 25 January 2022","3:15 PM, 25 Jan 2022"
2022-01-24,967535,15802,951733,55587,484558,411588,272,15482,923379,7.72,float;#938861.000000000,28401,14577,13824,0.513,0.487,35,1783.86,3735.62,320,28094,17820,2444,314,1589,388,5527,13,55,1941,1623,318,3389,400,33,1878,30,26329,13481,12848,0.512,0.488,35,96,79,17,58,3,30,5,1,0.01,5,0.052,9,0.094,21,0.219,39,0.406,21,0.219,0.385,0.615,0.931,0.031,0.038,0.114,0.034,0.85,0.841,0.159,0.286,23880,9281,169284,149750,6606,3312,4281,64783,2527,84,2081,279,2055,389,2276,93,75,1657,0.004,0.055,0.021,0.389,0.344,0.015,0.008,0.01,0.149,0.006,1562,1644,733,4284,1030,4460,2730,,"4:45 PM, Monday 24 January 2022","4:45 PM, 24 Jan 2022"
2022-01-23,,,,,,,,,,,float;#0,-1,,,,,,-1,-1,,,,,,,,,,,-1,,,,287,,,,,,,,,,,,,,,,,,,,,,,,,,,,,,,,,,,,,,,,,,,,,,,,,,,,,,,,,,,,,,,,,,,,1552,1593,737,4008,,,,,"10:00 AM, Sunday 23 January 2022","10:00 AM, 23 Jan 2022"
2022-01-22,,,,,,,,,,,float;#0,-1,,,,,,-1,-1,,,,,,,,,,,-1,,,,210,,,,,,,,,,,,,,,,,,,,,,,,,,,,,,,,,,,,,,,,,,,,,,,,,,,,,,,,,,,,,,,,,,,,1571,1527,737,3848,,,,,"10:00 AM, Saturday 22 January 2022","10:00 AM, 22 Jan 2022"
2022-01-21,964966,15802,949164,54477,484087,410600,345,15482,921547,7.41,float;#937029.000000000,27591,14156,13435,0.513,0.487,35,1782.93,3996.29,320,27284,17037,2437,311,1580,386,5521,13,55,2506,2051,455,4037,277,9,2470,27,24954,12748,12206,0.511,0.489,35,96,79,17,58,3,30,5,1,0.01,5,0.052,9,0.094,21,0.219,39,0.406,21,0.219,0.385,0.615,0.931,0.031,0.038,0.115,0.034,0.85,0.841,0.159,0.288,23737,9235,168636,148363,6537,3293,4261,64445,2520,84,2074,279,2049,388,2269,93,75,1633,0.004,0.055,0.021,0.39,0.343,0.015,0.008,0.01,0.149,0.006,1614,1593,797,3839,,,,,"4:31 PM, Friday 21 January 2022","4:31 PM, 21 Jan 2022"
2022-01-20,963713,15802,947911,54095,483965,409851,288,15482,920604,7.45,float;#936086.000000000,27338,14015,13323,0.513,0.487,35,1798.7,4262.52,320,27031,16811,2437,311,1572,374,5514,13,55,2273,1705,568,3523,278,28,2217,28,24933,12738,12195,0.511,0.489,35,94,77,17,56,3,30,5,1,0.011,5,0.053,9,0.096,20,0.213,38,0.404,21,0.223,0.383,0.617,0.931,0.031,0.038,0.115,0.034,0.85,0.841,0.159,0.288,23677,9214,168459,148054,6530,3281,4255,64308,2516,84,2074,279,2049,388,2269,93,75,1630,0.004,0.055,0.021,0.39,0.343,0.015,0.008,0.01,0.149,0.006,1634,1615,881,3732,,,,,"4:10 PM, Thursday 20 January 2022","4:10 PM, 20 Jan 2022"
2022-01-19,962506,15802,946704,53679,483875,409150,280,15482,919694,7.41,float;#935176.000000000,27049,13848,13201,0.512,0.488,35,1821.89,4526.9,320,26742,16548,2433,310,1563,369,5507,13,55,2308,1881,427,3380,299,37,2246,25,24609,12567,12042,0.511,0.489,35,94,77,17,56,3,30,5,1,0.011,5,0.053,9,0.096,20,0.213,38,0.404,21,0.223,0.383,0.617,0.931,0.031,0.038,0.115,0.035,0.851,0.841,0.159,0.289,23599,9194,168379,147776,6527,3280,4252,64259,2515,84,2070,279,2045,388,2265,93,75,1629,0.004,0.055,0.021,0.39,0.343,0.015,0.008,0.01,0.149,0.006,1683,1622,885,3708,,,,,"3:04 PM, Wednesday 19 January 2022","3:04 PM, 19 Jan 2022"
2022-01-18,960730,15802,944928,53188,483711,408029,246,15482,918266,6.95,float;#933748.000000000,26735,13676,13059,0.512,0.488,35,1835.81,4830.24,320,26428,16266,2419,310,1558,359,5504,13,55,2359,1922,437,3216,314,50,2280,29,24245,12397,11848,0.511,0.489,35,94,77,17,56,3,30,5,1,0.011,5,0.053,9,0.096,20,0.213,38,0.404,21,0.223,0.383,0.617,0.931,0.031,0.038,0.115,0.035,0.85,0.84,0.16,0.289,23499,9161,168287,147400,6519,3268,4249,64215,2510,84,2056,279,2031,388,2251,93,75,1627,0.004,0.055,0.021,0.391,0.342,0.015,0.008,0.01,0.149,0.006,1742,1653,966,3650,,,,,"3:20 PM, Tuesday 18 January 2022","3:20 PM, 18 Jan 2022"
2022-01-17,959156,15802,943354,52683,483532,407139,247,15482,917019,6.82,float;#932501.000000000,26407,13506,12901,0.511,0.489,35,1895.18,5015.77,320,26100,15957,2417,308,1550,356,5500,13,55,2402,1930,472,3066,325,50,2323,29,23874,12213,11661,0.512,0.488,35,92,75,17,54,3,30,5,1,0.011,5,0.054,9,0.098,18,0.196,38,0.413,21,0.228,0.37,0.63,0.93,0.031,0.038,0.115,0.035,0.85,0.839,0.161,0.29,23364,9096,168153,146898,6509,3251,4246,64168,2505,84,2054,279,2029,388,2249,93,75,1627,0.004,0.054,0.021,0.391,0.342,0.015,0.008,0.01,0.149,0.006,1791,1663,986,3602,1210,4070,2930,,"4:30 PM, Monday 17 January 2022","4:30 PM, 17 Jan 2022"
2022-01-16,,,,,,,,,,,float;#0,-1,,,,,,-1,-1,,,,,,,,,,,-1,,,,242,,,,,,,,,,,,,,,,,,,,,,,,,,,,,,,,,,,,,,,,,,,,,,,,,,,,,,,,,,,,,,,,,,,,1959,1802,1194,3490,,,,,"1:00 PM, Sunday 16 January 2022","1:00 PM, 16 Jan 2022"
2022-01-15,,,,,,,,,,,float;#0,-1,,,,,,-1,-1,,,,,,,,,,,-1,,,,256,,,,,,,,,,,,,,,,,,,,,,,,,,,,,,,,,,,,,,,,,,,,,,,,,,,,,,,,,,,,,,,,,,,,2214,1975,1358,3553,,,,,"1:00 PM, Saturday 15 January 2022","1:00 PM, 15 Jan 2022"
2022-01-14,956312,15802,940510,51647,483010,405853,275,15482,914936,7.13,float;#930418.000000000,25618,13091,12527,0.511,0.489,35,2179.96,5457.33,320,25311,15258,2379,299,1528,352,5483,13,55,3020,2525,495,2515,290,44,2951,25,22467,11511,10956,0.512,0.488,35,92,75,17,54,3,30,5,1,0.011,5,0.054,9,0.098,18,0.196,38,0.413,21,0.228,0.37,0.63,0.929,0.032,0.039,0.117,0.035,0.847,0.837,0.163,0.291,23207,9028,167656,145587,6433,3215,4234,63882,2495,84,2016,279,1992,387,2211,93,75,1624,0.004,0.054,0.021,0.392,0.341,0.015,0.008,0.01,0.15,0.006,2588,2161,1462,3539,,,,,"4:14 PM, Friday 14 January 2022","4:14 PM, 14 Jan 2022"
2022-01-13,955049,15802,939247,51214,482864,405169,247,15482,913986,7.78,float;#929468.000000000,25333,12931,12402,0.51,0.49,35,2421.15,5652.13,320,25026,14998,2374,298,1522,345,5477,13,54,3320,2788,532,2358,291,43,3253,24,21883,11180,10703,0.511,0.489,35,92,75,17,54,3,30,5,1,0.011,5,0.054,9,0.098,18,0.196,38,0.413,21,0.228,0.37,0.63,0.929,0.032,0.039,0.118,0.035,0.847,0.837,0.163,0.292,23145,9014,167534,145261,6430,3208,4230,63773,2492,84,2011,279,1987,387,2206,93,75,1624,0.004,0.054,0.021,0.393,0.34,0.015,0.008,0.01,0.15,0.006,2989,2379,1498,3418,,,,,"2:35 PM, Thursday 13 January 2022","2:35 PM, 13 Jan 2022"
2022-01-12,953685,15802,937883,50745,482645,404493,242,15482,912968,8.14,float;#928450.000000000,24992,12744,12248,0.51,0.49,35,2631.73,5847.87,320,24685,14689,2362,294,1515,344,5469,13,54,3504,2968,536,2104,334,43,3435,26,21358,10893,10465,0.51,0.49,35,92,75,17,54,3,30,5,1,0.011,5,0.054,9,0.098,18,0.196,38,0.413,21,0.228,0.37,0.63,0.929,0.032,0.039,0.119,0.036,0.846,0.836,0.164,0.292,23083,8994,167463,144928,6428,3200,4229,63727,2485,84,1999,279,1975,387,2194,93,75,1624,0.004,0.054,0.021,0.393,0.34,0.015,0.008,0.01,0.15,0.006,3737,2745,1683,3330,,,,,"4:17 PM, Wednesday 12 January 2022","4:17 PM, 12 Jan 2022"
2022-01-11,952477,15802,936675,50252,482527,403896,271,15482,912064,8.43,float;#927546.000000000,24659,12560,12099,0.509,0.491,35,2917.44,6001.86,320,24352,14374,2353,289,1512,344,5468,13,54,3826,3234,592,2172,327,33,3768,25,20703,10543,10160,0.509,0.491,35,90,73,17,52,3,30,5,1,0.011,5,0.056,9,0.1,18,0.2,36,0.4,21,0.233,0.378,0.622,0.929,0.032,0.04,0.119,0.036,0.846,0.836,0.164,0.293,23019,8973,167375,144540,6421,3188,4227,63671,2484,84,1990,279,1966,387,2185,93,75,1624,0.004,0.054,0.021,0.393,0.34,0.015,0.008,0.01,0.15,0.006,4435,2978,1851,3277,,,,,"5:24 PM, Tuesday 11 January 2022","5:24 PM, 11 Jan 2022"
2022-01-10,950857,15802,935055,49668,482303,403084,310,15482,910855,8.6,float;#926337.000000000,24209,12337,11872,0.51,0.49,35,2993.51,5986.09,320,23902,13977,2339,283,1492,331,5468,13,53,4119,3478,641,2602,449,31,4065,23,19961,10156,9805,0.509,0.491,35,90,73,17,52,3,30,5,1,0.011,5,0.056,9,0.1,18,0.2,36,0.4,21,0.233,0.378,0.622,0.928,0.032,0.04,0.119,0.036,0.845,0.835,0.165,0.293,22897,8920,167258,144015,6403,3167,4223,63629,2479,84,1976,279,1953,386,2171,93,75,1624,0.004,0.054,0.021,0.394,0.339,0.015,0.008,0.01,0.15,0.006,4921,3224,1887,2996,2770,5240,4530,,"3:52 PM, Monday 10 January 2022","3:52 PM, 10 Jan 2022"
2022-01-09,,,,,,,,,,,float;#0,-1,,,,,,-1,-1,,,,,,,,,,,-1,,,,428,,,,,,,,,,,,,,,,,,,,,,,,,,,,,,,,,,,,,,,,,,,,,,,,,,,,,,,,,,,,,,,,,,,,5055,3202,1775,2619,,,,,"10:00 AM, Sunday 9 January 2022","10:00 AM, 9 Jan 2022"
2022-01-08,,,,,,,,,,,float;#0,-1,,,,,,-1,-1,,,,,,,,,,,-1,,,,451,,,,,,,,,,,,,,,,,,,,,,,,,,,,,,,,,,,,,,,,,,,,,,,,,,,,,,,,,,,,,,,,,,,,5318,3161,1759,2295,,,,,"10:00 AM, Saturday 8 January 2022","10:00 AM, 8 Jan 2022"
2022-01-07,946556,15802,930754,47799,481331,401624,316,15482,907972,8.7,float;#923454.000000000,22785,11592,11193,0.509,0.491,35,2838.59,5119.67,320,22478,12696,2276,270,1443,314,5467,13,53,4137,3475,662,3299,465,17,4100,20,18520,9398,9122,0.507,0.493,35,90,73,17,52,3,30,5,1,0.011,5,0.056,9,0.1,18,0.2,36,0.4,21,0.233,0.378,0.622,0.926,0.033,0.041,0.123,0.037,0.84,0.833,0.167,0.295,22811,8856,166858,142163,6342,3026,4207,63429,2464,84,1913,279,1895,381,2108,93,75,1621,0.004,0.054,0.021,0.396,0.337,0.015,0.007,0.01,0.15,0.006,5511,3231,1807,2096,,,,,"4:54 PM, Friday 7 January 2022","4:54 PM, 7 Jan 2022"
2022-01-06,944479,15802,928677,47041,481003,400633,415,15482,906375,8.52,float;#921857.000000000,22206,11306,10900,0.509,0.491,35,2757.88,4779.22,320,21899,12174,2257,265,1418,308,5465,13,52,4053,3367,686,3957,663,16,4020,17,18026,9136,8890,0.507,0.493,35,89,72,17,51,3,30,5,1,0.011,5,0.056,8,0.09,18,0.202,36,0.404,21,0.236,0.382,0.618,0.926,0.033,0.041,0.124,0.037,0.839,0.831,0.169,0.296,22767,8829,166719,141584,6323,2999,4203,63341,2462,84,1894,279,1876,381,2089,93,75,1620,0.004,0.054,0.021,0.396,0.336,0.015,0.007,0.01,0.151,0.006,5354,3105,1751,1907,,,,,"3:40 PM, Thursday 6 January 2022","3:40 PM, 6 Jan 2022"
2022-01-05,942344,15802,926542,46139,480757,399646,509,15482,904796,8.54,float;#920278.000000000,21556,10963,10593,0.509,0.491,35,2666.98,4381.26,320,21249,11588,2240,260,1391,301,5457,13,52,3829,3153,676,5035,652,3,3806,20,17600,8912,8688,0.506,0.494,35,89,72,17,51,3,30,5,1,0.011,5,0.056,8,0.09,18,0.202,36,0.404,21,0.236,0.382,0.618,0.925,0.033,0.042,0.125,0.038,0.838,0.83,0.17,0.296,22727,8806,166616,141033,6315,2987,4198,63305,2456,84,1877,279,1859,381,2072,93,75,1620,0.004,0.054,0.021,0.397,0.336,0.015,0.007,0.01,0.151,0.006,5088,2858,1623,1689,,,,,"3:45 PM, Wednesday 5 January 2022","3:45 PM, 5 Jan 2022"
2022-01-04,940016,15802,924214,45467,480327,398420,294,15482,903190,8.3,float;#918672.000000000,21049,10707,10342,0.509,0.491,35,2654.92,4068.65,320,20742,11156,2203,254,1370,299,5448,13,52,3492,2867,625,5095,504,3,3466,23,17430,8817,8613,0.506,0.494,35,89,72,17,51,3,30,5,1,0.011,5,0.056,8,0.09,18,0.202,36,0.404,21,0.236,0.382,0.618,0.924,0.034,0.042,0.127,0.038,0.835,0.831,0.169,0.297,22669,8764,166485,140135,6294,2977,4193,63260,2452,84,1840,279,1830,373,2035,93,75,1620,0.004,0.054,0.021,0.398,0.335,0.015,0.007,0.01,0.151,0.006,4675,2720,1466,1544,,,,,"4:30 PM, Tuesday 4 January 2022","4:30 PM, 4 Jan 2022"
2022-01-03,,,,,,,,,,,float;#0,-1,,,,,,-1,-1,,,,,,,,,,,-1,,,,377,,,,,,,,,,,,,,,,,,,,,,,,,,,,,,,,,,,,,,,,,,,,,,,,,,,,,,,,,,,,,,,,,,,,4747,2653,1482,1607,2060,5900,3440,,"12:00 AM, Monday 3 January 2022","12:00 AM, 3 Jan 2022"
2022-01-02,,,,,,,,,,,float;#0,-1,,,,,,-1,-1,,,,,,,,,,,-1,,,,423,,,,,,,,,,,,,,,,,,,,,,,,,,,,,,,,,,,,,,,,,,,,,,,,,,,,,,,,,,,,,,,,,,,,4852,2735,1462,1772,,,,,"12:00 AM, Sunday 2 January 2022","12:00 AM, 2 Jan 2022"
2022-01-01,,,,,,,,,,,float;#0,-1,,,,,,-1,-1,,,,,,,,,,,-1,,,,503,,,,,,,,,,,,,,,,,,,,,,,,,,,,,,,,,,,,,,,,,,,,,,,,,,,,,,,,,,,,,,,,,,,,4281,2534,1246,1718,,,,,"12:00 AM, Saturday 1 January 2022","12:00 AM, 1 Jan 2022"
2021-12-31,933806,15802,918004,43397,478575,396032,433,15482,898468,8.9,float;#913950.000000000,19422,9842,9580,0.507,0.493,35,2002.78,3055.66,320,19115,9872,2071,233,1315,280,5332,13,52,2616,2129,487,5564,323,8,2594,14,16679,8457,8222,0.507,0.493,35,89,72,17,51,3,30,5,1,0.011,5,0.056,8,0.09,18,0.202,36,0.404,21,0.236,0.382,0.618,0.919,0.036,0.045,0.135,0.041,0.825,0.84,0.16,0.301,22617,8699,165531,136176,6187,2955,4162,62918,2442,84,1708,279,1739,332,1903,93,75,1617,0.004,0.055,0.021,0.401,0.33,0.015,0.007,0.01,0.152,0.006,3622,2127,1006,1520,,,,,"4:01 PM, Friday 31 December 2021","4:01 PM, 31 Dec 2021"
2021-12-30,931823,15802,916021,42936,478348,394737,396,15482,896933,9.06,float;#912415.000000000,19011,9635,9376,0.507,0.493,35,1814.47,2778.29,320,18704,9579,2064,232,1303,277,5237,13,52,2373,1508,865,5712,426,6,2351,16,16511,8363,8148,0.507,0.493,35,89,72,17,51,3,30,5,1,0.011,5,0.056,8,0.09,18,0.202,36,0.404,21,0.236,0.382,0.618,0.919,0.036,0.045,0.135,0.041,0.824,0.839,0.161,0.302,22610,8685,165087,135370,6174,2952,4157,62680,2437,84,1701,279,1732,332,1896,93,75,1617,0.004,0.055,0.021,0.401,0.329,0.015,0.007,0.01,0.152,0.006,3333,1997,982,1530,,,,,"5:30 PM, Thursday 30 December 2021","5:30 PM, 30 Dec 2021"
2021-12-29,929877,15802,914075,42506,478151,393418,364,15482,895434,9.42,float;#910916.000000000,18596,9402,9194,0.506,0.494,35,1635.44,2533.4,320,18289,9306,2052,228,1294,272,5125,13,52,2120,1422,698,5802,413,6,2096,18,16350,8279,8071,0.506,0.494,35,89,72,17,51,3,30,5,1,0.011,5,0.056,8,0.09,18,0.202,36,0.404,21,0.236,0.382,0.618,0.918,0.037,0.045,0.136,0.041,0.823,0.838,0.162,0.303,22597,8676,164773,134546,6142,2933,4145,62463,2433,84,1689,279,1720,332,1884,93,75,1616,0.004,0.055,0.021,0.402,0.328,0.015,0.007,0.01,0.152,0.006,2920,1820,889,1505,,,,,"5:20 PM, Wednesday 29 December 2021","5:20 PM, 29 Dec 2021"
2021-12-28,,,,,,,,,,,float;#0,-1,,,,,,-1,-1,,,,,,,,,,,-1,,,,522,,,,,,,,,,,,,,,,,,,,,,,,,,,,,,,,,,,,,,,,,,,,,,,,,,,,,,,,,,,,,,,,,,,,2651,1625,749,1380,,,,,"10:00 AM, Tuesday 28 December 2021","10:00 AM, 28 Dec 2021"
2021-12-27,,,,,,,,,,,float;#0,-1,,,,,,-1,-1,,,,,,,,,,,-1,,,,462,,,,,,,,,,,,,,,,,,,,,,,,,,,,,,,,,,,,,,,,,,,,,,,,,,,,,,,,,,,,,,,,,,,,2047,1319,565,1239,1350,6690,1640,,"10:00 AM, Monday 27 December 2021","10:00 AM, 27 Dec 2021"
2021-12-26,,,,,,,,,,,float;#0,-1,,,,,,-1,-1,,,,,,,,,,,-1,,,,121,,,,,,,,,,,,,,,,,,,,,,,,,,,,,,,,,,,,,,,,,,,,,,,,,,,,,,,,,,,,,,,,,,,,1594,943,465,1060,,,,,"10:00 AM, Sunday 26 December 2021","10:00 AM, 26 Dec 2021"
2021-12-25,,,,,,,,,,,float;#0,-1,,,,,,-1,-1,,,,,,,,,,,-1,,,,72,,,,,,,,,,,,,,,,,,,,,,,,,,,,,,,,,,,,,,,,,,,,,,,,,,,,,,,,,,,,,,,,,,,,1644,890,481,1162,,,,,"10:00 AM, Saturday 25 December 2021","10:00 AM, 25 Dec 2021"
2021-12-24,924299,15802,908497,41003,477141,390353,461,15482,891144,8.5,float;#906626.000000000,17211,8694,8517,0.505,0.495,35,1002.78,1720.78,320,16904,8287,2009,203,1261,266,4866,13,52,1512,1150,362,5141,190,2,1498,12,15574,7875,7699,0.506,0.494,35,89,72,17,51,3,30,5,1,0.011,5,0.056,8,0.09,18,0.202,36,0.404,21,0.236,0.382,0.618,0.916,0.037,0.046,0.139,0.042,0.819,0.841,0.159,0.307,22581,8642,163534,132021,6083,2922,4110,61262,2418,84,1646,279,1690,319,1841,93,75,1608,0.004,0.056,0.021,0.404,0.326,0.015,0.007,0.01,0.151,0.006,1683,934,477,1254,,,,,"12:27 PM, Friday 24 December 2021","12:27 PM, 24 Dec 2021"
2021-12-23,922585,15802,906783,40702,476892,389189,713,15482,889432,7.88,float;#904914.000000000,16957,8581,8376,0.506,0.494,35,876.62,1588.13,320,16650,8079,2004,200,1251,265,4839,13,52,1365,1041,324,4892,216,2,1350,13,15467,7825,7642,0.506,0.494,35,89,72,17,51,3,30,5,1,0.011,5,0.056,8,0.09,18,0.202,36,0.404,21,0.236,0.382,0.618,0.916,0.037,0.046,0.139,0.042,0.819,0.841,0.159,0.309,22576,8631,162968,131646,6073,2921,4090,60394,2416,84,1641,279,1686,318,1836,93,75,1607,0.004,0.056,0.021,0.404,0.326,0.015,0.007,0.01,0.15,0.006,1650,833,373,1191,,,,,"2:20 PM, Thursday 23 December 2021","2:20 PM, 23 Dec 2021"
2021-12-22,920640,15802,904838,40280,476671,387887,242,15482,888113,8.21,float;#903595.000000000,16802,8497,8305,0.506,0.494,35,869.2,1574.21,320,16495,7951,1999,199,1243,265,4826,13,52,1289,952,337,4473,208,2,1274,13,15388,7789,7599,0.506,0.494,35,89,72,17,51,3,30,5,1,0.011,5,0.056,8,0.09,18,0.202,36,0.404,21,0.236,0.382,0.618,0.916,0.038,0.047,0.14,0.042,0.818,0.841,0.159,0.31,22561,8618,162603,131209,6056,2920,4071,59694,2411,84,1636,279,1681,318,1831,93,75,1605,0.004,0.056,0.022,0.405,0.327,0.015,0.007,0.01,0.149,0.006,1473,754,325,1152,,,,,"12:00 AM, Wednesday 22 December 2021","12:00 AM, 22 Dec 2021"
2021-12-21,918802,15802,903000,39999,476475,386526,475,15482,886210,7.97,float;#901692.000000000,16634,8404,8230,0.505,0.495,35,816.33,1529.68,320,16327,7827,1988,194,1241,264,4801,13,52,1208,933,275,4277,167,1,1197,10,15301,7743,7558,0.506,0.494,35,88,71,17,50,3,30,5,1,0.011,5,0.057,7,0.08,18,0.205,36,0.409,21,0.239,0.386,0.614,0.915,0.038,0.047,0.14,0.042,0.817,0.84,0.16,0.311,22536,8607,162299,130696,6045,2918,4027,59151,2410,84,1625,279,1670,318,1820,93,75,1604,0.004,0.056,0.022,0.406,0.327,0.015,0.007,0.01,0.148,0.006,1348,710,292,1157,,,,,"2:20 PM, Tuesday 21 December 2021","2:20 PM, 21 Dec 2021"
2021-12-20,916774,15802,900972,39697,476126,385149,215,15482,884589,7.97,float;#900071.000000000,16487,8327,8160,0.505,0.495,35,784.79,1511.13,320,16180,7726,1973,192,1232,263,4782,13,52,1182,883,299,3963,145,1,1168,13,15181,7689,7492,0.506,0.494,35,87,70,17,49,3,30,5,1,0.011,5,0.057,6,0.069,18,0.207,36,0.414,21,0.241,0.391,0.609,0.915,0.038,0.047,0.141,0.043,0.816,0.84,0.16,0.312,22513,8593,161967,129989,6029,2918,3924,58699,2405,84,1610,279,1657,316,1805,93,75,1599,0.004,0.057,0.022,0.406,0.326,0.015,0.007,0.01,0.147,0.006,1220,704,288,1128,1430,6610,1860,,"3:00 PM, Monday 20 December 2021","3:00 PM, 20 Dec 2021"
2021-12-19,,,,,,,,,,,float;#0,-1,,,,,,-1,-1,,,,,,,,,,,-1,,,,144,,,,,,,,,,,,,,,,,,,,,,,,,,,,,,,,,,,,,,,,,,,,,,,,,,,,,,,,,,,,,,,,,,,,1155,726,248,1099,,,,,"4:00 PM, Sunday 19 December 2021","4:00 PM, 19 Dec 2021"
2021-12-18,,,,,,,,,,,float;#0,-1,,,,,,-1,-1,,,,,,,,,,,-1,,,,116,,,,,,,,,,,,,,,,,,,,,,,,,,,,,,,,,,,,,,,,,,,,,,,,,,,,,,,,,,,,,,,,,,,,1053,704,208,1031,,,,,"3:00 PM, Saturday 18 December 2021","3:00 PM, 18 Dec 2021"
2021-12-17,913730,15802,897928,39197,475468,383263,664,15482,881465,8.17,float;#896947.000000000,16118,8130,7988,0.504,0.496,35,708.72,1460.11,320,15811,7460,1953,188,1216,260,4722,13,52,1167,952,225,4430,110,0,1177,10,14819,7506,7313,0.507,0.493,35,87,70,17,49,3,30,5,1,0.011,5,0.057,6,0.069,18,0.207,36,0.414,21,0.241,0.391,0.609,0.914,0.038,0.048,0.143,0.043,0.814,0.839,0.161,0.316,22406,8555,160963,128448,5980,2904,3541,57570,2384,84,1590,279,1639,314,1785,93,75,1575,0.004,0.057,0.022,0.408,0.326,0.015,0.007,0.009,0.146,0.006,984,700,188,1050,,,,,"4:30 PM, Friday 17 December 2021","4:30 PM, 17 Dec 2021"
2021-12-16,911541,15802,895739,38787,475230,381722,223,15482,879839,8.38,float;#895321.000000000,15996,8056,7940,0.504,0.496,35,700.37,1490.72,320,15689,7368,1947,186,1209,259,4708,13,52,1161,863,298,4266,118,0,1152,9,14714,7447,7267,0.506,0.494,35,85,68,17,48,3,30,4,1,0.012,5,0.059,6,0.071,17,0.2,36,0.424,20,0.235,0.4,0.6,0.914,0.039,0.048,0.143,0.043,0.814,0.839,0.161,0.317,22344,8542,160722,128015,5971,2900,3414,57271,2375,84,1584,279,1634,313,1779,93,75,1564,0.004,0.057,0.022,0.409,0.326,0.015,0.007,0.009,0.146,0.006,896,719,204,1075,,,,,"1:45 PM, Thursday 16 December 2021","1:45 PM, 16 Dec 2021"
2021-12-15,909931,15802,894129,38440,475082,380607,236,15482,878360,8.14,float;#893842.000000000,15852,7993,7859,0.504,0.496,35,698.52,1479.59,320,15545,7262,1942,184,1200,258,4687,13,52,1064,817,247,4101,149,0,1055,9,14667,7425,7242,0.506,0.494,35,84,67,17,47,3,30,4,1,0.012,5,0.06,6,0.071,17,0.202,35,0.417,20,0.238,0.393,0.607,0.913,0.039,0.048,0.144,0.043,0.813,0.839,0.161,0.317,22274,8526,160574,127554,5966,2896,3349,57112,2358,84,1579,279,1629,313,1774,93,75,1548,0.004,0.057,0.022,0.41,0.325,0.015,0.007,0.009,0.146,0.006,820,751,204,1138,,,,,"1:00 PM, Wednesday 15 December 2021","1:00 PM, 15 Dec 2021"
2021-12-14,908406,15802,892604,38105,474900,379599,296,15482,876917,8.31,float;#892399.000000000,15710,7918,7792,0.504,0.496,35,676.25,1477.74,320,15403,7144,1940,182,1198,258,4669,13,52,1029,789,240,3833,118,0,1016,13,14560,7372,7188,0.506,0.494,35,84,67,17,47,3,30,4,1,0.012,5,0.06,6,0.071,17,0.202,35,0.417,20,0.238,0.393,0.607,0.913,0.039,0.048,0.144,0.043,0.813,0.839,0.161,0.318,22191,8501,160408,127025,5958,2893,3282,56998,2344,84,1577,279,1627,313,1772,93,75,1537,0.004,0.057,0.022,0.41,0.325,0.015,0.007,0.008,0.146,0.006,732,751,204,1196,,,,,"3:47 PM, Tuesday 14 December 2021","3:47 PM, 14 Dec 2021"
2021-12-13,906864,15802,891062,37820,474709,378533,297,15482,875470,8.47,float;#890952.000000000,15614,7871,7743,0.504,0.496,35,705.94,1529.68,320,15307,7074,1934,181,1193,257,4656,13,52,1116,874,242,4132,116,0,1098,18,14378,7280,7098,0.506,0.494,35,84,67,17,47,3,30,4,1,0.012,5,0.06,6,0.071,17,0.202,35,0.417,20,0.238,0.393,0.607,0.913,0.039,0.048,0.144,0.043,0.812,0.839,0.161,0.319,22047,8463,160166,126297,5945,2888,3232,56905,2319,84,1571,279,1622,312,1766,93,75,1528,0.004,0.057,0.022,0.411,0.324,0.015,0.007,0.008,0.146,0.006,722,741,188,1234,1550,6480,1750,,"3:20 PM, Monday 13 December 2021","3:20 PM, 13 Dec 2021"
2021-12-12,,,,,,,,,,,float;#0,-1,,,,,,-1,-1,,,,,,,,,,,-1,,,,82,,,,,,,,,,,,,,,,,,,,,,,,,,,,,,,,,,,,,,,,,,,,,,,,,,,,,,,,,,,,,,,,,,,,709,741,208,1307,,,,,"3:00 PM, Sunday 12 December 2021","3:00 PM, 12 Dec 2021"
2021-12-11,,,,,,,,,,,float;#0,-1,,,,,,-1,-1,,,,,,,,,,,-1,,,,94,,,,,,,,,,,,,,,,,,,,,,,,,,,,,,,,,,,,,,,,,,,,,,,,,,,,,,,,,,,,,,,,,,,,676,792,220,1273,,,,,"3:00 PM, Saturday 11 December 2021","3:00 PM, 11 Dec 2021"
2021-12-10,903630,15802,887828,37269,473941,376618,214,15482,872591,8.43,float;#888073.000000000,15342,7750,7592,0.505,0.495,35,744.9,1555.66,320,15035,6884,1926,174,1185,252,4602,13,52,1245,970,275,4621,98,1,1229,15,13977,7079,6898,0.506,0.494,35,84,67,17,47,3,30,4,1,0.012,5,0.06,6,0.071,17,0.202,35,0.417,20,0.238,0.393,0.607,0.913,0.039,0.048,0.145,0.044,0.812,0.84,0.16,0.323,21834,8407,159054,124192,5868,2871,3039,56368,2266,84,1563,279,1617,309,1758,93,75,1449,0.004,0.057,0.022,0.413,0.322,0.015,0.008,0.008,0.146,0.006,656,839,244,1283,,,,,"1:56 PM, Friday 10 December 2021","1:56 PM, 10 Dec 2021"
2021-12-09,902051,15802,886249,36994,473823,375432,218,15482,871126,8.08,float;#886608.000000000,15224,7697,7527,0.506,0.494,35,777.37,1563.08,320,14917,6796,1925,174,1179,251,4580,13,52,1252,946,306,4549,118,1,1237,14,13852,7004,6848,0.506,0.494,35,84,67,17,47,3,30,4,1,0.012,5,0.06,6,0.071,17,0.202,35,0.417,20,0.238,0.393,0.607,0.913,0.039,0.048,0.145,0.044,0.811,0.839,0.161,0.324,21741,8388,158754,123703,5861,2861,3015,56156,2251,84,1562,279,1616,309,1757,93,75,1445,0.004,0.057,0.022,0.413,0.322,0.015,0.007,0.008,0.146,0.006,673,896,248,1326,,,,,"1:00 PM, Thursday 9 December 2021","1:00 PM, 9 Dec 2021"
2021-12-08,900518,15802,884716,36713,473722,374281,260,15482,869701,8.28,float;#885183.000000000,15074,7620,7454,0.506,0.494,35,759.74,1551.95,320,14767,6695,1924,171,1171,250,4544,13,52,1214,946,268,4596,134,1,1199,14,13740,6948,6792,0.506,0.494,35,84,67,17,47,3,30,4,1,0.012,5,0.06,6,0.071,17,0.202,35,0.417,20,0.238,0.393,0.607,0.913,0.039,0.048,0.145,0.044,0.811,0.839,0.161,0.325,21566,8364,158586,123321,5854,2848,3005,56095,2236,84,1561,279,1615,309,1756,93,75,1440,0.004,0.056,0.022,0.414,0.322,0.015,0.007,0.008,0.146,0.006,748,921,236,1341,,,,,"1:00 PM, Wednesday 8 December 2021","1:00 PM, 8 Dec 2021"
2021-12-07,898930,15802,883128,36386,473596,373146,283,15482,868203,8,float;#883685.000000000,14961,7565,7396,0.506,0.494,35,785.71,1583.49,320,14654,6613,1923,170,1167,249,4520,13,52,1264,988,276,4834,116,1,1251,12,13577,6862,6715,0.505,0.495,35,82,65,17,46,3,29,4,1,0.012,5,0.061,6,0.073,17,0.207,34,0.415,19,0.232,0.39,0.61,0.913,0.039,0.048,0.145,0.044,0.811,0.839,0.161,0.326,21412,8346,158395,122777,5844,2842,2993,56030,2218,84,1560,279,1614,309,1755,93,75,1438,0.004,0.056,0.022,0.414,0.321,0.015,0.007,0.008,0.147,0.006,748,950,240,1273,,,,,"12:00 AM, Tuesday 7 December 2021","12:00 AM, 7 Dec 2021"
2021-12-06,897132,15802,881330,36063,473210,372057,285,15482,866522,8.01,float;#882004.000000000,14842,7493,7349,0.505,0.495,35,816.33,1625.23,320,14535,6519,1918,170,1166,248,4502,13,52,1262,1016,246,4785,132,1,1250,11,13460,6795,6665,0.505,0.495,35,82,65,17,46,3,29,4,1,0.012,5,0.061,6,0.073,17,0.207,34,0.415,19,0.232,0.39,0.61,0.912,0.039,0.048,0.145,0.044,0.811,0.84,0.16,0.327,21183,8278,158083,121838,5825,2819,2985,55961,2200,84,1555,279,1611,307,1750,93,75,1436,0.004,0.056,0.022,0.415,0.32,0.015,0.007,0.008,0.147,0.006,728,978,252,1336,950,6270,2000,,"3:05 PM, Monday 6 December 2021","3:05 PM, 6 Dec 2021"
2021-12-05,,,,,,,,,,,float;#0,-1,,,,,,-1,-1,,,,,,,,,,,-1,,,,84,,,,,,,,,,,,,,,,,,,,,,,,,,,,,,,,,,,,,,,,,,,,,,,,,,,,,,,,,,,,,,,,,,,,748,1016,248,1360,,,,,"3:00 PM, Sunday 5 December 2021","3:00 PM, 5 Dec 2021"
2021-12-04,,,,,,,,,,,float;#0,-1,,,,,,-1,-1,,,,,,,,,,,-1,,,,110,,,,,,,,,,,,,,,,,,,,,,,,,,,,,,,,,,,,,,,,,,,,,,,,,,,,,,,,,,,,,,,,,,,,771,1003,248,1394,,,,,"3:00 PM, Saturday 4 December 2021","3:00 PM, 4 Dec 2021"
2021-12-03,895958,15802,880156,35844,472478,371834,2465,15482,863505,8.12,float;#878987.000000000,14505,7332,7173,0.505,0.495,35,780.15,1628.01,320,14198,6259,1915,165,1161,240,4446,13,52,1381,1046,335,5285,131,6,1367,8,13004,6558,6446,0.504,0.496,35,81,64,17,46,3,29,3,1,0.012,5,0.062,5,0.062,17,0.21,34,0.42,19,0.235,0.395,0.605,0.912,0.039,0.049,0.146,0.044,0.81,0.84,0.16,0.33,21034,8215,156966,119842,5743,2800,2960,55482,2155,84,1552,279,1608,307,1747,93,75,1420,0.004,0.056,0.022,0.417,0.318,0.015,0.007,0.008,0.147,0.006,800,997,240,1360,,,,,"12:00 AM, Friday 3 December 2021","12:00 AM, 3 Dec 2021"
2021-12-02,894536,15802,878734,35557,472411,370766,2489,15482,862200,8.29,float;#877682.000000000,14364,7249,7115,0.505,0.495,35,763.45,1599.26,320,14057,6160,1913,164,1154,240,4414,13,52,1363,1045,318,5660,149,8,1347,8,12881,6492,6389,0.504,0.496,35,81,64,17,46,3,29,3,1,0.012,5,0.062,5,0.062,17,0.21,34,0.42,19,0.235,0.395,0.605,0.912,0.039,0.049,0.146,0.044,0.81,0.84,0.16,0.332,20914,8197,156662,119317,5732,2793,2944,55238,2139,84,1550,279,1606,307,1745,93,75,1417,0.004,0.056,0.022,0.417,0.318,0.015,0.007,0.008,0.147,0.006,758,975,228,1283,,,,,"1:30 PM, Thursday 2 December 2021","1:30 PM, 2 Dec 2021"
2021-12-01,892996,15802,877194,35222,472366,369606,2440,15482,860834,8.65,float;#876316.000000000,14239,7190,7049,0.505,0.495,35,779.22,1571.43,320,13932,6064,1912,162,1154,239,4389,13,52,1312,982,330,5399,130,7,1299,6,12808,6453,6355,0.504,0.496,35,81,64,17,46,3,29,3,1,0.012,5,0.062,5,0.062,17,0.21,34,0.42,19,0.235,0.395,0.605,0.912,0.039,0.049,0.146,0.044,0.81,0.839,0.161,0.332,20778,8173,156530,118920,5724,2784,2938,55169,2122,84,1549,279,1605,307,1744,93,75,1415,0.004,0.056,0.022,0.418,0.318,0.015,0.007,0.008,0.147,0.006,718,994,248,1220,,,,,"3:10 PM, Wednesday 1 December 2021","3:10 PM, 1 Dec 2021"
2021-11-30,891395,15802,875593,34879,472286,368428,2317,15482,859490,8.73,float;#874972.000000000,14105,7128,6977,0.505,0.495,36,791.28,1551.95,320,13798,5960,1911,160,1152,239,4364,13,52,1285,959,326,5604,135,7,1269,9,12701,6401,6300,0.504,0.496,35,81,64,17,46,3,29,3,1,0.012,5,0.062,5,0.062,17,0.21,34,0.42,19,0.235,0.395,0.605,0.912,0.039,0.049,0.146,0.044,0.81,0.839,0.161,0.333,20596,8145,156352,118301,5716,2772,2934,55080,2112,84,1548,279,1604,307,1743,93,75,1414,0.004,0.055,0.022,0.419,0.317,0.015,0.007,0.008,0.148,0.006,673,1010,272,1292,,,,,"4:34 PM, Tuesday 30 November 2021","4:34 PM, 30 Nov 2021"
2021-11-29,889747,15802,873945,34488,472166,367291,2147,15482,858165,8.86,float;#873647.000000000,13952,7037,6915,0.504,0.496,36,801.48,1520.41,320,13645,5846,1907,159,1148,237,4336,13,52,1249,990,259,6313,154,5,1236,8,12584,6345,6239,0.504,0.496,35,81,64,17,46,3,29,3,1,0.012,5,0.062,5,0.062,17,0.21,34,0.42,19,0.235,0.395,0.605,0.912,0.039,0.049,0.146,0.044,0.81,0.84,0.16,0.335,20326,8072,156038,117362,5686,2761,2931,54971,2089,84,1544,279,1601,306,1739,93,75,1413,0.004,0.055,0.022,0.42,0.316,0.015,0.007,0.008,0.148,0.006,699,1013,288,1283,560,8610,1900,,"5:00 PM, Monday 29 November 2021","5:00 PM, 29 Nov 2021"
2021-11-28,,,,,,,,,,,float;#0,-1,,,,,,-1,-1,,,,,,,,,,,-1,,,,94,,,,,,,,,,,,,,,,,,,,,,,,,,,,,,,,,,,,,,,,,,,,,,,,,,,,,,,,,,,,,,,,,,,,679,1092,288,1370,,,,,"5:00 PM, Sunday 28 November 2021","5:00 PM, 28 Nov 2021"
2021-11-27,,,,,,,,,,,float;#0,-1,,,,,,-1,-1,,,,,,,,,,,-1,,,,108,,,,,,,,,,,,,,,,,,,,,,,,,,,,,,,,,,,,,,,,,,,,,,,,,,,,,,,,,,,,,,,,,,,,653,1079,280,1404,,,,,"12:00 PM, Saturday 27 November 2021","12:00 PM, 27 Nov 2021"
2021-11-26,886768,15802,870966,33900,471890,365176,1936,15482,855693,8.78,float;#871175.000000000,13656,6882,6774,0.504,0.496,36,844.16,1537.11,320,13349,5642,1903,158,1143,237,4254,13,52,1304,1018,286,8577,92,6,1290,8,12233,6138,6095,0.502,0.498,36,80,63,17,45,3,29,3,1,0.013,5,0.063,4,0.05,17,0.213,34,0.425,19,0.238,0.388,0.613,0.912,0.039,0.049,0.147,0.044,0.809,0.839,0.161,0.339,20095,8026,154788,115439,5619,2736,2903,54513,2055,84,1540,279,1597,306,1735,93,75,1391,0.004,0.055,0.022,0.421,0.314,0.015,0.007,0.008,0.148,0.006,617,1123,268,1462,,,,,"3:00 PM, Friday 26 November 2021","3:00 PM, 26 Nov 2021"
2021-11-25,885030,15802,869228,33599,471822,363807,2074,15482,853955,8.82,float;#869437.000000000,13518,6799,6719,0.503,0.497,36,822.82,1543.6,320,13211,5553,1899,158,1142,234,4213,13,51,1292,1022,270,9592,135,9,1274,9,12109,6066,6043,0.501,0.499,36,80,63,17,45,3,29,3,1,0.013,5,0.063,4,0.05,17,0.213,34,0.425,19,0.238,0.388,0.613,0.912,0.039,0.049,0.147,0.044,0.809,0.839,0.161,0.34,19952,8009,154469,114900,5607,2726,2898,54301,2037,84,1536,279,1593,306,1731,93,75,1390,0.004,0.055,0.022,0.422,0.314,0.015,0.007,0.008,0.148,0.006,636,1152,276,1617,,,,,"3:51 PM, Thursday 25 November 2021","3:51 PM, 25 Nov 2021"
2021-11-24,882627,15802,866825,33198,471767,361860,1811,15482,851961,8.35,float;#867443.000000000,13372,6718,6654,0.502,0.498,36,772.73,1487.01,320,13065,5462,1897,157,1138,231,4168,13,51,1251,937,314,10306,142,4,1244,3,12005,6010,5995,0.501,0.499,36,80,63,17,45,3,29,3,1,0.013,5,0.063,4,0.05,17,0.213,34,0.425,19,0.238,0.388,0.613,0.911,0.04,0.049,0.147,0.044,0.809,0.839,0.161,0.341,19752,7983,154306,114503,5588,2721,2892,54232,2019,84,1534,279,1591,306,1729,93,75,1388,0.004,0.054,0.022,0.422,0.313,0.015,0.007,0.008,0.148,0.006,607,1114,272,1675,,,,,"3:43 PM, Wednesday 24 November 2021","3:43 PM, 24 Nov 2021"
2021-11-23,880458,15802,864656,32825,471706,360125,1762,15482,849990,8.15,float;#865472.000000000,13223,6644,6579,0.502,0.498,36,737.48,1426.72,320,12916,5372,1896,157,1127,226,4126,13,51,1255,926,329,11201,146,4,1248,3,11852,5936,5916,0.501,0.499,36,80,63,17,45,3,29,3,1,0.013,5,0.063,4,0.05,17,0.213,34,0.425,19,0.238,0.388,0.613,0.911,0.04,0.049,0.147,0.044,0.809,0.839,0.161,0.342,19508,7953,154109,113962,5573,2713,2890,54163,2006,84,1533,279,1590,306,1728,93,75,1387,0.004,0.054,0.022,0.423,0.313,0.015,0.007,0.008,0.149,0.006,561,997,240,1607,,,,,"2:30 PM, Tuesday 23 November 2021","2:30 PM, 23 Nov 2021"
2021-11-22,878096,15802,862294,32464,471597,358233,1562,15482,848017,8.08,float;#863499.000000000,13034,6549,6485,0.502,0.498,36,672.54,1347.87,320,12727,5241,1895,157,1125,226,4071,13,50,1218,948,270,11823,191,4,1211,3,11701,5851,5850,0.5,0.5,36,80,63,17,45,3,29,3,1,0.013,5,0.063,4,0.05,17,0.213,34,0.425,19,0.238,0.388,0.613,0.911,0.04,0.049,0.147,0.044,0.808,0.839,0.161,0.343,19198,7880,153813,112998,5550,2706,2890,54102,1993,84,1532,279,1589,306,1727,93,75,1386,0.004,0.053,0.022,0.424,0.312,0.015,0.008,0.008,0.149,0.006,489,962,212,1617,640,9310,1350,,"4:00 PM, Monday 22 November 2021","4:00 PM, 22 Nov 2021"
2021-11-21,,,,,,,,,,,float;#0,-1,,,,,,-1,-1,,,,,,,,,,,-1,,,,87,,,,,,,,,,,,,,,,,,,,,,,,,,,,,,,,,,,,,,,,,,,,,,,,,,,,,,,,,,,,,,,,,,,,430,836,200,1559,,,,,"3:00 PM, Sunday 21 November 2021","3:00 PM, 21 Nov 2021"
2021-11-20,,,,,,,,,,,float;#0,-1,,,,,,-1,-1,,,,,,,,,,,-1,,,,120,,,,,,,,,,,,,,,,,,,,,,,,,,,,,,,,,,,,,,,,,,,,,,,,,,,,,,,,,,,,,,,,,,,,423,817,220,1573,,,,,"3:00 PM, Saturday 20 November 2021","3:00 PM, 20 Nov 2021"
2021-11-19,873507,15802,857705,31887,471217,354601,1413,15482,843915,8.02,float;#859397.000000000,12697,6388,6309,0.503,0.497,36,648.42,1203.15,320,12389,5057,1888,156,1120,226,3930,13,50,1059,819,240,10243,141,4,1052,3,11522,5756,5766,0.5,0.5,36,80,63,17,45,3,29,3,1,0.013,5,0.063,4,0.05,17,0.213,34,0.425,19,0.238,0.388,0.613,0.911,0.04,0.049,0.148,0.044,0.807,0.838,0.162,0.348,18994,7831,152404,110676,5464,2671,2861,53625,1944,84,1525,279,1582,306,1720,93,75,1323,0.004,0.053,0.022,0.426,0.309,0.015,0.008,0.008,0.15,0.005,404,745,232,1515,,,,,"5:00 PM, Friday 19 November 2021","5:00 PM, 19 Nov 2021"
2021-11-18,871688,15802,855886,31646,471148,353092,1294,15482,842343,8.04,float;#857825.000000000,12568,6312,6256,0.502,0.498,36,663.27,1141,320,12261,4979,1888,155,1111,225,3891,13,50,1014,834,180,10430,125,4,1005,5,11439,5702,5737,0.498,0.502,36,80,63,17,45,3,29,3,1,0.013,5,0.063,4,0.05,17,0.213,34,0.425,19,0.238,0.388,0.613,0.911,0.04,0.049,0.148,0.045,0.808,0.838,0.162,0.349,18852,7814,152050,110224,5456,2667,2846,53430,1919,84,1525,279,1582,306,1720,93,75,1312,0.004,0.053,0.022,0.426,0.309,0.015,0.008,0.008,0.15,0.005,404,732,244,1491,,,,,"3:04 PM, Thursday 18 November 2021","3:04 PM, 18 Nov 2021"
2021-11-17,870035,15802,854233,31472,471108,351653,1262,15482,840795,8.87,float;#856277.000000000,12495,6269,6226,0.502,0.498,36,672.54,1134.51,320,12188,4928,1888,154,1111,224,3871,13,49,1002,751,251,10059,69,3,992,7,11380,5666,5714,0.498,0.502,36,80,63,17,45,3,29,3,1,0.013,5,0.063,4,0.05,17,0.213,34,0.425,19,0.238,0.388,0.613,0.911,0.04,0.049,0.148,0.045,0.808,0.838,0.162,0.35,18636,7795,151909,109798,5447,2665,2839,53337,1906,84,1525,279,1582,306,1720,93,75,1310,0.004,0.052,0.022,0.427,0.309,0.015,0.008,0.008,0.15,0.005,377,773,228,1568,,,,,"3:48 PM, Wednesday 17 November 2021","3:48 PM, 17 Nov 2021"
2021-11-16,868232,15802,852430,31246,471056,350128,1309,15482,839079,9.04,float;#854561.000000000,12361,6192,6169,0.501,0.499,36,628.01,1047.31,320,12054,4845,1886,153,1108,224,3826,13,49,910,696,214,8942,108,3,900,7,11338,5649,5689,0.498,0.502,36,80,63,17,45,3,29,3,1,0.013,5,0.063,4,0.05,17,0.213,34,0.425,19,0.238,0.388,0.613,0.911,0.04,0.049,0.148,0.045,0.807,0.838,0.162,0.351,18406,7778,151722,109294,5433,2659,2833,53253,1884,84,1523,279,1580,306,1718,93,75,1310,0.004,0.052,0.022,0.428,0.308,0.015,0.008,0.008,0.15,0.005,404,764,236,1588,,,,,"3:44 PM, Tuesday 16 November 2021","3:44 PM, 16 Nov 2021"
2021-11-15,867447,15802,851645,31186,471005,349454,2153,15482,837537,9.38,float;#853019.000000000,12274,6138,6136,0.5,0.5,36,644.71,1023.19,320,11967,4798,1886,151,1101,224,3795,13,49,833,685,148,8728,118,0,827,6,11328,5643,5685,0.498,0.502,36,80,63,17,45,3,29,3,1,0.013,5,0.063,4,0.05,17,0.213,34,0.425,19,0.238,0.388,0.613,0.911,0.04,0.049,0.148,0.045,0.807,0.838,0.162,0.353,18139,7672,151337,108521,5413,2643,2829,53187,1868,84,1523,279,1578,304,1718,93,75,1308,0.004,0.051,0.022,0.429,0.308,0.015,0.008,0.008,0.151,0.005,426,729,240,1486,590,7740,1310,,"6:31 PM, Monday 15 November 2021","6:31 PM, 15 Nov 2021"
2021-11-14,,,,,,,,,,,float;#0,-1,,,,,,-1,-1,,,,,,,,,,,-1,,,,87,,,,,,,,,,,,,,,,,,,,,,,,,,,,,,,,,,,,,,,,,,,,,,,,,,,,,,,,,,,,,,,,,,,,433,700,252,1418,,,,,"5:00 PM, Sunday 14 November 2021","5:00 PM, 14 Nov 2021"
2021-11-13,,,,,,,,,,,float;#0,-1,,,,,,-1,-1,,,,,,,,,,,-1,,,,82,,,,,,,,,,,,,,,,,,,,,,,,,,,,,,,,,,,,,,,,,,,,,,,,,,,,,,,,,,,,,,,,,,,,430,685,224,1331,,,,,"3:00 PM, Saturday 13 November 2021","3:00 PM, 13 Nov 2021"
2021-11-12,862415,15802,846613,30492,470652,345469,848,15482,834180,9.69,float;#849662.000000000,11904,5938,5966,0.499,0.501,36,459.18,855.29,320,11597,4598,1882,145,1095,224,3641,13,49,736,565,171,6355,135,0,731,5,11055,5487,5568,0.496,0.504,36,80,63,17,45,3,29,3,1,0.013,5,0.063,4,0.05,17,0.213,34,0.425,19,0.238,0.388,0.613,0.911,0.04,0.049,0.148,0.045,0.807,0.838,0.162,0.357,17962,7606,149881,106447,5361,2620,2800,52722,1828,84,1519,279,1578,304,1714,93,75,1301,0.004,0.052,0.022,0.43,0.305,0.015,0.008,0.008,0.151,0.005,413,650,220,1288,,,,,"3:04 PM, Friday 12 November 2021","3:04 PM, 12 Nov 2021"
2021-11-11,860867,15802,845065,30230,470582,344253,952,15482,832625,10.12,float;#848107.000000000,11807,5885,5922,0.498,0.502,36,424.86,819.11,320,11500,4532,1882,145,1088,223,3618,13,49,663,532,131,5838,143,0,658,5,11031,5475,5556,0.496,0.504,36,80,63,17,45,3,29,3,1,0.013,5,0.063,4,0.05,17,0.213,34,0.425,19,0.238,0.388,0.613,0.911,0.04,0.049,0.148,0.045,0.807,0.838,0.162,0.358,17808,7595,149492,105935,5350,2616,2777,52469,1809,84,1519,279,1578,304,1714,93,75,1301,0.004,0.051,0.022,0.431,0.305,0.015,0.008,0.008,0.151,0.005,377,581,200,1142,,,,,"4:25 PM, Thursday 11 November 2021","4:25 PM, 11 Nov 2021"
2021-11-10,858443,15802,842641,29866,470525,342250,286,15482,830977,8.63,float;#846459.000000000,11697,5829,5868,0.498,0.502,36,403.53,789.42,320,11390,4470,1882,144,1087,223,3572,13,49,666,523,143,5424,80,0,662,4,10918,5410,5508,0.496,0.504,36,80,63,17,45,3,29,3,1,0.013,5,0.063,4,0.05,17,0.213,34,0.425,19,0.238,0.388,0.613,0.911,0.04,0.049,0.148,0.045,0.807,0.838,0.162,0.359,17562,7559,149335,105495,5333,2604,2768,52384,1796,84,1519,279,1578,304,1714,93,75,1301,0.004,0.051,0.022,0.431,0.305,0.015,0.008,0.008,0.151,0.005,364,470,176,949,,,,,"2:25 PM, Wednesday 10 November 2021","2:25 PM, 10 Nov 2021"
2021-11-09,856952,15802,841150,29666,470459,341025,182,15482,829670,8.44,float;#845152.000000000,11617,5786,5831,0.498,0.502,36,365.49,760.67,320,11310,4427,1882,142,1088,222,3537,13,49,611,461,150,4545,85,0,609,2,10893,5394,5499,0.495,0.505,36,80,63,17,45,3,29,3,1,0.013,5,0.063,4,0.05,17,0.213,34,0.425,19,0.238,0.388,0.613,0.911,0.04,0.049,0.148,0.045,0.807,0.838,0.162,0.36,17382,7529,149160,105050,5320,2597,2761,52310,1781,84,1519,279,1578,304,1714,93,75,1300,0.004,0.05,0.022,0.432,0.304,0.015,0.008,0.008,0.152,0.005,354,486,176,886,,,,,"3:51 PM, Tuesday 9 November 2021","3:51 PM, 9 Nov 2021"
2021-11-08,855636,15802,839834,29466,470367,340001,67,15482,828538,8,float;#844020.000000000,11548,5745,5803,0.497,0.503,36,358.07,735.62,320,11241,4378,1881,141,1087,221,3521,13,49,602,457,145,3691,100,0,600,2,10833,5359,5474,0.495,0.505,36,80,63,17,45,3,29,3,1,0.013,5,0.063,4,0.05,17,0.213,34,0.425,19,0.238,0.388,0.613,0.911,0.04,0.049,0.148,0.045,0.807,0.838,0.162,0.362,17094,7468,148807,104277,5302,2582,2755,52241,1762,84,1518,279,1577,304,1713,93,75,1298,0.004,0.05,0.022,0.433,0.304,0.015,0.008,0.008,0.152,0.005,308,476,156,779,2250,5680,810,,"4:32 PM, Monday 8 November 2021","4:32 PM, 8 Nov 2021"
2021-11-07,,,,,,,,,,,float;#0,-1,,,,,,-1,-1,,,,,,,,,,,-1,,,,56,,,,,,,,,,,,,,,,,,,,,,,,,,,,,,,,,,,,,,,,,,,,,,,,,,,,,,,,,,,,,,,,,,,,289,457,124,668,,,,,"5:00 PM, Sunday 7 November 2021","5:00 PM, 7 Nov 2021"
2021-11-06,,,,,,,,,,,float;#0,-1,,,,,,-1,-1,,,,,,,,,,,-1,,,,56,,,,,,,,,,,,,,,,,,,,,,,,,,,,,,,,,,,,,,,,,,,,,,,,,,,,,,,,,,,,,,,,,,,,282,486,156,697,,,,,"5:00 PM, Saturday 6 November 2021","5:00 PM, 6 Nov 2021"
2021-11-05,853053,15802,837251,29218,469948,338085,81,15482,826117,7.07,float;#841599.000000000,11372,5646,5726,0.496,0.504,36,380.33,697.59,320,11065,4283,1874,141,1074,221,3460,13,48,601,458,143,3257,67,0,599,2,10659,5282,5377,0.496,0.504,36,80,63,17,45,3,29,3,1,0.013,5,0.063,4,0.05,17,0.213,34,0.425,19,0.238,0.388,0.613,0.91,0.04,0.05,0.149,0.045,0.806,0.838,0.162,0.367,16867,7388,147138,101867,5223,2559,2691,51763,1717,84,1511,279,1570,304,1706,93,75,1290,0.004,0.05,0.022,0.435,0.301,0.015,0.008,0.008,0.153,0.005,282,492,152,683,,,,,"5:00 PM, Friday 5 November 2021","5:00 PM, 5 Nov 2021"
2021-11-04,851854,15802,836052,29069,469869,337114,93,15482,824960,6.82,float;#840442.000000000,11318,5613,5705,0.496,0.504,36,385.9,678.11,320,11011,4253,1874,141,1069,221,3441,13,48,583,432,151,3142,57,0,580,3,10624,5263,5361,0.495,0.505,36,80,63,17,45,3,29,3,1,0.013,5,0.063,4,0.05,17,0.213,34,0.425,19,0.238,0.388,0.613,0.91,0.04,0.05,0.149,0.045,0.806,0.838,0.162,0.369,16730,7371,146661,101375,5201,2553,2659,51541,1699,84,1511,279,1570,304,1706,93,75,1290,0.004,0.05,0.022,0.435,0.301,0.015,0.008,0.008,0.153,0.005,266,517,148,683,,,,,"1:20 PM, Thursday 4 November 2021","1:20 PM, 4 Nov 2021"
2021-11-03,850823,15802,835021,29020,469820,336181,639,15482,823450,6.79,float;#838932.000000000,11255,5575,5680,0.495,0.505,36,380.33,661.41,320,10948,4213,1874,141,1064,221,3423,13,48,537,417,120,3083,69,0,533,4,10607,5255,5352,0.495,0.505,36,80,63,17,45,3,29,3,1,0.013,5,0.063,4,0.05,17,0.213,34,0.425,19,0.238,0.388,0.613,0.91,0.04,0.05,0.149,0.045,0.806,0.838,0.162,0.37,16469,7343,146451,100926,5194,2539,2648,51450,1687,84,1511,279,1570,304,1706,93,75,1290,0.004,0.049,0.022,0.436,0.3,0.016,0.008,0.008,0.153,0.005,249,527,176,683,,,,,"5:01 PM, Wednesday 3 November 2021","5:01 PM, 3 Nov 2021"
2021-11-02,849504,15802,833702,28765,469655,335282,86,15482,822728,6.8,float;#838210.000000000,11207,5549,5658,0.495,0.505,36,380.33,645.64,320,10900,4182,1871,141,1062,221,3411,13,48,565,402,163,3155,40,0,557,8,10531,5219,5312,0.496,0.504,36,80,63,17,45,3,29,3,1,0.012,5,0.062,4,0.05,17,0.213,34,0.425,19,0.238,0.388,0.613,0.91,0.04,0.05,0.149,0.045,0.806,0.838,0.162,0.37,16247,7292,146171,100285,5153,2530,2638,51358,1673,84,1508,279,1567,304,1703,93,75,1290,0.004,0.049,0.022,0.437,0.3,0.015,0.008,0.008,0.154,0.005,223,495,188,678,,,,,"4:00 PM, Tuesday 2 November 2021","4:00 PM, 2 Nov 2021"
2021-11-01,847030,15802,831228,28662,468256,334310,191,15482,820203,6.88,float;#835685.000000000,11153,5521,5632,0.495,0.505,36,369.2,631.73,320,10846,4163,1857,137,1058,220,3399,13,47,546,379,167,3153,57,0,540,6,10497,5203,5294,0.496,0.504,36,80,63,17,45,3,29,3,1,0.012,5,0.062,4,0.05,17,0.213,34,0.425,19,0.238,0.388,0.613,0.91,0.04,0.05,0.15,0.045,0.805,0.836,0.164,0.369,15997,7230,145777,99461,5124,2524,2624,51279,1658,84,1494,279,1553,304,1689,93,75,1281,0.004,0.048,0.022,0.438,0.299,0.015,0.008,0.008,0.154,0.005,226,483,192,731,13960,4710,670,,"5:00 PM, Monday 1 November 2021","5:00 PM, 1 Nov 2021"
2021-10-31,,,,,,,,,,,float;#0,-1,,,,,,-1,-1,,,,,,,,,,,-1,,,,77,,,,,,,,,,,,,,,,,,,,,,,,,,,,,,,,,,,,,,,,,,,,,,,,,,,,,,,,,,,,,,,,,,,,217,464,204,687,,,,,"5:00 PM, Sunday 31 October 2021","5:00 PM, 31 Oct 2021"
2021-10-30,,,,,,,,,,,float;#0,-1,,,,,,-1,-1,,,,,,,,,,,-1,,,,54,,,,,,,,,,,,,,,,,,,,,,,,,,,,,,,,,,,,,,,,,,,,,,,,,,,,,,,,,,,,,,,,,,,,203,476,172,668,,,,,"5:00 PM, Saturday 30 October 2021","5:00 PM, 30 Oct 2021"
2021-10-29,838472,15802,822670,28363,461337,332970,166,15482,811870,8.62,float;#827352.000000000,10953,5408,5545,0.494,0.506,36,308.91,532.47,320,10646,4074,1804,135,1050,220,3351,13,47,461,301,160,3237,69,0,457,4,10382,5140,5242,0.495,0.505,36,80,63,17,45,3,29,3,1,0.012,5,0.062,4,0.05,17,0.213,34,0.425,19,0.238,0.388,0.613,0.907,0.042,0.052,0.155,0.047,0.799,0.834,0.166,0.361,15823,7148,143457,94982,4949,2503,2579,50735,1619,84,1441,279,1504,300,1636,93,75,1274,0.004,0.049,0.022,0.441,0.292,0.015,0.008,0.008,0.156,0.005,187,457,164,668,,,,,"4:20 PM, Friday 29 October 2021","4:20 PM, 29 Oct 2021"
2021-10-28,836740,15802,820938,28311,460090,332537,1087,15482,809279,11.57,float;#824761.000000000,10891,5379,5512,0.494,0.506,36,282,507.42,320,10584,4044,1795,135,1049,217,3332,13,46,414,291,123,3242,62,0,410,4,10368,5132,5236,0.495,0.505,36,80,63,17,45,3,29,3,1,0.012,5,0.062,4,0.05,17,0.213,34,0.425,19,0.238,0.388,0.613,0.906,0.042,0.052,0.156,0.047,0.797,0.833,0.167,0.36,15721,7128,142722,94179,4922,2501,2565,50486,1619,84,1431,279,1494,300,1626,93,75,1272,0.004,0.049,0.022,0.442,0.292,0.015,0.008,0.008,0.156,0.005,174,379,172,624,,,,,"5:45 PM, Thursday 28 October 2021","5:45 PM, 28 Oct 2021"
2021-10-27,833253,15802,817451,28187,458039,331225,116,15482,806823,11.54,float;#822305.000000000,10831,5351,5480,0.494,0.506,36,269.94,475.88,320,10524,4023,1782,134,1045,214,3314,13,46,403,275,128,3077,53,0,399,4,10319,5106,5213,0.495,0.505,36,80,63,17,45,3,29,3,1,0.012,5,0.062,4,0.05,17,0.213,34,0.425,19,0.238,0.388,0.613,0.906,0.042,0.052,0.157,0.047,0.796,0.832,0.168,0.359,15571,7108,142177,93461,4892,2498,2556,50233,1616,84,1419,279,1483,299,1614,93,75,1266,0.004,0.049,0.022,0.442,0.291,0.015,0.008,0.008,0.156,0.005,144,334,168,624,,,,,"4:29 PM, Wednesday 27 October 2021","4:29 PM, 27 Oct 2021"
2021-10-26,830780,15802,814978,28091,456535,330352,688,15482,803837,8.99,float;#819319.000000000,10772,5327,5445,0.495,0.505,36,243.04,453.62,320,10465,3999,1762,134,1044,213,3301,13,45,363,259,104,2845,49,0,359,4,10301,5100,5201,0.495,0.505,36,80,63,17,45,3,29,3,1,0.012,5,0.062,4,0.05,17,0.213,34,0.425,19,0.238,0.388,0.613,0.905,0.043,0.053,0.158,0.048,0.794,0.837,0.163,0.359,15429,7087,141500,92826,4860,2494,2542,49969,1610,84,1399,279,1474,288,1594,93,75,1262,0.004,0.048,0.022,0.443,0.291,0.015,0.008,0.008,0.156,0.005,138,341,164,571,,,,,"4:00 PM, Tuesday 26 October 2021","4:00 PM, 26 Oct 2021"
2021-10-25,828193,15802,812391,27997,454717,329677,1289,15482,800683,8.12,float;#816165.000000000,10738,5306,5432,0.494,0.506,36,247.68,449.91,320,10431,3986,1750,134,1044,213,3292,13,44,370,268,102,2665,42,0,366,4,10261,5079,5182,0.495,0.505,36,80,63,17,45,3,29,3,1,0.012,5,0.062,4,0.05,17,0.212,34,0.425,19,0.238,0.388,0.613,0.904,0.043,0.053,0.159,0.048,0.793,0.835,0.165,0.359,15176,7026,140322,92145,4796,2483,2538,49725,1603,84,1387,279,1462,288,1582,93,75,1258,0.004,0.048,0.022,0.443,0.291,0.015,0.008,0.008,0.157,0.005,118,319,176,518,12320,5740,730,,"3:00 PM, Monday 25 October 2021","3:00 PM, 25 Oct 2021"
2021-10-24,,,,,,,,,,,float;#0,-1,,,,,,-1,-1,,,,,,,,,,,-1,,,,64,,,,,,,,,,,,,,,,,,,,,,,,,,,,,,,,,,,,,,,,,,,,,,,,,,,,,,,,,,,,,,,,,,,,98,325,188,518,,,,,"3:00 PM, Sunday 24 October 2021","3:00 PM, 24 Oct 2021"
2021-10-23,,,,,,,,,,,float;#0,-1,,,,,,-1,-1,,,,,,,,,,,-1,,,,41,,,,,,,,,,,,,,,,,,,,,,,,,,,,,,,,,,,,,,,,,,,,,,,,,,,,,,,,,,,,,,,,,,,,89,278,188,431,,,,,"3:00 PM, Saturday 23 October 2021","3:00 PM, 23 Oct 2021"
2021-10-22,819523,15802,803721,27718,447915,328088,816,15482,792615,8.24,float;#808097.000000000,10609,5246,5363,0.494,0.506,36,215.21,397.03,320,10302,3925,1709,134,1043,212,3267,13,44,342,252,90,2792,33,0,337,5,10160,5024,5136,0.494,0.506,36,80,63,17,45,3,29,3,1,0.012,5,0.062,4,0.05,17,0.212,34,0.425,19,0.238,0.388,0.613,0.902,0.044,0.054,0.163,0.049,0.788,0.84,0.16,0.359,14931,6939,137087,89947,4690,2454,2449,48276,1592,84,1346,279,1435,274,1541,93,75,1209,0.004,0.048,0.022,0.443,0.291,0.015,0.008,0.008,0.156,0.005,92,252,200,387,,,,,"4:43 PM, Friday 22 October 2021","4:43 PM, 22 Oct 2021"
2021-10-21,816505,15802,800703,27639,446118,326946,148,15482,790307,7.34,float;#805789.000000000,10567,5224,5343,0.494,0.506,36,208.72,386.83,320,10260,3910,1704,132,1042,212,3248,13,44,334,229,105,2645,38,0,330,4,10126,5008,5118,0.495,0.505,36,80,63,17,45,3,29,3,1,0.012,5,0.062,4,0.05,17,0.212,34,0.425,19,0.238,0.388,0.613,0.901,0.044,0.055,0.164,0.049,0.787,0.839,0.161,0.359,14817,6924,136474,89500,4679,2452,2432,47906,1588,84,1341,279,1430,274,1536,93,75,1203,0.004,0.048,0.023,0.443,0.291,0.015,0.008,0.008,0.156,0.005,102,265,180,387,,,,,"3:00 PM, Thursday 21 October 2021","3:00 PM, 21 Oct 2021"
2021-10-20,814199,15802,798397,27480,445127,325790,187,15482,787992,7.26,float;#803474.000000000,10537,5206,5331,0.494,0.506,36,204.08,373.84,320,10230,3892,1703,131,1042,212,3238,13,44,319,222,97,2526,41,0,316,3,10111,5001,5110,0.495,0.505,36,80,63,17,45,3,29,3,1,0.012,5,0.062,4,0.05,17,0.212,34,0.425,19,0.238,0.388,0.613,0.901,0.044,0.055,0.164,0.049,0.787,0.84,0.16,0.359,14611,6906,136136,89112,4663,2442,2419,47776,1587,84,1340,279,1430,273,1535,93,75,1182,0.004,0.048,0.023,0.444,0.29,0.015,0.008,0.008,0.156,0.005,108,262,200,344,,,,,"3:30 PM, Wednesday 20 October 2021","3:30 PM, 20 Oct 2021"
2021-10-19,811546,15802,795744,27391,443503,324850,168,15482,785385,9.25,float;#800867.000000000,10510,5192,5318,0.494,0.506,36,212.43,371.99,320,10203,3884,1693,131,1042,212,3229,13,44,315,202,113,2298,28,0,311,4,10088,4990,5098,0.495,0.505,36,80,63,17,45,3,29,3,1,0.012,5,0.062,4,0.05,17,0.212,34,0.425,19,0.238,0.388,0.613,0.901,0.044,0.055,0.165,0.05,0.786,0.841,0.159,0.358,14406,6876,135703,88508,4644,2432,2414,47596,1584,84,1330,279,1424,269,1525,93,75,1175,0.004,0.047,0.023,0.444,0.29,0.015,0.008,0.008,0.156,0.005,115,259,168,310,,,,,"3:50 PM, Tuesday 19 October 2021","3:50 PM, 19 Oct 2021"
2021-10-18,809048,15802,793246,27265,442126,323855,446,15482,782670,9.1,float;#798152.000000000,10449,5160,5289,0.494,0.506,36,183.67,345.08,320,10142,3859,1674,131,1039,212,3215,13,43,270,188,82,2133,41,0,266,4,10073,4986,5087,0.495,0.505,36,79,62,17,44,3,29,3,1,0.013,5,0.063,4,0.051,17,0.215,34,0.43,18,0.228,0.38,0.62,0.9,0.045,0.056,0.167,0.05,0.783,0.839,0.161,0.358,14145,6807,135000,87755,4575,2417,2410,47457,1574,84,1311,279,1405,269,1506,93,75,1168,0.004,0.047,0.022,0.445,0.289,0.015,0.008,0.008,0.157,0.005,121,271,200,276,12070,4850,690,,"4:55 PM, Monday 18 October 2021","4:55 PM, 18 Oct 2021"
2021-10-17,,,,,,,,,,,float;#0,-1,,,,,,-1,-1,,,,,,,,,,,-1,,,,29,,,,,,,,,,,,,,,,,,,,,,,,,,,,,,,,,,,,,,,,,,,,,,,,,,,,,,,,,,,,,,,,,,,,131,252,180,257,,,,,"4:55 PM, Sunday 17 October 2021","4:55 PM, 17 Oct 2021"
2021-10-16,,,,,,,,,,,float;#0,-1,,,,,,-1,-1,,,,,,,,,,,-1,,,,28,,,,,,,,,,,,,,,,,,,,,,,,,,,,,,,,,,,,,,,,,,,,,,,,,,,,,,,,,,,,,,,,,,,,131,240,188,237,,,,,"3:55 PM, Saturday 16 October 2021","3:55 PM, 16 Oct 2021"
2021-10-15,801845,15802,786043,27093,436276,322674,1350,15482,774655,8.51,float;#790137.000000000,10357,5111,5246,0.493,0.506,36,165.12,282.93,320,10050,3817,1655,130,1036,211,3189,13,43,235,159,76,1872,35,0,233,2,10016,4949,5067,0.494,0.506,36,79,62,17,44,3,29,3,1,0.013,5,0.063,4,0.051,17,0.215,34,0.43,18,0.228,0.38,0.62,0.898,0.045,0.056,0.169,0.051,0.781,0.839,0.161,0.356,13907,6742,132208,85436,4489,2341,2369,46570,1557,84,1292,279,1388,267,1487,93,75,1087,0.004,0.047,0.023,0.446,0.288,0.015,0.008,0.008,0.157,0.005,125,246,196,223,,,,,"5:50 PM, Friday 15 October 2021","5:50 PM, 15 Oct 2021"
2021-10-14,798474,15802,782672,26969,434381,321322,208,15482,772446,10.09,float;#787928.000000000,10337,5100,5237,0.493,0.507,36,175.32,277.37,320,10030,3812,1645,130,1034,211,3186,13,42,245,155,90,1606,35,1,240,4,9987,4935,5052,0.494,0.506,36,79,62,17,44,3,29,3,1,0.013,5,0.063,4,0.051,17,0.215,34,0.43,18,0.228,0.38,0.62,0.898,0.046,0.057,0.17,0.051,0.779,0.838,0.162,0.356,13770,6718,131564,85001,4476,2328,2360,46311,1555,84,1282,279,1378,267,1477,93,75,1075,0.004,0.047,0.023,0.446,0.288,0.015,0.008,0.008,0.157,0.005,121,227,208,179,,,,,"4:45 PM, Thursday 14 October 2021","4:45 PM, 14 Oct 2021"
2021-10-13,797570,15802,781768,26902,433868,320998,1298,15482,770490,10.5,float;#785972.000000000,10299,5079,5220,0.493,0.507,36,154.92,269.02,320,9992,3787,1639,130,1033,211,3180,13,42,217,146,71,1575,27,1,210,6,9977,4930,5047,0.494,0.506,36,79,62,17,44,3,29,3,1,0.013,5,0.063,4,0.051,17,0.215,34,0.43,18,0.228,0.38,0.62,0.897,0.046,0.057,0.17,0.051,0.779,0.837,0.163,0.355,13533,6701,131181,84543,4464,2321,2353,46157,1552,84,1276,279,1372,267,1471,93,75,1071,0.004,0.046,0.023,0.446,0.288,0.015,0.008,0.008,0.157,0.005,128,249,172,155,,,,,"5:00 PM, Wednesday 13 October 2021","5:00 PM, 13 Oct 2021"
2021-10-12,794111,15802,778309,26699,432000,319610,177,15482,768179,10.86,float;#783661.000000000,10272,5066,5206,0.493,0.507,36,152.13,260.67,320,9965,3780,1627,129,1031,211,3175,13,41,219,145,74,1469,35,1,210,8,9950,4918,5032,0.494,0.506,36,79,62,17,44,3,29,3,1,0.013,5,0.063,4,0.051,17,0.215,34,0.43,18,0.228,0.38,0.62,0.897,0.046,0.057,0.171,0.052,0.777,0.838,0.162,0.355,13340,6670,130657,84076,4442,2310,2347,46030,1551,84,1264,279,1363,264,1459,93,75,1069,0.004,0.046,0.023,0.447,0.287,0.015,0.008,0.008,0.157,0.005,105,227,188,160,,,,,"4:00 PM, Tuesday 12 October 2021","4:00 PM, 12 Oct 2021"
2021-10-11,791337,15802,775535,26577,429951,319007,243,15482,765361,13.81,float;#780843.000000000,10250,5057,5193,0.493,0.507,36,161.41,259.74,320,9943,3772,1619,129,1031,211,3169,13,41,210,138,72,1252,29,1,201,8,9937,4908,5029,0.494,0.506,36,79,62,17,44,3,29,3,1,0.013,5,0.063,4,0.051,17,0.215,34,0.43,18,0.228,0.38,0.62,0.896,0.046,0.057,0.172,0.052,0.776,0.838,0.162,0.355,13033,6612,129741,83322,4377,2294,2342,45921,1543,84,1256,279,1356,263,1451,93,75,1065,0.004,0.045,0.023,0.447,0.287,0.015,0.008,0.008,0.158,0.005,98,221,156,160,13100,4550,860,,"3:15 PM, Monday 11 October 2021","3:15 PM, 11 Oct 2021"
2021-10-10,,,,,,,,,,,float;#0,-1,,,,,,-1,-1,,,,,,,,,,,-1,,,,23,,,,,,,,,,,,,,,,,,,,,,,,,,,,,,,,,,,,,,,,,,,,,,,,,,,,,,,,,,,,,,,,,,,,98,224,164,150,,,,,"12:00 AM, Sunday 10 October 2021","12:00 AM, 10 Oct 2021"
2021-10-09,,,,,,,,,,,float;#0,-1,,,,,,-1,-1,,,,,,,,,,,-1,,,,27,,,,,,,,,,,,,,,,,,,,,,,,,,,,,,,,,,,,,,,,,,,,,,,,,,,,,,,,,,,,,,,,,,,,85,215,160,140,,,,,"12:00 AM, Saturday 9 October 2021","12:00 AM, 9 Oct 2021"
2021-10-08,783729,15802,767927,26350,423777,317800,798,15482,757279,29.86,float;#772761.000000000,10169,5017,5152,0.493,0.507,36,108.53,237.48,320,9862,3743,1588,129,1031,211,3148,13,41,188,131,57,1224,22,1,179,8,9879,4882,4997,0.494,0.506,36,79,62,17,44,3,29,3,1,0.013,5,0.063,4,0.051,17,0.215,34,0.43,18,0.228,0.38,0.62,0.894,0.047,0.059,0.176,0.053,0.771,0.838,0.162,0.353,12733,6558,126338,81001,4277,2248,2311,45155,1533,84,1225,279,1331,257,1420,93,75,1049,0.004,0.045,0.023,0.446,0.286,0.015,0.008,0.008,0.159,0.005,75,192,140,131,,,,,"4:00 PM, Friday 8 October 2021","4:00 PM, 8 Oct 2021"
2021-10-07,781019,15802,765217,26218,422028,316971,954,15482,754436,29.36,float;#769918.000000000,10146,5004,5142,0.493,0.507,36,100.19,239.33,320,9839,3737,1582,129,1029,211,3139,13,41,189,136,53,1167,30,1,181,7,9855,4871,4984,0.494,0.506,36,79,62,17,44,3,29,3,1,0.013,5,0.063,4,0.051,17,0.215,34,0.43,18,0.228,0.38,0.62,0.894,0.047,0.059,0.176,0.053,0.771,0.838,0.162,0.354,12558,6538,125533,80652,4251,2242,2306,44852,1529,84,1219,279,1325,257,1414,93,75,1049,0.004,0.045,0.023,0.446,0.287,0.015,0.008,0.008,0.159,0.005,52,170,120,121,,,,,"4:00 PM, Thursday 7 October 2021","4:00 PM, 7 Oct 2021"
2021-10-06,778637,15802,762835,26116,420651,316068,986,15482,752048,28.06,float;#767530.000000000,10117,4984,5133,0.493,0.507,36,100.19,230.98,320,9813,3723,1580,128,1023,211,3136,13,41,201,139,62,1214,18,0,196,5,9814,4853,4961,0.494,0.506,36,78,61,17,43,3,29,3,1,0.013,5,0.064,4,0.051,17,0.218,33,0.423,18,0.231,0.385,0.615,0.893,0.048,0.059,0.177,0.053,0.77,0.837,0.163,0.354,12343,6502,124944,80258,4231,2227,2298,44661,1526,84,1214,279,1320,257,1409,93,75,1048,0.004,0.044,0.023,0.446,0.287,0.015,0.008,0.008,0.16,0.005,46,133,124,106,,,,,"4:25 PM, Wednesday 6 October 2021","4:25 PM, 6 Oct 2021"
2021-10-05,776137,15802,760335,25965,419185,315185,1664,15482,748907,22.34,float;#764389.000000000,10083,4970,5113,0.493,0.507,36,85.34,222.63,320,9776,3705,1566,128,1022,211,3132,13,41,182,126,56,1205,23,0,177,5,9799,4846,4953,0.495,0.505,36,78,61,17,43,3,29,3,1,0.013,5,0.064,4,0.051,17,0.218,33,0.423,18,0.231,0.385,0.615,0.893,0.048,0.059,0.178,0.054,0.768,0.838,0.162,0.354,12192,6486,124335,79760,4216,2219,2297,44555,1525,84,1203,279,1312,254,1398,93,75,1048,0.004,0.044,0.023,0.446,0.286,0.015,0.008,0.008,0.16,0.006,49,133,160,111,,,,,"12:00 AM, Tuesday 5 October 2021","12:00 AM, 5 Oct 2021"
2021-10-04,775940,15802,760138,25839,419320,314979,2856,15482,744455,8.99,float;#759937.000000000,10060,4957,5103,0.493,0.507,36,83.49,222.63,320,9753,3692,1559,127,1021,211,3131,13,41,162,114,48,1134,31,0,157,5,9796,4842,4954,0.494,0.506,36,78,61,17,43,3,29,3,1,0.013,5,0.064,4,0.051,17,0.218,33,0.423,18,0.231,0.385,0.615,0.892,0.048,0.06,0.179,0.054,0.767,0.838,0.162,0.353,11934,6422,123163,78923,4151,2205,2293,44443,1517,84,1196,279,1306,253,1391,93,75,1047,0.004,0.043,0.023,0.446,0.286,0.015,0.008,0.008,0.161,0.006,52,139,136,102,10590,3480,810,,"5:14 PM, Monday 4 October 2021","5:14 PM, 4 Oct 2021"
2021-10-03,,,,,,,,,,,float;#0,-1,,,,,,-1,-1,,,,,,,,,,,-1,,,,13,,,,,,,,,,,,,,,,,,,,,,,,,,,,,,,,,,,,,,,,,,,,,,,,,,,,,,,,,,,,,,,,,,,,56,126,124,92,,,,,"12:00 AM, Sunday 3 October 2021","12:00 AM, 3 Oct 2021"
2021-10-02,,,,,,,,,,,float;#0,-1,,,,,,-1,-1,,,,,,,,,,,-1,,,,10,,,,,,,,,,,,,,,,,,,,,,,,,,,,,,,,,,,,,,,,,,,,,,,,,,,,,,,,,,,,,,,,,,,,62,120,124,140,,,,,"12:00 AM, Saturday 2 October 2021","12:00 AM, 2 Oct 2021"
2021-10-01,768327,15802,752525,25585,413090,313850,729,15482,742061,0,float;#757543.000000000,10054,4954,5100,0.493,0.507,36,130.8,262.52,320,9747,3687,1557,127,1021,212,3131,13,37,236,160,76,1758,1,0,232,4,9720,4813,4907,0.495,0.505,36,78,61,17,43,3,29,3,1,0.013,5,0.064,4,0.051,17,0.218,33,0.423,18,0.231,0.385,0.615,0.892,0.048,0.06,0.179,0.054,0.767,0.838,0.162,0.352,11720,6346,119707,76666,4038,2188,2274,43624,1508,84,1194,279,1304,253,1389,93,75,1005,0.004,0.044,0.024,0.445,0.285,0.015,0.008,0.009,0.162,0.006,62,126,124,150,,,,,"3:45 PM, Friday 1 October 2021","3:45 PM, 1 Oct 2021"
2021-09-30,765967,15802,750165,25449,411558,313158,176,15482,740275,0,float;#755757.000000000,10033,4947,5086,0.493,0.507,36,134.51,267.16,320,9726,3681,1549,126,1021,212,3125,13,37,229,156,73,1704,14,0,227,2,9706,4807,4899,0.495,0.505,36,78,61,17,43,3,29,3,1,0.013,5,0.064,4,0.051,17,0.218,33,0.423,18,0.231,0.385,0.615,0.892,0.048,0.06,0.18,0.054,0.766,0.837,0.163,0.352,11614,6325,118914,76196,4010,2181,2269,43336,1502,84,1186,279,1296,253,1381,93,75,995,0.004,0.043,0.024,0.445,0.285,0.015,0.008,0.009,0.162,0.006,69,155,140,165,,,,,"4:00 PM, Thursday 30 September 2021","4:00 PM, 30 Sep 2021"
2021-09-29,763595,15802,747793,25247,410131,312415,357,15482,737747,31.4,float;#753229.000000000,10008,4934,5074,0.493,0.507,36,129.87,256.96,320,9701,3673,1547,125,1020,212,3112,13,37,234,154,80,1828,29,0,232,2,9676,4795,4881,0.496,0.504,36,78,61,17,43,3,29,3,1,0.013,5,0.064,4,0.051,17,0.218,33,0.423,18,0.231,0.385,0.615,0.891,0.048,0.06,0.18,0.054,0.765,0.836,0.164,0.351,11437,6285,118398,75591,3993,2168,2267,43150,1500,84,1184,279,1294,253,1379,93,75,992,0.004,0.043,0.024,0.446,0.284,0.015,0.008,0.009,0.162,0.006,72,174,136,194,,,,,"4:30 PM, Wednesday 29 September 2021","4:30 PM, 29 Sep 2021"
2021-09-28,761119,15802,745317,25074,408663,311580,711,15482,734937,31.07,float;#750419.000000000,9988,4924,5064,0.493,0.507,36,134.51,253.25,320,9681,3663,1544,124,1018,211,3109,13,37,223,145,78,1757,18,0,221,2,9667,4793,4874,0.496,0.504,36,78,61,17,43,3,29,3,1,0.013,5,0.064,4,0.051,17,0.218,33,0.423,18,0.231,0.385,0.615,0.891,0.049,0.06,0.181,0.054,0.765,0.837,0.163,0.35,11227,6233,117816,74828,3942,2157,2262,43047,1500,84,1181,279,1292,252,1376,93,75,991,0.004,0.043,0.024,0.446,0.283,0.015,0.008,0.009,0.163,0.006,79,180,96,184,,,,,"5:15 PM, Tuesday 28 September 2021","5:15 PM, 28 Sep 2021"
2021-09-27,,,,,,,,,,,float;#0,-1,,,,,,-1,-1,,,,,,,,,,,-1,,,,22,,,,,,,,,,,,,,,,,,,,,,,,,,,,,,,,,,,,,,,,,,,,,,,,,,,,,,,,,,,,,,,,,,,,79,174,108,208,15090,4710,990,,"12:00 AM, Monday 27 September 2021","12:00 AM, 27 Sep 2021"
2021-09-26,,,,,,,,,,,float;#0,-1,,,,,,-1,-1,,,,,,,,,,,-1,,,,23,,,,,,,,,,,,,,,,,,,,,,,,,,,,,,,,,,,,,,,,,,,,,,,,,,,,,,,,,,,,,,,,,,,,62,174,104,247,,,,,"12:00 AM, Sunday 26 September 2021","12:00 AM, 26 Sep 2021"
2021-09-25,,,,,,,,,,,float;#0,-1,,,,,,-1,-1,,,,,,,,,,,-1,,,,14,,,,,,,,,,,,,,,,,,,,,,,,,,,,,,,,,,,,,,,,,,,,,,,,,,,,,,,,,,,,,,,,,,,,66,177,88,218,,,,,"12:00 AM, Saturday 25 September 2021","12:00 AM, 25 Sep 2021"
2021-09-24,748396,15802,732594,24648,398398,309548,95,15482,722906,6.73,float;#738388.000000000,9912,4889,5023,0.493,0.507,36,131.73,271.8,320,9605,3642,1516,124,1016,209,3086,13,36,233,138,95,1410,19,0,232,1,9582,4752,4830,0.496,0.504,36,78,61,17,43,3,29,3,1,0.013,5,0.064,4,0.051,17,0.218,33,0.423,18,0.231,0.385,0.615,0.889,0.049,0.061,0.184,0.055,0.761,0.84,0.16,0.347,10761,6114,112744,71081,3771,2071,2228,41981,1428,84,1153,279,1273,243,1348,93,75,933,0.004,0.043,0.024,0.445,0.281,0.015,0.008,0.009,0.166,0.006,75,186,84,232,,,,,"2:59 PM, Friday 24 September 2021","2:59 PM, 24 Sep 2021"
2021-09-23,745435,15802,729633,24490,396338,308805,217,15482,719850,6.73,float;#735332.000000000,9885,4878,5007,0.493,0.507,36,130.8,266.23,320,9578,3633,1511,124,1013,208,3077,13,36,235,147,88,1432,26,0,234,1,9553,4736,4817,0.496,0.504,36,78,61,17,43,3,29,3,1,0.013,5,0.064,4,0.051,17,0.218,33,0.423,18,0.231,0.385,0.615,0.889,0.05,0.062,0.185,0.056,0.76,0.839,0.161,0.347,10615,6078,111716,70510,3736,2043,2221,41554,1398,84,1148,279,1268,243,1343,93,75,907,0.004,0.042,0.024,0.446,0.281,0.015,0.008,0.009,0.166,0.006,69,167,76,242,,,,,"3:45 PM, Thursday 23 September 2021","3:45 PM, 23 Sep 2021"
2021-09-22,742720,15802,726918,24328,394792,307798,111,15482,717263,6.84,float;#732745.000000000,9863,4870,4993,0.494,0.506,36,123.38,273.65,320,9556,3627,1509,124,1011,207,3066,13,35,239,142,97,1444,21,0,238,1,9528,4726,4802,0.496,0.504,36,78,61,17,43,3,29,3,1,0.013,5,0.064,4,0.051,17,0.218,33,0.423,18,0.231,0.385,0.615,0.889,0.05,0.062,0.185,0.056,0.759,0.839,0.161,0.346,10429,6052,111115,69955,3718,2033,2218,41358,1395,84,1146,279,1266,243,1341,93,75,907,0.004,0.042,0.024,0.446,0.281,0.015,0.008,0.009,0.166,0.006,82,167,72,232,,,,,"4:45 PM, Wednesday 22 September 2021","4:45 PM, 22 Sep 2021"
2021-09-21,740280,15802,724478,24159,393200,307119,191,15482,714764,7.01,float;#730246.000000000,9842,4858,4984,0.494,0.506,36,118.74,279.22,320,9535,3623,1503,124,1008,207,3058,13,35,228,137,91,1288,24,0,226,2,9518,4721,4797,0.496,0.504,36,78,61,17,43,3,29,3,1,0.013,5,0.064,4,0.051,17,0.218,33,0.423,18,0.231,0.385,0.615,0.888,0.05,0.062,0.186,0.056,0.758,0.838,0.162,0.346,10211,6020,110359,69369,3703,2012,2215,41201,1391,84,1140,279,1260,243,1335,93,75,901,0.004,0.041,0.024,0.446,0.28,0.015,0.008,0.009,0.167,0.006,85,145,68,237,,,,,"4:00 PM, Tuesday 21 September 2021","4:00 PM, 21 Sep 2021"
2021-09-20,737106,15802,721304,23914,391086,306304,264,15482,711542,6.9,float;#727024.000000000,9817,4852,4965,0.494,0.506,36,120.59,292.21,320,9510,3615,1497,124,1008,207,3047,13,35,216,143,73,1277,24,0,214,2,9505,4714,4791,0.496,0.504,36,78,61,17,43,3,29,3,1,0.013,5,0.064,4,0.051,17,0.218,33,0.423,18,0.231,0.385,0.615,0.888,0.05,0.062,0.186,0.056,0.758,0.838,0.162,0.346,9997,5960,109232,68646,3675,1999,2213,41070,1381,84,1134,279,1254,243,1329,93,75,899,0.004,0.041,0.024,0.446,0.28,0.015,0.008,0.009,0.168,0.006,75,139,68,228,15670,4730,880,,"4:55 PM, Monday 20 September 2021","4:55 PM, 20 Sep 2021"
2021-09-19,,,,,,,,,,,float;#0,-1,,,,,,-1,-1,,,,,,,,,,,-1,,,,15,,,,,,,,,,,,,,,,,,,,,,,,,,,,,,,,,,,,,,,,,,,,,,,,,,,,,,,,,,,,,,,,,,,,89,142,72,208,,,,,"12:00 AM, Sunday 19 September 2021","12:00 AM, 19 Sep 2021"
2021-09-18,,,,,,,,,,,float;#0,-1,,,,,,-1,-1,,,,,,,,,,,-1,,,,22,,,,,,,,,,,,,,,,,,,,,,,,,,,,,,,,,,,,,,,,,,,,,,,,,,,,,,,,,,,,,,,,,,,,92,145,92,194,,,,,"12:00 AM, Saturday 18 September 2021","12:00 AM, 18 Sep 2021"
2021-09-17,727279,15802,711477,23661,383000,304816,184,15482,701844,6.97,float;#717326.000000000,9768,4833,4935,0.495,0.505,36,140.07,330.24,320,9461,3597,1479,124,1006,207,3036,13,35,236,159,77,1414,11,0,234,2,9436,4678,4758,0.496,0.504,36,78,61,17,43,3,29,3,1,0.013,5,0.064,4,0.051,17,0.218,33,0.423,18,0.231,0.385,0.615,0.886,0.051,0.063,0.189,0.057,0.755,0.839,0.161,0.345,9707,5858,104692,66143,3517,1967,2194,40132,1333,84,1116,279,1241,238,1311,93,75,888,0.004,0.041,0.025,0.443,0.28,0.015,0.008,0.009,0.17,0.006,89,158,96,184,,,,,"4:25 PM, Friday 17 September 2021","4:25 PM, 17 Sep 2021"
2021-09-16,723984,15802,708182,23516,380716,303950,337,15482,698424,6.85,float;#713906.000000000,9740,4819,4921,0.495,0.505,36,133.58,333.02,320,9433,3590,1466,124,1005,207,3029,13,35,275,181,94,1521,27,0,273,2,9369,4644,4725,0.496,0.504,36,78,61,17,43,3,29,3,1,0.013,5,0.064,4,0.051,17,0.218,33,0.423,18,0.231,0.385,0.615,0.885,0.051,0.063,0.19,0.057,0.752,0.838,0.162,0.346,9469,5820,103439,65609,3483,1953,2192,39741,1305,84,1103,279,1228,238,1298,93,75,887,0.004,0.041,0.025,0.442,0.281,0.015,0.008,0.009,0.17,0.006,102,170,112,198,,,,,"4:15 PM, Thursday 16 September 2021","4:15 PM, 16 Sep 2021"
2021-09-15,721553,15802,705751,23373,379291,303087,237,15482,696107,6.93,float;#711589.000000000,9726,4811,4915,0.495,0.505,36,148.42,347.87,320,9419,3584,1461,124,1005,207,3026,13,35,279,180,99,1469,15,0,276,3,9351,4641,4710,0.496,0.504,36,78,61,17,43,3,29,3,1,0.013,5,0.064,4,0.051,17,0.218,33,0.423,18,0.231,0.385,0.615,0.885,0.051,0.064,0.191,0.057,0.752,0.837,0.163,0.346,9288,5786,102856,65117,3460,1939,2190,39549,1304,84,1098,279,1223,238,1293,93,75,887,0.004,0.04,0.025,0.443,0.28,0.015,0.008,0.009,0.17,0.006,89,155,128,194,,,,,"4:00 PM, Wednesday 15 September 2021","4:00 PM, 15 Sep 2021"
2021-09-14,718860,15802,703058,23206,377693,302159,217,15482,693454,6.82,float;#708936.000000000,9706,4803,4903,0.495,0.505,36,154.92,361.78,320,9399,3573,1456,123,1004,206,3025,13,35,292,188,104,1432,17,0,289,3,9318,4627,4691,0.497,0.503,36,78,61,17,43,3,29,3,1,0.013,5,0.064,4,0.051,17,0.218,33,0.423,18,0.231,0.385,0.615,0.885,0.052,0.064,0.192,0.058,0.751,0.837,0.163,0.346,9100,5758,102018,64648,3444,1934,2185,39381,1300,84,1093,279,1219,237,1288,93,75,887,0.004,0.04,0.025,0.442,0.28,0.015,0.008,0.01,0.171,0.006,85,177,144,218,,,,,"4:25 PM, Tuesday 14 September 2021","4:25 PM, 14 Sep 2021"
2021-09-13,715797,15802,699995,23030,375417,301548,277,15482,690355,6.72,float;#705837.000000000,9682,4789,4893,0.495,0.505,36,168.83,360.85,320,9375,3561,1448,123,1004,206,3021,13,33,300,201,99,1396,26,0,297,3,9288,4617,4671,0.497,0.503,36,78,61,17,43,3,29,3,1,0.013,5,0.064,4,0.051,17,0.218,33,0.423,18,0.231,0.385,0.615,0.884,0.052,0.064,0.193,0.058,0.749,0.836,0.164,0.346,8819,5696,100772,64008,3401,1917,2178,39211,1298,84,1085,279,1211,237,1280,93,75,886,0.004,0.039,0.025,0.442,0.281,0.015,0.008,0.01,0.172,0.006,102,180,152,228,15050,4260,590,,"4:00 PM, Monday 13 September 2021","4:00 PM, 13 Sep 2021"
2021-09-12,,,,,,,,,,,float;#0,-1,,,,,,-1,-1,,,,,,,,,,,-1,,,,19,,,,,,,,,,,,,,,,,,,,,,,,,,,,,,,,,,,,,,,,,,,,,,,,,,,,,,,,,,,,,,,,,,,,92,189,180,257,,,,,"12:00 AM, Sunday 12 September 2021","12:00 AM, 12 Sep 2021"
2021-09-11,,,,,,,,,,,float;#0,-1,,,,,,-1,-1,,,,,,,,,,,-1,,,,24,,,,,,,,,,,,,,,,,,,,,,,,,,,,,,,,,,,,,,,,,,,,,,,,,,,,,,,,,,,,,,,,,,,,102,208,176,290,,,,,"12:00 AM, Saturday 11 September 2021","12:00 AM, 11 Sep 2021"
2021-09-10,706564,15802,690762,22809,367720,300233,261,15482,681208,7.11,float;#696690.000000000,9612,4757,4855,0.495,0.505,36,186.46,335.81,320,9305,3530,1425,122,1002,205,3009,13,32,316,213,103,1262,26,0,314,2,9203,4577,4626,0.497,0.503,36,78,61,17,43,3,29,3,1,0.013,5,0.064,4,0.051,17,0.218,33,0.423,18,0.231,0.385,0.615,0.882,0.053,0.065,0.196,0.059,0.745,0.838,0.162,0.346,8560,5615,96257,61695,3256,1891,2160,38282,1288,84,1062,279,1194,231,1257,93,75,874,0.004,0.039,0.026,0.438,0.281,0.015,0.009,0.01,0.174,0.006,118,186,184,295,,,,,"4:02 PM, Friday 10 September 2021","4:02 PM, 10 Sep 2021"
2021-09-09,703804,15802,688002,22749,365672,299581,228,15482,678501,7.13,float;#693983.000000000,9592,4742,4850,0.494,0.506,36,196.66,337.66,320,9285,3523,1419,122,1000,205,3004,13,32,320,206,114,1158,21,0,318,2,9179,4561,4618,0.497,0.503,36,78,61,17,43,3,29,3,1,0.013,5,0.064,4,0.051,17,0.218,33,0.423,18,0.231,0.385,0.615,0.882,0.053,0.066,0.197,0.059,0.744,0.838,0.162,0.347,8474,5592,95128,61222,3227,1881,2155,37899,1274,84,1056,279,1189,230,1251,93,75,872,0.004,0.039,0.026,0.437,0.281,0.015,0.009,0.01,0.174,0.006,141,205,164,271,,,,,"3:40 PM, Thursday 9 September 2021","3:40 PM, 9 Sep 2021"
2021-09-08,701377,15802,685575,22635,364178,298762,130,15482,676203,7.08,float;#691685.000000000,9561,4725,4836,0.494,0.506,36,195.73,323.75,320,9254,3508,1409,122,998,204,3001,13,32,305,197,108,1185,30,0,303,2,9163,4555,4608,0.497,0.503,36,78,61,17,43,3,29,3,1,0.013,5,0.064,4,0.051,17,0.218,33,0.423,18,0.231,0.385,0.615,0.881,0.053,0.066,0.198,0.06,0.742,0.837,0.163,0.346,8301,5550,94524,60750,3208,1875,2153,37681,1254,84,1046,279,1179,230,1241,93,75,871,0.004,0.038,0.026,0.437,0.281,0.015,0.009,0.01,0.174,0.006,148,218,168,286,,,,,"3:50 PM, Wednesday 8 September 2021","3:50 PM, 8 Sep 2021"
2021-09-07,698889,15802,683087,22561,362440,298086,257,15482,673609,7.05,float;#689091.000000000,9540,4716,4824,0.494,0.506,36,208.72,338.59,320,9233,3504,1403,122,995,204,2993,13,32,303,184,118,1111,27,0,299,3,9145,4546,4599,0.497,0.503,36,78,61,17,43,3,29,3,1,0.013,5,0.064,4,0.051,17,0.218,33,0.423,18,0.231,0.385,0.615,0.88,0.053,0.066,0.199,0.06,0.741,0.836,0.164,0.347,8126,5521,93528,60272,3175,1870,2150,37446,1229,84,1040,279,1173,230,1235,93,75,868,0.004,0.038,0.026,0.437,0.281,0.015,0.009,0.01,0.175,0.006,157,227,168,257,,,,,"4:05 PM, Tuesday 7 September 2021","4:05 PM, 7 Sep 2021"
2021-09-06,695913,15802,680111,22439,360365,297307,263,15482,670667,7,float;#686149.000000000,9500,4695,4805,0.494,0.506,36,192.02,320.96,320,9193,3487,1388,120,995,204,2986,13,31,279,177,101,1086,39,0,275,3,9130,4541,4589,0.497,0.503,36,78,61,17,43,3,29,3,1,0.013,5,0.064,4,0.051,17,0.218,33,0.423,18,0.231,0.385,0.615,0.879,0.054,0.067,0.201,0.061,0.738,0.838,0.162,0.347,7926,5478,92401,59618,3147,1857,2143,37284,1224,84,1025,279,1163,225,1220,93,75,867,0.004,0.037,0.026,0.436,0.281,0.015,0.009,0.01,0.176,0.006,167,237,160,276,18070,4620,550,,"5:55 PM, Monday 6 September 2021","5:55 PM, 6 Sep 2021"
2021-09-05,,,,,,,,,,,float;#0,-1,,,,,,-1,-1,,,,,,,,,,,-1,,,,34,,,,,,,,,,,,,,,,,,,,,,,,,,,,,,,,,,,,,,,,,,,,,,,,,,,,,,,,,,,,,,,,,,,,171,221,144,237,,,,,"12:00 PM, Sunday 5 September 2021","12:00 PM, 5 Sep 2021"
2021-09-04,,,,,,,,,,,float;#0,-1,,,,,,-1,-1,,,,,,,,,,,-1,,,,25,,,,,,,,,,,,,,,,,,,,,,,,,,,,,,,,,,,,,,,,,,,,,,,,,,,,,,,,,,,,,,,,,,,,157,196,132,203,,,,,"12:00 PM, Saturday 4 September 2021","12:00 PM, 4 Sep 2021"
2021-09-03,685443,15802,669641,22220,351580,295841,254,15482,660298,7.21,float;#675780.000000000,9408,4660,4748,0.495,0.505,36,146.57,327.46,320,9101,3441,1364,118,994,204,2968,13,30,272,159,113,1024,29,0,270,2,9046,4499,4547,0.497,0.503,36,77,60,17,42,3,29,3,1,0.013,4,0.052,4,0.052,17,0.221,33,0.429,18,0.234,0.39,0.61,0.877,0.055,0.068,0.205,0.062,0.734,0.838,0.162,0.344,7770,5376,87459,56578,3013,1829,2128,36358,1159,84,1001,279,1143,221,1196,93,75,848,0.004,0.038,0.027,0.432,0.279,0.015,0.009,0.011,0.18,0.006,144,189,112,218,,,,,"3:10 PM, Friday 3 September 2021","3:10 PM, 3 Sep 2021"
2021-09-02,682492,15802,666690,22144,349659,294887,607,15482,657026,7.3,float;#672508.000000000,9376,4648,4728,0.496,0.504,36,137.29,329.31,320,9069,3428,1355,117,993,203,2961,13,30,259,159,100,993,31,0,258,1,9027,4491,4536,0.498,0.502,36,77,60,17,42,3,29,3,1,0.013,4,0.052,4,0.052,17,0.221,33,0.429,18,0.234,0.39,0.61,0.876,0.055,0.069,0.206,0.062,0.732,0.838,0.162,0.345,7698,5338,86124,55970,2976,1811,2120,35934,1121,84,992,279,1136,219,1187,93,75,839,0.004,0.039,0.027,0.431,0.28,0.015,0.009,0.011,0.18,0.006,125,161,112,213,,,,,"4:20 PM, Thursday 2 September 2021","4:20 PM, 2 Sep 2021"
2021-09-01,679478,15802,663676,22052,347710,293914,227,15482,654418,7.27,float;#669900.000000000,9350,4634,4716,0.496,0.504,36,128.01,329.31,320,9043,3413,1348,116,992,203,2959,13,30,264,155,109,934,30,0,263,1,8996,4474,4522,0.497,0.503,35,77,60,17,42,3,29,3,1,0.013,4,0.052,4,0.052,17,0.221,33,0.429,18,0.234,0.39,0.61,0.875,0.056,0.069,0.207,0.062,0.731,0.84,0.16,0.345,7598,5309,85337,55469,2949,1804,2114,35721,1118,84,985,279,1132,216,1180,93,75,837,0.004,0.038,0.027,0.43,0.28,0.015,0.009,0.011,0.18,0.006,118,161,104,198,,,,,"3:35 PM, Wednesday 1 September 2021","3:35 PM, 1 Sep 2021"
2021-08-31,675762,15802,659960,21948,345018,292994,284,15482,650680,7.2,float;#666162.000000000,9315,4614,4701,0.495,0.505,36,131.73,333.02,320,9008,3406,1331,116,991,203,2949,13,30,262,150,112,846,35,0,258,4,8963,4458,4505,0.497,0.503,36,77,60,17,42,3,29,3,1,0.013,4,0.052,4,0.052,17,0.221,33,0.429,18,0.234,0.39,0.61,0.874,0.056,0.07,0.21,0.063,0.727,0.838,0.162,0.343,7458,5252,83989,54302,2891,1795,2110,35488,1098,84,968,279,1116,215,1163,93,75,835,0.004,0.038,0.027,0.43,0.278,0.015,0.009,0.011,0.182,0.006,108,145,84,189,,,,,"3:47 PM, Tuesday 31 August 2021","3:47 PM, 31 Aug 2021"
2021-08-30,,,,,,,,,,,float;#0,-1,,,,,,-1,-1,,,,,,,,,,,-1,,,,25,,,,,,,,,,,,,,,,,,,,,,,,,,,,,,,,,,,,,,,,,,,,,,,,,,,,,,,,,,,,,,,,,,,,108,151,100,165,16050,4000,360,,"12:00 AM, Monday 30 August 2021","12:00 AM, 30 Aug 2021"
2021-08-29,,,,,,,,,,,float;#0,-1,,,,,,-1,-1,,,,,,,,,,,-1,,,,12,,,,,,,,,,,,,,,,,,,,,,,,,,,,,,,,,,,,,,,,,,,,,,,,,,,,,,,,,,,,,,,,,,,,118,170,84,140,,,,,"12:00 AM, Sunday 29 August 2021","12:00 AM, 29 Aug 2021"
2021-08-28,,,,,,,,,,,float;#0,-1,,,,,,-1,-1,,,,,,,,,,,-1,,,,17,,,,,,,,,,,,,,,,,,,,,,,,,,,,,,,,,,,,,,,,,,,,,,,,,,,,,,,,,,,,,,,,,,,,141,199,92,179,,,,,"12:00 AM, Saturday 28 August 2021","12:00 AM, 28 Aug 2021"
2021-08-27,663319,15802,647517,21775,334179,291563,383,15482,638204,6.82,float;#653686.000000000,9249,4590,4659,0.496,0.504,36,181.82,397.03,320,8942,3384,1296,116,988,203,2943,13,29,298,172,126,1007,13,0,290,8,8862,4403,4459,0.497,0.503,35,77,60,17,42,3,29,3,1,0.013,4,0.052,4,0.052,17,0.221,33,0.429,18,0.234,0.39,0.61,0.87,0.058,0.072,0.215,0.065,0.72,0.843,0.157,0.338,7255,5148,78033,50555,2703,1750,2095,34061,1012,84,933,279,1092,204,1128,93,75,827,0.005,0.04,0.028,0.425,0.276,0.015,0.01,0.011,0.186,0.006,154,243,112,160,,,,,"3:50 PM, Friday 27 August 2021","3:50 PM, 27 Aug 2021"
2021-08-26,660633,15802,644831,21707,332141,290983,748,15482,635178,6.94,float;#650660.000000000,9224,4576,4648,0.496,0.504,36,190.17,419.29,320,8917,3376,1282,116,988,203,2940,13,29,312,189,123,1093,24,0,303,9,8823,4384,4439,0.497,0.503,35,77,60,17,42,3,29,3,1,0.013,4,0.052,4,0.052,17,0.221,33,0.429,18,0.234,0.39,0.61,0.869,0.059,0.073,0.218,0.066,0.717,0.842,0.158,0.34,7189,5131,76632,50001,2671,1736,2086,33448,977,84,919,279,1079,203,1114,93,75,823,0.005,0.04,0.028,0.424,0.277,0.015,0.01,0.012,0.185,0.005,154,265,112,174,,,,,"4:00 PM, Thursday 26 August 2021","4:00 PM, 26 Aug 2021"
2021-08-25,657955,15802,642153,21657,330284,290212,263,15482,633006,6.96,float;#648488.000000000,9203,4563,4640,0.496,0.504,36,194.81,424.86,320,8896,3371,1270,116,985,203,2939,13,29,338,192,146,1218,15,0,330,8,8776,4358,4418,0.497,0.503,35,76,59,17,41,3,29,3,1,0.013,4,0.053,4,0.053,17,0.224,32,0.421,18,0.237,0.382,0.618,0.868,0.059,0.073,0.22,0.066,0.714,0.842,0.158,0.339,7122,5104,75875,49489,2648,1732,2082,33144,968,84,907,279,1069,201,1102,93,75,819,0.005,0.04,0.029,0.424,0.277,0.015,0.01,0.012,0.185,0.005,171,274,112,184,,,,,"3:40 PM, Wednesday 25 August 2021","3:40 PM, 25 Aug 2021"
2021-08-24,655392,15802,639590,21590,328498,289502,251,15482,630489,6.97,float;#645971.000000000,9169,4548,4621,0.496,0.504,36,196.66,425.79,320,8862,3365,1249,116,984,203,2933,13,29,360,208,152,1230,36,0,351,9,8720,4333,4387,0.497,0.503,35,76,59,17,41,3,29,3,1,0.013,4,0.053,4,0.053,17,0.224,32,0.421,18,0.237,0.382,0.618,0.865,0.06,0.074,0.223,0.067,0.709,0.845,0.155,0.339,7057,5077,74937,48950,2623,1725,2077,32806,965,84,886,279,1055,194,1081,93,75,817,0.005,0.04,0.029,0.423,0.277,0.015,0.01,0.012,0.185,0.006,167,287,116,223,,,,,"4:15 PM, Tuesday 24 August 2021","4:15 PM, 24 Aug 2021"
2021-08-23,652156,15802,636354,21528,326180,288646,185,15482,627341,6.98,float;#642823.000000000,9147,4537,4610,0.496,0.504,36,209.65,434.14,320,8840,3353,1242,116,984,203,2930,13,28,384,211,173,1263,23,0,375,9,8676,4309,4367,0.497,0.503,35,76,59,17,41,3,29,3,1,0.013,4,0.053,4,0.053,17,0.224,32,0.421,18,0.237,0.382,0.618,0.865,0.06,0.075,0.225,0.068,0.708,0.844,0.156,0.34,6933,5024,73593,48294,2582,1718,2072,32452,958,84,879,279,1048,194,1074,93,75,814,0.005,0.04,0.029,0.422,0.277,0.015,0.01,0.012,0.186,0.006,174,278,120,228,16100,4820,440,,"12:00 AM, Monday 23 August 2021","12:00 AM, 23 Aug 2021"
2021-08-22,,,,,,,,,,,float;#0,-1,,,,,,-1,-1,,,,,,,,,,,-1,,,,38,,,,,,,,,,,,,,,,,,,,,,,,,,,,,,,,,,,,,,,,,,,,,,,,,,,,,,,,,,,,,,,,,,,,187,271,144,261,,,,,"12:00 AM, Sunday 22 August 2021","12:00 AM, 22 Aug 2021"
2021-08-21,,,,,,,,,,,float;#0,-1,,,,,,-1,-1,,,,,,,,,,,-1,,,,36,,,,,,,,,,,,,,,,,,,,,,,,,,,,,,,,,,,,,,,,,,,,,,,,,,,,,,,,,,,,,,,,,,,,174,243,144,276,,,,,"12:00 AM, Saturday 21 August 2021","12:00 AM, 21 Aug 2021"
2021-08-20,642576,15802,626774,21380,317996,287398,112,15482,617926,7.3,float;#633408.000000000,9055,4493,4562,0.496,0.504,36,216.14,414.66,320,8748,3325,1201,115,981,203,2911,13,20,376,209,167,1255,23,0,365,11,8601,4260,4341,0.495,0.505,35,75,58,17,41,3,28,3,1,0.013,4,0.053,4,0.053,17,0.227,32,0.427,17,0.227,0.373,0.627,0.86,0.062,0.077,0.232,0.07,0.698,0.843,0.157,0.342,6631,4875,66522,44967,2413,1669,2034,30184,846,84,838,279,1012,189,1033,93,75,801,0.005,0.041,0.03,0.413,0.279,0.015,0.01,0.013,0.188,0.005,187,215,128,305,,,,,"3:50 PM, Friday 20 August 2021","3:50 PM, 20 Aug 2021"
2021-08-19,639047,15802,623245,21311,315577,286357,201,15482,614343,7.18,float;#629825.000000000,9020,4480,4540,0.497,0.503,36,230.98,413.73,320,8713,3313,1185,114,981,203,2905,13,19,388,219,169,1440,34,0,378,10,8555,4240,4315,0.496,0.504,35,75,58,17,41,3,28,3,1,0.013,4,0.053,4,0.053,17,0.227,32,0.427,17,0.227,0.373,0.627,0.858,0.063,0.078,0.235,0.071,0.694,0.841,0.159,0.342,6631,4875,66522,44967,2413,1669,2034,30184,846,84,822,279,997,188,1017,93,75,801,0.005,0.041,0.03,0.413,0.279,0.015,0.01,0.013,0.188,0.005,210,202,140,339,,,,,"1:51 PM, Thursday 19 August 2021","1:51 PM, 19 Aug 2021"
2021-08-18,636684,15802,620882,21243,314092,285547,331,15482,611883,7.22,float;#627365.000000000,8987,4464,4523,0.497,0.503,36,225.42,410.95,320,8680,3307,1169,114,978,203,2897,13,19,407,239,168,1591,27,0,397,10,8504,4224,4280,0.497,0.503,35,75,58,17,41,3,28,3,1,0.013,4,0.053,4,0.053,17,0.227,32,0.427,17,0.227,0.373,0.627,0.856,0.064,0.08,0.239,0.072,0.689,0.84,0.16,0.346,6205,4679,57882,40670,2209,1598,1989,27110,753,84,806,279,982,187,1001,93,75,795,0.006,0.043,0.033,0.402,0.283,0.015,0.011,0.014,0.188,0.005,207,215,156,378,,,,,"4:28 PM, Wednesday 18 August 2021","4:28 PM, 18 Aug 2021"
2021-08-17,633952,15802,618150,21163,312345,284642,228,15482,609292,7.24,float;#624774.000000000,8949,4435,4514,0.496,0.504,36,223.56,431.35,320,8642,3295,1150,114,977,203,2891,13,17,415,248,167,1438,37,0,405,10,8460,4198,4262,0.496,0.504,35,74,57,17,41,3,27,3,1,0.014,4,0.054,4,0.054,17,0.23,32,0.432,16,0.216,0.365,0.635,0.854,0.065,0.081,0.243,0.073,0.684,0.839,0.161,0.346,6205,4679,57882,40670,2209,1598,1989,27109,753,84,787,279,965,185,982,93,75,795,0.006,0.043,0.033,0.402,0.283,0.015,0.011,0.014,0.188,0.005,226,205,156,363,,,,,"4:30 PM, Tuesday 17 August 2021","4:30 PM, 17 Aug 2021"
2021-08-16,630908,15802,615106,21092,310150,283864,278,15482,606230,7.13,float;#621712.000000000,8917,4424,4493,0.496,0.504,36,222.63,451.76,320,8610,3285,1133,114,975,203,2888,13,17,425,261,164,1520,38,2,413,10,8418,4174,4244,0.496,0.504,35,74,57,17,41,3,27,3,1,0.014,4,0.054,4,0.054,17,0.23,32,0.432,16,0.216,0.365,0.635,0.852,0.066,0.082,0.246,0.074,0.68,0.839,0.161,0.346,6205,4678,57879,40670,2209,1598,1989,27108,753,84,770,279,951,182,965,93,75,795,0.006,0.043,0.033,0.402,0.283,0.015,0.011,0.014,0.188,0.005,210,218,156,368,15250,4970,490,,"5:00 PM, Monday 16 August 2021","5:00 PM, 16 Aug 2021"
2021-08-15,,,,,,,,,,,float;#0,-1,,,,,,-1,-1,,,,,,,,,,,-1,,,,28,,,,,,,,,,,,,,,,,,,,,,,,,,,,,,,,,,,,,,,,,,,,,,,,,,,,,,,,,,,,,,,,,,,,200,227,144,349,,,,,"12:00 AM, Sunday 15 August 2021","12:00 AM, 15 Aug 2021"
2021-08-14,,,,,,,,,,,float;#0,-1,,,,,,-1,-1,,,,,,,,,,,-1,,,,33,,,,,,,,,,,,,,,,,,,,,,,,,,,,,,,,,,,,,,,,,,,,,,,,,,,,,,,,,,,,,,,,,,,,207,218,132,286,,,,,"12:00 AM, Saturday 14 August 2021","12:00 AM, 14 Aug 2021"
2021-08-13,621813,15802,606011,20944,302469,282598,256,15482,597256,7.33,float;#612738.000000000,8818,4372,4446,0.496,0.504,36,196.66,515.77,320,8511,3257,1081,111,973,202,2875,13,16,453,278,175,1727,36,4,443,6,8292,4109,4183,0.496,0.504,35,74,57,17,41,3,27,3,1,0.014,4,0.054,4,0.054,17,0.23,32,0.432,16,0.216,0.365,0.635,0.845,0.069,0.086,0.258,0.078,0.664,0.846,0.154,0.283,6205,4678,57857,40669,2209,1598,1989,27099,753,84,718,279,914,167,913,93,75,795,0.006,0.043,0.033,0.402,0.283,0.015,0.011,0.014,0.188,0.005,194,218,132,305,,,,,"5:55 PM, Friday 13 August 2021","5:55 PM, 13 Aug 2021"
2021-08-12,618508,15802,602706,20878,300095,281733,319,15482,593938,7.36,float;#609420.000000000,8768,4344,4424,0.495,0.505,36,179.96,541.74,320,8461,3238,1065,111,969,200,2866,13,17,475,308,167,1983,49,4,465,6,8219,4072,4147,0.495,0.505,35,74,57,17,41,3,27,3,1,0.014,4,0.054,4,0.054,17,0.23,32,0.432,16,0.216,0.365,0.635,0.842,0.07,0.087,0.262,0.079,0.659,0.846,0.154,0.346,6203,4678,57795,40659,2209,1598,1989,27073,753,84,702,279,901,164,897,93,75,795,0.006,0.043,0.033,0.402,0.283,0.015,0.011,0.014,0.188,0.005,174,221,140,276,,,,,"12:00 AM, Thursday 12 August 2021","12:00 AM, 12 Aug 2021"
2021-08-11,616117,15802,600315,20790,298692,280833,294,15482,591614,7.38,float;#607096.000000000,8726,4325,4401,0.496,0.504,36,168.83,582.56,320,8419,3219,1050,111,963,200,2864,13,16,505,316,189,1997,27,4,497,4,8149,4039,4110,0.496,0.504,35,73,56,17,41,3,26,3,1,0.014,4,0.055,4,0.055,17,0.233,32,0.438,15,0.205,0.356,0.644,0.84,0.071,0.089,0.266,0.08,0.654,0.846,0.154,0.346,6168,4667,57413,40520,2203,1594,1989,26923,751,84,687,279,888,162,882,93,75,795,0.006,0.043,0.033,0.401,0.283,0.015,0.011,0.014,0.188,0.005,167,221,108,232,,,,,"12:00 AM, Wednesday 11 August 2021","12:00 AM, 11 Aug 2021"
2021-08-10,613226,15802,597424,20693,296967,279764,250,15482,588789,7.42,float;#604271.000000000,8704,4305,4399,0.495,0.505,36,204.08,664.19,320,8397,3213,1044,111,961,198,2858,13,16,499,315,184,1840,37,6,488,5,8133,4030,4103,0.496,0.504,35,73,56,17,41,3,26,3,1,0.014,4,0.055,4,0.055,17,0.233,32,0.438,15,0.205,0.356,0.644,0.839,0.072,0.089,0.267,0.08,0.652,0.846,0.154,0.347,6106,4644,56523,40160,2196,1590,1984,26604,749,84,681,279,883,161,876,93,75,795,0.006,0.043,0.033,0.4,0.284,0.016,0.011,0.014,0.188,0.005,157,227,108,252,,,,,"3:50 PM, Tuesday 10 August 2021","3:50 PM, 10 Aug 2021"
2021-08-09,610142,15802,594340,20604,294835,278901,222,15482,585762,7.42,float;#601244.000000000,8675,4290,4385,0.495,0.505,36,227.27,752.32,320,8368,3204,1034,111,960,198,2849,13,15,548,351,197,1874,31,5,538,5,8056,3999,4057,0.496,0.504,35,73,56,17,41,3,26,3,1,0.014,4,0.055,4,0.055,17,0.233,32,0.438,15,0.205,0.356,0.644,0.838,0.073,0.09,0.27,0.081,0.649,0.845,0.155,0.349,5999,4598,55167,39593,2170,1588,1978,26264,748,84,671,279,874,160,866,93,75,794,0.006,0.043,0.033,0.397,0.285,0.016,0.011,0.014,0.189,0.005,197,240,116,281,13230,5670,600,,"5:30 PM, Monday 9 August 2021","5:30 PM, 9 Aug 2021"
2021-08-08,,,,,,,,,,,float;#0,-1,,,,,,-1,-1,,,,,,,,,,,-1,,,,12,,,,,,,,,,,,,,,,,,,,,,,,,,,,,,,,,,,,,,,,,,,,,,,,,,,,,,,,,,,,,,,,,,,,217,262,108,339,,,,,"12:00 PM, Sunday 8 August 2021","12:00 PM, 8 Aug 2021"
2021-08-07,,,,,,,,,,,float;#0,-1,,,,,,-1,-1,,,,,,,,,,,-1,,,,33,,,,,,,,,,,,,,,,,,,,,,,,,,,,,,,,,,,,,,,,,,,,,,,,,,,,,,,,,,,,,,,,,,,,223,290,148,402,,,,,"12:00 PM, Saturday 7 August 2021","12:00 PM, 7 Aug 2021"
2021-08-06,601438,15802,585636,20436,288003,277197,130,15482,577226,7.52,float;#592708.000000000,8599,4263,4336,0.496,0.504,36,312.62,1003.71,320,8292,3182,1006,111,959,196,2826,13,15,759,495,264,2188,27,10,738,11,7769,3845,3924,0.495,0.505,35,73,56,17,41,3,26,3,1,0.014,4,0.055,4,0.055,17,0.233,32,0.438,15,0.205,0.356,0.644,0.833,0.075,0.092,0.277,0.083,0.639,0.844,0.156,0.351,5890,4516,50818,37562,2092,1554,1959,24787,698,84,643,279,849,157,838,93,75,791,0.006,0.045,0.035,0.389,0.288,0.016,0.012,0.015,0.19,0.005,269,344,156,436,,,,,"3:40 PM, Friday 6 August 2021","3:40 PM, 6 Aug 2021"
2021-08-05,598598,15802,582796,20366,286253,276177,434,15482,574113,7.11,float;#589595.000000000,8568,4248,4320,0.496,0.504,36,356.22,1140.07,320,8261,3174,999,111,953,196,2816,13,14,832,542,290,2430,30,11,811,10,7665,3797,3868,0.495,0.505,35,73,56,17,41,3,26,3,1,0.014,4,0.055,4,0.055,17,0.233,32,0.438,15,0.205,0.356,0.644,0.832,0.075,0.093,0.279,0.084,0.637,0.846,0.154,0.354,5853,4488,49771,37206,2066,1542,1950,24145,667,84,636,279,845,154,831,93,75,791,0.006,0.046,0.035,0.387,0.29,0.016,0.012,0.015,0.188,0.005,285,379,156,484,,,,,"5:30 PM, Thursday 5 August 2021","5:30 PM, 5 Aug 2021"
2021-08-04,596222,15802,580420,20271,284958,275191,314,15482,571895,7,float;#587377.000000000,8530,4229,4301,0.496,0.504,36,397.03,1316.33,320,8223,3150,991,111,953,196,2810,13,14,1054,670,384,2766,30,12,1034,8,7406,3683,3723,0.497,0.503,36,72,55,17,40,3,26,3,1,0.014,4,0.056,4,0.056,17,0.236,31,0.431,15,0.208,0.361,0.639,0.83,0.076,0.094,0.282,0.085,0.634,0.845,0.155,0.354,5796,4459,49194,36865,2043,1534,1944,23847,660,84,628,279,837,154,823,93,75,791,0.006,0.046,0.035,0.387,0.29,0.016,0.012,0.015,0.188,0.005,318,407,200,566,,,,,"4:55 PM, Wednesday 4 August 2021","4:55 PM, 4 Aug 2021"
2021-08-03,593708,15802,577906,20126,283504,274276,272,15482,569479,7.08,float;#584961.000000000,8474,4197,4277,0.495,0.505,36,448.98,1479.59,320,8167,3120,977,110,945,193,2810,13,14,1027,662,365,2680,61,10,1009,8,7377,3667,3710,0.497,0.503,36,71,54,17,39,3,26,3,1,0.014,4,0.056,3,0.042,17,0.239,31,0.437,15,0.211,0.366,0.634,0.828,0.077,0.095,0.286,0.086,0.628,0.844,0.156,0.354,5721,4418,48256,36286,2013,1523,1925,23502,655,84,614,279,825,152,809,93,75,790,0.006,0.046,0.035,0.386,0.29,0.016,0.012,0.015,0.188,0.005,390,480,228,581,,,,,"3:50 PM, Tuesday 3 August 2021","3:50 PM, 3 Aug 2021"
2021-08-02,590682,15802,574880,20011,281625,273244,275,15482,566495,7.04,float;#581977.000000000,8429,4171,4258,0.495,0.505,36,522.26,1718.92,320,8122,3095,969,110,940,192,2804,13,14,1193,774,419,3037,54,13,1171,9,7167,3566,3601,0.498,0.502,36,70,53,17,38,3,26,3,,,4,0.058,3,0.043,17,0.246,31,0.449,15,0.203,0.371,0.629,0.828,0.077,0.095,0.286,0.086,0.627,0.846,0.154,0.356,5637,4389,47225,35940,2004,1517,1920,23190,653,84,606,279,820,149,801,93,75,790,0.006,0.046,0.036,0.383,0.292,0.016,0.012,0.016,0.188,0.005,479,505,240,639,13230,5670,600,,"5:00 PM, Monday 2 August 2021","5:00 PM, 2 Aug 2021"
2021-08-01,,,,,,,,,,,float;#0,-1,,,,,,-1,-1,,,,,,,,,,,-1,,,,45,,,,,,,,,,,,,,,,,,,,,,,,,,,,,,,,,,,,,,,,,,,,,,,,,,,,,,,,,,,,,,,,,,,,571,562,280,702,,,,,"12:00 PM, Sunday 1 August 2021","12:00 PM, 1 Aug 2021"
2021-07-31,,,,,,,,,,,float;#0,-1,,,,,,-1,-1,,,,,,,,,,,-1,,,,73,,,,,,,,,,,,,,,,,,,,,,,,,,,,,,,,,,,,,,,,,,,,,,,,,,,,,,,,,,,,,,,,,,,,630,609,276,804,,,,,"12:00 PM, Saturday 31 July 2021","12:00 PM, 31 Jul 2021"
2021-07-30,581638,15802,565836,19722,274856,271258,194,15482,557701,6.91,float;#573183.000000000,8260,4087,4173,0.495,0.505,36,688.31,2335.81,320,7953,3046,892,108,934,191,2770,13,13,2523,1846,677,8145,53,12,2495,16,5671,2883,2788,0.508,0.492,37,69,52,17,38,3,26,2,,,4,0.058,3,0.043,17,0.246,31,0.449,14,0.203,0.377,0.623,0.812,0.084,0.104,0.313,0.094,0.593,0.853,0.147,0.359,5546,4303,42864,34016,1904,1489,1889,21779,602,84,529,279,761,131,724,93,75,787,0.007,0.048,0.037,0.372,0.295,0.017,0.013,0.016,0.189,0.005,669,637,312,852,,,,,"4:00 PM, Friday 30 July 2021","4:00 PM, 30 Jul 2021"
2021-07-29,578567,15802,562765,19518,273316,269931,123,15482,554780,7.11,float;#570262.000000000,8181,4055,4126,0.496,0.504,36,780.15,2460.11,320,7874,3003,881,108,929,189,2752,13,13,2717,2019,698,9105,77,11,2685,21,5398,2753,2645,0.51,0.49,37,69,52,17,38,3,26,2,,,4,0.058,3,0.043,17,0.246,31,0.449,14,0.203,0.377,0.623,0.809,0.085,0.106,0.317,0.095,0.588,0.852,0.148,0.362,5514,4280,41805,33696,1875,1473,1881,21228,580,84,518,279,751,130,713,93,75,782,0.007,0.049,0.038,0.37,0.298,0.017,0.013,0.017,0.188,0.005,778,700,333,1002,,,,,"4:11 PM, Thursday 29 July 2021","4:11 PM, 29 Jul 2021"
2021-07-28,575856,15802,560054,19320,272216,268518,123,15482,552155,7.36,float;#567637.000000000,8095,4010,4085,0.495,0.505,36,914.66,2639.15,320,7788,2964,865,107,923,187,2730,13,13,2871,2124,747,10187,85,8,2847,16,5158,2647,2511,0.513,0.487,37,69,52,17,38,3,26,2,,,4,0.058,3,0.043,17,0.246,31,0.449,14,0.203,0.377,0.623,0.806,0.087,0.108,0.323,0.097,0.58,0.854,0.146,0.363,5466,4261,41333,33359,1851,1464,1873,20891,580,84,502,279,739,126,697,93,75,779,0.007,0.049,0.038,0.37,0.298,0.017,0.013,0.017,0.187,0.005,945,770,353,1113,,,,,"4:41 PM, Wednesday 28 July 2021","4:41 PM, 28 Jul 2021"
2021-07-27,572953,15802,557151,19100,270811,267240,108,15482,549376,7.65,float;#564858.000000000,7986,3954,4032,0.495,0.505,36,1026.9,2729.13,320,7679,2907,853,105,915,185,2702,13,13,2953,2167,786,10388,111,7,2932,14,4967,2561,2406,0.516,0.484,38,69,52,17,38,3,26,2,,,4,0.058,3,0.043,17,0.246,31,0.449,14,0.203,0.377,0.623,0.803,0.088,0.109,0.327,0.098,0.574,0.853,0.147,0.364,5418,4226,40558,32951,1836,1456,1865,20571,577,84,490,279,728,125,685,93,75,778,0.007,0.049,0.038,0.368,0.299,0.017,0.013,0.017,0.187,0.005,1112,880,389,1351,,,,,"4:00 PM, Tuesday 27 July 2021","4:00 PM, 27 Jul 2021"
2021-07-26,569371,15802,553569,18802,268993,265774,176,15482,545853,7.62,float;#561335.000000000,7859,3896,3963,0.496,0.504,36,1190.17,2825.6,320,7552,2838,831,105,911,183,2672,13,10,3170,2359,811,12337,123,5,3150,15,4625,2389,2236,0.517,0.483,38,69,52,17,38,3,26,2,,,4,0.058,3,0.043,17,0.246,31,0.449,14,0.203,0.377,0.623,0.798,0.09,0.112,0.336,0.101,0.563,0.853,0.147,0.365,5340,4181,39508,32432,1813,1447,1857,20229,576,84,468,279,709,122,663,93,75,776,0.007,0.049,0.039,0.365,0.3,0.017,0.013,0.017,0.187,0.005,1266,991,433,1486,11330,11490,1870,,"4:28 PM, Monday 26 July 2021","4:28 PM, 26 Jul 2021"
2021-07-25,,,,,,,,,,,float;#0,-1,,,,,,-1,-1,,,,,,,,,,,-1,,,,98,,,,,,,,,,,,,,,,,,,,,,,,,,,,,,,,,,,,,,,,,,,,,,,,,,,,,,,,,,,,,,,,,,,,1522,1180,485,1622,,,,,"12:00 AM, Sunday 25 July 2021","12:00 AM, 25 Jul 2021"
2021-07-24,,,,,,,,,,,float;#0,-1,,,,,,-1,-1,,,,,,,,,,,-1,,,,113,,,,,,,,,,,,,,,,,,,,,,,,,,,,,,,,,,,,,,,,,,,,,,,,,,,,,,,,,,,,,,,,,,,,1712,1303,521,1786,,,,,"12:00 AM, Saturday 24 July 2021","12:00 AM, 24 Jul 2021"
2021-07-23,559604,15802,543802,18264,263220,262318,151,15482,536462,8.08,float;#551944.000000000,7508,3729,3779,0.497,0.503,36,1638.22,2889.61,320,7201,2676,774,100,897,183,2559,13,10,3109,2314,795,12556,142,13,3081,15,4336,2246,2090,0.518,0.482,38.3,69,52,17,38,3,26,2,,,4,0.058,3,0.043,17,0.246,31,0.449,14,0.203,0.377,0.623,0.783,0.097,0.12,0.361,0.109,0.53,0.862,0.138,0.37,5247,4082,35872,30771,1694,1426,1826,18992,521,84,411,279,667,107,606,93,75,768,0.008,0.052,0.04,0.355,0.304,0.017,0.014,0.018,0.188,0.005,1847,1322,525,1883,,,,,"3:45 PM, Friday 23 July 2021","3:45 PM, 23 Jul 2021"
2021-07-22,555980,15802,540178,18016,261571,260591,296,15482,532872,8.08,float;#548354.000000000,7329,3639,3690,0.497,0.503,36,1671.61,2883.12,320,7022,2584,754,98,881,181,2512,13,10,3088,2288,800,12992,178,12,3066,10,4178,2185,1993,0.523,0.477,38.6,69,52,17,38,3,26,2,,,4,0.058,3,0.043,17,0.246,31,0.449,14,0.203,0.377,0.623,0.777,0.099,0.123,0.37,0.111,0.519,0.863,0.137,0.373,5193,4052,34960,30471,1669,1411,1811,18519,488,84,391,279,651,103,586,93,75,768,0.008,0.052,0.041,0.352,0.307,0.017,0.014,0.018,0.186,0.005,2372,1473,593,2140,,,,,"5:10 PM, Thursday 22 July 2021","5:10 PM, 22 Jul 2021"
2021-07-21,552075,15802,536273,17676,260574,258023,238,15482,529277,7.97,float;#544759.000000000,7077,3521,3556,0.498,0.502,36,1695.73,2774.58,320,6770,2445,743,93,864,178,2435,13,10,3061,2329,732,13845,229,13,3035,13,3953,2093,1860,0.529,0.471,39.2,69,52,17,38,3,26,2,,,4,0.058,3,0.043,17,0.246,31,0.449,14,0.203,0.377,0.623,0.776,0.101,0.123,0.375,0.113,0.512,0.864,0.136,0.373,5141,4035,34581,30225,1656,1400,1800,18272,483,84,381,278,642,101,577,91,75,765,0.008,0.052,0.041,0.352,0.307,0.017,0.014,0.018,0.186,0.005,2392,1511,577,2217,,,,,"4:30 PM, Wednesday 21 July 2021","4:30 PM, 21 Jul 2021"
2021-07-20,549105,15802,533303,17376,259654,256273,685,15482,526075,8.05,float;#541557.000000000,6862,3418,3444,0.498,0.502,36,1686.46,2678.11,320,6555,2330,730,93,846,175,2369,13,10,3002,2320,682,14591,232,11,2979,12,3798,2032,1766,0.535,0.465,39.6,69,52,17,38,3,26,2,,,4,0.058,3,0.043,17,0.246,31,0.449,14,0.203,0.377,0.623,0.775,0.103,0.122,0.379,0.114,0.507,0.863,0.137,0.374,5073,4010,34085,29890,1642,1395,1794,18083,478,83,370,277,630,100,566,89,75,765,0.008,0.052,0.041,0.351,0.308,0.017,0.014,0.019,0.186,0.005,2588,1489,557,2232,,,,,"7:10 PM, Tuesday 20 July 2021","7:10 PM, 20 Jul 2021"
2021-07-19,544673,15802,528871,16925,257663,254283,153,15482,522474,7.81,float;#537956.000000000,6563,3262,3301,0.497,0.503,36,1623.38,2470.32,320,6256,2147,704,88,822,175,2308,13,9,2813,2047,766,13332,302,10,2791,12,3689,1980,1709,0.537,0.463,39.9,69,52,17,38,3,26,2,,,4,0.058,3,0.043,17,0.246,31,0.449,14,0.203,0.377,0.623,0.767,0.107,0.126,0.393,0.118,0.489,0.862,0.138,0.374,4973,3952,33103,29363,1612,1384,1780,17841,476,83,344,277,607,97,540,89,75,762,0.008,0.052,0.042,0.348,0.308,0.017,0.015,0.019,0.187,0.005,2651,1401,517,2188,10910,13990,2080,,"5:25 PM, Monday 19 July 2021","5:25 PM, 19 Jul 2021"
2021-07-18,,,,,,,,,,,float;#0,-1,,,,,,-1,-1,,,,,,,,,,,-1,,,,238,,,,,,,,,,,,,,,,,,,,,,,,,,,,,,,,,,,,,,,,,,,,,,,,,,,,,,,,,,,,,,,,,,,,2493,1322,477,2241,,,,,"12:00 PM, Sunday 18 July 2021","12:00 PM, 18 Jul 2021"
2021-07-17,,,,,,,,,,,float;#0,-1,,,,,,-1,-1,,,,,,,,,,,-1,,,,181,,,,,,,,,,,,,,,,,,,,,,,,,,,,,,,,,,,,,,,,,,,,,,,,,,,,,,,,,,,,,,,,,,,,2375,1218,465,2052,,,,,"12:00 PM, Saturday 17 July 2021","12:00 PM, 17 Jul 2021"
2021-07-16,534107,15802,518305,15981,252739,249585,236,15482,512664,8.24,float;#528146.000000000,5724,2898,2826,0.506,0.494,37,1234.69,1887.76,320,5417,1673,664,86,767,166,2049,13,9,2053,1427,626,10924,420,9,2034,10,3610,1943,1667,0.538,0.462,40.2,69,52,17,38,3,26,2,,,4,0.058,3,0.043,17,0.246,31,0.449,14,0.203,0.377,0.623,0.761,0.107,0.133,0.411,0.123,0.465,0.866,0.134,0.379,4893,3861,30235,28036,1543,1361,1750,16858,449,82,309,273,575,89,505,88,71,754,0.008,0.055,0.043,0.337,0.312,0.017,0.015,0.02,0.188,0.005,2306,1202,449,1975,,,,,"4:45 PM, Friday 16 July 2021","4:45 PM, 16 Jul 2021"
2021-07-15,529583,15802,513781,15813,250917,247051,314,15482,508267,8.19,float;#523749.000000000,5519,2805,2714,0.508,0.492,37,1205.94,1762.52,320,5212,1608,650,85,744,162,1951,13,9,1876,1278,598,10153,208,9,1860,7,3582,1928,1654,0.538,0.462,40.3,69,52,17,38,3,26,2,,,4,0.058,3,0.043,17,0.246,31,0.449,14,0.203,0.377,0.623,0.765,0.108,0.128,0.415,0.126,0.458,0.865,0.135,0.382,4854,3833,29372,27739,1530,1337,1740,16396,416,82,298,270,562,88,497,83,70,752,0.009,0.055,0.044,0.334,0.315,0.017,0.015,0.02,0.186,0.005,1863,1063,373,1670,,,,,"4:33 PM, Thursday 15 July 2021","4:33 PM, 15 Jul 2021"
2021-07-14,526046,15802,510244,15445,249820,244979,358,15482,504965,8.26,float;#520447.000000000,5240,2678,2562,0.511,0.489,38,1073.28,1567.72,320,4933,1461,639,81,723,162,1855,13,9,1731,1168,563,9805,280,9,1716,6,3448,1854,1594,0.538,0.462,40.8,69,52,17,38,3,26,2,,,4,0.058,3,0.043,17,0.246,31,0.449,14,0.203,0.377,0.623,0.776,0.108,0.116,0.419,0.125,0.455,0.867,0.133,0.382,4818,3811,29064,27509,1520,1316,1733,16242,411,80,291,268,554,85,496,74,69,749,0.009,0.055,0.044,0.333,0.316,0.017,0.015,0.02,0.186,0.005,1916,978,353,1578,,,,,"4:10 PM, Wednesday 14 July 2021","4:10 PM, 14 Jul 2021"
2021-07-13,522117,15802,506315,15160,248360,242795,405,15482,501195,8.3,float;#516677.000000000,5030,2581,2449,0.513,0.487,38,982.37,1420.22,320,4723,1371,613,78,712,162,1775,13,9,1593,1062,531,9335,204,9,1579,5,3376,1817,1559,0.538,0.462,41,69,52,17,38,3,26,2,,,4,0.058,3,0.043,17,0.246,31,0.449,14,0.203,0.377,0.623,0.778,0.113,0.109,0.437,0.131,0.432,0.869,0.131,0.382,4742,3783,28624,27180,1512,1309,1721,16080,408,80,265,268,533,80,477,67,69,745,0.009,0.055,0.044,0.332,0.316,0.018,0.015,0.02,0.187,0.005,1706,868,312,1423,,,,,"6:40 PM, Tuesday 13 July 2021","6:40 PM, 13 Jul 2021"
2021-07-12,517805,15802,502003,14836,246791,240376,276,15482,497241,8.26,float;#512723.000000000,4805,2475,2330,0.515,0.485,38,843.23,1245.83,320,4498,1273,600,76,697,153,1687,13,9,1399,985,414,8659,230,0,1394,5,3345,1806,1539,0.54,0.46,41.2,69,52,17,38,3,26,2,,,4,0.058,3,0.043,17,0.246,31,0.449,14,0.203,0.377,0.623,0.778,0.115,0.107,0.443,0.133,0.423,0.867,0.133,0.383,4641,3737,27939,26745,1498,1295,1715,15866,405,80,254,266,520,80,467,64,69,740,0.009,0.055,0.044,0.33,0.316,0.018,0.015,0.02,0.188,0.005,1568,808,280,1297,9820,11670,1370,,"6:45 PM, Monday 12 July 2021","6:45 PM, 12 Jul 2021"
2021-07-11,,,,,,,,,,,float;#0,-1,,,,,,-1,-1,,,,,,,,,,,-1,,,,127,,,,,,,,,,,,,,,,,,,,,,,,,,,,,,,,,,,,,,,,,,,,,,,,,,,,,,,,,,,,,,,,,,,,1450,615,224,1075,,,,,"12:00 AM, Sunday 11 July 2021","12:00 AM, 11 Jul 2021"
2021-07-10,,,,,,,,,,,float;#0,-1,,,,,,-1,-1,,,,,,,,,,,-1,,,,135,,,,,,,,,,,,,,,,,,,,,,,,,,,,,,,,,,,,,,,,,,,,,,,,,,,,,,,,,,,,,,,,,,,,1401,577,192,1046,,,,,"12:00 AM, Saturday 10 July 2021","12:00 AM, 10 Jul 2021"
2021-07-09,508217,15802,492415,14359,242160,235896,653,15482,487730,8.41,float;#503212.000000000,4351,2245,2106,0.516,0.484,39,617.81,886.83,320,4044,1113,566,73,681,153,1446,13,8,987,693,294,6856,159,0,984,3,3304,1784,1520,0.54,0.46,41.4,69,52,17,38,3,26,2,,,4,0.058,3,0.043,17,0.246,31,0.449,14,0.203,0.377,0.623,0.776,0.12,0.104,0.465,0.141,0.394,0.873,0.127,0.39,4547,3672,25157,25708,1441,1275,1676,15100,384,80,223,263,494,72,439,59,68,729,0.009,0.057,0.046,0.316,0.323,0.018,0.016,0.021,0.19,0.005,1299,499,164,920,,,,,"4:35 PM, Friday 9 July 2021","4:35 PM, 9 Jul 2021"
2021-07-08,504156,15802,488354,14082,240543,233729,243,15482,484258,7.98,float;#499740.000000000,4172,2181,1991,0.523,0.477,39,513.91,745.83,320,3865,1013,561,73,677,153,1376,13,8,820,571,249,5746,173,0,816,4,3292,1780,1512,0.541,0.459,41.5,69,52,17,38,3,26,2,,,4,0.058,3,0.043,17,0.246,31,0.449,14,0.203,0.377,0.623,0.774,0.121,0.105,0.469,0.143,0.389,0.873,0.127,0.392,4493,3632,24458,25397,1423,1256,1655,14776,365,80,218,263,490,71,434,59,68,726,0.009,0.058,0.047,0.313,0.325,0.018,0.016,0.021,0.189,0.005,1174,429,132,852,,,,,"6:00 PM, Thursday 8 July 2021","6:00 PM, 8 Jul 2021"
2021-07-07,501088,15802,485286,13876,239740,231670,143,15482,481409,7.9,float;#496891.000000000,4047,2130,1917,0.526,0.474,40,462.89,653.99,320,3740,961,555,71,663,153,1325,13,8,720,505,215,5341,139,0,718,2,3267,1773,1494,0.543,0.457,41.6,69,52,17,38,3,26,2,,,4,0.058,3,0.043,17,0.246,31,0.449,14,0.203,0.377,0.623,0.775,0.123,0.103,0.472,0.144,0.384,0.874,0.126,0.392,4453,3609,24221,25199,1418,1256,1652,14656,359,80,213,262,485,70,430,57,68,718,0.009,0.057,0.047,0.312,0.325,0.018,0.016,0.021,0.189,0.005,991,372,108,731,,,,,"5:55 PM, Wednesday 7 July 2021","5:55 PM, 7 Jul 2021"
2021-07-06,497997,15802,482195,13631,238580,229984,170,15482,478396,7.86,float;#493878.000000000,3948,2087,1861,0.529,0.471,40,419.29,580.71,320,3641,903,542,70,659,153,1302,13,8,632,456,176,4847,109,0,629,3,3256,1769,1487,0.543,0.457,41.7,69,52,17,38,3,26,2,,,4,0.058,3,0.043,17,0.246,31,0.449,14,0.203,0.377,0.623,0.784,0.125,0.09,0.48,0.146,0.375,0.873,0.127,0.392,4402,3585,23848,24939,1407,1250,1637,14510,355,79,203,260,473,69,425,49,68,715,0.009,0.057,0.047,0.311,0.325,0.018,0.016,0.021,0.189,0.005,830,334,96,697,,,,,"5:15 PM, Tuesday 6 July 2021","5:15 PM, 6 Jul 2021"
2021-07-05,494797,15802,478995,13466,236950,228579,128,15482,475302,7.69,float;#490784.000000000,3884,2064,1820,0.531,0.469,40,394.25,530.61,320,3577,878,529,69,656,151,1282,13,8,572,410,161,4419,73,0,570,2,3252,1768,1484,0.544,0.456,41.7,69,52,17,38,3,26,2,,,4,0.058,3,0.043,17,0.246,31,0.449,14,0.203,0.377,0.623,0.792,0.129,0.079,0.49,0.149,0.361,0.871,0.129,0.393,4305,3533,23223,24524,1391,1239,1614,14326,353,79,191,259,461,68,419,42,68,700,0.009,0.057,0.047,0.309,0.326,0.019,0.017,0.022,0.191,0.005,669,312,88,702,9700,8180,1230,,"5:10 PM, Monday 5 July 2021","5:10 PM, 5 Jul 2021"
2021-07-04,,,,,,,,,,,float;#0,-1,,,,,,-1,-1,,,,,,,,,,,-1,,,,86,,,,,,,,,,,,,,,,,,,,,,,,,,,,,,,,,,,,,,,,,,,,,,,,,,,,,,,,,,,,,,,,,,,,604,303,80,658,,,,,"12:00 PM, Sunday 4 July 2021","12:00 PM, 4 Jul 2021"
2021-07-03,,,,,,,,,,,float;#0,-1,,,,,,-1,-1,,,,,,,,,,,-1,,,,46,,,,,,,,,,,,,,,,,,,,,,,,,,,,,,,,,,,,,,,,,,,,,,,,,,,,,,,,,,,,,,,,,,,,515,249,52,566,,,,,"12:00 PM, Saturday 3 July 2021","12:00 PM, 3 Jul 2021"
2021-07-02,486850,15802,471048,13036,232151,225861,116,15482,467577,8.76,float;#483059.000000000,3674,1962,1712,0.534,0.466,41,260.67,345.08,320,3367,781,515,67,639,149,1204,13,8,370,250,120,3012,77,0,369,1,3244,1764,1480,0.544,0.456,41.7,69,52,17,38,3,26,2,,,4,0.058,3,0.043,17,0.246,31,0.449,14,0.203,0.377,0.623,0.796,0.132,0.072,0.493,0.151,0.355,0.874,0.126,0.398,4194,3469,20728,23406,1301,1217,1567,13701,323,78,183,254,450,65,410,37,68,639,0.009,0.06,0.049,0.294,0.332,0.018,0.017,0.022,0.194,0.005,472,224,48,562,,,,,"4:42 PM, Friday 2 July 2021","4:42 PM, 2 Jul 2021"
2021-07-01,484193,15802,468391,12791,230974,224626,137,15482,464964,8.58,float;#480446.000000000,3609,1933,1676,0.536,0.464,41,225.42,286.64,320,3302,748,513,67,633,149,1180,13,8,310,195,115,2651,68,0,309,1,3239,1761,1478,0.544,0.456,41.7,69,52,17,38,3,26,2,,,4,0.058,3,0.043,17,0.246,31,0.449,14,0.203,0.377,0.623,0.797,0.133,0.07,0.495,0.152,0.353,0.875,0.125,0.401,4171,3451,20115,23200,1285,1214,1552,13432,316,78,181,254,449,64,409,36,68,628,0.009,0.06,0.05,0.29,0.335,0.019,0.018,0.022,0.194,0.005,420,170,44,474,,,,,"5:10 PM, Thursday 1 July 2021","5:10 PM, 1 Jul 2021"
2021-06-30,481748,15802,465946,12628,230187,223131,92,15482,462628,8.57,float;#478110.000000000,3545,1896,1649,0.535,0.465,41,189.24,230.98,320,3238,727,506,67,629,148,1149,13,8,250,175,75,2353,68,0,249,1,3235,1759,1476,0.544,0.456,41.8,69,52,17,38,3,26,2,,,4,0.058,3,0.043,17,0.246,31,0.449,14,0.203,0.377,0.623,0.796,0.134,0.069,0.496,0.154,0.35,0.874,0.126,0.401,4138,3440,19909,23028,1277,1212,1538,13317,312,78,177,251,442,64,403,35,68,625,0.009,0.06,0.05,0.289,0.335,0.019,0.018,0.022,0.194,0.005,361,142,40,407,,,,,"5:25 PM, Wednesday 30 June 2021","5:25 PM, 30 Jun 2021"
2021-06-29,479592,15802,463790,12458,229412,221920,535,15482,460089,8.42,float;#475571.000000000,3485,1862,1623,0.534,0.466,41,151.21,176.25,320,3178,696,502,67,625,147,1129,13,8,196,128,68,1892,52,0,195,1,3229,1754,1475,0.543,0.457,41.8,69,52,17,38,3,26,2,,,4,0.058,3,0.043,17,0.246,31,0.449,14,0.203,0.377,0.623,0.797,0.135,0.068,0.496,0.155,0.349,0.873,0.127,0.401,4100,3413,19547,22720,1270,1209,1515,13184,301,78,175,249,438,64,400,34,68,621,0.009,0.06,0.05,0.288,0.335,0.019,0.018,0.022,0.194,0.004,299,123,36,324,,,,,"4:45 PM, Tuesday 29 June 2021","4:45 PM, 29 Jun 2021"
2021-06-28,475793,15802,459991,12238,227337,220416,240,15482,456609,8.33,float;#472091.000000000,3456,1844,1612,0.534,0.466,42,133.58,156.77,320,3149,687,494,67,625,147,1117,13,8,172,118,54,1779,39,0,172,0,3224,1753,1471,0.544,0.456,41.8,69,52,17,38,3,26,2,,,4,0.058,3,0.043,17,0.246,31,0.449,14,0.203,0.377,0.623,0.8,0.134,0.0668,0.496,0.158,0.346,0.87,0.13,0.401,3982,3353,18886,22176,1258,1190,1465,12973,293,78,171,245,430,64,395,33,66,610,0.009,0.06,0.051,0.285,0.335,0.019,0.018,0.022,0.196,0.004,262,95,20,281,11040,5880,710,,"6:00 PM, Monday 28 June 2021","6:00 PM, 28 Jun 2021"
2021-06-27,,,,,,,,,,,float;#0,-1,,,,,,-1,-1,,,,,,,,,,,-1,,,,16,,,,,,,,,,,,,,,,,,,,,,,,,,,,,,,,,,,,,,,,,,,,,,,,,,,,,,,,,,,,,,,,,,,,217,73,20,242,,,,,"12:00 AM, Sunday 27 June 2021","12:00 AM, 27 Jun 2021"
2021-06-26,,,,,,,,,,,float;#0,-1,,,,,,-1,-1,,,,,,,,,,,-1,,,,23,,,,,,,,,,,,,,,,,,,,,,,,,,,,,,,,,,,,,,,,,,,,,,,,,,,,,,,,,,,,,,,,,,,,197,63,16,228,,,,,"12:00 AM, Saturday 26 June 2021","12:00 AM, 26 Jun 2021"
2021-06-25,469110,15802,453308,12087,222050,219171,1286,15482,448956,8.45,float;#464438.000000000,3385,1811,1574,0.535,0.465,42,76.99,102.04,320,3078,663,471,67,623,147,1095,13,8,114,79,35,1542,25,0,114,0,3211,1745,1466,0.543,0.457,41.9,69,52,17,38,3,26,2,,,4,0.058,3,0.043,17,0.246,31,0.449,14,0.203,0.377,0.623,0.796,0.14,0.064,0.516,0.166,0.318,0.866,0.134,0.409,3797,3276,15733,20621,1176,1156,1339,11879,264,78,150,243,408,63,375,30,66,563,0.009,0.064,0.055,0.263,0.345,0.02,0.019,0.022,0.199,0.004,174,60,8,194,,,,,"6:45 PM, Friday 25 June 2021","6:45 PM, 25 Jun 2021"
2021-06-24,465466,15802,449664,11895,220226,217543,183,15482,446439,6.78,float;#461921.000000000,3361,1805,1556,0.537,0.463,42,56.59,85.34,320,3054,658,468,66,622,147,1081,13,8,98,68,30,1289,26,0,98,0,3203,1741,1462,0.544,0.456,41.9,69,52,17,38,3,26,2,,,4,0.058,3,0.043,17,0.246,31,0.449,14,0.203,0.377,0.623,0.797,0.141,0.062,0.519,0.165,0.316,0.865,0.135,0.412,3758,3269,15354,20572,1163,1154,1334,11721,263,77,148,243,405,63,373,29,66,563,0.01,0.064,0.055,0.26,0.348,0.02,0.02,0.023,0.198,0.004,125,50,4,169,,,,,"12:00 AM, Thursday 24 June 2021","12:00 AM, 24 Jun 2021"
2021-06-23,463184,15802,447382,11772,219159,216451,194,15482,444168,6.85,float;#459650.000000000,3339,1796,1543,0.538,0.462,42,39.89,72.36,320,3032,653,468,66,622,147,1064,13,8,80,58,22,1093,25,0,80,0,3199,1739,1460,0.544,0.456,41.9,69,52,17,38,3,26,2,,,4,0.058,3,0.043,17,0.246,31,0.449,14,0.203,0.377,0.623,0.797,0.141,0.062,0.519,0.165,0.316,0.865,0.135,0.414,3699,3252,15041,20440,1155,1152,1327,11599,262,77,148,243,405,63,373,29,66,562,0.01,0.063,0.056,0.257,0.35,0.02,0.02,0.023,0.198,0.005,79,38,0,145,,,,,"4:45 PM, Wednesday 23 June 2021","4:45 PM, 23 Jun 2021"
2021-06-22,460981,15802,445179,11628,218159,215392,222,15482,441954,7.51,float;#457436.000000000,3322,1794,1528,0.54,0.46,42,25.05,60.3,320,3015,641,467,66,622,147,1060,13,7,66,47,19,946,19,0,66,0,3197,1739,1458,0.544,0.456,41.9,69,52,17,38,3,26,2,,,4,0.058,3,0.043,17,0.246,31,0.449,14,0.203,0.377,0.623,0.799,0.141,0.06,0.52,0.165,0.315,0.867,0.133,0.415,3604,3222,14734,20208,1147,1136,1318,11484,258,77,147,243,405,62,373,28,66,556,0.01,0.063,0.056,0.256,0.35,0.02,0.02,0.023,0.199,0.005,62,16,0,102,,,,,"5:00 PM, Tuesday 22 June 2021","5:00 PM, 22 Jun 2021"
2021-06-21,458240,15802,442438,11531,216373,214534,296,15482,439148,7.6,float;#454630.000000000,3313,1790,1523,0.54,0.46,42,24.12,55.66,320,3006,638,467,66,622,147,1054,13,7,59,43,16,882,10,0,59,0,3195,1737,1458,0.544,0.456,42,69,52,17,38,3,26,2,,,4,0.058,3,0.043,17,0.246,31,0.449,14,0.203,0.377,0.623,0.797,0.141,0.062,0.52,0.163,0.317,0.857,0.133,0.418,3458,3143,13903,19774,1124,1124,1267,11312,246,76,148,243,405,62,372,29,66,553,0.01,0.062,0.056,0.249,0.354,0.02,0.02,0.023,0.202,0.004,36,16,4,48,9580,5830,340,,"5:40 PM, Monday 21 June 2021","5:40 PM, 21 Jun 2021"
2021-06-20,,,,,,,,,,,float;#0,-1,,,,,,-1,-1,,,,,,,,,,,-1,,,,3,,,,,,,,,,,,,,,,,,,,,,,,,,,,,,,,,,,,,,,,,,,,,,,,,,,,,,,,,,,,,,,,,,,,46,16,4,24,,,,,"12:00 PM, Sunday 20 June 2021","12:00 PM, 20 Jun 2021"
2021-06-19,,,,,,,,,,,float;#0,-1,,,,,,-1,-1,,,,,,,,,,,-1,,,,6,,,,,,,,,,,,,,,,,,,,,,,,,,,,,,,,,,,,,,,,,,,,,,,,,,,,,,,,,,,,,,,,,,,,43,16,4,19,,,,,"12:00 PM, Saturday 19 June 2021","12:00 PM, 19 Jun 2021"
2021-06-18,451698,15802,435896,11402,211427,213067,102,15482,432812,8.16,float;#448294.000000000,3301,1784,1517,0.54,0.46,42,24.12,53.8,320,2994,633,462,66,622,147,1052,13,7,56,40,16,927,1,0,56,0,3186,1733,1453,0.544,0.456,42,69,52,17,38,3,26,2,,,4,0.058,3,0.043,17,0.246,31,0.449,14,0.203,0.377,0.623,0.799,0.143,0.058,0.526,0.165,0.31,0.866,0.134,0.428,3322,3076,11795,18809,1062,1104,1176,10528,233,76,143,243,400,62,369,27,66,513,0.01,0.064,0.06,0.229,0.364,0.021,0.021,0.023,0.204,0.005,52,16,4,19,,,,,"3:00 PM, Friday 18 June 2021","3:00 PM, 18 Jun 2021"
2021-06-17,449696,15802,433894,11338,210382,212174,143,15482,430771,8.26,float;#446253.000000000,3299,1783,1516,0.54,0.46,42,27.83,51.95,320,2992,633,460,66,622,147,1052,13,7,55,36,19,886,2,0,55,0,3185,1733,1452,0.544,0.456,42,69,52,17,38,3,26,2,,,4,0.058,3,0.043,17,0.246,31,0.449,14,0.203,0.377,0.623,0.798,0.143,0.059,0.526,0.165,0.309,0.865,0.135,0.431,3264,3059,11375,18612,1051,1099,1150,10269,230,76,142,242,398,62,367,27,66,504,0.01,0.065,0.06,0.225,0.368,0.021,0.022,0.023,0.203,0.005,59,13,4,19,,,,,"4:35 PM, Thursday 17 June 2021","4:35 PM, 17 Jun 2021"
2021-06-16,447791,15802,431989,11285,209566,211138,264,15482,428749,8.22,float;#444231.000000000,3295,1780,1515,0.54,0.46,42,31.54,48.24,320,2988,633,460,66,622,147,1048,13,7,51,34,17,872,4,0,51,0,3185,1733,1452,0.544,0.456,42,69,52,17,38,3,26,2,,,4,0.058,3,0.043,17,0.246,31,0.449,14,0.203,0.377,0.623,0.798,0.143,0.059,0.526,0.165,0.309,0.865,0.135,0.433,3197,3043,11183,18479,1043,1096,1144,10135,220,76,142,242,398,62,367,27,66,495,0.01,0.064,0.061,0.224,0.369,0.021,0.022,0.023,0.203,0.004,72,13,4,19,,,,,"12:00 AM, Wednesday 16 June 2021","12:00 AM, 16 Jun 2021"
2021-06-15,445444,15802,429642,11240,208597,209805,559,15482,426111,7.97,float;#441593.000000000,3291,1778,1513,0.54,0.46,42,31.54,44.53,320,2984,633,456,66,622,147,1048,13,7,47,30,17,787,1,0,47,0,3185,1733,1452,0.544,0.456,42,69,52,17,38,3,26,2,,,4,0.058,3,0.043,17,0.246,31,0.449,14,0.203,0.377,0.623,0.798,0.145,0.057,0.529,0.167,0.305,0.864,0.136,0.433,3106,3029,10917,18215,1033,1081,1123,10003,212,76,139,241,394,62,364,26,66,492,0.01,0.063,0.062,0.222,0.37,0.021,0.022,0.023,0.203,0.004,82,16,4,19,,,,,"5:00 PM, Tuesday 15 June 2021","5:00 PM, 15 Jun 2021"
2021-06-14,442648,15802,426846,11193,206885,208768,452,15482,423426,7.71,float;#438908.000000000,3287,1776,1511,0.54,0.46,42,31.54,40.82,320,2980,633,453,66,621,147,1048,13,7,43,29,14,718,8,0,43,0,3185,1733,1452,0.544,0.456,42,69,52,17,38,3,26,2,,,4,0.058,3,0.043,17,0.246,31,0.449,14,0.203,0.377,0.623,0.799,0.146,0.055,0.532,0.166,0.302,0.863,0.137,0.435,2923,2984,10364,17778,1020,1068,1092,9852,207,75,137,241,391,62,362,25,66,490,0.01,0.061,0.063,0.217,0.372,0.021,0.022,0.023,0.206,0.004,92,19,0,19,9880,5170,170,,"4:56 PM, Monday 14 June 2021","4:56 PM, 14 Jun 2021"
2021-06-13,,,,,,,,,,,float;#0,-1,,,,,,-1,-1,,,,,,,,,,,-1,,,,1,,,,,,,,,,,,,,,,,,,,,,,,,,,,,,,,,,,,,,,,,,,,,,,,,,,,,,,,,,,,,,,,,,,,82,16,4,15,,,,,"12:00 AM, Sunday 13 June 2021","12:00 AM, 13 Jun 2021"
2021-06-12,,,,,,,,,,,float;#0,-1,,,,,,-1,-1,,,,,,,,,,,-1,,,,9,,,,,,,,,,,,,,,,,,,,,,,,,,,,,,,,,,,,,,,,,,,,,,,,,,,,,,,,,,,,,,,,,,,,98,16,4,15,,,,,"12:00 AM, Saturday 12 June 2021","12:00 AM, 12 Jun 2021"
2021-06-11,435577,15802,419775,11143,201370,207262,205,15482,416615,8.37,float;#432097.000000000,3274,1767,1507,0.54,0.46,42,28.76,28.76,320,2967,632,445,66,621,147,1044,13,7,30,23,7,468,2,0,30,0,3185,1733,1452,0.544,0.456,42,69,52,17,38,3,26,2,,,4,0.058,3,0.043,17,0.246,31,0.449,14,0.203,0.377,0.623,0.798,0.148,0.054,0.539,0.169,0.292,0.861,0.139,0.447,2758,2875,8298,16669,910,1044,1005,9000,192,75,130,240,383,62,355,24,66,469,0.011,0.064,0.067,0.192,0.386,0.021,0.024,0.023,0.208,0.004,92,9,4,5,,,,,"4:55 PM, Friday 11 June 2021","4:55 PM, 11 Jun 2021"
2021-06-10,433200,15802,417398,11111,200154,206133,133,15482,414319,8.33,float;#429801.000000000,3265,1762,1503,0.54,0.46,43,20.41,20.41,320,2958,628,443,66,621,147,1041,13,7,22,13,9,342,6,0,22,0,3184,1733,1451,0.544,0.456,42,69,52,17,38,3,26,2,,,4,0.058,3,0.043,17,0.246,31,0.449,14,0.203,0.377,0.623,0.799,0.149,0.052,0.542,0.169,0.289,0.86,0.14,0.452,2703,2858,7946,16467,899,1039,978,8731,186,75,128,240,381,62,354,23,66,467,0.011,0.064,0.068,0.188,0.39,0.021,0.025,0.023,0.207,0.004,85,13,4,5,,,,,"4:40 PM, Thursday 10 June 2021","4:40 PM, 10 Jun 2021"
2021-06-09,431310,15802,415508,11078,199217,205213,104,15482,412463,8.22,float;#427945.000000000,3260,1761,1499,0.54,0.46,43,15.77,15.77,320,2953,627,442,66,621,147,1038,13,7,17,11,6,271,8,0,17,0,3184,1733,1451,0.544,0.456,42,69,52,17,38,3,26,2,,,4,0.058,3,0.043,17,0.246,31,0.449,14,0.203,0.377,0.623,0.799,0.149,0.052,0.543,0.17,0.287,0.86,0.14,0.453,2646,2836,7732,16293,885,1035,968,8611,176,75,127,240,380,62,353,23,66,465,0.011,0.064,0.068,0.186,0.391,0.021,0.025,0.023,0.207,0.004,66,13,4,5,,,,,"4:30 PM, Wednesday 9 June 2021","4:30 PM, 9 Jun 2021"
2021-06-08,429292,15802,413490,11049,198166,204275,193,15482,410359,8.22,float;#425841.000000000,3257,1759,1498,0.54,0.46,43,12.99,12.99,320,2950,627,441,66,621,147,1036,13,7,14,9,5,221,4,0,14,0,3184,1733,1451,0.544,0.456,42,69,52,17,38,3,26,2,,,4,0.058,3,0.043,17,0.246,31,0.449,14,0.203,0.377,0.623,0.798,0.15,0.052,0.544,0.17,0.286,0.859,0.141,0.454,2602,2820,7446,16079,876,1029,953,8512,164,75,126,240,379,62,352,23,66,462,0.011,0.064,0.069,0.182,0.393,0.021,0.025,0.023,0.208,0.004,46,9,4,0,,,,,"5:00 PM, Tuesday 8 June 2021","5:00 PM, 8 Jun 2021"
2021-06-07,427098,15802,411296,11021,196748,203527,120,15482,408242,8.24,float;#423724.000000000,3253,1758,1494,0.541,0.459,43,8.35,8.35,320,2946,627,439,66,621,147,1034,13,7,10,3,3,131,4,0,10,0,3184,1733,1451,0.544,0.456,42,69,52,17,38,3,26,2,,,4,0.058,3,0.043,17,0.246,31,0.449,14,0.203,0.377,0.623,0.797,0.15,0.052,0.547,0.171,0.282,0.859,0.141,0.456,2471,2779,6951,15666,860,1005,933,8351,158,75,124,240,377,62,350,23,66,456,0.012,0.062,0.07,0.175,0.395,0.022,0.025,0.024,0.211,0.004,36,6,4,0,11380,3870,90,,"5:00 PM, Monday 7 June 2021","5:00 PM, 7 Jun 2021"
2021-06-06,,,,,,,,,,,float;#0,-1,,,,,,-1,-1,,,,,,,,,,,-1,,,,6,,,,,,,,,,,,,,,,,,,,,,,,,,,,,,,,,,,,,,,,,,,,,,,,,,,,,,,,,,,,,,,,,,,,30,3,0,0,,,,,"12:00 PM, Sunday 6 June 2021","12:00 PM, 6 Jun 2021"
2021-06-05,,,,,,,,,,,float;#0,-1,,,,,,-1,-1,,,,,,,,,,,-1,,,,3,,,,,,,,,,,,,,,,,,,,,,,,,,,,,,,,,,,,,,,,,,,,,,,,,,,,,,,,,,,,,,,,,,,,10,3,0,0,,,,,"12:00 PM, Saturday 5 June 2021","12:00 PM, 5 Jun 2021"
2021-06-04,420233,15802,404431,10993,190811,202627,207,15482,401300,7.62,float;#416782.000000000,3243,1753,1490,0.541,0.459,43,0,4.64,320,2936,626,431,66,621,147,1033,13,7,3,1,2,56,1,0,3,0,3181,1732,1449,0.544,0.456,42,69,52,17,38,3,26,2,,,4,0.058,3,0.043,17,0.246,31,0.449,14,0.203,0.377,0.623,0.805,0.151,0.044,0.557,0.172,0.271,0.856,0.144,0.449,2341,2707,5186,13524,789,975,845,7624,152,74,117,240,369,62,347,19,65,445,0.013,0.068,0.078,0.15,0.391,0.023,0.028,0.024,0.22,0.004,0,3,0,0,,,,,"4:00 PM, Friday 4 June 2021","4:00 PM, 4 Jun 2021"
2021-06-03,418482,15802,402680,10977,189815,201888,390,15482,399366,7.67,float;#414848.000000000,3243,1753,1490,0.541,0.459,43,0,4.64,320,2936,626,431,66,621,147,1033,13,7,4,1,3,79,0,0,5,0,3180,1731,1449,0.544,0.456,42,69,52,17,38,3,26,2,,,4,0.058,3,0.043,17,0.246,31,0.449,14,0.203,0.377,0.623,0.805,0.151,0.044,0.557,0.172,0.271,0.856,0.144,0.45,2304,2686,4893,13223,776,963,831,7361,147,74,117,240,369,62,347,19,65,444,0.013,0.069,0.08,0.146,0.393,0.023,0.029,0.025,0.219,0.004,0,0,0,0,,,,,"4:10 PM, Thursday 3 June 2021","4:10 PM, 3 Jun 2021"
2021-06-02,416330,15802,400528,10956,188553,201019,224,15482,397380,7.51,float;#412862.000000000,3243,1753,1490,0.541,0.459,43,0,5.57,320,2936,626,431,66,621,147,1033,13,7,5,1,4,114,0,0,5,0,3179,1730,1449,0.544,0.456,42,69,52,17,38,3,26,2,,,4,0.058,3,0.043,17,0.246,31,0.449,14,0.203,0.377,0.623,0.805,0.151,0.044,0.557,0.172,0.271,0.856,0.144,0.436,1617,2024,3989,9590,524,611,600,5775,90,74,117,240,369,62,347,19,65,333,0.013,0.064,0.081,0.159,0.381,0.021,0.024,0.024,0.23,0.004,0,0,0,0,,,,,"4:30 PM, Wednesday 2 June 2021","4:30 PM, 2 Jun 2021"
2021-06-01,413939,15802,398137,10934,187196,200007,306,15482,394907,7.53,float;#410389.000000000,3243,1753,1490,0.541,0.459,43,0,5.57,320,2936,626,431,66,621,147,1033,13,7,5,1,4,114,0,0,5,0,3179,1730,1449,0.544,0.456,42,69,52,17,38,3,26,2,,,4,0.058,3,0.043,17,0.246,31,0.449,14,0.203,0.377,0.623,0.805,0.151,0.044,0.557,0.172,0.271,0.856,0.144,0.435,1564,1993,3706,9278,515,605,591,5624,88,74,117,240,369,62,347,19,65,330,0.0136,0.0644,0.082,0.1525,0.3819,0.0212,0.0249,0.0243,0.2315,0.0036,0,0,0,0,,,,,"4:30 PM, Tuesday 1 June 2021","4:30 PM, 1 Jun 2021"
2021-05-31,,,,,,,,,,,float;#0,-1,,,,,,-1,-1,,,,,,,,,,,-1,,,,0,,,,,,,,,,,,,,,,,,,,,,,,,,,,,,,,,,,,,,,,,,,,,,,,,,,,,,,,,,,,,,,,,,,,0,0,0,0,9920,4760,110,,"1:00 AM, Monday 31 May 2021","1:00 AM, 31 May 2021"
2021-05-30,,,,,,,,,,,float;#0,-1,,,,,,-1,-1,,,,,,,,,,,-1,,,,0,,,,,,,,,,,,,,,,,,,,,,,,,,,,,,,,,,,,,,,,,,,,,,,,,,,,,,,,,,,,,,,,,,,,0,0,0,0,,,,,"1:00 AM, Sunday 30 May 2021","1:00 AM, 30 May 2021"
2021-05-29,,,,,,,,,,,float;#0,-1,,,,,,-1,-1,,,,,,,,,,,-1,,,,0,,,,,,,,,,,,,,,,,,,,,,,,,,,,,,,,,,,,,,,,,,,,,,,,,,,,,,,,,,,,,,,,,,,,0,3,0,0,,,,,"1:00 AM, Saturday 29 May 2021","1:00 AM, 29 May 2021"
2021-05-28,404648,15802,388846,10901,179476,198469,204,15482,385718,7.27,float;#401200.000000000,3243,1753,1490,0.541,0.459,43,4.64,6.49,320,2936,626,431,66,621,147,1033,13,7,6,1,5,136,0,0,6,0,3178,1730,1448,0.544,0.456,42,69,52,17,38,3,26,2,,,4,0.058,3,0.043,17,0.246,31,0.449,14,0.203,0.377,0.623,0.805,0.151,0.044,0.557,0.172,0.271,0.856,0.144,0.49,1397,1914,1132,8163,440,566,519,3934,68,74,117,240,369,62,347,19,65,185,0.0101,0.0763,0.1045,0.0618,0.4456,0.024,0.0309,0.0283,0.2148,0.0037,3,6,0,0,,,,,"1:15 PM, Friday 28 May 2021","1:15 PM, 28 May 2021"
2021-05-27,402262,15802,386460,10882,178166,197412,136,15482,383400,7.35,float;#398882.000000000,3243,1753,1490,0.541,0.459,43,4.64,6.49,320,2936,626,431,66,621,147,1033,13,7,6,1,5,136,0,0,6,0,3178,1730,1448,0.544,0.456,42,69,52,17,38,3,26,2,,,4,0.058,3,0.043,17,0.246,31,0.449,14,0.203,0.377,0.623,0.805,0.151,0.044,0.557,0.172,0.271,0.856,0.144,0.498,1370,1905,917,8016,428,563,507,3697,68,74,117,240,369,62,347,19,65,175,0.0099,0.0776,0.108,0.052,0.4543,0.0243,0.0319,0.0287,0.2095,0.0039,7,9,0,0,,,,,"1:45 PM, Thursday 27 May 2021","1:45 PM, 27 May 2021"
2021-05-26,400544,15802,384742,10865,177255,196622,100,15482,381718,7.31,float;#397200.000000000,3243,1753,0.541,0.541,0.459,43,5.57,6.49,320,2936,626,431,66,621,147,1033,13,7,6,1,5,136,0,0,6,0,3178,1730,1448,0.544,0.456,42,69,52,17,38,3,26,2,,,4,0.058,3,0.043,17,0.246,31,0.449,14,0.203,0.377,0.623,0.805,0.151,0.044,0.557,0.172,0.271,0.856,0.144,0.498,1347,1894,867,7898,426,563,498,3618,67,74,117,240,369,62,347,19,65,175,0.0101,0.0776,0.1091,0.05,0.4551,0.0245,0.0324,0.0287,0.2085,0.0039,7,9,0,0,,,,,"1:00 PM, Wednesday 26 May 2021","1:00 PM, 26 May 2021"
2021-05-25,398920,15802,383118,10836,176472,195810,116,15482,380078,7.67,float;#395560.000000000,3243,1753,1490,0.541,0.459,43,5.57,6.49,320,2936,626,431,66,621,147,1033,13,7,7,1,6,149,0,0,7,0,3177,1730,1447,0.545,0.455,42,69,52,17,38,3,26,2,,,4,0.058,3,0.043,17,0.246,31,0.449,14,0.203,0.377,0.623,0.805,0.151,0.044,0.557,0.172,0.271,0.856,0.144,0.502,1314,1877,745,7753,418,559,490,3500,64,74,117,240,369,62,347,19,65,175,0.0104,0.0778,0.1111,0.0441,0.4589,0.0247,0.0331,0.029,0.2072,0.0038,10,9,0,0,,,,,"3:00 PM, Tuesday 25 May 2021","3:00 PM, 25 May 2021"
2021-05-24,397891,15802,382089,10819,175952,195318,1028,15482,378137,7.47,float;#393619.000000000,3243,1753,1490,0.541,0.459,43,5.57,7.42,320,2936,626,431,66,621,147,1033,13,7,8,1,7,138,0,0,8,0,3176,1730,1446,0.545,0.455,42,69,52,17,38,3,26,2,,,4,0.058,3,0.043,17,0.246,31,0.449,14,0.203,0.377,0.623,0.805,0.151,0.044,0.557,0.172,0.271,0.856,0.144,0.505,1269,1840,633,7600,411,554,482,3420,61,74,117,240,369,62,347,19,65,175,0.0106,0.0772,0.1119,0.0385,0.4621,0.025,0.0337,0.0293,0.208,0.0037,10,9,0,0,5750,4480,100,,"12:00 AM, Monday 24 May 2021","12:00 AM, 24 May 2021"
2021-05-23,,,,,,,,,,,float;#0,-1,,,,,,-1,-1,,,,,,,,,,,-1,,,,1,,,,,,,,,,,,,,,,,,,,,,,,,,,,,,,,,,,,,,,,,,,,,,,,,,,,,,,,,,,,,,,,,,,,10,9,0,0,,,,,"12:00 AM, Sunday 23 May 2021","12:00 AM, 23 May 2021"
2021-05-22,,,,,,,,,,,float;#0,-1,,,,,,-1,-1,,,,,,,,,,,-1,,,,2,,,,,,,,,,,,,,,,,,,,,,,,,,,,,,,,,,,,,,,,,,,,,,,,,,,,,,,,,,,,,,,,,,,,10,6,0,0,,,,,"12:00 AM, Saturday 22 May 2021","12:00 AM, 22 May 2021"
2021-05-21,393030,15802,377228,10786,172557,193885,98,15482,374211,7.47,float;#389693.000000000,3238,1751,1487,0.541,0.459,43,1.86,3.71,320,2931,626,427,66,621,147,1032,13,7,4,1,3,88,2,0,4,0,3175,1730,1445,0.545,0.455,42,69,52,17,38,3,26,2,,,4,0.058,3,0.043,17,0.246,31,0.449,14,0.203,0.377,0.623,0.803,0.152,0.044,0.56,0.173,0.267,0.855,0.145,0.518,1219,1813,309,7212,396,523,455,3029,58,74,114,239,365,62,343,19,65,172,0.0113,0.0803,0.1194,0.0203,0.4749,0.0261,0.0344,0.03,0.1995,0.0038,7,3,0,0,,,,,"2:20 PM, Friday 21 May 2021","2:20 PM, 21 May 2021"
2021-05-20,391331,15802,375529,10773,171800,192956,99,15482,372511,7.32,float;#387993.000000000,3238,1751,1487,0.5408,0.4592,43,1.86,3.71,320,2931,626,427,66,621,147,1032,13,7,4,1,3,87,0,0,4,0,3175,1730,1445,0.5449,0.4551,42,69,52,17,38,3,26,2,,,4,0.058,3,0.0435,17,0.2464,31,0.4493,14,0.2029,0.3768,0.6232,0.803,0.152,0.044,0.56,0.173,0.267,0.8548,0.1452,0.523,1199,1806,233,7155,389,521,451,2940,57,74,114,239,365,62,343,19,65,172,0.0115,0.0803,0.121,0.0156,0.4795,0.0261,0.0349,0.0302,0.197,0.0038,7,0,0,0,,,,,"2:45 PM, Thursday 20 May 2021","2:45 PM, 20 May 2021"
2021-05-19,389784,15802,373982,10761,171020,192201,215,15482,370849,7.04,float;#386331.000000000,3237,1750,1487,0.5406,0.4594,43,0.93,2.78,320,2930,626,426,66,621,147,1032,13,7,3,1,2,53,1,0,3,0,3175,1730,1445,0.5449,0.4551,42,69,52,17,38,3,26,2,,,4,0.058,3,0.0435,17,0.2464,31,0.4493,14,0.2029,0.3768,0.6232,0.805,0.15,0.045,0.561,0.174,0.265,0.8545,0.1455,0.525,1171,1795,202,7088,387,521,446,2883,55,74,113,239,364,62,343,19,64,171,0.0116,0.0796,0.122,0.0137,0.4816,0.0263,0.0354,0.0303,0.1959,0.0037,7,0,0,0,,,,,"2:26 PM, Wednesday 19 May 2021","2:26 PM, 19 May 2021"
2021-05-18,388540,15802,372738,10752,170599,191387,134,15482,369686,7.07,float;#385168.000000000,3237,1750,1487,0.5406,0.4594,43,0.93,2.78,320,2930,626,426,66,621,147,1032,13,7,3,1,2,53,0,0,3,0,3175,1730,1445,0.5449,0.4551,42,69,52,17,38,3,26,2,,,4,0.058,3,0.0435,17,0.2464,31,0.4493,14,0.2029,0.3768,0.6232,0.805,0.15,0.045,0.561,0.174,0.265,0.8545,0.1455,0.526,1152,1782,171,7033,386,518,444,2853,55,74,113,239,364,62,343,19,64,170,0.0117,0.0791,0.1224,0.0117,0.4829,0.0265,0.0356,0.0305,0.1959,0.0038,3,0,0,0,,,,,"2:00 PM, Tuesday 18 May 2021","2:00 PM, 18 May 2021"
2021-05-17,386626,15802,370824,10722,169692,190410,102,15482,367804,6.67,float;#383286.000000000,3237,1750,1487,0.5406,0.4594,43,1.86,2.78,320,2930,626,426,66,621,147,1032,13,7,3,1,2,53,0,0,3,0,3175,1730,1445,0.5449,0.4551,42,69,52,17,38,3,26,2,,,4,0.058,3,0.0435,17,0.2464,31,0.4493,14,0.2029,0.3768,0.6232,0.805,0.15,0.045,0.561,0.174,0.265,0.8545,0.1455,0.532,1077,1741,82,6882,380,503,439,2755,54,74,113,239,364,62,343,19,64,170,0.0121,0.0765,0.1236,0.0058,0.4887,0.027,0.0357,0.0312,0.1956,0.0038,3,0,0,0,4680,4320,90,,"4:00 PM, Monday 17 May 2021","4:00 PM, 17 May 2021"
2021-05-16,,,,,,,,,,,float;#0,-1,,,,,,-1,-1,,,,,,,,,,,-1,,,,0,,,,,,,,,,,,,,,,,,,,,,,,,,,,,,,,,,,,,,,,,,,,,,,,,,,,,,,,,,,,,,,,,,,,7,0,0,0,,,,,"12:00 AM, Sunday 16 May 2021","12:00 AM, 16 May 2021"
2021-05-15,,,,,,,,,,,float;#0,-1,,,,,,-1,-1,,,,,,,,,,,-1,,,,0,,,,,,,,,,,,,,,,,,,,,,,,,,,,,,,,,,,,,,,,,,,,,,,,,,,,,,,,,,,,,,,,,,,,7,0,0,0,,,,,"12:00 AM, Saturday 15 May 2021","12:00 AM, 15 May 2021"
2021-05-14,383352,15802,367550,10706,167535,189309,102,15482,364531,6.62,float;#380013.000000000,3236,1750,1486,0.5408,0.4592,43,1.86,1.86,320,2929,626,425,66,621,147,1032,13,7,2,1,1,45,1,0,2,0,3175,1730,1445,0.5449,0.4551,42,69,52,17,38,3,26,2,,,4,0.058,3,0.0435,17,0.2464,31,0.4493,14,0.2029,0.3768,0.6232,0.805,0.151,0.045,0.562,0.172,0.266,0.8541,0.1459,0.545,955,1689,2,6495,350,489,417,2439,48,73,113,239,363,62,342,19,64,169,0.0129,0.0732,0.1294,0.0002,0.4976,0.0268,0.0375,0.0319,0.1869,0.0037,7,0,0,0,,,,,"2:00 PM, Friday 14 May 2021","2:00 PM, 14 May 2021"
2021-05-13,381930,15802,366128,10686,167083,188359,275,15482,362936,6.67,float;#378418.000000000,3236,1750,1486,0.5408,0.4592,43,1.86,1.86,320,2929,626,425,66,621,147,1032,13,7,2,1,1,45,0,0,2,0,3175,1730,1445,0.5449,0.4551,42,69,52,17,38,3,26,2,,,4,0.058,3,0.0435,17,0.2464,31,0.4493,14,0.2029,0.3768,0.6232,0.805,0.151,0.045,0.562,0.172,0.266,0.8541,0.1459,0.547,931,1677,0,6431,346,488,416,2383,44,73,113,239,363,62,342,19,64,168,0.013,0.0723,0.1302,0,0.4991,0.0269,0.0379,0.0323,0.185,0.0034,7,0,0,0,,,,,"2:15 PM, Thursday 13 May 2021","2:15 PM, 13 May 2021"
2021-05-12,380159,15802,364357,10663,166158,187536,124,15482,361316,6.68,float;#376798.000000000,3236,1750,1486,0.5408,0.4592,43,1.86,1.86,320,2929,626,425,66,621,147,1032,13,7,2,1,1,45,0,0,2,0,3175,1730,1445,0.5449,0.4551,42,69,52,17,38,3,26,2,,,4,0.058,3,0.0435,17,0.2464,31,0.4493,14,0.2029,0.3768,0.6232,0.805,0.151,0.045,0.562,0.172,0.266,0.8541,0.1459,0.552,894,1654,0,6347,332,480,411,2296,41,73,113,239,363,62,342,19,64,168,0.0133,0.0708,0.131,0,0.5028,0.0263,0.038,0.0326,0.1819,0.0032,7,0,0,0,,,,,"1:45 PM, Wednesday 12 May 2021","1:45 PM, 12 May 2021"
2021-05-11,379044,15802,363242,10649,165818,186775,94,15482,360231,6.75,float;#375713.000000000,3236,1750,1486,0.5408,0.4592,43,1.86,1.86,320,2929,626,425,66,621,147,1032,13,7,2,1,1,19,0,0,2,0,3175,1730,1445,0.5449,0.4551,42,69,52,17,38,3,26,2,,,4,0.058,3,0.0435,17,0.2464,31,0.4493,14,0.2029,0.3768,0.6232,0.805,0.151,0.045,0.562,0.172,0.266,0.8541,0.1459,0.554,870,1619,0,6285,330,475,410,2262,38,73,113,239,363,62,342,19,64,168,0.0135,0.0698,0.13,0,0.5045,0.0265,0.0381,0.0329,0.1816,0.0031,7,0,0,0,,,,,"2:15 PM, Tuesday 11 May 2021","2:15 PM, 11 May 2021"
2021-05-10,377585,15802,361783,10629,165033,186121,146,15482,358721,6.8,float;#374203.000000000,3235,1750,1485,0.541,0.459,43,0.93,0.93,320,2928,626,424,66,621,147,1032,13,7,1,1,0,19,1,0,1,0,3175,1730,1445,0.5449,0.4551,42,69,52,17,38,3,26,2,,,4,0.058,3,0.0435,17,0.2464,31,0.4493,14,0.2029,0.3768,0.6232,0.804,0.151,0.045,0.561,0.172,0.267,0.8538,0.1462,0.56,799,1563,0,6093,302,459,403,2168,37,73,113,238,362,62,341,19,64,168,0.014,0.0666,0.1303,0,0.5081,0.0252,0.0383,0.0336,0.1808,0.0031,7,0,0,0,4380,3700,90,,"2:45 PM, Monday 10 May 2021","2:45 PM, 10 May 2021"
2021-05-09,,,,,,,,,,,float;#0,-1,,,,,,-1,-1,,,,,,,,,,,-1,,,,0,,,,,,,,,,,,,,,,,,,,,,,,,,,,,,,,,,,,,,,,,,,,,,,,,,,,,,,,,,,,,,,,,,,,3,0,0,0,,,,,"12:00 AM, Sunday 9 May 2021","12:00 AM, 9 May 2021"
2021-05-08,,,,,,,,,,,float;#0,-1,,,,,,-1,-1,,,,,,,,,,,-1,,,,0,,,,,,,,,,,,,,,,,,,,,,,,,,,,,,,,,,,,,,,,,,,,,,,,,,,,,,,,,,,,,,,,,,,,3,0,0,0,,,,,"12:00 AM, Saturday 8 May 2021","12:00 AM, 8 May 2021"
2021-05-07,374171,15802,358369,10604,162788,184977,171,15482,355283,7.15,float;#370765.000000000,3234,1750,1484,0.5411,0.4589,43,0,0.93,320,2927,626,423,66,621,147,1032,13,7,2,1,1,45,1,0,2,0,3173,1729,1444,0.5449,0.4551,42,69,52,17,38,3,26,2,,,4,0.058,3,0.0435,17,0.2464,31,0.4493,14,0.2029,0.3768,0.6232,0.804,0.151,0.045,0.563,0.173,0.265,0.8534,0.1466,0.568,709,1501,0,5586,272,439,387,1803,32,73,112,238,361,62,340,19,64,150,0.0138,0.0652,0.138,0,0.5135,0.025,0.0404,0.0356,0.1657,0.0029,3,0,0,0,,,,,"1:00 PM, Friday 7 May 2021","1:00 PM, 7 May 2021"
2021-05-06,372990,15802,357188,10584,162312,184292,236,15482,354037,7.12,float;#369519.000000000,3234,1750,1484,0.5411,0.4589,43,0,0.93,320,2927,626,423,66,621,147,1032,13,7,2,1,1,45,0,0,2,0,3173,1729,1444,0.5449,0.4551,42,69,52,17,38,3,26,2,,,4,0.058,3,0.0435,17,0.2464,31,0.4493,14,0.2029,0.3768,0.6232,0.804,0.151,0.045,0.563,0.173,0.265,0.8534,0.1466,0.571,677,1491,0,5535,271,434,384,1741,30,73,112,238,361,62,340,19,64,149,0.0139,0.0632,0.1392,0,0.5167,0.0253,0.0405,0.0358,0.1625,0.0028,0,0,0,0,,,,,"3:00 PM, Thursday 6 May 2021","3:00 PM, 6 May 2021"
2021-05-05,371610,15802,355808,10570,161646,183592,90,15482,352803,7.09,float;#368285.000000000,3234,1750,1484,0.5411,0.4589,43,0,0.93,320,2927,626,423,66,621,147,1032,13,7,2,1,1,45,0,0,2,0,3173,1729,1444,0.5449,0.4551,42,69,52,17,38,3,26,2,,,4,0.058,3,0.0435,17,0.2464,31,0.4493,14,0.2029,0.3768,0.6232,0.804,0.151,0.045,0.563,0.173,0.265,0.8534,0.1466,0.573,639,1468,0,5450,266,425,383,1684,27,73,112,238,361,62,340,19,64,149,0.0142,0.0609,0.1399,0,0.5195,0.0254,0.0405,0.0365,0.1605,0.0026,0,0,0,0,,,,,"3:05 PM, Wednesday 5 May 2021","3:05 PM, 5 May 2021"
2021-05-04,370438,15802,354636,10544,161308,182784,101,15482,351620,7.2,float;#367102.000000000,3234,1750,1484,0.5411,0.4589,43,0,0.93,320,2927,626,423,66,621,147,1032,13,7,2,1,1,45,0,0,2,0,3173,1729,1444,0.5449,0.4551,42,69,52,17,38,3,26,2,,,4,0.058,3,0.0435,17,0.2464,31,0.4493,14,0.2029,0.3768,0.6232,0.804,0.151,0.045,0.563,0.173,0.265,0.8534,0.1466,0.574,604,1451,0,5362,263,421,383,1656,21,73,112,238,361,62,340,19,64,149,0.0145,0.0586,0.1407,0,0.5201,0.0255,0.0408,0.0371,0.1606,0.002,0,0,0,0,,,,,"3:50 PM, Tuesday 4 May 2021","3:50 PM, 4 May 2021"
2021-05-03,,,,,,,,,,,float;#0,-1,,,,,,-1,-1,,,,,,,,,,,-1,,,,0,,,,,,,,,,,,,,,,,,,,,,,,,,,,,,,,,,,,,,,,,,,,,,,,,,,,,,,,,,,,,,,,,,,,0,0,0,0,3280,4390,140,,"12:00 AM, Monday 3 May 2021","12:00 AM, 3 May 2021"
2021-05-02,,,,,,,,,,,float;#0,-1,,,,,,-1,-1,,,,,,,,,,,-1,,,,0,,,,,,,,,,,,,,,,,,,,,,,,,,,,,,,,,,,,,,,,,,,,,,,,,,,,,,,,,,,,,,,,,,,,0,0,0,0,,,,,"12:00 AM, Sunday 2 May 2021","12:00 AM, 2 May 2021"
2021-05-01,,,,,,,,,,,float;#0,-1,,,,,,-1,-1,,,,,,,,,,,-1,,,,0,,,,,,,,,,,,,,,,,,,,,,,,,,,,,,,,,,,,,,,,,,,,,,,,,,,,,,,,,,,,,,,,,,,,3,0,0,0,,,,,"12:00 AM, Saturday 1 May 2021","12:00 AM, 1 May 2021"
2021-04-30,366504,15802,350702,10507,158917,181278,70,15482,347717,7.37,float;#363199.000000000,3234,1750,1484,0.5411,0.4589,43,0.93,1.86,320,2927,626,423,66,621,147,1032,13,7,3,2,1,59,0,0,3,0,3172,1728,1444,0.5448,0.4552,42,69,52,17,38,3,26,2,,,4,0.058,3,0.0435,17,0.2464,31,0.4493,14,0.2029,0.3768,0.6232,0.804,0.151,0.045,0.563,0.173,0.265,0.8534,0.1466,0.587,556,1398,0,4765,196,405,355,1171,18,73,112,238,361,62,340,19,64,123,0.0137,0.0619,0.1556,0,0.5302,0.0218,0.0451,0.0395,0.1303,0.002,3,0,0,0,,,,,"12:25 PM, Friday 30 April 2021","12:25 PM, 30 Apr 2021"
2021-04-29,365392,15802,349590,10488,158613,180489,105,15482,346570,7.41,float;#362052.000000000,3234,1750,1484,0.5411,0.4589,43,0.93,1.86,320,2927,626,423,66,621,147,1032,13,7,3,2,1,59,0,0,3,0,3172,1728,1444,0.5448,0.4552,42,69,52,17,38,3,26,2,,,4,0.058,3,0.0435,17,0.2464,31,0.4493,14,0.2029,0.3768,0.6232,0.804,0.151,0.045,0.563,0.173,0.265,0.8534,0.1466,0.594,537,1384,0,4714,191,400,349,1055,17,73,112,238,361,62,340,19,64,123,0.014,0.0612,0.1578,0,0.5375,0.0218,0.0456,0.0398,0.1203,0.0019,3,0,0,0,,,,,"2:00 PM, Thursday 29 April 2021","2:00 PM, 29 Apr 2021"
2021-04-28,364124,15802,348322,10466,158137,179719,80,15482,345328,7.48,float;#360810.000000000,3233,1750,1483,0.5413,0.4587,43,0,0.93,320,2926,626,422,66,621,147,1032,13,7,2,2,0,53,0,0,2,0,3172,1728,1444,0.5448,0.4552,42,69,52,17,38,3,26,2,,,4,0.058,3,0.0435,17,0.2464,31,0.4493,14,0.2029,0.3768,0.6232,0.803,0.152,0.045,0.562,0.173,0.265,0.8531,0.1469,0.596,518,1371,0,4649,188,400,346,1015,17,73,112,237,360,62,339,19,64,122,0.0141,0.0601,0.1589,0,0.539,0.0218,0.0464,0.0401,0.1177,0.002,3,0,0,0,,,,,"2:35 PM, Wednesday 28 April 2021","2:35 PM, 28 Apr 2021"
2021-04-27,362988,15802,347186,10424,157924,178838,22,15482,344250,7.46,float;#359732.000000000,3233,1750,1483,0.5413,0.4587,43,0,0.93,320,2926,626,422,66,621,147,1032,13,7,2,2,0,53,0,0,2,0,3172,1728,1444,0.5448,0.4552,42,69,52,17,38,3,26,2,,,4,0.058,3,0.0435,17,0.2464,31,0.4493,14,0.2029,0.3768,0.6232,0.807,0.147,0.046,0.554,0.176,0.27,0.8531,0.1469,0.598,604,1570,,5304,244,494,419,1098,19,73,112,230,360,62,335,19,61,159,0.016,0.061,0.158,,0.535,0.025,0.05,0.042,0.111,0.002,3,0,0,0,,,,,"12:00 AM, Tuesday 27 April 2021","12:00 AM, 27 Apr 2021"
2021-04-26,361526,15802,345724,10394,157345,177985,26,15482,342784,7.42,float;#358266.000000000,3233,1750,1483,0.5413,0.4587,43,0,0.93,320,2926,626,422,66,621,147,1032,13,7,2,2,0,53,0,0,2,0,3172,1728,1444,0.5448,0.4552,42,69,52,17,38,3,26,2,,,4,0.058,3,0.0435,17,0.2464,31,0.4493,14,0.2029,0.3768,0.6232,0.807,0.147,0.046,0.554,0.176,0.27,0.8531,0.1469,0.602,581,1540,,5213,241,489,410,1020,20,73,112,230,360,62,335,19,61,158,0.016,0.06,0.159,,0.539,0.025,0.051,0.042,0.106,0.002,3,0,0,0,1610,5210,130,,"3:00 PM, Monday 26 April 2021","3:00 PM, 26 Apr 2021"
2021-04-25,,,,,,,,,,,float;#0,-1,,,,,,-1,-1,,,,,,,,,,,-1,,,,1,,,,,,,,,,,,,,,,,,,,,,,,,,,,,,,,,,,,,,,,,,,,,,,,,,,,,,,,,,,,,,,,,,,,3,0,0,0,,,,,"12:00 AM, Sunday 25 April 2021","12:00 AM, 25 Apr 2021"
2021-04-24,,,,,,,,,,,float;#0,-1,,,,,,-1,-1,,,,,,,,,,,-1,,,,0,,,,,,,,,,,,,,,,,,,,,,,,,,,,,,,,,,,,,,,,,,,,,,,,,,,,,,,,,,,,,,,,,,,,0,3,0,0,,,,,"12:00 AM, Saturday 24 April 2021","12:00 AM, 24 Apr 2021"
2021-04-23,359554,15802,343752,10367,156774,176611,55,15482,340783,7.33,float;#356265.000000000,3233,1750,1483,0.5413,0.4587,43,0.93,2.78,320,2926,626,422,66,621,147,1032,13,7,2,1,1,26,0,0,2,0,3172,1729,1443,0.5451,0.4549,42,69,52,17,38,3,26,2,,,4,0.058,3,0.0435,17,0.2464,31,0.4493,14,0.2029,0.3768,0.6232,0.803,0.152,0.045,0.562,0.173,0.265,0.8531,0.1469,0.603,578,1528,,5179,241,479,408,1011,20,73,112,237,360,62,339,19,64,158,0.017,0.06,0.159,,0.539,0.025,0.05,0.043,0.105,0.002,0,3,0,0,,,,,"3:55 PM, Friday 23 April 2021","3:55 PM, 23 Apr 2021"
2021-04-22,358411,15802,342609,10345,156592,175672,23,15482,339672,9.11,float;#355154.000000000,3233,1750,1483,0.5413,0.4587,43,0.93,2.78,320,2926,626,422,66,621,147,1032,13,7,3,2,1,35,0,0,3,0,3171,1728,1443,0.5449,0.4551,42,69,52,17,38,3,26,2,,,4,0.058,3,0.0435,17,0.2464,31,0.4493,14,0.2029,0.3768,0.6232,0.803,0.152,0.045,0.562,0.173,0.265,0.8531,0.1469,0.6025,578,1528,,5179,241,479,408,1011,20,73,112,237,360,62,339,19,64,158,0.0165,0.0602,0.1591,,0.5394,0.0251,0.0499,0.0425,0.1053,0.0021,0,3,0,0,,,,,"3:00 PM, Thursday 22 April 2021","3:00 PM, 22 Apr 2021"
2021-04-21,357239,15802,341437,10320,156313,174804,95,15482,338428,10.01,float;#353910.000000000,3233,1750,1483,0.5413,0.4587,43,0.93,2.78,320,2926,626,422,66,621,147,1032,13,7,3,2,1,34,0,0,3,0,3171,1728,1443,0.5449,0.4551,42,69,52,17,38,3,26,2,,,4,0.058,3,0.0435,17,0.2464,31,0.4493,14,0.2029,0.3768,0.6232,0.803,0.152,0.045,0.562,0.173,0.265,0.8531,0.1469,0.6025,578,1528,,5171,241,476,408,1010,20,73,112,237,360,62,339,19,64,158,0.0165,0.0603,0.1593,,0.5392,0.0251,0.0496,0.0425,0.1053,0.0021,0,3,0,0,,,,,"12:40 PM, Wednesday 21 April 2021","12:40 PM, 21 Apr 2021"
2021-04-20,356135,15802,340333,10300,156130,173903,46,15482,337373,9.95,float;#352855.000000000,3233,1750,1483,0.5413,0.4587,43,0.93,2.78,320,2926,626,422,66,621,147,1032,13,7,3,2,1,34,0,0,3,0,3171,1728,1443,0.5449,0.4551,42,69,52,17,38,3,26,2,,,4,0.058,3,0.0435,17,0.2464,31,0.4493,14,0.2029,0.3768,0.6232,0.803,0.152,0.045,0.562,0.173,0.265,0.8531,0.1469,0.6031,577,1513,,5151,241,476,408,1006,20,73,112,237,360,62,339,19,64,158,0.0165,0.0604,0.1584,,0.5394,0.0252,0.0498,0.0427,0.1053,0.0021,0,3,0,0,,,,,"3:00 PM, Tuesday 20 April 2021","3:00 PM, 20 Apr 2021"
2021-04-19,354665,15802,338863,10261,155769,172833,113,15482,335836,10.34,float;#351318.000000000,3233,1750,1483,0.5413,0.4587,43,0.93,2.78,320,2926,626,422,66,621,147,1032,13,7,3,1,1,21,0,0,3,0,3171,1728,1443,0.5449,0.4551,42,69,52,17,38,3,26,2,,,4,0.058,3,0.0435,17,0.2464,31,0.4493,14,0.2029,0.3768,0.6232,0.803,0.152,0.045,0.562,0.173,0.265,0.8531,0.1469,0.6034,575,1510,,5142,241,476,408,1004,20,73,112,237,360,62,339,19,64,158,0.0166,0.0603,0.1584,,0.5393,0.0253,0.0499,0.0428,0.1053,0.0021,0,3,0,0,2010,5140,220,,"12:00 AM, Monday 19 April 2021","12:00 AM, 19 Apr 2021"
2021-04-18,,,,,,,,,,,float;#0,-1,,,,,,-1,-1,,,,,,,,,,,-1,,,,1,,,,,,,,,,,,,,,,,,,,,,,,,,,,,,,,,,,,,,,0.605,558,1494,,5121,241,474,408,999,20,,,,,,,,,158,0.0167,0.0589,0.1577,,0.5406,0.0254,0.05,0.0431,0.1055,0.0021,0,3,0,0,,,,,"12:00 AM, Sunday 18 April 2021","12:00 AM, 18 Apr 2021"
2021-04-17,,,,,,,,,,,float;#0,-1,,,,,,-1,-1,,,,,,,,,,,-1,,,,0,,,,,,,,,,,,,,,,,,,,,,,,,,,,,,,,,,,,,,,0.606,546,1479,,5067,240,463,408,990,20,,,,,,,,,157,0.0168,0.0583,0.1578,,0.5408,0.0256,0.0494,0.0435,0.1057,0.0021,3,0,0,0,,,,,"12:00 AM, Saturday 17 April 2021","12:00 AM, 17 Apr 2021"
2021-04-16,352513,15802,336711,10210,154963,171538,111,15482,333687,9.96,float;#349169.000000000,3232,1749,1483,0.5412,0.4588,43,1.86,2.78,320,2925,626,421,66,621,147,1032,13,7,2,1,1,21,0,0,2,0,3171,1728,1443,0.5449,0.4551,42,69,52,17,38,3,26,2,,,4,0.058,3,0.0435,17,0.2464,31,0.4493,14,0.2029,0.3768,0.6232,0.803,0.152,0.045,0.561,0.173,0.266,0.8527,0.1473,0.6053,546,1473,,5032,238,463,408,984,20,73,112,236,359,62,338,19,64,157,0.0168,0.0586,0.158,,0.5399,0.0255,0.0497,0.0438,0.1056,0.0021,3,0,0,5,,,,,"12:00 AM, Friday 16 April 2021","12:00 AM, 16 Apr 2021"
2021-04-15,352021,15802,336219,10204,154843,171172,807,15482,332499,9.9,float;#347981.000000000,3232,1749,1483,0.5412,0.4588,43,1.86,2.78,320,2925,626,421,66,621,147,1032,13,7,2,1,1,21,0,0,2,0,3171,1728,1443,0.5449,0.4551,42,69,52,17,38,3,26,2,,,4,0.058,3,0.0435,17,0.2464,31,0.4493,14,0.2029,0.3768,0.6232,0.803,0.152,0.045,0.561,0.173,0.266,0.8527,0.1473,0.6049,543,1467,,5000,235,461,407,975,19,73,112,236,359,62,338,19,64,156,0.0168,0.0586,0.1584,,0.5398,0.0254,0.0498,0.0439,0.1053,0.0021,3,0,0,5,,,,,"12:00 AM, Thursday 15 April 2021","12:00 AM, 15 Apr 2021"
2021-04-14,349815,15802,334013,10113,154262,169638,49,15482,331051,7.44,float;#346533.000000000,3232,1749,1483,0.5412,0.4588,43,1.86,3.71,320,2925,626,421,66,621,147,1032,13,7,2,1,1,21,0,0,2,0,3171,1728,1443,0.5449,0.4551,42,69,52,17,38,3,26,2,,,4,0.058,3,0.0435,17,0.2464,31,0.4493,14,0.2029,0.3768,0.6232,0.803,0.152,0.045,0.561,0.173,0.266,0.8527,0.1473,0.6052,541,1463,,4977,233,457,406,968,18,73,112,236,359,62,338,19,64,156,0.0169,0.0587,0.1587,,0.5399,0.0253,0.0496,0.044,0.105,0.002,3,0,0,5,,,,,"12:00 AM, Wednesday 14 April 2021","12:00 AM, 14 Apr 2021"
2021-04-13,348650,15802,332848,10078,154172,168598,40,15482,329895,2.58,float;#345377.000000000,3232,1749,1483,0.5412,0.4588,43,1.86,3.71,320,2925,626,421,66,621,147,1032,13,7,4,1,3,30,0,0,4,0,3169,1727,1442,0.545,0.455,42,69,52,17,38,3,26,2,,,4,0.058,3,0.0435,17,0.2464,31,0.4493,14,0.2029,0.3768,0.6232,0.803,0.152,0.045,0.561,0.173,0.266,0.8527,0.1473,0.6051,534,1449,,4947,232,457,405,963,17,73,112,236,359,62,338,19,64,156,0.017,0.0583,0.1582,,0.5401,0.0253,0.0499,0.0442,0.1051,0.0019,3,0,0,5,,,,,"12:00 AM, Tuesday 13 April 2021","12:00 AM, 13 Apr 2021"
2021-04-12,347230,15802,331428,10043,153721,167664,39,15482,328477,2.39,float;#343959.000000000,3231,1749,1482,0.5413,0.4587,43,0.93,3.71,320,2924,626,420,66,621,147,1032,13,7,3,0,3,29,1,0,3,0,3169,1727,1442,0.545,0.455,42,69,52,17,38,3,26,2,,,4,0.058,3,0.0435,17,0.2464,31,0.4493,14,0.2029,0.3768,0.6232,0.802,0.152,0.045,0.56,0.174,0.267,0.8524,0.1476,0.6052,531,1446,,4936,231,457,403,961,17,73,112,235,358,62,337,19,64,156,0.0171,0.0581,0.1582,,0.5402,0.0253,0.05,0.0441,0.1052,0.0019,3,0,0,5,2110,4420,160,,"12:00 AM, Monday 12 April 2021","12:00 AM, 12 Apr 2021"
2021-04-11,,,,,,,,,,,float;#0,-1,,,,,,-1,-1,,,,,,,,,,,-1,,,,1,,,,,,,,,,,,,,,,,,,,,,,,,,,,,,,,,,,,,,,0.6075,516,1421,,4903,231,453,402,947,14,,,,,,,,,156,0.0173,0.0571,0.1571,,0.5422,0.0255,0.0501,0.0445,0.1047,0.0015,3,0,0,5,,,,,"12:00 AM, Sunday 11 April 2021","12:00 AM, 11 Apr 2021"
2021-04-10,,,,,,,,,,,float;#0,-1,,,,,,-1,-1,,,,,,,,,,,-1,,,,0,,,,,,,,,,,,,,,,,,,,,,,,,,,,,,,,,,,,,,,0.6097,512,1415,,4870,196,448,401,939,11,,,,,,,,,156,0.0174,0.0572,0.1581,,0.5443,0.0219,0.0501,0.0448,0.1049,0.0012,0,0,0,5,,,,,"12:00 AM, Saturday 10 April 2021","12:00 AM, 10 Apr 2021"
2021-04-09,345124,15802,329322,9987,152886,166449,83,15482,326328,2.42,float;#341810.000000000,3230,1748,1482,0.5412,0.4588,43,0.93,4.64,320,2923,626,419,66,621,147,1032,13,7,4,0,4,42,0,0,4,0,3167,1726,1441,0.545,0.455,42,69,52,17,38,3,26,2,,,4,0.058,3,0.0435,17,0.2464,31,0.4493,14,0.2029,0.3768,0.6232,0.802,0.153,0.045,0.5585,0.1742,0.2673,0.852,0.148,0.6094,509,1404,,4823,195,447,401,936,11,73,112,234,357,62,336,19,64,156,0.0176,0.0573,0.1581,,0.543,0.022,0.0503,0.0451,0.1054,0.0012,0,3,0,0,,,,,"12:00 AM, Friday 9 April 2021","12:00 AM, 9 Apr 2021"
2021-04-08,344101,15802,328299,9959,152714,165626,44,15482,325344,2.33,float;#340826.000000000,3230,1748,1482,0.5412,0.4588,43,0.93,4.64,320,2923,626,419,66,621,147,1032,13,7,5,1,4,70,0,0,5,0,3166,1726,1440,0.5452,0.4548,42,69,52,17,38,3,26,2,,,4,0.058,3,0.0435,17,0.2464,31,0.4493,14,0.2029,0.3768,0.6232,0.802,0.153,0.045,0.5585,0.1742,0.2673,0.852,0.148,0.6094,491,1386,,4718,195,434,398,916,10,73,112,234,357,62,336,19,64,156,0.0179,0.0564,0.1592,,0.542,0.0224,0.0499,0.0457,0.1052,0.0011,0,3,0,0,,,,,"12:00 AM, Thursday 8 April 2021","12:00 AM, 8 Apr 2021"
2021-04-07,342776,15802,326974,9940,152230,164804,42,15482,324021,2.62,float;#339503.000000000,3230,1748,1482,0.5412,0.4588,43,1.86,4.64,320,2923,626,419,66,621,147,1032,13,7,5,1,4,70,0,0,5,0,3166,1726,1440,0.5452,0.4548,42,69,52,17,38,3,26,2,,,4,0.058,3,0.0435,17,0.2464,31,0.4493,14,0.2029,0.3768,0.6232,0.802,0.153,0.045,0.5585,0.1742,0.2673,0.852,0.148,0.6096,489,1381,,4709,195,434,398,914,10,73,112,234,357,62,336,19,64,156,0.018,0.0563,0.159,,0.5421,0.0224,0.05,0.0458,0.1052,0.0012,0,3,0,0,,,,,"12:00 AM, Wednesday 7 April 2021","12:00 AM, 7 Apr 2021"
2021-04-06,341666,15802,325864,9891,152139,163834,23,15482,322930,2.24,float;#338412.000000000,3230,1748,1482,0.5412,0.4588,43,1.86,4.64,320,2923,626,419,66,621,147,1032,13,7,6,2,4,88,0,0,6,0,3165,1725,1440,0.545,0.455,42,69,52,17,38,3,26,2,,,4,0.058,3,0.0435,17,0.2464,31,0.4493,14,0.2029,0.3768,0.6232,0.802,0.153,0.045,0.5585,0.1742,0.2673,0.852,0.148,0.6101,487,1344,,4656,193,431,396,906,6,73,112,234,357,62,336,19,64,156,0.0182,0.0568,0.1567,,0.543,0.0225,0.0503,0.0462,0.1057,0.0007,0,6,0,0,,,,,"12:00 AM, Tuesday 6 April 2021","12:00 AM, 6 Apr 2021"
2021-04-05,,,,,,,,,,,float;#0,-1,,,,,,-1,-1,,,,,,,,,,,-1,,,,0,,,,,,,,,,,,,38,3,26,2,,,,,,,,,,,,,,,,,,0.5585,0.1742,0.2673,,,0.61,487,1335,,4640,193,430,396,903,5,73,112,234,,,,,,156,0.0183,0.057,0.1562,,0.543,0.0226,0.0503,0.0463,0.1057,0.0006,0,6,0,0,2200,3950,180,,"12:00 AM, Monday 5 April 2021","12:00 AM, 5 Apr 2021"
2021-04-04,,,,,,,,,,,float;#0,-1,,,,,,-1,-1,,,,,,,,,,,-1,,,,1,,,,,,,,,,,,,38,3,26,2,,,,,,,,,,,,,,,,,,0.5585,0.1742,0.2673,,,0.6109,487,1315,,4592,192,421,387,890,1,73,112,234,,,,,,156,0.0185,0.0577,0.1558,,0.544,0.0227,0.0499,0.0458,0.1054,0.0001,0,9,0,0,,,,,"12:00 AM, Sunday 4 April 2021","12:00 AM, 4 Apr 2021"
2021-04-03,,,,,,,,,,,float;#0,-1,,,,,,-1,-1,,,,,,,,,,,-1,,,,0,,,,,,,,,,,,,38,3,26,2,,,,,,,,,,,,,,,,,,0.5585,0.1742,0.2673,,,0.6123,468,1300,,4502,185,411,383,853,1,73,112,234,,,,,,155,0.0188,0.0567,0.1574,,0.5452,0.0224,0.0498,0.0464,0.1033,0.0001,0,9,0,0,,,,,"12:00 AM, Saturday 3 April 2021","12:00 AM, 3 Apr 2021"
2021-04-02,,,,,,,,,,,float;#0,-1,,,,,,-1,-1,,,,,,,,,,,-1,,,,0,,,,,,,,,,,,,38,3,26,2,,,,,,,,,,,,,,,,,,0.5574,0.1746,0.2679,,,0.6131,461,1296,,4487,179,411,382,846,1,73,112,233,,,,,,155,0.0189,0.0561,0.1577,,0.546,0.0218,0.05,0.0465,0.1029,0.0001,0,6,0,5,,,,,"12:00 AM, Friday 2 April 2021","12:00 AM, 2 Apr 2021"
2021-04-01,337823,15802,322021,9815,150586,161620,37,15482,319074,5.11,float;#334556.000000000,3229,1748,1481,0.5413,0.4587,43,3.71,4.64,320,2922,626,418,66,621,147,1032,13,7,5,2,3,73,0,0,5,0,3165,1725,1440,0.545,0.455,42,69,52,17,38,3,26,2,,,4,0.058,3,0.0435,17,0.2464,31,0.4493,14,0.2029,0.3768,0.6232,0.804,0.151,0.045,0.5574,0.1746,0.2679,0.8517,0.1483,0.6131,460,1288,,4386,177,405,361,794,0,73,112,233,356,62,336,19,63,153,0.0191,0.0573,0.1605,,0.5466,0.0221,0.0505,0.045,0.099,0,0,9,0,5,,,,,"12:00 AM, Thursday 1 April 2021","12:00 AM, 1 Apr 2021"
2021-03-31,336405,15802,320603,9777,149972,160854,79,15482,317615,5.65,float;#333097.000000000,3228,1747,1481,0.5412,0.4588,43,2.78,3.71,320,2921,626,417,66,621,147,1032,13,7,4,2,2,72,1,0,4,0,3165,1725,1440,0.545,0.455,42,69,52,17,38,3,26,2,,,4,0.058,3,0.0435,17,0.2464,31,0.4493,14,0.2029,0.3768,0.6232,0.8058,0.1487,0.0456,0.5574,0.1746,0.2679,0.8513,0.1487,0.6133,455,1284,,4378,177,405,361,794,0,73,112,233,355,62,336,19,62,153,0.0191,0.0568,0.1604,,0.5468,0.0221,0.0506,0.0451,0.0992,0,0,9,0,5,,,,,"12:00 AM, Wednesday 31 March 2021","12:00 AM, 31 Mar 2021"
2021-03-30,335451,15802,319649,9744,149825,160080,21,15482,316719,,float;#332201.000000000,3228,1747,1481,0.5412,0.4588,43,2.78,3.71,320,2921,626,417,66,621,147,1032,13,7,5,2,3,60,1,0,5,0,3164,1725,1439,0.5452,0.4548,42,69,52,17,38,3,26,2,,,4,0.058,3,0.0435,17,0.2464,31,0.4493,14,0.2029,0.3768,0.6232,0.8058,0.1487,0.0456,0.5564,0.1751,0.2686,0.8513,0.1487,0.6132,444,1271,,4321,177,403,349,778,0,73,112,232,355,62,336,19,62,132,0.0168,0.0564,0.1614,,0.5487,0.0225,0.0512,0.0443,0.0988,0,0,6,0,5,,,,,"12:00 AM, Tuesday 30 March 2021","12:00 AM, 30 Mar 2021"
2021-03-29,334232,15802,318430,9699,149423,159308,49,15482,315473,,float;#330955.000000000,3227,1746,1481,0.5411,0.4589,43,1.86,3.71,320,2920,626,416,66,621,147,1032,13,7,5,2,3,66,0,0,5,0,3163,1725,1438,0.5454,0.4546,42,69,52,17,38,3,26,2,,,4,0.058,3,0.0435,17,0.2464,31,0.4493,14,0.2029,0.3768,0.6232,0.8058,0,0,0.5564,0.1751,0.2686,0.851,0.149,0.6136,441,1266,,4318,177,402,347,776,0,73,112,232,354,62,336,19,62,132,0.0168,0.0561,0.1611,,0.5494,0.0225,0.0512,0.0442,0.0987,0,0,6,0,5,1990,5060,230,,"12:00 AM, Monday 29 March 2021","12:00 AM, 29 Mar 2021"
2021-03-28,,,,,,,,,,,float;#0,-1,,,,,,-1,-1,,,,,,,,,,,-1,,,,1,,,,,,,,,,,,,38,3,26,2,,,,,,,,,,,,,,,,,,0.5553,0.1755,0.2692,,,0.6135,428,1245,,4255,170,392,316,755,0,73,112,231,,0,,,,130,0.0169,0.0556,0.1619,,0.5532,0.0221,0.051,0.0411,0.0982,0,0,3,0,5,,,,,"12:00 AM, Sunday 28 March 2021","12:00 AM, 28 Mar 2021"
2021-03-27,,,,,,,,,,,float;#0,-1,,,,,,-1,-1,,,,,,,,,,,-1,,,,1,,,,,,,,,,,,,38,3,26,2,,,,,,,,,,,,,,,,,,0.5553,0.1755,0.2692,,,0.614,424,1225,,4204,169,386,273,730,0,73,112,231,,0,,,,126,0.0167,0.0563,0.1625,,0.5578,0.0224,0.0512,0.0362,0.0969,0,0,6,0,5,,,,,"12:00 AM, Saturday 27 March 2021","12:00 AM, 27 Mar 2021"
2021-03-26,331781,15802,315979,9645,148450,157884,115,15482,312958,,float;#328440.000000000,3225,1746,1479,0.5414,0.4586,43,0.93,2.78,320,2918,625,415,66,621,147,1032,13,7,4,0,4,43,0,0,3,1,3162,1725,1437,0.5455,0.4545,42,69,52,17,38,3,26,2,,,4,0.058,3,0.0435,17,0.2464,31,0.4493,14,0.2029,0.3768,0.6232,0.8053,0.1466,0.0457,0.5553,0.1755,0.2692,0.8506,0.1494,0.6137,420,1211,,4164,168,379,269,724,0,73,112,231,353,62,335,19,62,122,0.0164,0.0563,0.1624,,0.5584,0.0225,0.0508,0.0361,0.0971,0,0,6,0,0,,,,,"12:00 AM, Friday 26 March 2021","12:00 AM, 26 Mar 2021"
2021-03-25,330538,15802,314736,9625,148180,156931,27,15482,311803,,float;#327285.000000000,3225,1746,1479,0.5414,0.4586,43,0.93,2.78,320,2918,625,415,66,621,147,1032,13,7,4,0,4,43,0,0,3,1,3162,1725,1437,0.5455,0.4545,42,69,52,17,38,3,26,2,,,4,0.058,3,0.0435,17,0.2464,31,0.4493,14,0.2029,0.3768,0.6232,0.8072,0.147,0.0458,0.5542,0.1759,0.2699,0.8506,0.1494,0.612,413,1200,,4056,163,362,226,673,0,73,112,230,353,62,335,19,61,68,0.0095,0.0577,0.1676,,0.5664,0.0228,0.0506,0.0316,0.094,0,0,3,0,0,,,,,"12:00 AM, Thursday 25 March 2021","12:00 AM, 25 Mar 2021"
2021-03-24,329384,15802,313582,9573,147906,156103,181,15482,310495,,float;#325977.000000000,3225,1746,1479,0.5414,0.4586,43,0.93,2.78,320,2918,625,415,66,621,147,1032,13,7,4,0,4,43,0,0,3,1,3162,1725,1437,0.5455,0.4545,42,69,52,17,38,3,26,2,,,4,0.058,3,0.0435,17,0.2464,31,0.4493,14,0.2029,0.3768,0.6232,0.8072,0.147,0.0458,0.5542,0.1759,0.2699,0.8506,0.1494,0.6119,401,1191,,4021,160,362,215,663,0,73,112,230,353,62,335,19,61,53,0.0075,0.0568,0.1686,,0.5691,0.0226,0.0512,0.0304,0.0938,0,0,3,0,0,,,,,"12:00 AM, Wednesday 24 March 2021","12:00 AM, 24 Mar 2021"
2021-03-23,328216,15802,312414,9534,147702,155178,30,15482,309478,,float;#324960.000000000,3225,1746,1479,0.5414,0.4586,43,0.93,2.78,320,2918,625,415,66,621,147,1032,13,7,4,0,4,24,0,0,3,1,3162,1725,1437,0.5455,0.4545,42,69,52,17,38,3,26,2,,,4,0.058,3,0.0435,17,0.2464,31,0.4493,14,0.2029,0.3768,0.6232,0.8072,0.147,0.0458,0.5542,0.1759,0.2699,0.8506,0.1494,0.6116,393,1178,,3979,160,362,201,652,0,73,112,230,353,62,335,19,61,45,0.0065,0.0564,0.169,,0.5709,0.023,0.0519,0.0288,0.0935,0,0,3,0,0,,,,,"12:00 AM, Tuesday 23 March 2021","12:00 AM, 23 Mar 2021"
2021-03-22,326937,15802,311135,9471,147425,154239,31,15482,308199,,float;#323681.000000000,3224,1745,1479,0.5413,0.4587,43,1.86,1.86,320,2917,625,414,66,621,147,1032,13,7,3,0,3,20,1,0,2,1,3162,1725,1437,0.5455,0.4545,42,69,52,17,38,3,26,2,,,4,0.058,3,0.0435,17,0.2464,31,0.4493,14,0.2029,0.3768,0.6232,0.8072,0,0,0.5542,0.1759,0.2699,0.8502,0.1498,0.6122,389,1174,,3963,160,362,200,647,0,73,112,230,352,62,335,19,61,45,0.0065,0.0561,0.1692,,0.571,0.0231,0.0522,0.0288,0.0932,0,0,3,0,0,1570,5200,260,,"12:00 AM, Monday 22 March 2021","12:00 AM, 22 Mar 2021"
2021-03-21,,,,,,,,,,,float;#0,-1,,,,,,-1,-1,,,,,,,,,,,-1,,,,0,,,,,,,,,,,,,38,3,26,2,,,,,,,,,,,,,,,,,,0.5542,0.1759,0.2699,,,0.6141,381,1140,,3928,157,361,180,636,0,73,112,230,,0,,,,41,0.006,0.0558,0.1671,,0.5756,0.023,0.0529,0.0264,0.0932,0,0,6,0,0,,,,,"12:00 AM, Sunday 21 March 2021","12:00 AM, 21 Mar 2021"
2021-03-20,,,,,,,,,,,float;#0,-1,,,,,,-1,-1,,,,,,,,,,,-1,,,,0,,,,,,,,,,,,,38,3,26,2,,,,,,,,,,,,,,,,,,0.5531,0.1763,0.2705,,,0.6181,379,1094,,3856,155,347,172,612,0,73,112,229,,0,,,,40,0.006,0.0569,0.1644,,0.5794,0.0233,0.0521,0.0258,0.092,0,0,3,0,0,,,,,"12:00 AM, Saturday 20 March 2021","12:00 AM, 20 Mar 2021"
2021-03-19,324702,15802,308900,9406,146621,152873,64,15482,305931,,float;#321413.000000000,3224,1745,1479,0.5413,0.4587,43,1.86,2.78,320,2917,625,414,66,621,147,1032,13,7,3,0,3,20,0,0,2,1,3162,1725,1437,0.5455,0.4545,42,69,52,17,38,3,26,2,,,4,0.058,3,0.0435,17,0.2464,31,0.4493,14,0.2029,0.3768,0.6232,0.8068,0.1473,0.0459,0.5531,0.1763,0.2705,0.8502,0.1498,0.6183,375,1078,,3805,154,344,166,605,0,73,112,229,352,62,334,19,61,39,0.0059,0.0571,0.1642,,0.5795,0.0235,0.0524,0.0253,0.0921,0,0,3,0,0,,,,,"12:00 AM, Friday 19 March 2021","12:00 AM, 19 Mar 2021"
2021-03-18,323376,15802,307574,9362,146480,151732,56,15482,304613,,float;#320095.000000000,3224,1745,1479,0.5413,0.4587,43,1.86,3.71,320,2917,625,414,66,621,147,1032,13,7,4,1,3,23,0,0,3,1,3161,1724,1437,0.5454,0.4546,42,69,52,17,38,3,26,2,,,4,0.058,3,0.0435,17,0.2464,31,0.4493,14,0.2029,0.3768,0.6232,0.8068,0.1473,0.0459,0.5531,0.1763,0.2705,0.8502,0.1498,0.6161,372,1060,,3738,150,339,136,583,0,73,112,229,352,62,334,19,61,36,0.0056,0.058,0.1653,,0.5828,0.0234,0.0529,0.0212,0.0909,0,0,6,0,0,,,,,"12:00 AM, Thursday 18 March 2021","12:00 AM, 18 Mar 2021"
2021-03-17,322296,15802,306494,9329,146169,150996,27,15482,303562,,float;#319044.000000000,3224,1745,1479,0.5413,0.4587,43,1.86,4.64,320,2917,625,414,66,621,147,1032,13,7,5,1,4,27,0,0,4,1,3160,1723,1437,0.5453,0.4547,42,69,52,17,38,3,26,2,,,4,0.058,3,0.0435,17,0.2464,31,0.4493,14,0.2029,0.3768,0.6232,0.8068,0.1473,0.0459,0.5531,0.1763,0.2705,0.8502,0.1498,0.6155,371,1048,,3724,150,338,136,578,0,73,112,229,352,62,334,19,61,36,0.0056,0.0581,0.1642,,0.5836,0.0235,0.053,0.0213,0.0906,0,0,6,0,0,,,,,"12:00 AM, Wednesday 17 March 2021","12:00 AM, 17 Mar 2021"
2021-03-16,321149,15802,305347,9275,146073,149999,42,15482,302400,,float;#317882.000000000,3224,1745,1479,0.5413,0.4587,43,1.86,5.57,320,2917,625,414,66,621,147,1032,13,7,6,1,5,27,1,0,5,1,3159,1723,1436,0.5454,0.4546,42,69,52,17,38,3,26,2,,,4,0.058,3,0.0435,17,0.2464,31,0.4493,14,0.2029,0.3768,0.6232,0.8068,0.1473,0.0459,0.5531,0.1763,0.2705,0.8502,0.1498,0.6147,366,1033,,3678,146,337,125,568,0,73,112,229,352,62,334,19,61,36,0.0057,0.0582,0.1643,,0.5848,0.0232,0.0536,0.0199,0.0903,0,0,6,0,0,,,,,"12:00 AM, Tuesday 16 March 2021","12:00 AM, 16 Mar 2021"
2021-03-15,319981,15802,304179,9216,145900,149063,91,15482,301184,,float;#316666.000000000,3223,1745,1478,0.5414,0.4586,43,0.93,4.64,320,2916,625,414,65,621,147,1032,13,7,5,1,4,21,0,0,4,1,3159,1723,1436,0.5454,0.4546,42,69,52,17,38,3,26,2,,,4,0.058,3,0.0435,17,0.2464,31,0.4493,14,0.2029,0.3768,0.6232,0.8068,0,0,0.5531,0.1763,0.2705,0.8502,0.1498,0.6157,360,1027,,3653,142,332,125,558,0,73,112,229,352,62,334,19,61,36,0.0058,0.0578,0.1648,,0.5861,0.0228,0.0533,0.0201,0.0895,0,0,6,0,0,1380,5220,270,,"12:00 AM, Monday 15 March 2021","12:00 AM, 15 Mar 2021"
2021-03-14,,,,,,,,,,,float;#0,-1,,,,,,-1,-1,,,,,,,,,,,-1,,,,0,,,,,,,,,,,,,38,3,26,2,,,,,,,,,,,,,,,,,,0.5531,0.1763,0.2705,,,0.617,344,1003,,3626,140,327,117,551,0,73,112,229,0,0,,,,36,0.0059,0.056,0.1632,,0.5902,0.0228,0.0532,0.019,0.0897,0,0,3,0,0,,,,,"12:00 AM, Sunday 14 March 2021","12:00 AM, 14 Mar 2021"
2021-03-13,,,,,,,,,,,float;#0,-1,,,,,,-1,-1,,,,,,,,,,,-1,,,,1,,,,,,,,,,,,,38,3,26,2,,,,,,,,,,,,,,,,,,0.5531,0.1763,0.2705,,,0.6174,337,991,,3578,136,313,112,546,0,73,112,229,0,0,,,,36,0.006,0.0557,0.1638,,0.5915,0.0225,0.0517,0.0185,0.0903,0,0,6,0,0,,,,,"12:00 AM, Saturday 13 March 2021","12:00 AM, 13 Mar 2021"
2021-03-12,317982,15802,302180,9159,145188,147833,78,15482,299199,,float;#314681.000000000,3222,1745,1477,0.5416,0.4584,43,0.93,6.49,320,2915,625,413,65,621,147,1032,13,7,4,1,3,21,0,0,3,1,3159,1723,1436,0.5454,0.4546,42,69,52,17,38,3,26,2,,,4,0.058,3,0.0435,17,0.2464,31,0.4493,14,0.2029,0.3768,0.6232,0.8068,0.1449,0.0459,0.5531,0.1763,0.2705,0.8499,0.1501,0.6165,330,978,,3530,135,313,109,539,0,73,112,229,351,62,334,19,61,36,0.006,0.0553,0.1638,,0.5913,0.0226,0.0524,0.0183,0.0903,0,0,6,0,0,,,,,"12:00 AM, Friday 12 March 2021","12:00 AM, 12 Mar 2021"
2021-03-11,316741,15802,300939,9126,145116,146697,22,15482,298014,,float;#313496.000000000,3222,1745,1477,0.5416,0.4584,43,1.86,7.42,320,2915,625,413,65,621,147,1032,13,7,8,4,4,64,0,0,7,1,3155,1723,1436,0.5461,0.4552,42,69,52,17,38,3,26,2,,,4,0.058,3,0.0435,17,0.2464,31,0.4493,14,0.2029,0.3768,0.6232,0.8087,0.1453,0.046,0.5521,0.1768,0.2712,0.8499,0.1501,0.6151,322,967,,3474,132,309,100,531,0,73,112,228,351,62,334,19,60,35,0.006,0.0549,0.1647,,0.5918,0.0225,0.0526,0.017,0.0905,0,0,3,0,0,,,,,"12:00 AM, Thursday 11 March 2021","12:00 AM, 11 Mar 2021"
2021-03-10,315685,15802,299883,9065,144888,145930,138,15482,296842,,float;#312324.000000000,3222,1745,1477,0.5416,0.4584,43,2.78,8.35,320,2915,625,413,65,621,147,1032,13,7,8,4,4,64,0,0,7,1,3155,1721,1434,0.5455,0.4545,42,69,52,17,38,3,26,2,,,4,0.058,3,0.0435,17,0.2464,31,0.4493,14,0.2029,0.3768,0.6232,0.8087,0.1453,0.046,0.5521,0.1768,0.2712,0.8499,0.1501,0.6155,321,966,,3466,132,303,100,529,0,73,112,228,351,62,334,19,60,35,0.006,0.0549,0.1651,,0.5923,0.0226,0.0518,0.0171,0.0904,0,0,6,0,0,,,,,"12:00 AM, Wednesday 10 March 2021","12:00 AM, 10 Mar 2021"
2021-03-09,314693,15802,298891,9020,144750,145121,24,15482,295964,,float;#311446.000000000,3222,1745,1477,0.5416,0.4584,43,3.71,8.35,320,2915,625,413,65,621,147,1032,13,7,8,4,4,52,0,0,7,1,3155,1721,1434,0.5455,0.4545,42,69,52,17,38,3,26,2,,,4,0.058,3,0.0435,17,0.2464,31,0.4493,14,0.2029,0.3768,0.6232,0.8087,0.1453,0.046,0.5521,0.1768,0.2712,0.8499,0.1501,0.6166,317,946,,3437,131,303,97,526,0,73,112,228,351,62,334,19,60,35,0.006,0.0547,0.1633,,0.5934,0.0226,0.0523,0.0167,0.0908,0,0,6,4,0,,,,,"12:00 AM, Tuesday 9 March 2021","12:00 AM, 9 Mar 2021"
2021-03-08,313110,15802,297308,8950,144546,143812,87,15482,294319,,float;#309801.000000000,3221,1745,1476,0.5418,0.4582,43,3.71,7.42,320,2914,625,412,65,621,147,1032,13,7,7,3,4,51,1,0,6,1,3155,1721,1434,0.5455,0.4545,42,69,52,17,38,3,26,2,,,4,0.058,3,0.0435,17,0.2464,31,0.4493,14,0.2029,0.3768,0.6232,0.8087,0,0,0.5521,0.1768,0.2712,0.8495,0.1505,0.6178,309,943,,3419,130,299,95,522,0,73,112,228,350,62,334,19,60,35,0.0061,0.0537,0.1639,,0.5944,0.0226,0.052,0.0165,0.0908,0,3,6,4,0,1230,4690,240,,"12:00 AM, Monday 8 March 2021","12:00 AM, 8 Mar 2021"
2021-03-07,,,,,,,,,,,float;#0,-1,,,,,,-1,-1,,,,,,,,,,,-1,,,,0,,,,,,,,,,,,,38,3,26,2,,,,,,,,,,,,,,,,,,0.5521,0.1768,0.2712,,,0.6212,300,909,,3392,129,297,92,515,0,73,112,228,0,0,,,,35,0.0062,0.0529,0.1603,,0.5983,0.0228,0.0524,0.0162,0.0908,0,3,6,4,0,,,,,"12:00 AM, Sunday 7 March 2021","12:00 AM, 7 Mar 2021"
2021-03-06,,,,,,,,,,,float;#0,-1,,,,,,-1,-1,,,,,,,,,,,-1,,,,0,,,,,,,,,,,,,38,3,26,2,,,,,,,,,,,,,,,,,,0.551,0.1772,0.2718,,,0.6206,295,902,,3353,129,279,87,506,0,73,112,227,0,0,,,,35,0.0063,0.0528,0.1615,,0.6003,0.0231,0.0499,0.0156,0.0906,0,7,3,4,0,,,,,"12:00 AM, Saturday 6 March 2021","12:00 AM, 6 Mar 2021"
2021-03-05,311294,15802,295492,8889,143991,142612,346,15482,292245,,float;#307727.000000000,3220,1744,1476,0.5416,0.4584,43,5.57,6.49,320,2913,625,412,65,620,147,1032,13,7,7,2,5,56,1,0,6,1,3154,1720,1434,0.5453,0.4547,42,69,52,17,38,3,26,2,,,4,0.058,3,0.0435,17,0.2464,31,0.4493,14,0.2029,0.3768,0.6232,0.8083,0.1456,0.0461,0.551,0.1772,0.2718,0.8495,0.1505,0.622,289,898,,3345,129,279,86,498,0,73,112,227,350,62,333,19,60,35,0.0063,0.052,0.1615,,0.6017,0.0232,0.0502,0.0155,0.0896,0,7,3,4,0,,,,,"12:00 AM, Friday 5 March 2021","12:00 AM, 5 Mar 2021"
2021-03-04,310194,15802,294392,8856,143858,141678,74,15482,291417,,float;#306899.000000000,3220,1744,1476,0.5416,0.4584,43,5.57,8.35,320,2913,625,412,65,620,147,1032,13,7,9,3,6,77,0,0,8,1,3152,1718,1434,0.5451,0.4549,42,69,52,17,38,3,26,2,,,4,0.058,3,0.0435,17,0.2464,31,0.4493,14,0.2029,0.3768,0.6232,0.8083,0.1456,0.0461,0.551,0.1772,0.2718,0.8495,0.1505,0.623,281,890,,3293,129,275,83,484,0,73,112,227,350,62,333,19,60,33,0.006,0.0514,0.1628,,0.6022,0.0236,0.0503,0.0152,0.0885,0,7,6,4,5,,,,,"12:00 AM, Thursday 4 March 2021","12:00 AM, 4 Mar 2021"
2021-03-03,309125,15802,293323,8814,143531,140978,361,15482,290062,,float;#305544.000000000,3219,1743,1476,0.5415,0.4585,43,5.57,10.2,320,2912,625,411,65,620,147,1032,13,7,10,4,6,62,2,0,8,2,3150,1716,1434,0.5448,0.4552,42,69,52,17,38,3,26,2,,,4,0.058,3,0.0435,17,0.2464,31,0.4493,14,0.2029,0.3768,0.6232,0.8083,0.1432,0.0461,0.551,0.1772,0.2718,0.8491,0.1509,0.6242,279,886,,3286,129,274,83,478,0,73,112,227,349,62,333,19,60,33,0.0061,0.0512,0.1626,,0.6032,0.0237,0.0503,0.0152,0.0877,0,7,6,4,5,,,,,"12:00 AM, Wednesday 3 March 2021","12:00 AM, 3 Mar 2021"
2021-03-02,308075,15802,292273,8771,143476,140026,177,15482,289197,,float;#304679.000000000,3218,1743,1475,0.5416,0.4584,43,4.64,12.06,320,2911,625,411,65,619,147,1032,13,7,13,5,8,76,0,0,11,2,3146,1715,1431,0.5451,0.4549,42,69,52,17,38,3,26,2,,,4,0.058,3,0.0435,17,0.2464,31,0.4493,14,0.2029,0.3768,0.6232,0.8102,0.1436,0.0462,0.5499,0.1776,0.2725,0.8491,0.1509,0.6247,275,878,,3252,129,270,79,472,0,73,112,226,349,62,333,19,59,33,0.0061,0.051,0.163,,0.6036,0.0239,0.0501,0.0147,0.0876,0,7,6,4,5,,,,,"12:00 AM, Tuesday 2 March 2021","12:00 AM, 2 Mar 2021"
2021-03-01,306948,15802,291146,8715,143293,139138,162,15482,288086,,float;#303568.000000000,3217,1743,1474,0.5418,0.4582,43,4.64,12.06,320,2910,625,410,65,619,147,1032,13,7,14,5,9,88,1,0,12,2,3144,1714,1430,0.5452,0.4548,42,69,52,17,38,3,26,2,,,4,0.058,3,0.0435,17,0.2464,31,0.4493,14,0.2029,0.3768,0.6232,0.8102,0.1436,0.0462,0.5499,0.1776,0.2725,0.8488,0.1512,0.6264,272,868,,3241,129,270,78,463,0,73,112,226,348,62,333,19,59,33,0.0062,0.0508,0.1621,,0.6053,0.0241,0.0504,0.0146,0.0865,0,3,6,4,5,1170,5630,260,,"12:00 AM, Monday 1 March 2021","12:00 AM, 1 Mar 2021"
2021-02-28,306536,15802,290734,8699,143064,138971,130,15482,287706,,float;#303188.000000000,3217,1743,1474,0.5418,0.4582,43,3.71,12.99,320,2910,625,410,65,619,147,1032,13,7,19,9,10,128,0,0,17,2,3139,1710,1429,0.5448,0.4552,42,69,52,17,38,3,26,2,,,4,0.058,3,0.0435,17,0.2464,31,0.4493,14,0.2029,0.3768,0.6232,0.8102,0.1436,0.0462,0.5499,0.1776,0.2725,0.8488,0.1512,0.6304,261,847,,3222,129,267,76,455,0,73,112,226,348,62,333,19,59,33,0.0062,0.0493,0.1601,,0.6091,0.0244,0.0505,0.0144,0.086,0,3,6,4,5,,,,,"12:00 AM, Sunday 28 February 2021","12:00 AM, 28 Feb 2021"
2021-02-27,305937,15802,290135,8681,142929,138525,115,15482,287123,,float;#302605.000000000,3216,1743,1473,0.542,0.458,43,3.71,13.91,320,2909,625,410,65,618,147,1032,13,7,22,10,12,138,2,0,20,2,3135,1708,1427,0.5448,0.4552,42,69,52,17,38,3,26,2,,,4,0.058,3,0.0435,17,0.2464,31,0.4493,14,0.2029,0.3768,0.6232,0.8098,0.1439,0.0463,0.5488,0.178,0.2732,0.8488,0.1512,0.6369,258,789,,3177,123,264,74,441,0,73,112,225,348,62,332,19,59,33,0.0064,0.05,0.1529,,0.6158,0.0238,0.0512,0.0143,0.0855,0,0,6,4,5,,,,,"12:00 AM, Saturday 27 February 2021","12:00 AM, 27 Feb 2021"
2021-02-26,304698,15802,288896,8654,142649,137593,21,15482,285979,,float;#301461.000000000,3215,1742,1473,0.5418,0.4582,43,1.86,15.77,320,2908,625,410,65,618,146,1032,13,7,25,10,15,159,1,0,24,1,3131,1706,1425,0.5449,0.4551,42,69,52,17,38,3,26,2,,,4,0.058,3,0.0435,17,0.2464,31,0.4493,14,0.2029,0.3768,0.6232,0.8098,0.1439,0.0463,0.5488,0.178,0.2732,0.8488,0.1512,0.6356,253,777,,3144,123,264,72,439,0,73,112,225,348,62,332,19,59,33,0.0065,0.0496,0.1522,,0.6159,0.0241,0.0517,0.0141,0.086,0,0,6,4,5,,,,,"12:00 AM, Friday 26 February 2021","12:00 AM, 26 Feb 2021"
2021-02-25,303692,15802,287890,8620,142557,136713,31,15482,284964,,float;#300446.000000000,3214,1741,1473,0.5417,0.4583,43,2.78,21.34,320,2907,625,410,65,617,146,1032,13,7,27,11,16,167,1,0,26,1,3128,1705,1423,0.5451,0.4549,42,69,52,17,38,3,26,2,,,4,0.058,3,0.0435,17,0.2464,31,0.4493,14,0.2029,0.3768,0.6232,0.8098,0.1439,0.0463,0.5488,0.178,0.2732,0.8488,0.1512,0.6337,245,769,,3068,121,257,69,424,0,73,112,225,348,62,332,19,59,33,0.0066,0.0491,0.1542,,0.6153,0.0243,0.0515,0.0138,0.085,0,0,3,4,0,,,,,"12:00 AM, Thursday 25 February 2021","12:00 AM, 25 Feb 2021"
2021-02-24,302422,15802,286620,8572,142317,135731,96,15482,283629,,float;#299111.000000000,3213,1740,1473,0.5415,0.4585,43,4.64,21.34,320,2906,625,410,65,616,146,1032,13,7,28,12,16,173,0,0,27,1,3126,1704,1422,0.5451,0.4549,42,69,52,17,38,3,26,2,,,4,0.058,3,0.0435,17,0.2464,31,0.4493,14,0.2029,0.3768,0.6232,0.8098,0.1439,0.0463,0.5488,0.178,0.2732,0.8488,0.1512,0.6367,242,763,,3051,121,244,69,416,0,73,112,225,348,62,332,19,59,33,0.0067,0.049,0.1545,,0.6177,0.0245,0.0494,0.014,0.0842,0,0,3,4,5,,,,,"12:00 AM, Wednesday 24 February 2021","12:00 AM, 24 Feb 2021"
2021-02-23,301332,15802,285530,8518,142259,134753,47,15482,282589,,float;#298071.000000000,3213,1740,1473,0.5415,0.4585,43,7.42,23.19,320,2906,625,410,65,616,146,1032,13,7,29,12,17,175,0,0,28,1,3125,1703,1422,0.545,0.455,42,68,51,17,37,3,26,2,,,4,0.0588,3,0.0441,17,0.25,31,0.4559,13,0.1912,0.3824,0.6176,0.8098,0.1439,0.0463,0.5488,0.178,0.2732,0.8488,0.1512,0.6374,238,746,,3011,119,242,66,413,0,73,112,225,348,62,332,19,59,33,0.0068,0.0489,0.1532,,0.6185,0.0244,0.0497,0.0136,0.0848,0,0,6,0,15,,,,,"12:00 AM, Tuesday 23 February 2021","12:00 AM, 23 Feb 2021"
2021-02-22,299875,15802,284073,8460,142099,133514,67,15482,281112,,float;#296594.000000000,3213,1740,1473,0.5415,0.4585,43,8.35,27.83,320,2906,625,410,65,616,146,1032,13,7,35,16,19,203,0,0,33,2,3119,1701,1418,0.5454,0.4546,42,68,51,17,37,3,26,2,,,4,0.0588,3,0.0441,17,0.25,31,0.4559,13,0.1912,0.3824,0.6176,0.8098,0.1439,0.0463,0.5488,0.178,0.2732,0.8488,0.1512,0.6381,238,740,,3006,119,241,66,410,0,73,112,225,348,62,332,19,59,33,0.0068,0.049,0.1525,,0.6194,0.0245,0.0497,0.0136,0.0845,0,3,6,0,24,1170,7160,300,,"12:00 AM, Monday 22 February 2021","12:00 AM, 22 Feb 2021"
2021-02-21,299394,15802,283592,8434,141945,133213,46,15482,280652,,float;#296134.000000000,3213,1740,1473,0.5415,0.4585,43,9.28,33.4,320,2906,625,410,65,616,146,1032,13,7,38,18,20,215,0,0,37,1,3117,1700,1417,0.5454,0.4546,42,68,51,17,37,3,26,2,,,4,0.0588,3,0.0441,17,0.25,31,0.4559,13,0.1912,0.3824,0.6176,0.8098,0.1439,0.0463,0.5488,0.178,0.2732,0.8488,0.1512,0.6399,228,728,,2979,117,240,60,404,0,73,112,225,348,62,332,19,59,33,0.0069,0.0476,0.152,,0.6221,0.0244,0.0501,0.0125,0.0844,0,3,6,0,29,,,,,"12:00 AM, Sunday 21 February 2021","12:00 AM, 21 Feb 2021"
2021-02-20,298820,15802,283018,8411,141829,132778,37,15482,280087,,float;#295569.000000000,3213,1740,1473,0.5415,0.4585,43,11.13,34.32,320,2906,625,410,65,616,146,1032,13,7,41,18,23,212,0,0,40,1,3114,1699,1415,0.5456,0.4544,42,68,51,17,37,3,26,2,,,4,0.0588,3,0.0441,17,0.25,31,0.4559,13,0.1912,0.3824,0.6176,0.8098,0.1439,0.0463,0.5488,0.178,0.2732,0.8488,0.1512,0.64,216,722,,2925,114,234,60,393,0,73,112,225,348,62,332,19,59,31,0.0066,0.046,0.1538,,0.623,0.0243,0.0498,0.0128,0.0837,0,3,9,0,29,,,,,"12:00 AM, Saturday 20 February 2021","12:00 AM, 20 Feb 2021"
2021-02-19,297255,15802,281453,8372,141607,131474,69,15482,278490,,float;#293972.000000000,3213,1740,1473,0.5415,0.4585,43,13.91,37.11,320,2906,625,410,65,616,146,1032,13,7,43,19,24,240,2,0,42,1,3113,1698,1415,0.5455,0.4545,42,68,51,17,37,3,26,2,,,4,0.0588,3,0.0441,17,0.25,31,0.4559,13,0.1912,0.3824,0.6176,0.8098,0.1439,0.0463,0.5488,0.178,0.2732,0.8488,0.1512,0.6407,216,719,,2920,114,234,60,391,0,73,112,225,348,62,332,19,59,31,0.0066,0.0461,0.1535,,0.6233,0.0243,0.0499,0.0128,0.0835,0,7,13,0,29,,,,,"12:00 AM, Friday 19 February 2021","12:00 AM, 19 Feb 2021"
2021-02-18,295988,15802,280186,8306,141556,130324,187,15482,277110,,float;#292592.000000000,3208,1736,1472,0.5411,0.4589,43,18.55,34.32,320,2901,625,410,65,615,146,1028,13,7,43,20,23,243,3,0,43,0,3108,1696,1412,0.5457,0.4543,42,68,51,17,37,3,26,2,,,4,0.0588,3,0.0441,17,0.25,31,0.4559,13,0.1912,0.3824,0.6176,0.8098,0.1439,0.0463,0.5488,0.178,0.2732,0.8488,0.1512,0.6415,211,706,,2872,109,226,57,378,0,73,112,225,348,62,332,19,59,30,0.0065,0.046,0.1538,,0.6258,0.0238,0.0492,0.0124,0.0824,0,13,16,0,34,,,,,"12:00 AM, Thursday 18 February 2021","12:00 AM, 18 Feb 2021"
2021-02-17,294350,15802,278548,8261,141215,129072,96,15482,275564,,float;#291046.000000000,3207,1736,1471,0.5413,0.4587,43,16.7,36.18,320,2900,625,410,65,615,146,1027,13,7,42,19,23,198,2,0,42,0,3108,1696,1412,0.5457,0.4543,42,68,51,17,37,3,26,2,,,4,0.0588,3,0.0441,17,0.25,31,0.4559,13,0.1912,0.3824,0.6176,0.8098,0.1439,0.0463,0.5488,0.178,0.2732,0.8488,0.1512,0.6416,211,701,,2868,108,224,56,376,0,73,112,225,348,62,332,19,59,30,0.0066,0.0461,0.1533,,0.627,0.0236,0.049,0.0122,0.0822,0,20,25,0,29,,,,,"12:00 AM, Wednesday 17 February 2021","12:00 AM, 17 Feb 2021"
2021-02-16,292918,15802,277116,8210,141147,127759,40,15482,274190,,float;#289672.000000000,3205,1734,1471,0.541,0.459,43,15.77,40.82,320,2898,624,410,65,615,146,1026,13,7,41,18,23,183,2,0,41,0,3107,1696,1411,0.5459,0.4541,42,68,51,17,37,3,26,2,,,4,0.0588,3,0.0441,17,0.25,31,0.4559,13,0.1912,0.3824,0.6176,0.8098,0.1439,0.0463,0.5488,0.178,0.2732,0.8488,0.1512,0.6423,210,691,,2848,107,223,55,372,0,73,112,225,348,62,332,19,59,30,0.0066,0.0463,0.1523,,0.6279,0.0236,0.0492,0.0121,0.082,0,20,22,4,19,,,,,"12:00 AM, Tuesday 16 February 2021","12:00 AM, 16 Feb 2021"
2021-02-15,291233,15802,275431,8158,140927,126346,36,15482,272511,,float;#287993.000000000,3203,1734,1469,0.5414,0.4586,43,19.48,40.82,320,2896,623,410,65,615,146,1025,13,7,45,21,24,208,1,0,45,0,3101,1692,1409,0.5456,0.4544,42,68,51,17,37,3,26,2,,,4,0.0588,3,0.0441,17,0.25,31,0.4559,13,0.1912,0.3824,0.6176,0.8098,0.1439,0.0463,0.5488,0.178,0.2732,0.8488,0.1512,0.6437,205,684,,2828,105,222,54,367,0,73,112,225,348,62,332,19,59,30,0.0067,0.0456,0.1522,,0.6291,0.0234,0.0494,0.012,0.0816,0,23,22,8,10,1130,5630,380,,"12:00 AM, Monday 15 February 2021","12:00 AM, 15 Feb 2021"
2021-02-14,290797,15802,274995,8130,140782,126083,25,15482,272087,,float;#287569.000000000,3202,1733,1469,0.5412,0.4588,43,24.12,45.45,320,2895,623,410,65,615,146,1024,13,7,47,24,23,211,3,0,46,1,3098,1689,1409,0.5452,0.4548,42,67,50,17,37,3,25,2,,,4,0.0597,3,0.0448,16,0.2388,31,0.4627,13,0.194,0.3881,0.6119,0.8098,0.1439,0.0463,0.5488,0.178,0.2732,0.8488,0.1512,0.6496,194,646,,2802,104,220,53,356,0,73,112,225,348,62,332,19,59,30,0.0068,0.044,0.1467,,0.6361,0.0236,0.0499,0.012,0.0808,0,30,28,12,10,,,,,"12:00 AM, Sunday 14 February 2021","12:00 AM, 14 Feb 2021"
2021-02-13,290156,15802,274354,8112,140644,125598,22,15482,271451,,float;#286933.000000000,3200,1732,1468,0.5413,0.4588,43,23.19,46.38,320,2893,622,410,65,615,146,1023,13,7,51,25,26,223,2,0,50,1,3092,1687,1405,0.5456,0.4544,42,67,50,17,37,3,25,2,,,4,0.0597,3,0.0448,16,0.2388,31,0.4627,13,0.194,0.3881,0.6119,0.8098,0.1439,0.0463,0.5488,0.178,0.2732,0.8488,0.1512,0.6502,189,638,,2758,103,219,52,349,0,73,112,225,348,62,332,19,59,30,0.0069,0.0436,0.1471,,0.6358,0.0237,0.0505,0.012,0.0805,0,30,35,20,10,,,,,"12:00 AM, Saturday 13 February 2021","12:00 AM, 13 Feb 2021"
2021-02-12,289255,15802,273453,8073,140513,124867,373,15482,270201,,float;#285683.000000000,3198,1732,1466,0.5416,0.4584,43,23.19,50.09,320,2891,622,409,65,615,146,1022,13,7,55,28,27,236,6,0,53,2,3086,1682,1404,0.545,0.455,42,67,50,17,37,3,25,2,,,4,0.0597,3,0.0448,16,0.2388,31,0.4627,13,0.194,0.3881,0.6119,0.8098,0.1415,0.0463,0.5488,0.178,0.2732,0.8484,0.1516,0.649,186,629,,2733,100,219,51,347,0,73,112,225,347,62,332,19,59,30,0.007,0.0433,0.1464,,0.6363,0.0233,0.051,0.0119,0.0808,0,30,32,20,10,,,,,"12:00 AM, Friday 12 February 2021","12:00 AM, 12 Feb 2021"
2021-02-11,287821,15802,272019,7977,140314,123728,81,15482,269066,,float;#284548.000000000,3191,1727,1464,0.5412,0.4588,43,18.55,46.38,320,2884,622,409,65,609,146,1021,13,7,52,29,23,228,2,0,49,3,3082,1681,1401,0.5454,0.4546,42,67,50,17,37,3,25,2,,,4,0.0597,3,0.0448,16,0.2388,31,0.4627,13,0.194,0.3881,0.6119,0.8117,0.1418,0.0465,0.5477,0.1785,0.2738,0.8484,0.1516,0.6527,180,617,,2689,96,213,50,333,0,73,112,224,347,62,332,19,58,30,0.0071,0.0428,0.1466,,0.639,0.0228,0.0506,0.0119,0.0791,0,26,28,20,10,,,,,"12:00 AM, Thursday 11 February 2021","12:00 AM, 11 Feb 2021"
2021-02-10,286813,15802,271011,7886,140174,122951,207,15482,267932,,float;#283414.000000000,3190,1727,1463,0.5414,0.4586,43,20.41,49.17,320,2883,622,409,65,608,146,1021,13,7,56,33,23,239,2,0,52,4,3077,1677,1400,0.545,0.455,42,67,50,17,37,3,25,2,,,4,0.0597,3,0.0448,16,0.2388,31,0.4627,13,0.194,0.3881,0.6119,0.8117,0.1418,0.0465,0.5477,0.1785,0.2738,0.8484,0.1516,0.6537,177,612,,2680,96,213,49,331,0,73,112,224,347,62,332,19,58,30,0.0072,0.0423,0.1461,,0.6399,0.0229,0.0509,0.0117,0.079,0,23,19,20,10,,,,,"12:00 AM, Wednesday 10 February 2021","12:00 AM, 10 Feb 2021"
2021-02-09,285672,15802,269870,7833,139997,122040,85,15482,266917,,float;#282399.000000000,3187,1725,1462,0.5413,0.4587,43,25.05,50.09,320,2880,621,409,65,608,145,1020,13,7,56,32,24,171,6,0,52,4,3074,1677,1397,0.5455,0.4545,42,67,50,17,37,3,25,2,,,4,0.0597,3,0.0448,16,0.2388,31,0.4627,13,0.194,0.3881,0.6119,0.8117,0.1418,0.0465,0.5477,0.1785,0.2738,0.8484,0.1516,0.6535,176,599,,2628,96,213,47,324,0,73,112,224,347,62,332,19,58,30,0.0073,0.0428,0.1456,,0.6389,0.0233,0.0518,0.0114,0.0788,0,26,25,16,10,,,,,"12:00 AM, Tuesday 9 February 2021","12:00 AM, 9 Feb 2021"
2021-02-08,284098,15802,268296,7774,139797,120725,45,15482,265393,,float;#280875.000000000,3177,1720,1457,0.5414,0.4586,43,22.26,45.45,320,2870,621,405,64,606,145,1017,13,7,54,34,20,197,6,0,51,3,3066,1673,1393,0.5457,0.4543,42,67,50,17,37,3,25,2,,,4,0.0597,3,0.0448,16,0.2388,31,0.4627,13,0.194,0.3881,0.6119,0.8117,0.1418,0.0465,0.5477,0.1785,0.2738,0.8469,0.1531,0.6533,176,598,,2624,96,213,47,324,0,73,112,224,343,62,332,19,58,30,0.0073,0.0428,0.1456,,0.6388,0.0234,0.0519,0.0114,0.0789,0,33,32,12,10,1230,4890,350,,"12:00 AM, Monday 8 February 2021","12:00 AM, 8 Feb 2021"
2021-02-07,283596,15802,267794,7753,139564,120477,27,15482,264910,,float;#280392.000000000,3176,1720,1456,0.5416,0.4584,43,22.26,47.31,320,2869,621,405,64,605,145,1017,13,7,59,35,24,208,1,0,56,3,3060,1670,1390,0.5458,0.4542,42,67,50,17,37,3,25,2,,,4,0.0597,3,0.0448,16,0.2388,31,0.4627,13,0.194,0.3881,0.6119,0.8117,0.1418,0.0465,0.5477,0.1785,0.2738,0.8469,0.1531,0.6573,168,576,,2595,96,209,45,316,0,73,112,224,343,62,332,19,58,29,0.0072,0.0416,0.1428,,0.6433,0.0238,0.0518,0.0112,0.0783,0,30,28,8,5,,,,,"12:00 AM, Sunday 7 February 2021","12:00 AM, 7 Feb 2021"
2021-02-06,283108,15802,267306,7720,139486,120100,68,15482,264383,,float;#279865.000000000,3174,1719,1455,0.5416,0.4584,43,24.12,51.02,320,2867,621,404,64,605,145,1016,13,7,64,39,25,275,2,0,61,3,3053,1665,1388,0.5454,0.4546,42,67,50,17,37,3,25,2,,,4,0.0597,3,0.0448,16,0.2388,31,0.4627,13,0.194,0.3881,0.6119,0.8099,0.1432,0.0469,0.5432,0.1802,0.2765,0.8465,0.1535,0.6649,159,532,,2533,91,205,43,309,0,73,112,220,342,62,328,19,58,29,0.0074,0.0408,0.1364,,0.6493,0.0233,0.0526,0.011,0.0792,0,36,22,12,5,,,,,"12:00 AM, Saturday 6 February 2021","12:00 AM, 6 Feb 2021"
2021-02-05,282099,15802,266297,7672,139331,119294,137,15482,263306,,float;#278788.000000000,3173,1719,1454,0.5418,0.4582,43,27.83,57.51,320,2866,621,404,64,604,145,1016,13,7,72,46,26,279,2,1,68,3,3044,1660,1384,0.5453,0.4547,42,67,50,17,37,3,25,2,,,4,0.0597,3,0.0448,16,0.2388,31,0.4627,13,0.194,0.3881,0.6119,0.8099,0.1432,0.0469,0.5432,0.1802,0.2765,0.8465,0.1535,0.6652,159,526,,2521,90,205,42,306,0,73,112,220,342,62,328,19,58,29,0.0075,0.041,0.1356,,0.6501,0.0232,0.0529,0.0108,0.0789,0,39,22,16,5,,,,,"12:00 AM, Friday 5 February 2021","12:00 AM, 5 Feb 2021"
2021-02-04,281005,15802,265203,7622,139194,118387,81,15482,262270,,float;#277752.000000000,3171,1718,1453,0.5418,0.4582,43,27.83,65.86,320,2864,621,404,64,604,145,1014,13,7,82,53,29,316,0,1,77,4,3032,1651,1381,0.5445,0.4555,42,67,50,17,37,3,25,2,,,4,0.0597,3,0.0448,16,0.2388,31,0.4627,13,0.194,0.3881,0.6119,0.8094,0.1436,0.047,0.5421,0.1807,0.2772,0.8465,0.1535,0.6678,153,518,,2471,90,204,38,276,0,73,112,219,342,62,327,19,58,29,0.0077,0.0405,0.1371,,0.6539,0.0238,0.054,0.0101,0.073,0,39,28,24,10,,,,,"12:00 AM, Thursday 4 February 2021","12:00 AM, 4 Feb 2021"
2021-02-03,279841,15802,264039,7563,138887,117589,23,15482,261170,,float;#276652.000000000,3165,1715,1450,0.5419,0.4581,43,28.76,68.65,320,2858,620,403,64,601,145,1013,13,7,89,57,32,333,10,3,82,4,3019,1642,1377,0.5439,0.4561,42,67,50,17,37,3,25,2,,,4,0.0597,3,0.0448,16,0.2388,31,0.4627,13,0.194,0.3881,0.6119,0.8094,0.1411,0.047,0.5421,0.1807,0.2772,0.8462,0.1538,0.6684,152,512,,2462,90,196,37,275,0,73,112,219,341,62,327,19,58,28,0.0075,0.0405,0.1365,,0.6562,0.024,0.0522,0.0099,0.0733,0,36,28,24,15,,,,,"12:00 AM, Wednesday 3 February 2021","12:00 AM, 3 Feb 2021"
2021-02-02,278971,15802,263169,7511,138849,116809,124,15482,260203,,float;#275685.000000000,3161,1712,1449,0.5416,0.4584,43,26.9,76.99,320,2854,619,403,64,601,145,1010,13,7,98,60,38,349,2,3,92,3,3006,1636,1370,0.5442,0.4558,42,67,50,17,37,3,25,2,,,4,0.0597,3,0.0448,16,0.2388,31,0.4627,13,0.194,0.3881,0.6119,0.8114,0.1414,0.0471,0.5409,0.1811,0.2779,0.8462,0.1538,0.6694,149,510,,2433,89,194,36,266,0,73,112,218,341,62,327,19,57,26,0.007,0.0402,0.1377,,0.657,0.024,0.0524,0.0097,0.0718,0,43,22,24,19,,,,,"12:00 AM, Tuesday 2 February 2021","12:00 AM, 2 Feb 2021"
2021-02-01,277836,15802,262034,7429,138670,115935,589,15482,258610,,float;#274092.000000000,3154,1708,1446,0.5415,0.4585,43,28.76,80.71,320,2847,619,402,64,600,145,1005,13,7,94,57,37,362,7,3,88,3,3003,1635,1368,0.5445,0.4555,42,66,49,17,36,3,25,2,,,4,0.0606,3,0.0455,16,0.2424,31,0.4697,12,0.1818,0.3939,0.6061,0.8114,0.1414,0.0471,0.5409,0.1811,0.2779,0.8458,0.1542,0.6692,145,507,,2421,89,193,36,266,0,73,112,218,340,62,327,19,57,26,0.0071,0.0394,0.1377,,0.6573,0.0242,0.0524,0.0098,0.0722,0,30,28,28,19,1930,5940,360,,"12:00 AM, Monday 1 February 2021","12:00 AM, 1 Feb 2021"
2021-01-31,277027,15802,261225,7405,138360,115460,122,15482,258270,,float;#273752.000000000,3152,1707,1445,0.5416,0.4584,43,25.97,86.27,320,2845,618,402,64,599,145,1005,13,7,104,61,43,381,0,5,95,4,2991,1628,1363,0.5443,0.4557,42,66,49,17,36,3,25,2,,,4,0.0606,3,0.0455,16,0.2424,31,0.4697,12,0.1818,0.3939,0.6061,0.8114,0.1414,0.0471,0.5409,0.1811,0.2779,0.8458,0.1542,0.6764,135,477,,2406,88,193,33,262,0,73,112,218,340,62,327,19,57,26,0.0072,0.0373,0.1318,,0.6646,0.0243,0.0533,0.0091,0.0724,0,33,32,32,19,,,,,"12:00 AM, Sunday 31 January 2021","12:00 AM, 31 Jan 2021"
2021-01-30,276504,15802,260702,7358,138275,115069,41,15482,257834,,float;#273316.000000000,3146,1703,1443,0.5413,0.4587,43,28.76,85.34,320,2839,618,399,62,599,144,1005,13,7,107,61,46,407,8,7,97,3,2982,1625,1357,0.5449,0.4551,42,66,49,17,36,3,25,2,,,4,0.0606,3,0.0455,16,0.2424,31,0.4697,12,0.1818,0.3939,0.6061,0.8109,0.1418,0.0473,0.5398,0.1816,0.2786,0.8471,0.1529,0.6783,130,467,,2352,87,191,33,252,0,73,112,217,338,61,326,19,57,26,0.0073,0.0367,0.132,,0.6648,0.0246,0.054,0.0093,0.0712,0,26,32,24,19,,,,,"12:00 AM, Saturday 30 January 2021","12:00 AM, 30 Jan 2021"
2021-01-29,275149,15802,259347,7297,138047,114003,387,15482,256136,,float;#271618.000000000,3143,1702,1441,0.5415,0.4585,43,29.68,89.98,320,2836,618,399,60,599,144,1004,13,7,109,64,45,384,2,7,99,3,2977,1623,1354,0.5452,0.4548,42,66,49,17,36,3,25,2,,,4,0.0606,3,0.0455,16,0.2424,31,0.4697,12,0.1818,0.3939,0.6061,0.8109,0.1393,0.0473,0.5398,0.1816,0.2786,0.8471,0.1529,0.6783,128,467,,2340,85,191,33,250,0,73,112,217,338,61,326,19,57,26,0.0074,0.0364,0.1327,,0.6648,0.0241,0.0543,0.0094,0.071,0,26,38,20,29,,,,,"12:00 AM, Friday 29 January 2021","12:00 AM, 29 Jan 2021"
2021-01-28,273768,15802,257966,7234,137573,113159,154,15482,254991,,float;#270473.000000000,3140,1700,1440,0.5414,0.4586,43,38.03,97.4,320,2833,618,399,60,599,144,1001,13,7,117,65,52,347,5,7,105,5,2969,1618,1351,0.545,0.455,42,65,48,17,35,3,25,2,,,3,0.0462,3,0.0462,16,0.2462,31,0.4769,12,0.1846,0.4,0.6,0.812,0.1404,0.0476,0.5363,0.183,0.2807,0.8471,0.1529,0.6799,126,462,,2304,83,190,32,234,0,73,112,214,338,61,324,19,56,25,0.0072,0.0365,0.1337,,0.6667,0.024,0.055,0.0093,0.0677,0,43,35,16,19,,,,,"12:00 AM, Thursday 28 January 2021","12:00 AM, 28 Jan 2021"
2021-01-27,272267,15802,256465,7171,137347,111947,263,15482,253387,,float;#268869.000000000,3134,1698,1436,0.5418,0.4582,43,42.67,105.75,320,2827,617,399,60,595,144,1000,13,7,140,80,60,515,5,9,127,4,2940,1602,1338,0.5449,0.4551,42,64,47,17,34,3,25,2,,,3,0.0469,3,0.0469,16,0.25,30,0.4688,12,0.1875,0.4063,0.5938,0.812,0.1404,0.0476,0.5363,0.183,0.2807,0.8471,0.1529,0.6798,125,455,,2277,83,190,32,234,0,73,112,214,338,61,324,19,56,25,0.0073,0.0365,0.133,,0.6656,0.0243,0.0555,0.0094,0.0684,0,66,41,24,15,,,,,"12:00 AM, Wednesday 27 January 2021","12:00 AM, 27 Jan 2021"
2021-01-26,270722,15802,254920,7126,136889,110905,112,15482,251997,,float;#267479.000000000,3130,1696,1434,0.5419,0.4581,43,50.09,115.03,320,2823,617,399,60,593,144,998,13,7,143,81,62,555,5,9,131,3,2933,1597,1336,0.5445,0.4555,42,63,46,17,34,3,24,2,,,3,0.0476,3,0.0476,15,0.2381,30,0.4762,12,0.1905,0.4127,0.5873,0.812,0.1404,0.0476,0.5363,0.183,0.2807,0.8471,0.1529,0.6832,118,444,,2255,82,186,32,230,0,73,112,214,338,61,324,19,56,25,0.0074,0.035,0.1317,,0.6687,0.0243,0.0552,0.0095,0.0682,0,62,54,32,10,,,,,"12:00 AM, Tuesday 26 January 2021","12:00 AM, 26 Jan 2021"
2021-01-25,269556,15802,253754,7065,136747,109942,203,15482,250743,,float;#266225.000000000,3127,1694,1433,0.5417,0.4583,43,56.59,120.59,320,2820,617,399,60,590,144,998,13,7,143,80,63,546,3,11,129,3,2930,1594,1336,0.544,0.456,42,63,46,17,34,3,24,2,,,3,0.0476,3,0.0476,15,0.2381,30,0.4762,12,0.1905,0.4127,0.5873,0.812,0.1404,0.0476,0.5363,0.183,0.2807,0.8471,0.1529,0.6847,116,432,,2233,82,184,32,230,0,73,112,214,338,61,324,19,56,25,0.0075,0.0348,0.1296,,0.6698,0.0246,0.0552,0.0096,0.069,0,85,50,36,15,2180,5710,280,,"12:00 AM, Monday 25 January 2021","12:00 AM, 25 Jan 2021"
2021-01-24,268902,15802,253100,7049,136380,109671,175,15482,250122,,float;#265604.000000000,3122,1691,1431,0.5416,0.4584,43,61.22,135.44,320,2815,614,399,60,589,144,997,13,7,151,82,69,590,6,12,134,5,2918,1587,1331,0.5439,0.4561,42,63,46,17,34,3,24,2,,,3,0.0476,3,0.0476,15,0.2381,30,0.4762,12,0.1905,0.4127,0.5873,0.812,0.1404,0.0476,0.5363,0.183,0.2807,0.8471,0.1529,0.6853,115,415,,2208,81,184,31,228,0,73,112,214,338,61,324,19,56,25,0.0076,0.035,0.1263,,0.6717,0.0246,0.056,0.0094,0.0694,0,92,57,40,19,,,,,"12:00 AM, Sunday 24 January 2021","12:00 AM, 24 Jan 2021"
2021-01-23,268424,15802,252622,7031,136197,109394,171,15482,249654,,float;#265136.000000000,3116,1688,1428,0.5417,0.4583,43,60.3,145.64,320,2809,611,399,60,589,144,994,13,7,168,88,80,626,3,13,150,5,2895,1577,1318,0.5447,0.4553,42,63,46,17,34,3,24,2,,,3,0.0476,3,0.0476,15,0.2381,30,0.4762,12,0.1905,0.4127,0.5873,0.812,0.1404,0.0476,0.5363,0.183,0.2807,0.8471,0.1529,0.692,104,394,,2125,71,177,31,210,0,73,112,214,338,61,324,19,56,25,0.008,0.0332,0.1256,,0.6774,0.0226,0.0564,0.0099,0.0669,0,95,63,44,29,,,,,"12:00 AM, Saturday 23 January 2021","12:00 AM, 23 Jan 2021"
2021-01-22,267156,15802,251354,6985,135788,108581,265,15482,248304,,float;#263786.000000000,3104,1681,1423,0.5416,0.4584,43,60.3,168.83,320,2797,609,399,60,583,144,990,13,7,173,85,88,679,17,21,147,5,2879,1565,1314,0.5436,0.4564,42,63,46,17,34,3,24,2,,,3,0.0476,3,0.0476,15,0.2381,30,0.4762,12,0.1905,0.4127,0.5873,0.812,0.1404,0.0476,0.5363,0.183,0.2807,0.8471,0.1529,0.6908,104,392,,2109,65,177,31,209,0,73,112,214,338,61,324,19,56,25,0.008,0.0334,0.126,,0.6777,0.0209,0.0569,0.01,0.0672,0,95,57,48,29,,,,,"12:00 AM, Friday 22 January 2021","12:00 AM, 22 Jan 2021"
2021-01-21,265597,15802,249795,6933,135599,107263,165,15482,246852,,float;#262334.000000000,3097,1675,1422,0.5408,0.4592,43,60.3,173.47,320,2790,609,399,60,580,143,987,13,7,187,96,91,697,6,20,163,4,2858,1554,1304,0.5437,0.4563,42,62,45,17,34,3,23,2,,,3,0.0484,3,0.0484,15,0.2419,29,0.4677,12,0.1935,0.4194,0.5806,0.812,0.1404,0.0476,0.5363,0.183,0.2807,0.8471,0.1529,0.6951,103,383,,2058,62,165,28,194,0,73,112,214,338,61,324,19,56,25,0.0083,0.0341,0.1269,,0.6819,0.0205,0.0547,0.0093,0.0643,0,79,63,56,34,,,,,"12:00 AM, Thursday 21 January 2021","12:00 AM, 21 Jan 2021"
2021-01-20,264758,15802,248956,6898,135485,106753,817,15482,245370,,float;#260852.000000000,3088,1672,1416,0.5415,0.4585,43,65.86,177.18,320,2781,608,396,60,578,143,984,13,7,192,99,93,704,13,21,167,4,2844,1547,1297,0.544,0.456,42,62,45,17,34,3,23,2,,,3,0.0484,3,0.0484,15,0.2419,29,0.4677,12,0.1935,0.4194,0.5806,0.812,0.1404,0.0476,0.5363,0.183,0.2807,0.846,0.154,0.6951,99,376,,2034,62,154,27,193,0,73,112,214,335,61,324,19,56,24,0.0081,0.0333,0.1266,,0.6851,0.0209,0.0519,0.0091,0.065,0,75,57,52,48,,,,,"12:00 AM, Wednesday 20 January 2021","12:00 AM, 20 Jan 2021"
2021-01-19,262762,15802,246960,6829,134752,105379,94,15482,244108,,float;#259590.000000000,3077,1666,1411,0.5414,0.4586,43,66.79,181.82,320,2770,606,396,60,573,143,980,13,7,207,112,95,700,12,21,180,6,2818,1532,1286,0.5436,0.4564,42,62,45,17,34,3,,2,,,3,0.0484,3,0.0484,15,0.2419,29,0.4677,12,0.1935,0.4194,0.5806,0.812,0.1404,0.0476,0.5363,0.183,0.2807,0.846,0.154,0.6955,99,373,,2014,61,153,27,193,0,73,112,214,335,61,324,19,56,24,0.0082,0.0336,0.1267,,0.6841,0.0207,0.052,0.0092,0.0656,0,89,63,56,48,,,,,"12:00 AM, Tuesday 19 January 2021","12:00 AM, 19 Jan 2021"
2021-01-18,261287,15802,245485,6783,134523,104179,106,15482,242637,,float;#258119.000000000,3061,1654,1407,0.5403,0.4597,43,64.94,187.38,320,2754,605,393,60,570,139,975,13,7,225,122,103,822,9,21,198,6,2784,1511,1273,0.5427,0.4573,42,62,45,17,34,3,,2,,,3,0.0484,3,0.0484,15,0.2419,29,0.4677,12,0.1935,0.4194,0.5806,0.8106,0.1414,0.048,0.5328,0.1843,0.2828,0.8448,0.1552,0.692,98,360,,1872,58,142,27,183,0,73,112,211,332,61,321,19,56,24,0.0087,0.0355,0.1302,,0.6773,0.021,0.0514,0.0098,0.0662,0,75,82,52,48,2800,5840,310,,"12:00 AM, Monday 18 January 2021","12:00 AM, 18 Jan 2021"
2021-01-17,260823,15802,245021,6753,134305,103963,132,15482,242154,,float;#257636.000000000,3054,1651,1403,0.5406,0.4594,43,77.92,202.23,320,2747,605,393,60,569,138,970,13,7,241,135,106,856,5,20,215,6,2761,1498,1263,0.5426,0.4574,42,62,45,17,34,3,,2,,,3,0.0484,3,0.0484,15,0.2419,29,0.4677,12,0.1935,0.4194,0.5806,0.8106,0.1414,0.048,0.5328,0.1843,0.2828,0.8448,0.1552,0.7069,93,300,,1846,53,140,25,181,0,73,112,211,332,61,321,19,56,24,0.009,0.0349,0.1127,,0.6935,0.0199,0.0526,0.0094,0.068,0,72,88,44,44,,,,,"12:00 AM, Sunday 17 January 2021","12:00 AM, 17 Jan 2021"
2021-01-16,259969,15802,244167,6721,134120,103326,154,15482,241285,,float;#256767.000000000,3047,1646,1401,0.5402,0.4598,43,88.13,224.49,320,2740,604,389,60,569,136,970,13,7,257,151,106,962,7,18,233,6,2738,1482,1256,0.5413,0.4587,42,62,45,17,34,3,,2,,,3,0.0484,3,0.0484,15,0.2419,29,0.4677,12,0.1935,0.4194,0.5806,0.8092,0.1425,0.0483,0.5293,0.1858,0.285,0.8458,0.1542,0.7077,87,290,,1781,52,136,23,167,0,73,112,208,329,60,318,19,56,24,0.0094,0.034,0.1133,,0.6957,0.0203,0.0531,0.009,0.0652,0,95,110,36,53,,,,,"12:00 AM, Saturday 16 January 2021","12:00 AM, 16 Jan 2021"
2021-01-15,258540,15802,242738,6665,133465,102608,128,15482,239885,,float;#255367.000000000,3044,1645,1399,0.5404,0.4596,43,115.03,239.33,320,2737,604,389,60,569,136,967,13,7,272,161,111,940,11,19,247,6,2721,1476,1245,0.5424,0.4576,42,62,45,17,34,3,,2,,,3,0.0484,3,0.0484,15,0.2419,29,0.4677,12,0.1935,0.4194,0.5806,0.8092,0.1374,0.0483,0.5293,0.1858,0.285,0.8458,0.1542,0.7077,87,289,,1781,52,136,23,167,0,73,112,208,329,60,318,19,56,24,0.0094,0.034,0.1129,,0.696,0.0203,0.0531,0.009,0.0653,0,125,126,32,44,,,,,"12:00 AM, Friday 15 January 2021","12:00 AM, 15 Jan 2021"
2021-01-14,256945,15802,241143,6616,132785,101742,130,15482,238303,,float;#253785.000000000,3029,1640,1389,0.5414,0.4586,43,115.96,240.26,320,2722,602,387,60,562,136,963,13,7,268,160,108,942,11,19,245,4,2710,1471,1239,0.5428,0.4572,42,60,43,17,33,3,,2,,,3,0.05,3,0.05,14,0.2333,28,0.4667,12,0.2,0.4333,0.5667,0.8123,0.1388,0.0488,0.5244,0.1877,0.2879,0.845,0.155,0.7053,87,281,,1707,48,127,22,161,0,73,112,204,327,60,316,19,54,24,0.0098,0.0354,0.1144,,0.6947,0.0195,0.0517,0.009,0.0655,0,171,139,84,44,,,,,"12:00 AM, Thursday 14 January 2021","12:00 AM, 14 Jan 2021"
2021-01-13,255197,15802,239395,6569,132332,100494,111,15482,236587,,float;#252069.000000000,3016,1632,1384,0.5411,0.4589,43,114.1,256.03,320,2709,600,386,60,556,134,961,13,7,283,168,115,993,17,17,261,5,2682,1454,1228,0.5421,0.4579,42,60,43,17,33,3,,2,,,3,0.05,3,0.05,14,0.2333,28,0.4667,12,0.2,0.4333,0.5667,0.8123,0.1362,0.0488,0.5244,0.1877,0.2879,0.8446,0.1554,0.7051,87,274,,1680,47,127,22,160,0,73,112,204,326,60,316,19,54,24,0.0099,0.0359,0.1132,,0.6939,0.0194,0.0525,0.0091,0.0661,0,164,151,88,29,,,,,"12:00 AM, Wednesday 13 January 2021","12:00 AM, 13 Jan 2021"
2021-01-12,254103,15802,238301,6517,132202,99582,335,15482,235282,,float;#250764.000000000,3003,1625,1378,0.5411,0.4589,43,115.96,272.73,320,2696,599,385,60,550,134,956,13,7,288,172,116,968,9,17,266,5,2664,1446,1218,0.5428,0.4572,42,59,42,17,32,3,,2,,,2,0.0339,3,0.0508,14,0.2373,28,0.4746,12,0.2034,0.4237,0.5763,0.8135,0.1373,0.0492,0.5207,0.1891,0.2902,0.8468,0.1532,0.7055,85,269,,1656,47,127,22,157,0,73,112,201,326,59,314,19,53,24,0.0101,0.0356,0.1127,,0.6938,0.0197,0.0532,0.0092,0.0658,0,157,148,92,39,,,,,"12:00 AM, Tuesday 12 January 2021","12:00 AM, 12 Jan 2021"
2021-01-11,252366,15802,236564,6470,131728,98366,119,15482,233771,,float;#249253.000000000,2993,1619,1374,0.5409,0.4591,43,128.01,277.37,320,2686,598,379,59,550,134,954,13,7,302,180,122,956,14,17,280,5,2642,1435,1207,0.5431,0.4569,42,59,42,17,32,3,,2,,,2,0.0339,3,0.0508,14,0.2373,28,0.4746,12,0.2034,0.4237,0.5763,0.8135,0.1373,0.0389,0.5207,0.1891,0.2902,0.8522,0.1478,0.7059,82,265,,1640,47,126,22,157,0,73,112,201,323,56,314,19,53,24,0.0102,0.0347,0.1121,,0.694,0.0199,0.0533,0.0093,0.0664,0,157,142,100,39,3740,8710,250,,"12:00 AM, Monday 11 January 2021","12:00 AM, 11 Jan 2021"
2021-01-10,251444,15802,235642,6466,131181,97995,152,15482,232837,,float;#248319.000000000,2972,1611,1361,0.5421,0.4579,43,128.94,282,320,2665,594,373,59,548,133,946,13,7,301,177,124,972,18,17,279,5,2622,1421,1201,0.542,0.458,42,57,40,17,31,3,,2,,,2,0.0351,3,0.0526,13,0.2281,27,0.4737,12,0.2105,0.4035,0.5965,0.822,0.1387,0.0393,0.5157,0.1911,0.2932,0.8525,0.1475,0.7088,76,241,,1576,44,125,22,149,0,73,112,197,318,55,314,15,53,23,0.0102,0.0337,0.1068,,0.6986,0.0195,0.0554,0.0098,0.066,0,167,148,124,53,,,,,"12:00 AM, Sunday 10 January 2021","12:00 AM, 10 Jan 2021"
2021-01-09,250570,15802,234768,6447,130850,97471,927,15482,231202,,float;#246684.000000000,2958,1606,1352,0.5429,0.4571,43,142.86,288.5,320,2651,591,368,59,545,133,943,13,7,296,175,121,955,44,17,276,3,2613,1417,1196,0.5423,0.4577,42,57,40,17,31,3,,2,,,2,0.0351,3,0.0526,13,0.2281,27,0.4737,12,0.2105,0.4035,0.5965,0.8187,0.128,0.04,0.5067,0.1947,0.2987,0.856,0.144,0.7139,56,207,,1282,37,97,16,126,0,73,112,190,315,53,307,15,53,21,0.0114,0.0304,0.1124,,0.696,0.0201,0.0527,0.0087,0.0684,0,177,142,128,39,,,,,"12:00 AM, Saturday 9 January 2021","12:00 AM, 9 Jan 2021"
2021-01-08,247875,15802,232073,6394,129728,95951,142,15482,229329,,float;#244811.000000000,2921,1579,1342,0.5406,0.4594,43,126.16,269.02,320,2614,590,359,59,531,120,943,13,7,295,189,106,951,9,5,288,2,2581,1397,1184,0.5413,0.4587,42,57,40,17,31,3,,2,,,2,0.0351,3,0.0526,13,0.2281,27,0.4737,12,0.2105,0.4035,0.5965,0.8288,0.1223,0.038,0.4973,0.1984,0.3043,0.8524,0.1476,0.7111,53,205,,1157,31,92,16,115,0,73,112,183,306,53,305,15,48,20,0.0118,0.0314,0.1214,,0.685,0.0184,0.0545,0.0095,0.0681,0,190,151,140,63,,,,,"12:00 AM, Friday 8 January 2021","12:00 AM, 8 Jan 2021"
2021-01-07,246445,15802,230643,6369,129384,94890,226,15482,227828,,float;#243310.000000000,2908,1573,1335,0.5409,0.4591,43,129.87,295.92,320,2600,588,357,59,525,119,941,12,7,302,199,103,959,14,5,295,2,2561,1389,1172,0.5424,0.4576,42,56,39,17,31,3,,2,,,2,0.0357,3,0.0536,13,0.2321,26,0.4643,12,0.2143,0.4107,0.5893,0.8357,0.1226,0.039,0.4847,0.2033,0.312,0.8515,0.1485,0.7245,38,196,,1061,28,78,9,90,0,73,112,174,304,53,300,14,45,17,0.0112,0.025,0.1292,,0.6994,0.0185,0.0514,0.0059,0.0593,0,167,151,84,68,,,,,"12:00 AM, Thursday 7 January 2021","12:00 AM, 7 Jan 2021"
2021-01-06,244350,15802,228548,6334,128971,93243,124,15482,225851,,float;#241333.000000000,2892,1569,1328,0.5416,0.4584,43,145.64,301.48,320,2584,583,354,59,519,119,939,12,7,332,212,120,969,17,10,308,14,2516,1362,1154,0.5413,0.4587,42,53,36,17,30,3,,2,,,2,0.0377,3,0.0566,12,0.2264,25,0.4717,11,0.2075,0.4151,0.5849,0.8375,0.1232,0.0392,0.4818,0.2045,0.3137,0.8503,0.1497,0.7328,36,184,,1043,28,75,9,84,0,73,112,172,301,53,299,14,44,12,0.0082,0.0245,0.1251,,0.709,0.019,0.051,0.0061,0.0571,0,177,145,88,82,,,,,"12:00 AM, Wednesday 6 January 2021","12:00 AM, 6 Jan 2021"
2021-01-05,242342,15802,226540,6277,128771,91492,709,15482,223287,,float;#238769.000000000,2863,1552,1316,0.5411,0.4589,43,159.55,341.37,320,2555,577,348,59,513,115,932,12,7,346,217,129,939,26,9,318,19,2473,1331,1142,0.5382,0.4618,42,51,34,17,28,3,,2,,,2,0.0392,3,0.0588,10,0.1961,25,0.4902,11,0.2157,0.4118,0.5882,0.8362,0.1243,0.0395,0.4774,0.2062,0.3164,0.8621,0.1379,0.7402,29,168,,965,27,66,7,75,0,73,112,169,300,48,296,14,44,10,0.0074,0.0215,0.1247,,0.7164,0.02,0.049,0.0052,0.0557,0,203,161,96,82,,,,,"12:00 AM, Tuesday 5 January 2021","12:00 AM, 5 Jan 2021"
2021-01-04,239650,15802,223848,6236,127935,89677,104,15482,221221,,float;#236703.000000000,2842,1538,1305,0.541,0.459,43,153.06,366.42,320,2534,575,335,59,511,113,930,12,7,389,235,154,1012,27,15,351,23,2411,1304,1109,0.5409,0.46,43,47,30,17,25,3,,2,,,2,0.0426,3,0.0638,10,0.2128,21,0.4468,11,0.234,0.4043,0.5957,0.8357,0.1246,0.0397,0.4759,0.2068,0.3173,0.8597,0.1403,0.7354,26,154,,843,24,64,5,66,0,73,112,168,288,47,295,14,44,1,0.0008,0.022,0.1302,,0.7126,0.0203,0.0541,0.0042,0.0558,0,223,174,112,97,2460,6510,300,,"12:00 AM, Monday 4 January 2021","12:00 AM, 4 Jan 2021"
2021-01-03,238781,15802,222979,6207,127573,89199,276,15482,220201,,float;#235683.000000000,2821,1524,1297,0.5402,0.4598,43,155.84,423.01,320,2513,569,334,59,501,113,926,12,7,440,269,171,1152,28,15,401,24,2342,1265,1077,0.5401,0.4599,43,44,27,17,23,3,,2,,,2,0.0455,3,0.0682,10,0.2273,19,0.4318,10,0.2273,0.4091,0.5909,0.8329,0,0,0.4669,0.2104,0.3228,0.8593,0.1407,0.8026,8,54,,492,7,4,2,45,0,73,112,162,287,47,289,14,44,1,0.0016,0.0131,0.0881,,0.8026,0.0114,0.0065,0.0033,0.0734,0,223,167,96,87,,,,,"12:00 AM, Sunday 3 January 2021","12:00 AM, 3 Jan 2021"
2021-01-02,,,,,,,,,,,float;#0,-1,,,,,,-1,-1,,,,,,,,,,,,,,,16,,,,,,,,,,,,,,3,,2,,,,,,,,,,,,,,,,,,0.4478,0.2179,0.3343,,,0.8072,5,18,,253,3,1,1,25,0,73,112,150,0,0,,,,0,0,0.0163,0.0588,,0.8268,0.0098,0.0033,0.0033,0.0817,0,230,161,96,111,,,,,"12:00 AM, Saturday 2 January 2021","12:00 AM, 2 Jan 2021"
2021-01-01,,,,,,,,,,,float;#0,-1,,,,,,-1,-1,,,,,,,,,,,,,,,21,,,,,,,,,,,,,,3,,2,,,,,,,,,,,,,,,,,,0.4377,0.2219,0.3404,,,0.7273,2,8,,49,1,0,1,5,0,73,112,144,0,0,,,,0,0,0.0303,0.1212,,0.7424,0.0152,0,0.0152,0.0758,0,207,161,96,97,,,,,"12:00 AM, Friday 1 January 2021","12:00 AM, 1 Jan 2021"
2020-12-31,234930,15802,219128,6107,126635,86386,228,15482,216459,,float;#231941.000000000,2760,1493,1267,0.5409,0.4591,43,167.9,602.97,320,2452,561,322,58,491,112,897,12,7,556,346,210,1516,23,17,516,23,2166,1165,1001,0.5379,0.4621,43,44,27,17,23,3,,2,,,2,0.0455,3,0.0682,10,0.2273,19,0.4318,10,0.2273,0.4091,0.5909,0.8277,0.1292,0.0431,0.4308,0.2246,0.3446,0.854,0.146,,,,,,,,,,,73,112,140,275,47,269,14,42,,,,,,,,,,,,197,155,104,97,,,,,"12:00 AM, Thursday 31 December 2020","12:00 AM, 31 Dec 2020"
2020-12-30,233134,15802,217332,6031,126214,85087,169,15482,214756,,float;#230238.000000000,2726,1466,1249,,,43,160.48,664.19,320,2418,550,318,57,489,112,881,12,7,712,437,275,1851,27,46,641,25,1978,1056,922,0.5339,0.4661,43,42,25,17,21,3,,2,,,2,0.0476,3,0.0714,10,0.2381,18,0.4286,9,0.2143,0.4048,0.5952,0.8277,0.1262,0.0431,0.4308,0.2246,0.3446,0.8553,0.1447,,,,,,,,,,,73,112,140,272,46,269,14,42,,,,,,,,,,,,207,208,108,126,,,,,"12:00 AM, Wednesday 30 December 2020","12:00 AM, 30 Dec 2020"
2020-12-29,231697,15802,215895,5959,125894,84042,190,15482,213317,,float;#228799.000000000,2707,1469,1238,0.5427,0.4573,43,198.52,743.97,320,2399,543,317,56,486,112,874,12,7,773,471,302,1965,11,56,691,26,1902,1017,885,0.5347,0.4653,43,41,25,16,21,3,,2,,,2,0.0488,3,0.0732,10,0.2439,17,0.4146,9,0.2195,0.3902,0.6098,0.827,0.1289,0.044,0.4182,0.2296,0.3522,0.8549,0.1451,,,,,,,,,,,73,112,133,271,46,263,14,41,,,,,,,,,,,,187,208,88,136,,,,,"12:00 AM, Tuesday 29 December 2020","12:00 AM, 29 Dec 2020"
2020-12-28,230579,15802,214777,5937,125600,83240,290,15482,212114,,float;#227596.000000000,2692,1460,1232,0.5423,0.4577,43,229.13,786.64,320,2384,538,316,56,484,112,867,12,7,801,495,306,2113,19,56,721,24,1859,990,869,0.5325,0.4675,42,41,25,16,21,3,,2,,,2,0.0488,3,0.0732,10,0.2439,17,0.4146,9,0.2195,0.3902,0.6098,0.827,0.1289,0.044,0.4182,0.2296,0.3522,0.8544,0.1456,,,,,,,,,,,73,112,133,270,46,263,14,41,,,,,,,,,,,,236,243,116,174,2510,7360,220,,"12:00 AM, Monday 28 December 2020","12:00 AM, 28 Dec 2020"
2020-12-27,229802,15802,214000,5934,125234,82832,524,15482,211132,,float;#226614.000000000,2663,1444,1219,0.5422,0.4578,43,281.08,813.54,320,2355,535,307,56,481,111,854,12,7,864,532,332,2570,27,63,776,25,1767,932,835,0.5274,0.4726,42,41,25,16,21,3,,2,,,2,0.0488,3,0.0732,10,0.2439,17,0.4146,9,0.2195,0.3902,0.6098,0.8265,0,0,0.4164,0.2303,0.3533,0.8502,0.1498,,,,,,,,,,,73,112,132,261,46,262,14,41,,,,,,,,,,,,259,278,144,213,,,,,"12:00 AM, Sunday 27 December 2020","12:00 AM, 27 Dec 2020"
2020-12-26,,,,,,,,,,,float;#0,-1,,,,,,-1,-1,,,,,,,,,,,,,,,16,,,,,,,,,,,,,,,,,,,,,,,,,,,,,,,,,,0.3994,0.237,0.3636,,,,,,,,,,,,,73,112,123,0,0,,,,,,,,,,,,,,,308,338,212,257,,,,,"12:00 AM, Saturday 26 December 2020","12:00 AM, 26 Dec 2020"
2020-12-25,,,,,,,,,,,float;#0,-1,,,,,,-1,-1,,,,,,,,,,,,,,,23,,,,,,,,,,,,,,,,,,,,,,,,,,,,,,,,,,0.3954,0.2386,0.366,,,,,,,,,,,,,73,112,121,0,0,,,,,,,,,,,,,,,341,372,228,329,,,,,"12:00 AM, Friday 25 December 2020","12:00 AM, 25 Dec 2020"
2020-12-24,226266,15802,210464,5853,124304,80307,75,15482,208125,,float;#223607.000000000,2583,1405,1178,0.5439,0.4561,43,444.34,944.34,320,2275,521,303,52,464,110,814,12,7,930,575,355,2980,49,63,842,25,1621,857,764,0.5287,0.4713,42,41,25,16,21,,,,,,2,0.0488,3,0.0732,10,0.2439,17,0.4146,9,0.2195,0.3902,0.6098,0.8295,0.1213,0.0459,0.3934,0.2393,0.3672,0.8482,0.1518,,,,,,,,,,,73,112,120,257,46,253,14,38,,,,,,,,,,,,400,401,264,387,,,,,"12:00 AM, Thursday 24 December 2020","12:00 AM, 24 Dec 2020"
2020-12-23,224314,15802,208512,5807,123761,78944,159,15482,206112,,float;#221594.000000000,2560,1389,1171,0.5426,0.4574,43,517.63,957.33,320,2252,513,301,52,455,110,810,12,7,988,600,388,3066,66,79,881,28,1541,813,728,0.5276,0.4724,42,40,24,16,20,,,,,,2,0.05,3,0.075,10,0.25,16,0.4,9,0.225,0.375,0.625,0.8317,0.1188,0.0462,0.3894,0.2409,0.3696,0.8472,0.1528,,,,,,,,,,,73,112,118,255,46,252,14,37,,,,,,,,,,,,463,467,381,460,,,,,"12:00 AM, Wednesday 23 December 2020","12:00 AM, 23 Dec 2020"
2020-12-22,223116,15802,207314,5764,123678,77872,888,15482,204262,,float;#219744.000000000,2483,1347,1144,0.5407,0.4593,43,542.67,933.21,320,2175,506,296,52,435,101,774,12,7,989,609,380,3475,56,71,887,31,1464,778,686,0.5314,0.4686,42,39,23,16,19,,,,,,1,0.0256,3,0.0769,10,0.2564,16,0.4103,9,0.2308,0.3846,0.6154,0.8339,0.113,0.0465,0.3854,0.2425,0.3721,0.848,0.152,,,,,,,,,,,73,112,116,251,45,251,14,36,,,,,,,,,,,,531,552,489,484,,,,,"12:00 AM, Tuesday 22 December 2020","12:00 AM, 22 Dec 2020"
2020-12-21,220602,15802,204800,5725,123179,75896,389,15482,202285,,float;#217767.000000000,2445,1317,1128,0.5387,0.4613,43,553.8,944.34,320,2137,497,296,50,427,95,761,12,7,1019,637,382,3711,53,66,924,29,1397,747,650,0.5347,0.4653,42,38,22,16,18,,,,,,1,0.0263,3,0.0789,9,0.2368,16,0.4211,9,0.2368,0.3684,0.6316,0.8384,0.1145,0.0471,0.3771,0.2458,0.3771,0.848,0.152,,,,,,,,,,,73,112,112,251,45,249,14,34,,,,,,,,,,,,508,606,553,503,3730,9380,430,,"12:00 AM, Monday 21 December 2020","12:00 AM, 21 Dec 2020"
2020-12-20,219216,15802,203414,5621,123025,74768,609,15482,200804,,float;#216286.000000000,2336,1253,1083,0.5364,0.4636,43,532.47,886.83,320,2028,465,293,49,421,94,695,12,7,939,583,356,3952,116,65,844,30,1370,737,633,0.538,0.462,42,36,20,16,16,,,,,,1,0.0278,3,0.0833,9,0.25,15,0.4167,8,0.2222,0.3611,0.6389,0.8384,0.1145,0.0471,0.3771,0.2458,0.3771,0.8498,0.1502,,,,,,,,,,,73,112,112,249,44,249,14,34,,,,,,,,,,,,515,625,565,499,,,,,"12:00 AM, Sunday 20 December 2020","12:00 AM, 20 Dec 2020"
2020-12-19,217526,15802,201724,5606,122312,73806,784,15482,199019,,float;#214501.000000000,2256,1217,1039,0.5395,0.4605,44,550.09,861.78,320,1948,456,286,49,375,94,677,12,7,914,545,369,4134,37,65,819,30,1315,701,614,0.5331,0.4669,43,36,20,16,16,,,,,,1,0.0278,3,0.0833,9,0.25,15,0.4167,8,0.2222,0.3611,0.6389,0.8373,0.1119,0.0441,0.3729,0.2475,0.3797,0.8497,0.1503,,,,,,,,,,,73,112,110,243,43,247,14,34,,,,,,,,,,,,459,622,585,445,,,,,"12:00 AM, Saturday 19 December 2020","12:00 AM, 19 Dec 2020"
2020-12-18,215481,15802,199679,5584,121548,72547,124,15482,197640,,float;#213122.000000000,2234,1206,1028,0.5398,0.4602,44,534.32,914.66,320,1926,454,283,49,365,94,670,12,7,947,548,399,4448,124,65,849,33,1260,673,587,0.5341,0.4659,44,36,20,16,16,,,,,,1,0.0278,3,0.0833,9,0.25,15,0.4167,8,0.2222,0.3611,0.6389,0.8408,0.1073,0.045,0.3599,0.2526,0.3875,0.8511,0.1489,,,,,,,,,,,73,112,104,240,42,243,13,33,,,,,,,,,,,,479,650,633,397,,,,,"12:00 AM, Friday 18 December 2020","12:00 AM, 18 Dec 2020"
2020-12-17,214653,15802,198851,5552,121373,71926,1334,15482,195738,,float;#211220.000000000,2098,1115,981,0.532,0.468,44,509.28,852.5,320,1790,447,278,49,306,71,628,12,7,876,533,343,4515,100,48,797,31,1195,640,555,0.5356,0.4644,43,33,17,16,13,,,,,,1,0.0303,3,0.0909,9,0.2727,12,0.3636,8,0.2424,0.3636,0.6364,0.8451,0.1056,0.0387,0.3486,0.257,0.3944,0.852,0.148,,,,,,,,,,,73,112,99,236,41,240,13,31,,,,,,,,,,,,469,647,617,363,,,,,"12:00 AM, Thursday 17 December 2020","12:00 AM, 17 Dec 2020"
2020-12-16,211249,15802,195447,5461,120278,69708,168,15482,193597,,float;#209079.000000000,2001,1061,940,0.5302,0.4698,44,450.83,817.25,320,1693,427,274,48,262,64,607,12,7,881,532,349,4914,108,44,805,32,1094,587,507,0.5366,0.4634,43,32,16,16,13,,,,,,1,0.0313,3,0.0938,9,0.2813,12,0.375,7,0.2188,0.375,0.625,0.8525,0.1007,0.0324,0.3453,0.2518,0.4029,0.8535,0.1465,,,,,,,,,,,70,112,96,233,40,237,11,30,,,,,,,,,,,,449,637,593,310,,,,,"12:00 AM, Wednesday 16 December 2020","12:00 AM, 16 Dec 2020"
2020-12-15,209382,15802,193580,5360,120056,68164,673,15482,191325,,float;#206807.000000000,1901,1008,893,0.5302,0.4698,43,410.02,782.93,320,1593,397,272,44,234,52,583,12,7,811,509,302,4998,60,34,747,30,1064,570,494,0.5357,0.4643,43,32,16,16,13,,,,,,1,0.0313,3,0.0938,9,0.2813,12,0.375,7,0.2188,0.375,0.625,0.865,0.1022,0.0328,0.3358,0.2555,0.4088,0.8524,0.1476,,,,,,,,,,,70,112,92,231,40,237,9,28,,,,,,,,,,,,413,552,497,295,,,,,"12:00 AM, Tuesday 15 December 2020","12:00 AM, 15 Dec 2020"
2020-12-14,206746,15802,190944,5296,119253,66395,273,15482,189148,,float;#204630.000000000,1842,967,866,0.5276,0.4724,43,399.81,758.81,320,1534,374,267,43,225,47,567,12,7,774,492,282,4959,61,31,719,24,1042,559,483,0.5365,0.4635,43,32,16,16,13,,,,,,1,0.0313,3,0.0938,9,0.2813,12,0.375,7,0.2188,0.375,0.625,0.864,0.0993,0.0257,0.3309,0.2574,0.4118,0.8502,0.1498,,,,,,,,,,,70,112,90,227,40,235,9,28,,,,,,,,,,,,417,489,409,271,3420,9860,690,,"12:00 AM, Monday 14 December 2020","12:00 AM, 14 Dec 2020"
2020-12-13,205637,15802,189835,5257,118916,65662,611,15482,187764,,float;#203246.000000000,1779,939,839,0.5281,0.4719,43,386.83,730.06,320,1471,368,266,42,209,36,539,12,7,738,456,282,4818,88,20,693,25,1016,545,471,0.5364,0.4636,43,32,16,16,,,,,,,1,0.0313,3,0.0938,9,0.2813,12,0.375,7,0.2188,0.375,0.625,0.8731,0.1007,0.0261,0.3284,0.2575,0.4142,0.8496,0.1504,,,,,,,,,,,69,111,88,226,40,234,7,27,,,,,,,,,,,,426,483,401,232,,,,,"12:00 AM, Sunday 13 December 2020","12:00 AM, 13 Dec 2020"
2020-12-12,203773,15802,187971,5154,118470,64347,661,15482,185941,,float;#201423.000000000,1688,863,775,0.5269,0.4731,43,361.78,676.25,320,1380,330,264,41,174,33,527,12,7,671,420,251,4864,59,20,626,25,992,534,458,0.5383,0.4617,43,32,16,16,,,,,,,1,0.0313,3,0.0938,9,0.2813,12,0.375,7,0.2188,0.375,0.625,0.8722,0.1015,0.0263,0.3233,0.2594,0.4173,0.8485,0.1515,,,,,,,,,,,69,111,86,224,40,232,7,27,,,,,,,,,,,,433,464,333,247,,,,,"12:00 AM, Saturday 12 December 2020","12:00 AM, 12 Dec 2020"
2020-12-11,201370,15802,185568,5051,117593,62924,461,15482,183789,,float;#199271.000000000,1637,863,775,0.5269,0.4731,43,390.54,655.84,320,1329,307,258,41,168,32,512,12,7,667,395,272,4764,77,19,624,24,946,513,433,0.5423,0.4577,43,32,16,16,,,,,,,1,0.0313,3,0.0938,9,0.2813,12,0.375,7,0.2188,0.375,0.625,0.8712,0.0985,0.0265,0.3182,0.2614,0.4205,0.8381,0.1619,,,,,,,,,,,69,111,84,207,40,230,7,27,,,,,,,,,,,,410,439,288,266,,,,,"12:00 AM, Friday 11 December 2020","12:00 AM, 11 Dec 2020"
2020-12-10,199205,15802,183403,4855,117276,61272,128,15482,182039,,float;#197521.000000000,1555,813,742,0.5228,0.4772,43,361.78,610.39,320,1247,282,251,38,144,23,498,12,7,630,393,237,4372,42,4,601,25,901,495,406,0.5494,0.4506,44,32,16,16,,,,,,,1,0.0313,3,0.0938,9,0.2813,12,0.375,7,0.2188,0.375,0.625,0.8721,0.0891,0.0194,0.3023,0.2674,0.4302,0.8381,0.1619,,,,,,,,,,,69,111,78,207,40,225,7,26,,,,,,,,,,,,459,476,304,261,,,,,"12:00 AM, Thursday 10 December 2020","12:00 AM, 10 Dec 2020"
2020-12-09,197118,15802,181316,4776,116625,59915,1212,15482,178927,,float;#194409.000000000,1497,786,709,0.5258,0.4742,43,380.33,587.2,320,1189,268,247,36,124,16,487,12,7,602,369,233,4213,57,4,573,25,871,477,394,0.5476,0.4524,44,32,16,16,,,,,,,1,0.0313,3,0.0938,9,0.2813,12,0.375,7,0.2188,0.375,0.625,0.8884,0.0876,0.0159,0.2829,0.2749,0.4422,0.8381,0.1619,,,,,,,,,,,69,111,71,207,40,223,5,23,,,,,,,,,,,,453,423,248,261,,,,,"12:00 AM, Wednesday 9 December 2020","12:00 AM, 9 Dec 2020"
2020-12-08,194737,15802,178935,4683,116329,57923,337,15482,177458,,float;#192940.000000000,1460,772,688,0.5288,0.4712,43,387.76,564.01,320,1152,254,242,34,122,15,474,12,7,579,351,228,3997,69,3,551,25,857,466,391,0.5438,0.4562,44,32,16,16,,,,,,,1,0.0313,3,0.0938,9,0.2813,12,0.375,7,0.2188,0.375,0.625,0.8952,0.0887,0.0161,0.2782,0.2782,0.4435,0.8347,0.1653,,,,,,,,,,,69,110,69,202,40,222,4,22,,,,,,,,,,,,489,457,268,242,,,,,"12:00 AM, Tuesday 8 December 2020","12:00 AM, 8 Dec 2020"
2020-12-07,193576,15802,177774,4618,116073,57083,1678,15482,175028,,float;#190510.000000000,1388,735,653,0.5295,0.4705,43,374.77,511.13,320,1080,236,239,30,115,14,435,12,7,536,325,211,3985,27,3,510,23,828,450,378,0.5435,0.4565,44,32,16,16,,,,,,,1,0.0313,3,0.0938,9,0.2813,12,0.375,7,0.2188,0.375,0.625,0.8934,0.0902,0.0123,0.2746,0.2746,0.4508,0.8326,0.1674,,,,,,,,,,,67,110,67,199,40,218,4,22,,,,,,,,,,,,518,442,308,203,2170,9820,800,,"12:00 AM, Monday 7 December 2020","12:00 AM, 7 Dec 2020"
2020-12-06,191509,15802,175707,4545,115421,55741,811,15482,173859,,float;#189341.000000000,1357,719,639,0.5295,0.4705,43,358.07,489.8,320,1049,228,233,28,107,14,428,12,7,516,319,197,3618,102,3,496,17,817,445,372,0.5447,0.4553,44,32,16,16,,,,,,,1,0.0313,3,0.0938,9,0.2813,12,0.375,7,0.2188,0.375,0.625,0.8963,0.0913,0.0083,0.2697,0.278,0.4523,0.8283,0.1717,,,,,,,,,,,67,109,65,193,40,216,3,22,,,,,,,,,,,,495,413,300,223,,,,,"12:00 AM, Sunday 6 December 2020","12:00 AM, 6 Dec 2020"
2020-12-05,190088,15802,174286,4457,115117,54710,1149,15482,172196,,float;#187678.000000000,1261,664,598,0.5261,0.4739,43,335.81,407.24,320,953,194,230,23,93,14,388,12,7,450,286,164,3553,23,3,431,16,787,432,355,0.5489,0.4511,44,32,16,16,,,,,,,1,0.0313,3,0.0938,9,0.2813,12,0.375,7,0.2188,0.375,0.625,0.8983,0.0932,0.0085,0.2585,0.2839,0.4576,0.8261,0.1739,,,,,,,,,,,67,108,61,190,40,212,2,22,,,,,,,,,,,,492,385,292,198,,,,,"12:00 AM, Saturday 5 December 2020","12:00 AM, 5 Dec 2020"
2020-12-04,188974,15802,173172,4389,114732,54051,1425,15482,170826,,float;#186308.000000000,1238,654,584,0.5283,0.4717,43,287.57,394.25,320,930,192,227,21,90,11,378,12,7,440,284,156,3179,68,3,422,15,774,425,349,0.5491,0.4509,44,32,16,16,,,,,,,1,0.0313,3,0.0938,9,0.2813,12,0.375,7,0.2188,0.375,0.625,0.897,0.0944,0.0086,0.2489,0.2876,0.4635,0.8238,0.1762,,,,,,,,,,,67,108,58,187,40,209,2,22,,,,,,,,,,,,466,363,276,169,,,,,"12:00 AM, Friday 4 December 2020","12:00 AM, 4 Dec 2020"
2020-12-03,186688,15802,170886,4212,114398,52276,1115,15482,168920,,float;#184402.000000000,1170,620,550,0.5299,0.4701,44,253.25,344.16,320,862,176,224,18,71,9,353,12,7,378,255,123,3027,60,1,367,10,769,421,348,0.5475,0.4525,44,32,16,16,,,,,,,1,0.0313,3,0.0938,9,0.2813,12,0.375,7,0.2188,0.375,0.625,0.8943,0.0969,0.0044,0.2379,0.2952,0.467,0.8259,0.1741,,,,,,,,,,,67,106,54,185,39,203,2,22,,,,,,,,,,,,397,312,232,155,,,,,"12:00 AM, Thursday 3 December 2020","12:00 AM, 3 Dec 2020"
2020-12-02,184148,15802,168346,4045,114223,50078,716,15482,166844,,float;#182326.000000000,1110,590,520,0.5315,0.4685,44,231.91,298.7,320,802,160,222,17,57,7,328,12,7,331,231,100,2840,66,1,322,8,756,415,341,0.5489,0.4511,44,32,16,16,,,,,,,1,0.0313,3,0.0938,9,0.2813,12,0.375,7,0.2188,0.375,0.625,0.8973,0.0893,0.0045,0.2277,0.2991,0.4732,0.8288,0.1712,,,,,,,,,,,67,106,51,184,38,201,1,22,,,,,,,,,,,,371,287,192,102,,,,,"12:00 AM, Wednesday 2 December 2020","12:00 AM, 2 Dec 2020"
2020-12-01,182777,15802,166975,3954,113970,49051,1112,15482,165133,,float;#180615.000000000,1054,563,491,0.5342,0.4658,44,184.6,251.39,320,746,131,221,17,53,6,307,12,7,278,192,86,2207,35,1,270,7,753,414,339,0.5498,0.4502,44,32,16,16,,,,,,,1,0.0313,3,0.0938,9,0.2813,12,0.375,7,0.2188,0.375,0.625,0.9054,0.0901,0.0045,0.2252,0.3018,0.473,0.8326,0.1674,,,,,,,,,,,67,105,50,184,37,201,1,20,,,,,,,,,,,,325,265,180,102,,,,,"12:00 AM, Tuesday 1 December 2020","12:00 AM, 1 Dec 2020"
2020-11-30,180918,15802,165116,3833,113792,47491,1016,15482,163406,,float;#178888.000000000,1012,545,467,0.5385,0.4615,44,166.05,227.27,320,704,119,219,16,45,1,293,12,7,247,177,70,2023,27,1,244,2,742,410,332,0.5526,0.4474,44,32,16,16,,,,,,,1,0.0313,3,0.0938,9,0.2813,12,0.375,7,0.2188,0.375,0.625,0.9045,0,0,0.2273,0.3045,0.4682,0.8356,0.1644,,,,,,,,,,,67,103,50,183,36,199,1,20,,,,,,,,,,,,249,237,112,97,,,,,"12:00 AM, Monday 30 November 2020","12:00 AM, 30 Nov 2020"
2020-11-29,,,,,,,,,,,float;#0,-1,,,,,,-1,-1,,,,,,,,,,,,,,,30,,,,,,,,,,,,,,,,,,,,,,,,,,,,,,,,,,0.2283,0.3014,0.4703,,,,,,,,,,,,,66,103,50,,,,,,,,,,,,,,,,,233,227,80,77,1010,6620,430,,"12:00 AM, Sunday 29 November 2020","12:00 AM, 29 Nov 2020"
2020-11-28,,,,,,,,,,,float;#0,-1,,,,,,-1,-1,,,,,,,,,,,,,,,28,,,,,,,,,,,,,,,,,,,,,,,,,,,,,,,,,,0.2212,0.3041,0.4747,,,,,,,,,,,,,66,103,48,,,,,,,,,,,,,,,,,197,215,68,73,,,,,"12:00 AM, Saturday 28 November 2020","12:00 AM, 28 Nov 2020"
2020-11-27,177111,15802,161309,3646,113263,44400,332,15482,160368,,float;#175850.000000000,928,498,430,0.5366,0.4634,44,108.53,180.89,320,620,87,215,15,39,1,252,12,7,200,149,51,1766,30,1,197,2,705,392,313,0.556,0.444,44,32,16,16,,,,,,,1,0.0313,3,0.0938,9,0.2813,12,0.375,7,0.2188,0.375,0.625,0.9078,0.0876,0,0.2212,0.3041,0.4747,0.8372,0.1628,,,,,,,,,,,66,103,48,180,35,197,0,20,,,,,,,,,,,,171,174,68,53,,,,,"12:00 AM, Friday 27 November 2020","12:00 AM, 27 Nov 2020"
2020-11-26,176374,15802,160572,3627,113164,43781,772,15482,159222,,float;#174704.000000000,897,486,411,0.5418,0.4582,44,92.76,164.19,320,589,75,214,15,35,1,238,12,7,181,125,56,1465,25,1,178,2,693,386,307,0.557,0.443,44,32,16,16,,,,,,,1,0.0313,3,0.0938,9,0.2813,12,0.375,7,0.2188,0.375,0.625,0.9112,0.0888,0,0.215,0.3084,0.4766,0.8364,0.1636,,,,,,,,,,,66,102,46,179,35,195,0,19,,,,,,,,,,,,131,161,72,39,,,,,"12:00 AM, Thursday 26 November 2020","12:00 AM, 26 Nov 2020"
2020-11-25,175467,15802,159665,3568,113429,42668,904,15482,158218,,float;#173700.000000000,862,466,396,0.5406,0.4594,45,70.5,148.42,320,554,66,214,15,30,,218,12,7,149,108,41,1337,33,0,147,2,690,384,306,0.5565,0.4435,44,32,16,16,,,,,,,1,0.0313,3,0.0938,9,0.2813,12,0.375,7,0.2188,0.375,0.625,0.9108,0.0892,0,0.2113,0.3099,0.4789,0.8364,0.1636,,,,,,,,,,,66,102,45,179,35,194,0,19,,,,,,,,,,,,115,139,60,29,,,,,"12:00 AM, Wednesday 25 November 2020","12:00 AM, 25 Nov 2020"
2020-11-24,173941,15802,158139,3452,113163,41524,701,15482,156916,,float;#172398.000000000,841,455,386,0.541,0.459,45,70.5,141.93,320,533,60,213,15,29,,205,12,7,150,106,44,1404,5,0,147,3,668,374,294,0.5599,0.4401,45,32,16,16,,,,,,,1,0.0313,3,0.0938,9,0.2813,12,0.375,7,0.2188,0.375,0.625,0.9108,0.0845,0,0.2113,0.3099,0.4789,0.8357,0.1643,,,,,,,,,,,66,102,45,178,35,194,0,19,,,,,,,,,,,,82,117,40,19,,,,,"12:00 AM, Tuesday 24 November 2020","12:00 AM, 24 Nov 2020"
2020-11-23,172679,15802,156877,3392,113098,40387,502,15482,155859,,float;#171341.000000000,835,451,384,0.5401,0.4599,45,65.86,153.99,320,527,59,213,15,27,,202,12,7,163,116,47,1468,9,0,160,3,649,365,284,0.5624,0.4376,45,32,16,16,,,,,,,1,0.0313,3,0.0938,9,0.2813,12,0.375,7,0.2188,0.375,0.625,0.9151,0,0,0.2123,0.3066,0.4811,0.8357,0.1643,,,,,,,,,,,65,102,45,178,35,194,0,18,,,,,,,,,,,,72,110,60,19,830,5140,460,,"12:00 AM, Monday 23 November 2020","12:00 AM, 23 Nov 2020"
2020-11-22,,,,,,,,,,,float;#0,-1,,,,,,-1,-1,,,,,,,,,,,,,,,7,,,,,,,,,,,,,,,,,,,,,,,,,,,,,,,,,,0.2123,0.3066,0.4811,,,,,,,,,,,,,65,102,45,,,,,,,,,,,,,,,,,69,85,76,19,,,,,"12:00 AM, Sunday 22 November 2020","12:00 AM, 22 Nov 2020"
2020-11-21,,,,,,,,,,,float;#0,-1,,,,,,-1,-1,,,,,,,,,,,,,,,8,,,,,,,,,,,,,,,,,,,,,,,,,,,,,,,,,,0.2085,0.3081,0.4834,,,,,,,,,,,,,65,102,44,,,,,,,,,,,,,,,,,69,76,72,24,,,,,"12:00 AM, Saturday 21 November 2020","12:00 AM, 21 Nov 2020"
2020-11-20,169591,15802,153789,3259,112591,37939,128,15482,153169,,float;#168651.000000000,811,438,373,0.5401,0.4599,45,72.36,156.77,320,503,55,211,14,25,,187,12,7,168,117,51,1632,13,0,166,2,620,349,271,0.5629,0.4371,46,32,16,16,,,,,,,1,0.0313,3,0.0938,9,0.2813,12,0.375,7,0.2188,0.375,0.625,0.9147,0.0853,0,0.2085,0.3081,0.4834,0.8389,0.1611,,,,,,,,,,,65,102,44,177,34,193,0,18,,,,,,,,,,,,75,88,64,29,,,,,"12:00 AM, Friday 20 November 2020","12:00 AM, 20 Nov 2020"
2020-11-19,168814,15802,153012,3197,112489,37326,62,15482,152472,,float;#167954.000000000,797,433,364,0.5433,0.4567,45,69.57,154.92,320,489,51,209,14,23,,181,12,7,172,118,54,1788,14,0,170,2,603,339,264,0.5622,0.4378,46,32,16,16,,,,,,,1,0.0313,3,0.0938,9,0.2813,12,0.375,7,0.2188,0.375,0.625,0.9143,0.0857,0,0.2048,0.3095,0.4857,0.8373,0.1627,,,,,,,,,,,65,102,43,175,34,192,0,18,,,,,,,,,,,,85,91,64,34,,,,,"12:00 AM, Thursday 19 November 2020","12:00 AM, 19 Nov 2020"
2020-11-18,167689,15802,151887,3104,112382,36401,80,15482,151340,,float;#166822.000000000,786,430,356,0.5471,0.4529,45,76.07,155.84,320,478,50,209,13,23,,172,12,7,165,113,52,1570,11,0,163,2,598,337,261,0.5635,0.4365,46,32,16,16,,,,,,,1,0.0313,3,0.0938,9,0.2813,12,0.375,7,0.2188,0.375,0.625,0.9135,0.0865,0,0.2067,0.3125,0.4808,0.8373,0.1627,,,,,,,,,,,65,100,43,175,34,190,0,18,,,,,,,,,,,,72,88,68,39,,,,,"12:00 AM, Wednesday 18 November 2020","12:00 AM, 18 Nov 2020"
2020-11-17,166926,15802,151124,2986,112347,35791,89,15482,150577,,float;#166059.000000000,775,427,348,0.551,0.449,46,77.92,153.99,320,467,45,209,12,23,,167,12,7,157,105,52,1552,7,0,153,4,595,336,259,0.5647,0.4353,46,32,16,16,,,,,,,1,0.0313,3,0.0938,9,0.2813,12,0.375,7,0.2188,0.375,0.625,0.9135,0.0865,0,0.2067,0.3125,0.4808,0.8373,0.1627,,,,,,,,,,,65,100,43,175,34,190,0,18,,,,,,,,,,,,82,88,80,44,,,,,"12:00 AM, Tuesday 17 November 2020","12:00 AM, 17 Nov 2020"
2020-11-16,165828,15802,150026,2912,112152,34962,52,15482,149529,,float;#165011.000000000,764,421,343,0.551,0.449,45,85.34,155.84,320,456,43,207,10,22,,163,12,7,163,102,61,1668,9,0,162,1,578,328,250,0.5675,0.4325,46,32,16,16,,,,,,,1,0.0313,3,0.0938,9,0.2813,12,0.375,7,0.2188,0.375,0.625,0.9135,0,0,0.2067,0.3125,0.4808,0.8357,0.1643,,,,,,,,,,,65,100,43,173,34,190,0,18,,,,,,,,,,,,105,91,64,34,1310,5790,410,,"12:00 AM, Monday 16 November 2020","12:00 AM, 16 Nov 2020"
2020-11-15,,,,,,,,,,,float;#0,-1,,,,,,-1,-1,,,,,,,,,,,,,,,11,,,,,,,,,,,,,,,,,,,,,,,,,,,,,,,,,,0.199,0.3155,0.4854,,,,,,,,,,,,,65,100,41,,,,,,,,,,,,,,,,,102,98,52,82,,,,,"12:00 AM, Sunday 15 November 2020","12:00 AM, 15 Nov 2020"
2020-11-14,,,,,,,,,,,float;#0,-1,,,,,,-1,-1,,,,,,,,,,,,,,,14,,,,,,,,,,,,,,,,,,,,,,,,,,,,,,,,,,0.1951,0.3171,0.4878,,,,,,,,,,,,,65,100,40,,,,,,,,,,,,,,,,,112,101,56,82,,,,,"12:00 AM, Saturday 14 November 2020","12:00 AM, 14 Nov 2020"
2020-11-13,163287,15802,147485,2786,111631,33068,141,15482,146931,,float;#162413.000000000,732,406,326,0.5546,0.4454,45,82.56,127.09,320,424,35,204,8,22,,144,12,7,152,89,63,1678,13,0,152,0,557,317,240,0.5691,0.4309,46,32,16,16,,,,,,,1,0.0313,3,0.0938,9,0.2813,12,0.375,7,0.2188,0.375,0.625,0.9122,0.0878,0,0.1951,0.3171,0.4878,0.8333,0.1667,,,,,,,,,,,65,100,40,170,34,187,0,18,,,,,,,,,,,,105,91,48,77,,,,,"12:00 AM, Friday 13 November 2020","12:00 AM, 13 Nov 2020"
2020-11-12,161748,15802,145946,2718,111597,32555,187,15482,145357,,float;#160839.000000000,721,400,321,0.5548,0.4452,45,82.56,117.81,320,413,34,204,8,21,,135,12,7,142,78,64,1524,17,0,142,0,556,316,240,0.5683,0.4317,46,32,16,16,,,,,,,1,0.0313,3,0.0938,9,0.2813,12,0.375,7,0.2188,0.375,0.625,0.9113,0.0887,0,0.1872,0.3202,0.4926,0.8333,0.1667,,,,,,,,,,,65,100,38,170,34,185,0,18,,,,,,,,,,,,121,79,40,82,,,,,"12:00 AM, Thursday 12 November 2020","12:00 AM, 12 Nov 2020"
2020-11-11,161136,15802,145334,2679,111624,31031,688,15482,144261,,float;#159743.000000000,704,391,313,0.5554,0.4446,45,76.99,105.75,320,396,32,203,8,18,,124,12,7,130,67,63,1350,14,0,130,0,551,312,239,0.5662,0.4338,46,32,16,16,,,,,,,1,0.0313,3,0.0938,9,0.2813,12,0.375,7,0.2188,0.375,0.625,0.9113,0.0887,0,0.1872,0.3202,0.4926,0.8325,0.1675,,,,,,,,,,,65,100,38,169,34,185,0,18,,,,,,,,,,,,112,73,44,102,,,,,"12:00 AM, Wednesday 11 November 2020","12:00 AM, 11 Nov 2020"
2020-11-10,159375,15802,143573,2577,111477,29519,194,15482,143009,,float;#158491.000000000,690,385,305,0.558,0.442,45,74.21,103.9,320,382,29,203,8,14,,117,12,7,126,66,60,1318,17,0,127,0,541,309,232,0.5712,0.4288,46,32,16,16,,,,,,,1,0.0313,3,0.0938,9,0.2813,12,0.375,7,0.2188,0.375,0.625,0.9109,0.0891,0,0.1832,0.3218,0.495,0.8325,0.1675,,,,,,,,,,,65,100,37,169,34,184,0,18,,,,,,,,,,,,102,63,36,111,,,,,"12:00 AM, Tuesday 10 November 2020","12:00 AM, 10 Nov 2020"
2020-11-09,158406,15802,142604,2521,111013,29070,470,15482,141781,,float;#157263.000000000,672,373,299,0.5551,0.4449,45,70.5,105.75,320,364,24,203,8,12,,106,12,7,115,57,58,1243,12,0,115,0,534,308,226,0.5768,0.4232,46,32,16,16,,,,,,,1,0.0313,3,0.0938,9,0.2813,12,0.375,7,0.2188,0.375,0.625,0.9109,0,0,0.1832,0.3218,0.495,0.8325,0.1675,,,,,,,,,,,65,100,37,169,34,184,0,18,,,,,,,,,,,,92,60,40,116,2260,5370,270,,"12:00 AM, Monday 9 November 2020","12:00 AM, 9 Nov 2020"
2020-11-08,,,,,,,,,,,float;#0,-1,,,,,,-1,-1,,,,,,,,,,,,,,,3,,,,,,,,,,,,,,,,,,,,,,,,,,,,,,,,,,0.1832,0.3218,0.495,,,,,,,,,,,,,65,100,37,,,,,,,,,,,,,,,,,92,63,40,92,,,,,"12:00 AM, Sunday 8 November 2020","12:00 AM, 8 Nov 2020"
2020-11-07,,,,,,,,,,,float;#0,-1,,,,,,-1,-1,,,,,,,,,,,,,,,8,,,,,,,,,,,,,,,,,,,,,,,,,,,,,,,,,,0.1791,0.3234,0.4975,,,,,,,,,,,,,65,100,36,,,,,,,,,,,,,,,,,89,60,36,87,,,,,"12:00 AM, Saturday 7 November 2020","12:00 AM, 7 Nov 2020"
2020-11-06,154960,15802,139158,2409,110407,26342,544,15482,138290,,float;#153772.000000000,643,360,283,0.5599,0.4401,46,63.08,89.05,320,334,22,195,6,7,,94,11,6,105,52,53,1066,15,0,106,0,516,299,217,0.5795,0.4205,47,32,16,16,,,,,,,1,0.0313,3,0.0938,9,0.2813,12,0.375,7,0.2188,0.375,0.625,0.9104,0.0896,0,0.1791,0.3234,0.4975,0.8367,0.1633,,,,,,,,,,,65,100,36,164,32,183,0,18,,,,,,,,,,,,89,60,40,82,,,,,"12:00 AM, Friday 6 November 2020","12:00 AM, 6 Nov 2020"
2020-11-05,152488,15802,136686,2358,109790,25345,494,15482,136686,,float;#152168.000000000,632,355,277,0.5617,0.4383,46,57.51,81.63,320,323,21,190,6,7,,89,11,6,96,49,47,879,15,0,97,0,514,297,217,0.5778,0.4222,47,32,16,16,,,,,,,1,0.0313,3,0.0938,9,0.2813,12,0.375,7,0.2188,0.375,0.625,0.9067,0.0881,0,0.1451,0.3368,0.5181,0.8368,0.1632,,,,,,,,,,,65,100,28,159,31,175,0,18,,,,,,,,,,,,66,73,40,73,,,,,"12:00 AM, Thursday 5 November 2020","12:00 AM, 5 Nov 2020"
2020-11-04,151860,15802,136058,2313,109034,24709,301,15482,135456,,float;#150938.000000000,620,347,273,0.5597,0.4403,46,50.09,78.85,320,311,19,190,6,6,,80,11,6,94,46,48,812,12,0,95,0,504,292,212,0.5794,0.4206,47,32,16,16,,,,,,,1,0.0313,3,0.0938,9,0.2813,12,0.375,7,0.2188,0.375,0.625,0.9105,0.0895,0,0.1421,0.3368,0.5211,0.8368,0.1632,,,,,,,,,,,64,99,27,159,31,173,0,17,,,,,,,,,,,,66,69,36,53,,,,,"12:00 AM, Wednesday 4 November 2020","12:00 AM, 4 Nov 2020"
2020-11-03,150892,15802,135090,2280,108613,24197,269,15482,134532,,float;#150014.000000000,608,342,266,0.5625,0.4375,46,43.6,76.99,320,299,19,185,6,5,,74,11,6,83,39,44,631,13,0,84,0,503,292,211,0.5805,0.4195,47,32,16,16,,,,,,,1,0.0313,3,0.0938,9,0.2813,12,0.375,7,0.2188,0.375,0.625,0.9101,0.0847,0,0.1376,0.3386,0.5238,0.8324,0.1676,,,,,,,,,,,64,99,26,154,31,172,0,17,,,,,,,,,,,,62,63,28,39,,,,,"12:00 AM, Tuesday 3 November 2020","12:00 AM, 3 Nov 2020"
2020-11-02,150193,15802,134391,2240,108300,23851,333,15482,133786,,float;#149268.000000000,591,333,258,0.5635,0.4365,47,35.25,76.07,320,282,16,181,6,4,,65,11,6,70,37,33,491,9,0,71,0,499,291,208,0.5832,0.4168,47,32,16,16,,,,,,,1,0.0313,3,0.0938,9,0.2813,12,0.375,7,0.2188,0.375,0.625,0.913,0,0,0.1304,0.3315,0.538,0.8287,0.1713,,,,,,,,,,,61,99,24,150,31,168,0,16,,,,,,,,,,,,49,60,20,34,3130,1810,150,,"12:00 AM, Monday 2 November 2020","12:00 AM, 2 Nov 2020"
2020-11-01,,,,,,,,,,,float;#0,-1,,,,,,-1,-1,,,,,,,,,,,,,,,4,,,,,,,,,,,,,,,,,,,,,,,,,,,,,,,,,,0.1167,0.3333,0.55,,,,,,,,,,,,,60,99,21,,,,,,,,,,,,,,,,,43,57,16,10,,,,,"12:00 AM, Sunday 1 November 2020","12:00 AM, 1 Nov 2020"
2020-10-31,,,,,,,,,,,float;#0,-1,,,,,,-1,-1,,,,,,,,,,,,,,,7,,,,,,,,,,,,,,,,,,,,,,,,,,,,,,,,,,0.1117,0.3352,0.5531,,,,,,,,,,,,,60,99,20,,,,,,,,,,,,,,,,,39,66,16,10,,,,,"12:00 AM, Saturday 31 October 2020","12:00 AM, 31 Oct 2020"
2020-10-30,148340,15802,132538,2115,106937,23323,582,15482,131538,,float;#147020.000000000,574,323,251,0.5627,0.4373,47,39.89,75.14,320,264,12,176,6,4,,57,10,6,74,39,35,482,6,0,74,0,478,283,195,0.5921,0.4079,47,32,16,16,,,,,,,1,0.0313,3,0.0938,9,0.2813,12,0.375,7,0.2188,0.375,0.625,0.9101,0.0843,0,0.1067,0.3371,0.5562,0.8239,0.1761,,,,,,,,,,,60,99,19,145,31,162,0,16,,,,,,,,,,,,39,73,16,10,,,,,"12:00 AM, Friday 30 October 2020","12:00 AM, 30 Oct 2020"
2020-10-29,147424,15802,131622,2099,106584,22939,614,15482,130758,,float;#146240.000000000,569,319,250,0.5606,0.4394,47,39.89,74.21,320,259,10,173,6,4,,57,10,6,80,45,35,463,2,0,80,0,467,275,192,0.5889,0.4111,47,32,16,16,,,,,,,1,0.0313,3,0.0938,9,0.2813,12,0.375,7,0.2188,0.375,0.625,0.9143,0.0857,0,0.0971,0.3371,0.5657,0.8208,0.1792,,,,,,,,,,,59,99,17,142,31,160,0,15,,,,,,,,,,,,46,69,16,15,,,,,"12:00 AM, Thursday 29 October 2020","12:00 AM, 29 Oct 2020"
2020-10-28,146629,15802,130827,2086,106071,22670,706,15482,129874,,float;#145356.000000000,566,318,248,0.5618,0.4382,47,38.96,72.36,320,256,10,172,6,4,,55,10,6,79,45,34,436,5,0,78,1,465,273,192,0.5871,0.4129,47,32,16,16,,,,,,,1,0.0313,3,0.0938,9,0.2813,12,0.375,7,0.2188,0.375,0.625,0.9128,0.0814,0,0.0988,0.3314,0.5698,0.8256,0.1744,,,,,,,,,,,57,98,17,142,30,157,0,15,,,,,,,,,,,,46,69,16,15,,,,,"12:00 AM, Wednesday 28 October 2020","12:00 AM, 28 Oct 2020"
2020-10-27,145921,15802,130119,2063,105685,22371,610,15482,129268,,float;#144750.000000000,560,314,246,0.5607,0.4393,47,38.03,73.28,320,250,9,169,6,4,,53,10,6,73,43,30,402,4,0,72,1,465,273,192,0.5871,0.4129,47,32,16,16,,,,,,,1,0.0313,3,0.0938,9,0.2813,12,0.375,7,0.2188,0.375,0.625,0.9181,0.0819,0,0.0994,0.3275,0.5731,0.8225,0.1775,,,,,,,,,,,56,98,17,139,30,157,0,14,,,,,,,,,,,,43,63,20,19,,,,,"12:00 AM, Tuesday 27 October 2020","12:00 AM, 27 Oct 2020"
2020-10-26,145056,15802,129254,2046,105187,22021,396,15482,128621,,float;#144103.000000000,556,313,243,0.5629,0.4371,47,43.6,76.07,320,246,9,167,6,4,,51,10,6,74,40,34,401,11,0,73,1,460,271,189,0.5891,0.4109,47,32,16,16,,,,,,,1,0.0313,3,0.0938,9,0.2813,12,0.375,7,0.2188,0.375,0.625,0.9167,0,0,0.0952,0.3333,0.5714,0.8204,0.1796,,,,,,,,,,,56,96,16,137,30,154,0,14,,,,,,,,,,,,52,60,16,19,3910,2230,170,,"12:00 AM, Monday 26 October 2020","12:00 AM, 26 Oct 2020"
2020-10-25,,,,,,,,,,,float;#0,-1,,,,,,-1,-1,,,,,,,,,,,,,,,5,,,,,,,,,,,,,,,,,,,,,,,,,,,,,,,,,,0.0843,0.3373,0.5783,,,,,,,,,,,,,56,96,14,,,,,,,,,,,,,,,,,59,60,24,19,,,,,"12:00 AM, Sunday 25 October 2020","12:00 AM, 25 Oct 2020"
2020-10-24,,,,,,,,,,,float;#0,-1,,,,,,-1,-1,,,,,,,,,,,,,,,6,,,,,,,,,,,,,,,,,,,,,,,,,,,,,,,,,,0.0745,0.3292,0.5963,,,,,,,,,,,,,53,96,12,,,,,,,,,,,,,,,,,62,50,24,15,,,,,"12:00 AM, Saturday 24 October 2020","12:00 AM, 24 Oct 2020"
2020-10-23,142866,15802,127064,2024,103630,21410,857,15482,125996,,float;#141478.000000000,530,303,227,0.5717,0.4283,47,38.96,80.71,320,220,6,150,6,4,,45,10,6,82,40,42,489,7,0,81,1,426,254,172,0.5962,0.4038,48,32,16,16,,,,,,,1,0.0313,3,0.0938,9,0.2813,12,0.375,7,0.2188,0.375,0.625,0.9114,0.0886,0,0.0759,0.3228,0.6013,0.8133,0.1867,,,,,,,,,,,51,95,12,122,28,144,0,14,,,,,,,,,,,,66,41,20,15,,,,,"12:00 AM, Friday 23 October 2020","12:00 AM, 23 Oct 2020"
2020-10-22,141888,15802,126086,2004,103137,20945,1259,15482,124620,,float;#140102.000000000,526,301,225,0.5722,0.4278,47,35.25,79.78,320,216,6,148,6,4,,43,10,6,80,37,43,486,6,0,79,1,424,253,171,0.5967,0.4033,48,32,16,16,,,,,,,1,0.0313,3,0.0938,9,0.2813,12,0.375,7,0.2188,0.375,0.625,0.9067,0.0867,0,0.08,0.3,0.62,0.8176,0.1824,,,,,,,,,,,45,93,12,121,27,136,0,14,,,,,,,,,,,,79,32,20,15,,,,,"12:00 AM, Thursday 22 October 2020","12:00 AM, 22 Oct 2020"
2020-10-21,140700,15802,124898,1977,102367,20554,840,15482,123854,,float;#139336.000000000,523,299,224,0.5717,0.4283,48,34.32,72.36,320,213,6,147,6,4,,41,10,6,81,34,47,464,5,0,80,1,420,251,169,0.5976,0.4024,48,32,16,16,,,,,,,1,0.0313,3,0.0938,9,0.2813,12,0.375,7,0.2188,0.375,0.625,0.9122,0.0811,0,0.0811,0.2973,0.6216,0.8163,0.1837,,,,,,,,,,,44,92,12,120,27,135,0,13,,,,,,,,,,,,75,28,16,10,,,,,"12:00 AM, Wednesday 21 October 2020","12:00 AM, 21 Oct 2020"
2020-10-20,139648,15802,123846,1949,101804,20093,553,15482,123096,,float;#138578.000000000,516,293,223,0.5678,0.4322,48,34.32,71.43,320,206,5,146,5,4,,37,10,6,78,33,45,488,6,0,77,1,416,249,167,0.5986,0.4014,48,32,16,16,,,,,,,1,0.0313,3,0.0938,9,0.2813,12,0.375,7,0.2188,0.375,0.625,0.9184,0.0748,0,0.0816,0.2993,0.619,0.8151,0.1849,,,,,,,,,,,44,91,12,119,27,135,0,12,,,,,,,,,,,,75,28,12,10,,,,,"12:00 AM, Tuesday 20 October 2020","12:00 AM, 20 Oct 2020"
2020-10-19,138993,15802,123191,1914,101446,19831,766,15482,122235,,float;#137717.000000000,509,290,219,0.5697,0.4303,48,26.9,75.14,320,199,5,141,5,4,,35,10,6,73,30,43,489,5,0,72,1,414,247,167,0.5966,0.4034,48,32,16,16,,,,,,,1,0.0313,3,0.0938,9,0.2813,12,0.375,7,0.2188,0.375,0.625,0.9241,0,0,0.0828,0.2897,0.6276,0.8298,0.1702,,,,,,,,,,,42,91,12,117,24,134,0,11,,,,,,,,,,,,66,32,12,10,5470,1870,150,,"12:00 AM, Monday 19 October 2020","12:00 AM, 19 Oct 2020"
2020-10-18,,,,,,,,,,,float;#0,-1,,,,,,-1,-1,,,,,,,,,,,,,,,7,,,,,,,,,,,,,,,,,,,,,,,,,,,,,,,,,,0.078,0.2766,0.6454,,,,,,,,,,,,,39,91,11,,,,,,,,,,,,,,,,,56,28,4,10,,,,,"12:00 AM, Sunday 18 October 2020","12:00 AM, 18 Oct 2020"
2020-10-17,,,,,,,,,,,float;#0,-1,,,,,,-1,-1,,,,,,,,,,,,,,,10,,,,,,,,,,,,,,,,,,,,,,,,,,,,,,,,,,0.073,0.2701,0.6569,,,,,,,,,,,,,37,90,10,,,,,,,,,,,,,,,,,62,25,16,10,,,,,"12:00 AM, Saturday 17 October 2020","12:00 AM, 17 Oct 2020"
2020-10-16,135305,15802,119503,1864,98595,19044,701,15482,118630,,float;#134112.000000000,490,282,208,0.5755,0.4245,48,37.11,68.65,320,180,3,129,4,4,,31,10,6,62,25,37,405,0,0,61,1,406,241,165,0.5936,0.4064,49,32,16,16,,,,,,,1,0.0313,3,0.0938,9,0.2813,12,0.375,7,0.2188,0.375,0.625,0.927,0.0657,0,0.073,0.2701,0.6569,0.8527,0.1473,,,,,,,,,,,37,90,10,110,19,127,0,10,,,,,,,,,,,,62,38,24,10,,,,,"12:00 AM, Friday 16 October 2020","12:00 AM, 16 Oct 2020"
2020-10-15,134348,15802,118546,1840,97998,18708,834,15482,117541,,float;#133023.000000000,490,282,208,0.5755,0.4245,48,42.67,68.65,320,180,3,129,4,4,,31,10,6,63,24,39,403,2,0,62,1,405,240,165,0.5926,0.4074,49,32,16,16,,,,,,,1,0.0313,3,0.0938,9,0.2813,12,0.375,7,0.2188,0.375,0.625,0.9297,0.0703,0,0.0781,0.2891,0.6328,0.8527,0.1473,,,,,,,,,,,37,81,10,110,19,119,0,9,,,,,,,,,,,,62,41,24,10,,,,,"12:00 AM, Thursday 15 October 2020","12:00 AM, 15 Oct 2020"
2020-10-14,133634,15802,117832,1815,97469,18548,817,15482,116848,,float;#132330.000000000,487,281,206,0.577,0.423,48,43.6,67.72,320,177,3,128,4,4,,29,10,6,66,25,41,393,1,0,64,2,399,238,161,0.5965,0.4035,49,32,16,16,,,,,,,1,0.0313,3,0.0938,9,0.2813,12,0.375,7,0.2188,0.375,0.625,0.9297,0.0703,0,0.0781,0.2891,0.6328,0.8516,0.1484,,,,,,,,,,,37,81,10,109,19,119,0,9,,,,,,,,,,,,75,44,28,10,,,,,"12:00 AM, Wednesday 14 October 2020","12:00 AM, 14 Oct 2020"
2020-10-13,132517,15802,116715,1784,96726,18205,676,15482,115875,,float;#131357.000000000,483,279,204,0.5776,0.4224,48,44.53,60.3,320,173,3,127,4,4,,26,10,6,64,23,41,405,5,0,62,2,397,237,160,0.597,0.403,49,32,16,16,,,,,,,1,0.0313,3,0.0938,9,0.2813,12,0.375,7,0.2188,0.375,0.625,0.9291,0.0709,0,0.0787,0.2913,0.6299,0.8504,0.1496,,,,,,,,,,,37,80,10,108,19,118,0,9,,,,,,,,,,,,79,44,32,5,,,,,"12:00 AM, Tuesday 13 October 2020","12:00 AM, 13 Oct 2020"
2020-10-12,131166,15802,115364,1761,95734,17869,731,15482,114473,,float;#129955.000000000,479,276,203,0.5762,0.4238,48,43.6,53.8,320,169,3,124,4,4,,25,10,5,61,21,40,295,15,0,60,1,397,237,160,0.597,0.403,49,32,16,16,,,,,,,1,0.0313,3,0.0938,9,0.2813,12,0.375,7,0.2188,0.375,0.625,0.9286,0,0,0.0794,0.2937,0.627,0.8548,0.1452,,,,,,,,,,,37,79,10,106,18,117,0,9,,,,,,,,,,,,79,47,32,5,6300,1530,150,,"12:00 AM, Monday 12 October 2020","12:00 AM, 12 Oct 2020"
2020-10-11,,,,,,,,,,,float;#0,-1,,,,,,-1,-1,,,,,,,,,,,,,,,3,,,,,,,,,,,,,,,,,,,,,,,,,,,,,,,,,,0.0806,0.2903,0.629,,,,,,,,,,,,,36,78,10,,,,,,,,,,,,,,,,,75,47,32,5,,,,,"12:00 AM, Sunday 11 October 2020","12:00 AM, 11 Oct 2020"
2020-10-10,,,,,,,,,,,float;#0,-1,,,,,,-1,-1,,,,,,,,,,,,,,,10,,,,,,,,,,,,,,,,,,,,,,,,,,,,,,,,,,0.0783,0.2783,0.6435,,,,,,,,,,,,,32,74,9,,,,,,,,,,,,,,,,,72,47,20,5,,,,,"12:00 AM, Saturday 10 October 2020","12:00 AM, 10 Oct 2020"
2020-10-09,127554,15802,111752,1730,92681,17341,737,15482,110885,,float;#126367.000000000,449,259,190,0.5768,0.4232,49,25.05,38.03,320,139,3,99,4,4,,20,10,4,45,23,22,309,9,0,44,1,384,230,154,0.599,0.401,49,32,16,16,,,,,,,1,0.0313,3,0.0938,9,0.2813,12,0.375,7,0.2188,0.375,0.625,0.9174,0.0826,0,0.0826,0.2569,0.6606,0.8788,0.1212,,,,,,,,,,,28,72,9,87,12,100,0,9,,,,,,,,,,,,72,41,16,5,,,,,"12:00 AM, Friday 9 October 2020","12:00 AM, 9 Oct 2020"
2020-10-08,126527,15802,110725,1707,91950,17068,985,15482,109616,,float;#125098.000000000,443,259,184,0.5847,0.4153,49,20.41,35.25,320,133,2,94,4,4,,20,10,4,41,22,19,291,2,0,41,0,382,229,153,0.5995,0.4005,49,32,16,16,,,,,,,1,0.0313,3,0.0938,9,0.2813,12,0.375,7,0.2188,0.375,0.625,0.9091,0.0808,0,0.0707,0.2828,0.6465,0.883,0.117,,,,,,,,,,,28,64,7,83,11,90,0,9,,,,,,,,,,,,43,35,12,0,,,,,"12:00 AM, Thursday 8 October 2020","12:00 AM, 8 Oct 2020"
2020-10-07,125478,15802,109676,1673,91201,16802,713,15482,108841,,float;#124323.000000000,441,257,184,0.5828,0.4172,49,25.05,34.32,320,131,2,92,4,4,,20,10,4,41,21,20,347,3,0,41,0,380,228,152,0.6,0.4,49,32,16,16,,,,,,,1,0.0313,3,0.0938,9,0.2813,12,0.375,7,0.2188,0.375,0.625,0.9149,0.0851,0,0.0745,0.2979,0.6277,0.8804,0.1196,,,,,,,,,,,28,59,7,81,11,86,0,8,,,,,,,,,,,,30,32,8,0,,,,,"12:00 AM, Wednesday 7 October 2020","12:00 AM, 7 Oct 2020"
2020-10-06,124718,15802,108916,1643,90642,16631,1148,15482,107649,,float;#123131.000000000,438,254,184,0.5799,0.4201,49,24.12,31.54,320,127,2,90,3,4,,20,9,4,38,20,18,327,5,0,38,0,380,228,152,0.6,0.4,49,32,16,16,,,,,,,1,0.0313,3,0.0938,9,0.2813,12,0.375,7,0.2188,0.375,0.625,0.913,0.087,0,0.0652,0.3043,0.6304,0.8778,0.1222,,,,,,,,,,,28,58,6,79,11,84,0,8,,,,,,,,,,,,43,38,4,0,,,,,"12:00 AM, Tuesday 6 October 2020","12:00 AM, 6 Oct 2020"
2020-10-05,123693,15802,107891,1613,89838,16440,1458,15482,106321,,float;#121803.000000000,431,251,180,0.5824,0.4176,50,24.12,27.83,320,120,2,83,3,4,,20,9,4,31,16,15,289,6,0,31,0,380,228,152,0.6,0.4,49,32,16,16,,,,,,,1,0.0313,3,0.0938,9,0.2813,12,0.375,7,0.2188,0.375,0.625,0.9091,0,0,0.0682,0.2841,0.6477,0.8795,0.1205,,,,,,,,,,,25,57,6,73,10,80,0,8,,,,,,,,,,,,46,28,4,5,5240,1440,120,,"12:00 AM, Monday 5 October 2020","12:00 AM, 5 Oct 2020"
2020-10-04,,,,,,,,,,,float;#0,-1,,,,,,-1,-1,,,,,,,,,,,,,,,4,,,,,,,,,,,,,,,,,,,,,,,,,,,,,,,,,,0.0581,0.2791,0.6628,,,,,,,,,,,,,24,57,5,,,,,,,,,,,,,,,,,46,28,4,5,,,,,"12:00 AM, Sunday 4 October 2020","12:00 AM, 4 Oct 2020"
2020-10-03,,,,,,,,,,,float;#0,-1,,,,,,-1,-1,,,,,,,,,,,,,,,2,,,,,,,,,,,,,,,,,,,,,,,,,,,,,,,,,,0.0488,0.2927,0.6585,,,,,,,,,,,,,24,54,4,,,,,,,,,,,,,,,,,33,25,4,5,,,,,"12:00 AM, Saturday 3 October 2020","12:00 AM, 3 Oct 2020"
2020-10-02,120592,15802,104790,1583,87256,15951,1064,15482,103624,,float;#119106.000000000,421,243,178,0.5772,0.4228,50,20.41,22.26,320,110,2,75,3,4,,18,9,3,23,7,16,198,4,0,23,0,379,227,152,0.5989,0.4011,49,32,16,16,,,,,,,1,0.0313,3,0.0938,9,0.2813,12,0.375,7,0.2188,0.375,0.625,0.9221,0.0779,0,0.039,0.2857,0.6753,0.88,0.12,,,,,,,,,,,22,52,3,66,9,71,0,6,,,,,,,,,,,,26,19,0,5,,,,,"12:00 AM, Friday 2 October 2020","12:00 AM, 2 Oct 2020"
2020-10-01,119361,15802,103559,1573,86356,15630,653,15482,102806,,float;#118288.000000000,419,242,177,0.5776,0.4224,50,20.41,20.41,320,108,2,75,3,4,,16,9,3,22,5,17,194,0,0,22,0,378,227,151,0.6005,0.3995,49,32,16,16,,,,,,,1,0.0313,3,0.0938,9,0.2813,12,0.375,7,0.2188,0.375,0.625,0.9211,0.0789,0,0.0395,0.2895,0.6711,0.88,0.12,,,,,,,,,,,22,51,3,66,9,70,0,6,,,,,,,,,,,,26,16,0,5,,,,,"12:00 AM, Thursday 1 October 2020","12:00 AM, 1 Oct 2020"
2020-09-30,118699,15802,102897,1550,85953,15394,849,15482,101953,,float;#117435.000000000,414,239,175,0.5773,0.4227,50,12.99,21.34,320,103,2,70,3,4,,16,9,3,20,6,14,243,6,0,20,0,375,227,148,0.6053,0.3947,49,32,16,16,,,,,,,1,0.0313,3,0.0938,9,0.2813,12,0.375,7,0.2188,0.375,0.625,0.92,0.08,0,0.04,0.2933,0.6667,0.8714,0.1286,,,,,,,,,,,22,50,3,61,9,69,0,6,,,,,,,,,,,,26,13,0,5,,,,,"12:00 AM, Wednesday 30 September 2020","12:00 AM, 30 Sep 2020"
2020-09-29,117810,15802,102008,1518,85357,15133,1412,15482,100506,,float;#115988.000000000,409,237,172,0.5795,0.4205,50,11.13,20.41,320,98,2,65,3,4,,16,9,3,18,7,11,222,4,0,18,0,372,225,147,0.6048,0.3952,49,32,16,16,,,,,,,1,0.0313,3,0.0938,9,0.2813,12,0.375,7,0.2188,0.375,0.625,0.9143,0.0857,0,0.0286,0.3143,0.6571,0.8615,0.1385,,,,,,,,,,,22,46,2,56,9,64,0,6,,,,,,,,,,,,7,6,0,5,,,,,"12:00 AM, Tuesday 29 September 2020","12:00 AM, 29 Sep 2020"
2020-09-28,116659,15802,100857,1495,84465,14897,1444,15482,99324,,float;#114806.000000000,408,237,171,0.5809,0.4191,50,10.2,20.41,320,97,2,64,3,4,,16,9,3,20,10,10,216,3,0,20,0,369,224,145,0.607,0.393,49,32,16,16,,,,,,,1,0.0313,3,0.0938,9,0.2813,12,0.375,7,0.2188,0.375,0.625,0.9104,0,0,0.0299,0.3284,0.6418,0.8594,0.1406,,,,,,,,,,,22,43,2,55,9,61,0,6,,,,,,,,,,,,0,6,0,0,6220,1220,130,,"12:00 AM, Monday 28 September 2020","12:00 AM, 28 Sep 2020"
2020-09-27,,,,,,,,,,,float;#0,-1,,,,,,-1,-1,,,,,,,,,,,,,,,1,,,,,,,,,,,,,,,,,,,,,,,,,,,,,,,,,,0.0154,0.3385,0.6462,,,,,,,,,,,,,22,42,1,,,,,,,,,,,,,,,,,,,,,,,,,"12:00 AM, Sunday 27 September 2020","12:00 AM, 27 Sep 2020"
2020-09-26,,,,,,,,,,,float;#0,-1,,,,,,-1,-1,,,,,,,,,,,,,,,1,,,,,,,,,,,,,,,,,,,,,,,,,,,,,,,,,,0.0156,0.3438,0.6406,,,,,,,,,,,,,22,41,1,,,,,,,,,,,,,,,,,,,,,,,,,"12:00 AM, Saturday 26 September 2020","12:00 AM, 26 Sep 2020"
2020-09-25,113035,15802,97233,1454,81250,14529,737,15482,96415,,float;#111897.000000000,400,235,165,0.5875,0.4125,50,6.49,18.55,320,89,2,59,3,4,,13,9,2,16,10,6,178,5,0,16,0,366,224,142,0.612,0.388,50,32,16,16,,,,,,,1,0.0313,3,0.0938,9,0.2813,12,0.375,7,0.2188,0.375,0.625,0.9063,0.0938,0,0.0156,0.3438,0.6406,0.8475,0.1525,,,,,,,,,,,22,41,1,50,9,58,0,6,,,,,,,,,,,,,,,,,,,,"12:00 AM, Friday 25 September 2020","12:00 AM, 25 Sep 2020"
2020-09-24,111968,15802,96166,1441,80367,14358,645,15482,95441,,float;#110923.000000000,399,234,165,0.5865,0.4135,50,6.49,19.48,320,88,2,58,3,4,,13,9,2,16,10,6,191,0,0,16,0,365,223,142,0.611,0.389,50,32,16,16,,,,,,,1,0.0313,3,0.0938,9,0.2813,12,0.375,7,0.2188,0.375,0.625,0.9016,0.0984,0,0.0164,0.3443,0.6393,0.8448,0.1552,,,,,,,,,,,21,39,1,49,9,55,0,6,,,,,,,,,,,,,,,,,,,,"12:00 AM, Thursday 24 September 2020","12:00 AM, 24 Sep 2020"
2020-09-23,111285,15802,95483,1419,79876,14188,948,15482,94455,,float;#109937.000000000,399,234,165,0.5865,0.4135,50,10.2,20.4,320,88,2,58,3,4,,13,9,2,16,10,6,191,0,0,16,0,365,223,142,0.611,0.389,50,32,16,16,,,,,,,1,0.0313,3,0.0938,9,0.2813,12,0.375,7,0.2188,0.375,0.625,0.8983,0.1017,0,0.0169,0.3559,0.6271,0.8448,0.1552,,,,,,,,,,,21,37,1,49,9,53,0,6,,,,,,,,,,,,,,,,,,,,"12:00 AM, Wednesday 23 September 2020","12:00 AM, 23 Sep 2020"
2020-09-22,110315,15802,94513,1399,79187,13927,1327,15482,93107,,float;#108589.000000000,398,233,165,0.5854,0.4146,50,9.28,20.4,320,87,2,57,3,4,,13,9,2,17,9,8,212,2,0,17,0,363,221,142,0.6088,0.3912,50,32,16,16,,,,,,,1,0.0313,3,0.0938,9,0.2813,12,0.375,7,0.2188,0.375,0.625,0.8983,0.0847,0,0.0169,0.3559,0.6271,0.8421,0.1579,,,,,,,,,,,21,37,1,48,9,53,0,6,,,,,,,,,,,,,,,,,,,,"12:00 AM, Tuesday 22 September 2020","12:00 AM, 22 Sep 2020"
2020-09-21,109056,15802,93254,1363,78167,13724,1297,15482,91880,,float;#107362.000000000,396,232,164,0.5859,0.4141,51,11.13,19.48,320,85,2,55,3,4,,13,9,2,17,9,8,222,2,0,17,0,361,220,141,0.6094,0.3906,50,32,16,16,,,,,,,1,0.0313,3,0.0938,9,0.2813,12,0.375,7,0.2188,0.375,0.625,0.9138,0,0,0.0172,0.3621,0.6207,0.8545,0.1455,,,,,,,,,,,21,36,1,47,8,53,0,5,,,,,,,,,,,,,,,,6660,1520,190,,"12:00 AM, Monday 21 September 2020","12:00 AM, 21 Sep 2020"
2020-09-20,,,,,,,,,,,float;#0,-1,,,,,,-1,-1,,,,,,,,,,,,,,,0,,,,,,,,,,,,,,,,,,,,,,,,,,,,,,,,,,0.0175,0.3509,0.6316,,,,,,,,,,,,,20,36,1,,,,,,,,,,,,,,,,,,,,,,,,,"12:00 AM, Sunday 20 September 2020","12:00 AM, 20 Sep 2020"
2020-09-19,,,,,,,,,,,float;#0,-1,,,,,,-1,-1,,,,,,,,,,,,,,,2,,,,,,,,,,,,,,,,,,,,,,,,,,,,,,,,,,0.0179,0.3393,0.6429,,,,,,,,,,,,,19,36,1,,,,,,,,,,,,,,,,,,,,,,,,,"12:00 AM, Saturday 19 September 2020","12:00 AM, 19 Sep 2020"
2020-09-18,104837,15802,89035,1297,74598,13140,788,15482,88173,,float;#103655.000000000,393,231,162,0.5878,0.4122,51,12.06,14.84,320,82,2,53,3,4,,12,9,2,17,7,10,212,2,0,17,0,358,219,139,0.6117,0.3883,51,32,16,16,,,,,,,1,0.0313,3,0.0938,9,0.2813,12,0.375,7,0.2188,0.375,0.625,0.9273,0.0727,0,0.0182,0.3273,0.6545,0.8679,0.1321,,,,,,,,,,,18,36,1,46,7,51,0,4,,,,,,,,,,,,,,,,,,,,"12:00 AM, Friday 18 September 2020","12:00 AM, 18 Sep 2020"
2020-09-17,103938,15802,88136,1263,73932,12941,930,15482,87134,,float;#102616.000000000,391,229,162,0.5857,0.4143,51,11.13,14.84,320,80,2,53,3,4,,10,9,2,15,6,9,178,0,0,15,0,358,219,139,0.6117,0.3883,51,32,16,16,,,,,,,1,0.0313,3,0.0938,9,0.2813,12,0.375,7,0.2188,0.375,0.625,0.9273,0.0545,0,0.0182,0.3273,0.6545,0.8679,0.1321,,,,,,,,,,,18,36,1,46,7,51,0,4,,,,,,,,,,,,,,,,,,,,"12:00 AM, Thursday 17 September 2020","12:00 AM, 17 Sep 2020"
2020-09-16,102843,15802,87041,1234,73105,12703,746,15482,86225,,float;#101707.000000000,389,229,160,0.5887,0.4113,51,8.35,14.84,320,78,2,51,3,4,,10,9,2,13,5,8,167,2,0,13,0,358,219,139,0.6117,0.3883,51,32,16,16,,,,,,,1,0.0313,3,0.0938,9,0.2813,12,0.375,7,0.2188,0.375,0.625,0.9434,0.0566,0,0.0189,0.3396,0.6415,0.8627,0.1373,,,,,,,,,,,18,34,1,44,7,50,0,3,,,,,,,,,,,,,,,,,,,,"12:00 AM, Wednesday 16 September 2020","12:00 AM, 16 Sep 2020"
2020-09-15,102139,15802,86337,1204,72706,12427,1709,15482,84561,,float;#100043.000000000,386,228,158,0.5907,0.4093,51,10.2,14.84,320,75,1,49,3,4,,10,9,2,11,3,8,136,3,0,11,0,357,218,139,0.6106,0.3894,50,32,16,16,,,,,,,1,0.0313,3,0.0938,9,0.2813,12,0.375,7,0.2188,0.375,0.625,0.9412,0.0588,0,0.0196,0.3529,0.6275,0.8571,0.1429,,,,,,,,,,,18,32,1,42,7,48,0,3,,,,,,,,,,,,,,,,,,,,"12:00 AM, Tuesday 15 September 2020","12:00 AM, 15 Sep 2020"
2020-09-14,100654,15802,84852,1130,71522,12159,1689,15482,83096,,float;#98578.0000000000,386,228,158,0.5907,0.4093,51,9.28,15.77,320,75,1,49,3,4,,10,9,2,11,3,8,133,2,0,11,0,357,218,139,0.6106,0.3894,50,32,16,16,,,,,,,1,0.0313,3,0.0938,9,0.2813,12,0.375,7,0.2188,0.375,0.625,0.9412,0,0,0.0196,0.3529,0.6275,0.8571,0.1429,,,,,,,,,,,18,32,1,42,7,48,0,3,,,,,,,,,,,,,,,,7940,1230,150,,"12:00 AM, Monday 14 September 2020","12:00 AM, 14 Sep 2020"
2020-09-13,,,,,,,,,,,float;#0,-1,,,,,,-1,-1,,,,,,,,,,,,,,,1,,,,,,,,,,,,,,,,,,,,,,,,,,,,,,,,,,0.0204,0.3469,0.6327,,,,,,,,,,,,,17,31,1,,,,,,,,,,,,,,,,,,,,,,,,,"12:00 AM, Sunday 13 September 2020","12:00 AM, 13 Sep 2020"
2020-09-12,,,,,,,,,,,float;#0,-1,,,,,,-1,-1,,,,,,,,,,,,,,,2,,,,,,,,,,,,,,,,,,,,,,,,,,,,,,,,,,0.0204,0.3469,0.6327,,,,,,,,,,,,,17,31,1,,,,,,,,,,,,,,,,,,,,,,,,,"12:00 AM, Saturday 12 September 2020","12:00 AM, 12 Sep 2020"
2020-09-11,95811,15802,80009,1130,67090,11789,1337,15482,78611,,float;#94093.0000000000,380,224,156,0.5895,0.4105,51,7.42,14.84,320,69,1,44,3,4,,9,9,,11,4,7,87,1,0,11,0,353,217,136,0.6147,0.3853,50,32,16,16,,,,,,,1,0.0313,3,0.0938,9,0.2813,12,0.375,7,0.2188,0.375,0.625,0.9583,0.0417,0,0.0208,0.3333,0.6458,0.8409,0.1591,,,,,,,,,,,16,31,1,37,7,46,0,2,,,,,,,,,,,,,,,,,,,,"12:00 AM, Friday 11 September 2020","12:00 AM, 11 Sep 2020"
2020-09-10,94511,15802,78709,1107,65990,11612,865,15482,77784,,float;#93266.0000000000,379,223,156,0.5884,0.4116,51,6.49,16.7,320,68,1,43,3,4,,9,9,,12,4,8,85,1,0,12,0,351,216,135,0.6154,0.3846,50,32,16,16,,,,,,,1,0.0313,3,0.0938,9,0.2813,12,0.375,7,0.2188,0.375,0.625,0.9565,0.0435,0,0.0217,0.3261,0.6522,0.8372,0.1628,,,,,,,,,,,15,30,1,36,7,44,0,2,,,,,,,,,,,,,,,,,,,,"12:00 AM, Thursday 10 September 2020","12:00 AM, 10 Sep 2020"
2020-09-09,93742,15802,77940,1091,65465,11384,981,15482,76900,,float;#92382.0000000000,378,222,156,0.5873,0.4127,51,6.49,15.77,320,67,1,42,3,4,,9,9,,11,4,7,65,1,0,11,0,351,216,135,0.6154,0.3846,50,32,16,16,,,,,,,1,0.0313,3,0.0938,9,0.2813,12,0.375,7,0.2188,0.375,0.625,0.9556,0.0444,0,0.0222,0.3333,0.6444,0.8333,0.1667,,,,,,,,,,,15,29,1,35,7,43,0,2,,,,,,,,,,,,,,,,,,,,"12:00 AM, Wednesday 9 September 2020","12:00 AM, 9 Sep 2020"
2020-09-08,92874,15802,77072,1060,64873,11139,1804,15482,75211,,float;#90693.0000000000,376,222,154,0.5904,0.4096,51,4.64,16.7,320,65,1,40,3,4,,9,9,,10,4,6,72,3,0,10,0,350,216,134,0.6171,0.3829,50,32,16,16,,,,,,,1,0.0313,3,0.0938,9,0.2813,12,0.375,7,0.2188,0.375,0.625,0.9545,0.0455,0,0.0227,0.3409,0.6364,0.825,0.175,,,,,,,,,,,15,28,1,33,7,42,0,2,,,,,,,,,,,,,,,,,,,,"12:00 AM, Tuesday 8 September 2020","12:00 AM, 8 Sep 2020"
2020-09-07,91292,15802,75490,1018,63543,10929,1387,15482,74047,,float;#89529.0000000000,375,222,153,0.592,0.408,51,5.57,15.77,320,64,1,39,3,4,,9,9,,13,7,6,69,0,0,13,0,346,214,132,0.6185,0.3815,50,32,16,16,,,,,,,1,0.0313,3,0.0938,9,0.2813,12,0.375,7,0.2188,0.375,0.625,0.9524,0,0,0.0238,0.3333,0.6429,0.8205,0.1795,,,,,,,,,,,14,27,1,32,7,40,0,2,,,,,,,,,,,,,,,,7990,1000,200,,"12:00 AM, Monday 7 September 2020","12:00 AM, 7 Sep 2020"
2020-09-06,,,,,,,,,,,float;#0,-1,,,,,,-1,-1,,,,,,,,,,,,,,,1,,,,,,,,,,,,,,,,,,,,,,,,,,,,,,,,,,0.025,0.325,0.65,,,,,,,,,,,,,13,26,1,,,,,,,,,,,,,,,,,,,,,,,,,"12:00 AM, Sunday 6 September 2020","12:00 AM, 6 Sep 2020"
2020-09-05,,,,,,,,,,,float;#0,-1,,,,,,-1,-1,,,,,,,,,,,,,,,0,,,,,,,,,,,,,,,,,,,,,,,,,,,,,,,,,,0.0256,0.3333,0.641,,,,,,,,,,,,,13,25,1,,,,,,,,,,,,,,,,,,,,,,,,,"12:00 AM, Saturday 5 September 2020","12:00 AM, 5 Sep 2020"
2020-09-04,86984,15802,71182,954,59675,10553,954,15482,69702,,float;#85184.0000000000,374,222,152,0.5936,0.4064,51,6.49,17.63,320,63,1,38,3,4,,9,9,,14,7,7,98,0,0,14,0,344,213,131,0.6192,0.3808,51,32,16,16,,,,,,,1,0.0313,3,0.0938,9,0.2813,12,0.375,7,0.2188,0.375,0.625,0.9474,0.0526,0,0.0263,0.3421,0.6316,0.8158,0.1842,,,,,,,,,,,13,24,1,31,7,36,0,2,,,,,,,,,,,,,,,,,,,,"12:00 AM, Friday 4 September 2020","12:00 AM, 4 Sep 2020"
2020-09-03,85729,15802,69927,910,58686,10331,1221,15482,68652,,float;#84134.0000000000,373,221,152,0.5925,0.4075,51,8.35,19.48,320,62,1,38,3,4,,8,9,,14,6,8,98,0,0,14,0,343,212,131,0.6181,0.3819,51,32,16,16,,,,,,,1,0.0313,3,0.0938,9,0.2813,12,0.375,7,0.2188,0.375,0.625,0.9474,0.0526,0,0.0263,0.3421,0.6316,0.8158,0.1842,,,,,,,,,,,13,24,1,31,7,36,0,2,,,,,,,,,,,,,,,,,,,,"12:00 AM, Thursday 3 September 2020","12:00 AM, 3 Sep 2020"
2020-09-02,84546,15802,68744,873,57708,10163,944,15482,67739,,float;#83221.0000000000,373,225,157,0.589,0.411,51,8.35,-1,320,61,1,38,3,4,,8,8,,17,8,9,108,3,0,17,0,349,216,136,0.6189,0.3897,51,32,16,16,,,,,,,1,0.0313,3,0.0938,9,0.2813,12,0.375,7,0.2188,0.375,0.625,0.9474,0.0526,0,0.0263,0.3421,0.6316,0.8421,0.1579,,,,,,,,,,,13,24,1,32,6,36,0,2,,,,,,,,,,,,,,,,,,,,"12:00 AM, Wednesday 2 September 2020","12:00 AM, 2 Sep 2020"
2020-09-01,83755,15802,67953,841,57102,10010,1862,15482,66033,,float;#81515.0000000000,370,222,156,0.5873,0.4127,51,10.2,-1,320,58,1,37,3,4,,6,8,,15,7,8,109,1,0,15,0,347,214,133,0.6167,0.3833,51,32,16,16,,,,,,,1,0.0313,3,0.0938,9,0.2813,12,0.375,7,0.2188,0.375,0.625,0.9474,0,0,0.0263,0.3421,0.6316,0.8378,0.1622,,,,,,,,,,,13,24,1,31,6,36,0,2,,,,,,,,,,,,,,,,,,,,"12:00 AM, Tuesday 1 September 2020","12:00 AM, 1 Sep 2020"
2020-08-31,,,,,,,,,,,float;#0,365,,,,,,-1,-1,,53,1,34,3,4,,4,8,,,,,,2,,,,344,,,,,,32,16,16,,,,,,,1,0.0313,3,0.0938,9,0.2813,12,0.375,7,0.2188,0.375,0.625,,,,0.0263,0.3421,0.6316,,,,,,,,,,,,,13,24,1,,,,,,,,,,,,,,,,,,,,,8770,1030,140,,"12:00 AM, Monday 31 August 2020","12:00 AM, 31 Aug 2020"
2020-08-30,,,,,,,,,,,float;#0,-1,,,,,,-1,-1,,,,,,,,,,,,,,,0,,,,,,,,,,,,,,,,,,,,,,,,,,,,,,,,,,0.027,0.3514,0.6216,,,,,,,,,,,,,13,23,1,,,,,,,,,,,,,,,,,,,,,,,,,"12:00 AM, Sunday 30 August 2020","12:00 AM, 30 Aug 2020"
2020-08-29,,,,,,,,,,,float;#0,-1,,,,,,-1,-1,,,,,,,,,,,,,,,0,,,,,,,,,,,,,,,,,,,,,,,,,,,,,,,,,,0.027,0.3514,0.6216,,,,,,,,,,,,,13,23,1,,,,,,,,,,,,,,,,,,,,,,,,,"12:00 AM, Saturday 29 August 2020","12:00 AM, 29 Aug 2020"
2020-08-28,77607,15802,61805,780,51388,9637,1610,15482,60142,,float;#75624.0000000000,365,221,152,0.5925,0.4075,52,9.28,-1,320,53,1,34,3,4,,4,8,,13,5,8,105,2,0,13,0,344,211,133,0.6134,0.3866,51,32,16,16,,,,,,,1,0.0313,3,0.0938,9,0.2813,12,0.375,7,0.2188,0.375,0.625,0.9444,0.0556,0,0.0278,0.3611,0.6111,0.8235,0.1765,,,,,,,,,,,13,22,1,28,6,34,0,2,,,,,,,,,,,,,,,,,,,,"12:00 AM, Friday 28 August 2020","12:00 AM, 28 Aug 2020"
2020-08-27,75981,15802,60179,753,49948,9478,1118,15482,59009,,float;#74491.0000000000,364,221,151,0.5941,0.4059,52,8.35,-1,320,52,1,33,3,4,,4,8,,12,4,8,92,1,0,12,0,344,211,133,0.6134,0.3866,51,32,16,16,,,,,,,1,0.0313,3,0.0938,9,0.2813,12,0.375,7,0.2188,0.375,0.625,0.9444,0.0556,0,0.0278,0.3611,0.6111,0.8182,0.1818,,,,,,,,,,,13,22,1,27,6,34,0,2,,,,,,,,,,,,,,,,,,,,"12:00 AM, Thursday 27 August 2020","12:00 AM, 27 Aug 2020"
2020-08-26,75119,15802,59317,742,49283,9292,1234,15482,58032,,float;#73514.0000000000,363,221,150,0.5957,0.4043,52,8.35,-1,320,51,1,32,3,4,,4,8,,12,4,8,64,2,0,12,0,343,210,133,0.6122,0.3878,51,32,16,16,,,,,,,1,0.0313,3,0.0938,9,0.2813,12,0.375,7,0.2188,0.375,0.625,0.9412,0.0588,0,0.0294,0.3824,0.5882,0.8125,0.1875,,,,,,,,,,,13,20,1,26,6,32,0,2,,,,,,,,,,,,,,,,,,,,"12:00 AM, Wednesday 26 August 2020","12:00 AM, 26 Aug 2020"
2020-08-25,74014,15802,58212,712,48387,9113,1994,15482,56170,,float;#71652.0000000000,361,219,149,0.5951,0.4049,52,7.42,-1,320,48,1,31,3,4,,3,7,,11,4,7,74,2,0,11,0,341,208,133,0.61,0.39,51,32,16,16,,,,,,,1,0.0313,3,0.0938,9,0.2813,12,0.375,7,0.2188,0.375,0.625,0.9394,0.0606,0,0.0303,0.3636,0.6061,0.871,0.129,,,,,,,,,,,12,20,1,27,4,31,0,2,,,,,,,,,,,,,,,,,,,,"12:00 AM, Tuesday 25 August 2020","12:00 AM, 25 Aug 2020"
2020-08-24,72099,15802,56297,688,46699,8910,1708,15482,54542,,float;#70024.0000000000,364,216,148,0.5934,0.4066,52,7.42,-1,320,44,1,27,3,4,,3,6,,9,4,5,80,3,0,9,0,339,207,132,0.6106,0.3894,51,32,16,16,,,,,,,1,0.0313,3,0.0938,9,0.2813,12,0.375,7,0.2188,0.375,0.625,0.9375,0,0,0.0313,0.375,0.5938,0.8519,0.1481,,,,,,,,,,,12,19,1,23,4,30,0,2,,,,,,,,,,,,,,,,9600,1170,120,,"12:00 AM, Monday 24 August 2020","12:00 AM, 24 Aug 2020"
2020-08-23,,,,,,,,,,,float;#0,-1,,,,,,-1,-1,,,,,,,,,0,,,,,,0,,,,,,,,,,,,,,,,,,,,,,,,,,,,,,,,,,0.0333,0.3333,0.6333,,,,,,,,,,,,,10,19,1,,,,,,,,,,,,,,,,,,,,,,,,,"12:00 AM, Sunday 23 August 2020","12:00 AM, 23 Aug 2020"
2020-08-22,,,,,,,,,,,float;#0,-1,,,,,,-1,-1,,,,,,,,,0,,,,,,0,,,,,,,,,,,,,,,,,,,,,,,,,,,,,,,,,,0.0345,0.3448,0.6207,,,,,,,,,,,,,10,18,1,,,,,,,,,,,,,,,,,,,,,,,,,"12:00 AM, Saturday 22 August 2020","12:00 AM, 22 Aug 2020"
2020-08-21,67327,15802,51525,650,42244,8631,2273,15482,49209,,float;#64691.0000000000,363,215,148,0.5923,0.4077,52,6.49,-1,320,43,1,26,3,4,,3,6,,15,8,7,138,2,0,15,0,332,204,128,0.6145,0.3855,52,32,16,16,,,,,,,1,0.0313,3,0.0938,9,0.2813,12,0.375,7,0.2188,0.375,0.625,0.9259,0.0741,0,0.037,0.2963,0.6667,0.8462,0.1538,,,,,,,,,,,8,18,1,22,4,25,0,2,,,,,,,,,,,,,,,,,,,,"12:00 AM, Friday 21 August 2020","12:00 AM, 21 Aug 2020"
2020-08-20,65288,15802,49486,632,40465,8389,1247,15482,48197,,float;#63679.0000000000,362,215,147,0.5939,0.4061,52,6.49,-1,320,42,1,25,3,4,,3,6,,14,8,6,138,0,0,14,0,332,204,128,0.6145,0.3855,52,32,16,16,,,,,,,1,0.0313,3,0.0938,9,0.2813,12,0.375,7,0.2188,0.375,0.625,0.9259,0.0741,0,0.037,0.2963,0.6667,0.84,0.16,,,,,,,,,,,8,18,1,21,4,25,0,2,,,,,,,,,,,,,,,,,,,,"12:00 AM, Thursday 20 August 2020","12:00 AM, 20 Aug 2020"
2020-08-19,64291,15802,48489,615,39662,8212,1830,15482,46618,,float;#62100.0000000000,361,215,146,0.5956,0.4044,52,9.28,-1,320,41,1,25,3,4,,3,5,,16,10,6,138,2,0,16,0,329,203,126,0.617,0.383,52,32,16,16,,,,,,,1,0.0313,3,0.0938,9,0.2813,12,0.375,7,0.2188,0.375,0.625,0.9231,0.0385,0,0.0385,0.2692,0.6923,0.84,0.16,,,,,,,,,,,7,18,1,21,4,24,0,2,,,,,,,,,,,,,,,,,,,,"12:00 AM, Wednesday 19 August 2020","12:00 AM, 19 Aug 2020"
2020-08-18,63084,15802,47282,580,38712,7990,2015,15482,45229,,float;#60711.0000000000,358,212,146,0.5922,0.4078,52,8.35,-1,320,38,1,22,3,4,,3,5,,14,8,6,113,1,0,14,0,328,202,126,0.6159,0.3841,52,32,16,16,,,,,,,1,0.0313,3,0.0938,9,0.2813,12,0.375,7,0.2188,0.375,0.625,0.96,0,0,0.04,0.24,0.72,0.8182,0.1818,,,,,,,,,,,6,18,1,18,4,24,0,1,,,,,,,,,,,,,,,,,,,,"12:00 AM, Tuesday 18 August 2020","12:00 AM, 18 Aug 2020"
2020-08-17,61313,15802,45511,573,37126,7812,1636,15482,43838,,float;#59320.0000000000,357,211,146,0.591,0.409,52,10.2,-1,320,37,1,21,3,4,,3,5,,13,6,7,106,1,0,13,0,328,202,126,0.6159,0.3841,52,32,16,16,,,,,,,1,0.0313,3,0.0938,9,0.2813,12,0.375,7,0.2188,0.375,0.625,,,,0.0417,0.25,0.7083,0.8095,0.1905,,,,,,,,,,,6,17,1,17,4,,,,,,,,,,,,,,,,,,,9140,1260,110,,"12:00 AM, Monday 17 August 2020","12:00 AM, 17 Aug 2020"
2020-08-16,,,,,,,,,,,float;#0,-1,,,,,,-1,-1,,,,,,,,,0,,,,,,2,,,,,,,,,,,,,,,,,,,,,,,,,,,,,,,,,,0.0455,0.1818,0.7727,,,,,,,,,,,,,4,17,1,,,,,,,,,,,,,,,,,,,,,,,,,"12:00 AM, Sunday 16 August 2020","12:00 AM, 16 Aug 2020"
2020-08-15,,,,,,,,,,,float;#0,-1,,,,,,-1,-1,,,,,,,,,0,,,,,,0,,,,,,,,,,,,,,,,,,,,,,,,,,,,,,,0.9524,0.0476,0,0.0476,0.1905,0.7619,,,,,,,,,,,,,4,16,1,,,20,0,1,,,,,,,,,,,,,,,,,,,,"12:00 AM, Saturday 15 August 2020","12:00 AM, 15 Aug 2020"
2020-08-14,55883,15802,40081,526,32210,7345,1480,15482,38566,,float;#54048.0000000000,355,210,145,0.5915,0.4085,53,10.2,-1,320,35,0,20,3,4,,3,5,,15,5,10,101,2,0,15,0,324,201,123,0.6204,0.3796,53,31,15,16,,,,,,,1,0.0323,3,0.0968,9,0.2903,11,0.3548,7,0.2258,0.39,0.61,0.9524,0.0476,0,0.0476,0.1905,0.7619,,,,,,,,,,,,,4,16,1,,,20,0,1,,,,,,,,,,,,,,,,,,,,"12:00 AM, Friday 14 August 2020","12:00 AM, 14 Aug 2020"
2020-08-13,54570,15802,38768,,,,1132,15482,37589,,float;#53071.0000000000,351,,,,,53,-1,-1,320,31,0,17,3,4,,2,5,,11,3,8,91,3,0,11,0,324,201,123,0.6204,0.3796,53,31,15,16,,,,,,,1,0.0323,3,0.0968,9,0.2903,11,0.3548,7,0.2258,0.39,0.61,0.9524,0.0476,0,0.0476,0.1905,0.7619,,,,,,,,,,,,,4,16,1,,,20,0,1,,,,,,,,,,,,,,,,,,,,"12:00 AM, Thursday 13 August 2020","12:00 AM, 13 Aug 2020"
2020-08-12,,,,,,,,,,,float;#0,351,,,,,,-1,-1,,,,,,,,,,,,,,,2,,,,324,201,123,0.6204,0.3796,53,31,15,16,,,,,,,1,0.0323,3,0.0968,9,0.2903,11,0.3548,7,0.2258,0.39,0.61,0.95,0.05,0,0.05,0.2,0.75,,,,,,,,,,,,,4,15,1,,,19,0,1,,,,,,,,,,,,,,,,,,,,"12:00 AM, Wednesday 12 August 2020","12:00 AM, 12 Aug 2020"
2020-08-11,,,,,,,,,,,float;#0,-1,,,,,,-1,-1,,,,,,,,,,,,,,,2,,,,324,201,123,0.6204,0.3796,53,31,15,16,,,,,,,1,0.0323,3,0.0968,9,0.2903,11,0.3548,7,0.2258,0.39,0.61,0.9412,0.0588,0,0.0588,0.1176,0.8235,,,,,,,,,,,,,2,14,1,,,16,0,1,,,,,,,,,,,,,,,,,,,,"12:00 AM, Tuesday 11 August 2020","12:00 AM, 11 Aug 2020"
2020-08-10,50587,15802,34785,,,,1451,15482,33295,,float;#48777.0000000000,347,207,140,0.5965,0.4035,54,3.71,-1,320,27,,,,,,,,,7,1,6,,0,0,7,0,324,201,123,0.6204,0.3796,53,31,15,16,,,,,,,1,0.0323,3,0.0968,9,0.2903,11,0.3548,7,0.2258,0.39,0.61,0.9412,0,0,0.0588,0.1176,0.8235,,,,,,,,,,,,,2,14,1,,,16,0,1,,,,,,,,,,,,,,,,8710,1240,50,,"12:00 AM, Monday 10 August 2020","12:00 AM, 10 Aug 2020"
2020-08-09,,,,,,,,,,,float;#0,-1,,,,,,-1,-1,,,,,,,,,,,,,,,0,,,,,,,,,,,,,,,,,,,,,,,,,,,,,,,,,,0.0714,0.1429,0.7857,,,,,,,,,,,,,2,11,1,,,,,,,,,,,,,,,,,,,,,,,,,"12:00 AM, Sunday 9 August 2020","12:00 AM, 9 Aug 2020"
2020-08-08,,,,,,,,,,,float;#0,-1,,,,,,-1,-1,,,,,,,,,,,,,,,2,,,,,,,,,,,,,,,,,,,,,,,,,,,,,,,,,,0.0714,0.1429,0.7857,,,,,,,,,,,,,2,11,1,,,,,,,,,,,,,,,,,,,,,,,,,"12:00 AM, Saturday 8 August 2020","12:00 AM, 8 Aug 2020"
2020-08-07,,,,,,,,,,,float;#0,-1,,,,,,-1,-1,,,,,,,,,,,,,,,0,,,,322,201,121,0.6242,0.3758,53,31,15,16,,,,,,,1,0.0323,3,0.0968,9,0.2903,11,0.3548,7,0.2258,0.39,0.61,0.9286,0.0714,0,0.0714,0.1429,0.7857,,,,,,,,,,,,,2,11,1,,,13,0,1,,,,,,,,,,,,,,,,,,,,"12:00 AM, Friday 7 August 2020","12:00 AM, 7 Aug 2020"
2020-08-06,,,,,,,,,,,float;#0,-1,,,,,,-1,-1,,,,,,,,,,,,,,,1,,,,321,200,121,0.6231,0.3769,53,31,15,16,,,,,,,1,0.0323,3,0.0968,9,0.2903,11,0.3548,7,0.2258,0.39,0.61,0.9231,0.0769,0,0.0769,0.1538,0.7692,,,,,,,,,,,,,2,10,1,,,12,0,1,,,,,,,,,,,,,,,,,,,,"12:00 AM, Thursday 6 August 2020","12:00 AM, 6 Aug 2020"
2020-08-05,,,,,,,,,,,float;#0,-1,,,,,,-1,-1,,,,,,,,,,,,,,,1,,,,321,200,121,0.6231,0.3769,53,31,15,16,,,,,,,1,0.0323,3,0.0968,9,0.2903,11,0.3548,7,0.2258,0.39,0.61,0.9231,0.0769,0,0.0769,0.1538,0.7692,,,,,,,,,,,,,2,10,1,,,12,0,1,,,,,,,,,,,,,,,,,,,,"12:00 AM, Wednesday 5 August 2020","12:00 AM, 5 Aug 2020"
2020-08-04,,,,,,,,,,,float;#0,-1,,,,,,-1,-1,,,,,,,,,,,,,,,0,,,,320,200,120,0.625,0.375,53,31,15,16,,,,,,,1,0.0323,3,0.0968,9,0.2903,11,0.3548,7,0.2258,0.39,0.61,0.9231,0.0769,0,0.0769,0.1538,0.7692,,,,,,,,,,,,,2,10,1,,,12,0,1,,,,,,,,,,,,,,,,,,,,"12:00 AM, Tuesday 4 August 2020","12:00 AM, 4 Aug 2020"
2020-08-03,40568,15802,24766,,,,1396,15482,23343,,float;#38825.0000000000,339,204,135,0.6018,0.3982,54,3.71,-1,320,19,,,,,,,,,6,1,5,,3,0,6,0,317,200,117,0.6309,0.3691,53,31,15,16,,,,,,,1,0.0323,3,0.0968,9,0.2903,11,0.3548,7,0.2258,0.39,0.61,0.9231,0,0,0.0769,0.1538,0.7692,,,,,,,,,,,,,2,10,1,,,12,0,1,,,,,,,,,,,,,,,,6490,770,60,,"12:00 AM, Monday 3 August 2020","12:00 AM, 3 Aug 2020"
2020-08-02,,,,,,,,,,,float;#0,-1,,,,,,-1,-1,,,,,,,,,,,,,,,0,,,,,,,,,,,,,,,,,,,,,,,,,,,,,,,,,,0.0833,0.1667,0.75,,,,,,,,,,,,,2,9,1,,,,,,,,,,,,,,,,,,,,,,,,,"12:00 AM, Sunday 2 August 2020","12:00 AM, 2 Aug 2020"
2020-08-01,,,,,,,,,,,float;#0,-1,,,,,,-1,-1,,,,,,,,,,,,,,,1,,,,,,,,,,,,,,,,,,,,,,,,,,,,,,,,,,0.1,0.2,0.7,,,,,,,,,,,,,2,7,1,,,,,,,,,,,,,,,,,,,,,,,,,"12:00 AM, Saturday 1 August 2020","12:00 AM, 1 Aug 2020"
2020-07-31,,,,,,,,,,,float;#0,-1,,,,,,-1,-1,,,,,,,,,,,,,,,0,,,,315,199,116,0.6317,0.3683,53,31,15,16,,,,,,,,0,,0,,0,,0,,0,,,1,0,0,0.1111,0.1111,0.7778,,,,,,,,,,,,,1,7,1,,,9,0,0,,,,,,,,,,,,,,,,,,,,"12:00 AM, Friday 31 July 2020","12:00 AM, 31 Jul 2020"
2020-07-30,,,,,,,,,,,float;#0,-1,,,,,,-1,-1,,,,,,,,,,,,,,,0,,,,315,199,116,0.6317,0.3683,53,31,15,16,,,,,,,,0,,0,,0,,0,,0,,,1,0,0,0.125,0.125,0.75,,,,,,,,,,,,,1,6,1,,,8,0,0,,,,,,,,,,,,,,,,,,,,"12:00 AM, Thursday 30 July 2020","12:00 AM, 30 Jul 2020"
